SeqID,True_Classification,Protax_Classification,Protax_Probability,Accuracy
SH2588624.08FU_JQ218222_reps,Glomerales,Glomerales,0.72,1
SH1189677.08FU_FR693707_reps,Glomerales,Glomerales,0.97,1
SH1184231.08FU_HM570018_reps,Glomerales,Glomerales,0.897,1
SH1182593.08FU_GQ388343_reps,Glomerales,Glomerales,0.908,1
SH3566199.08FU_MK903007_reps,Glomerales,NA,0.0,0
SH1189678.08FU_KM041965_reps,Glomerales,Glomerales,0.96,1
SH2595807.08FU_MN130952_reps,Glomerales,Glomerales,0.956,1
SH2607514.08FU_UDB0260007_reps,Glomerales,NA,0.0,0
SH1153933.08FU_UDB0445397_reps,Glomerales,NA,0.0,0
SH1182352.08FU_JX096597_reps,Glomerales,Glomerales,0.972,1
SH1182559.08FU_UDB0604165_reps,Glomerales,Glomerales,0.453,1
SH1179597.08FU_KF939988_reps,Glomerales,NA,0.0,0
SH1174370.08FU_UDB0565395_reps,Glomerales,Glomerales,0.972,1
SH1189673.08FU_KF154764_reps,Glomerales,Glomerales,0.953,1
SH1153917.08FU_KF060328_reps,Glomerales,Glomerales,0.72,1
SH1182362.08FU_AY997053_refs,Glomerales,Glomerales,0.991,1
SH2613351.08FU_UDB0600114_reps,Glomerales,NA,0.0,0
SH1179598.08FU_KF939980_reps,Glomerales,Glomerales,0.687,1
SH2613580.08FU_UDB0414371_reps,Glomerales,Glomerales,0.873,1
SH1168487.08FU_AM384920_reps,Glomerales,Glomerales,0.72,1
SH1189506.08FU_UDB0146126_reps,Glomerales,NA,0.0,0
SH1172209.08FU_JF439187_reps,Glomerales,Glomerales,0.72,1
SH1175744.08FU_KJ564156_reps,Glomerales,Glomerales,0.72,1
SH1182679.08FU_GQ388595_reps,Glomerales,Glomerales,0.992,1
SH1186217.08FU_MN735717_reps,Glomerales,Glomerales,0.622,1
SH1174387.08FU_GQ388584_reps,Glomerales,Glomerales,0.985,1
SH1189574.08FU_DQ294955_reps,Glomerales,Glomerales,0.612,1
SH1174401.08FU_UDB0260639_reps,Glomerales,Glomerales,0.97,1
SH1160488.08FU_JF692726_refs,Glomerales,Glomerales,0.72,1
SH1174384.08FU_JX042780_reps,Glomerales,Glomerales,0.96,1
SH1182356.08FU_AF161062_reps,Glomerales,Glomerales,0.72,1
SH1176791.08FU_KF849633_reps,Glomerales,Glomerales,0.72,1
SH1189653.08FU_JN194569_reps,Glomerales,Glomerales,0.988,1
SH1189510.08FU_UDB0381253_reps,Glomerales,NA,0.0,0
SH1142684.08FU_KP756532_reps,Glomerales,Glomerales,0.72,1
SH1189659.08FU_JN195441_reps,Glomerales,Glomerales,0.94,1
SH3566868.08FU_MT210908_reps,Glomerales,Glomerales,0.987,1
SH1184229.08FU_AM980857_reps,Glomerales,Glomerales,0.72,1
SH1189084.08FU_MF542270_reps,Glomerales,Glomerales,0.72,1
SH1189742.08FU_KM042014_reps,Glomerales,Glomerales,0.717,1
SH1236197.08FU_MT765667_reps,Glomerales,Glomerales,0.676,1
SH1175355.08FU_HF674813_reps,Glomerales,Glomerales,0.736,1
SH2595885.08FU_MK875637_reps,Glomerales,Glomerales,0.72,1
SH1174377.08FU_GQ388280_reps,Glomerales,Glomerales,0.951,1
SH1182577.08FU_FJ808955_reps,Glomerales,Glomerales,0.993,1
SH1174367.08FU_GQ388314_reps,Glomerales,Glomerales,0.994,1
SH1189503.08FU_FN547623_refs,Glomerales,NA,0.0,0
SH1182353.08FU_FM876813_reps,Glomerales,Glomerales,0.72,1
SH1182653.08FU_GQ388600_reps,Glomerales,Glomerales,0.977,1
SH1182656.08FU_JX042775_reps,Glomerales,Glomerales,0.986,1
SH2613209.08FU_UDB0391365_reps,Glomerales,Glomerales,0.562,1
SH1182659.08FU_UDB0112594_reps,Glomerales,Glomerales,0.696,1
SH1189640.08FU_FJ008621_reps,Glomerales,Glomerales,0.961,1
SH1182657.08FU_KF836969_reps,Glomerales,Glomerales,0.96,1
SH1175750.08FU_KJ484726_reps,Glomerales,Glomerales,0.98,1
SH1153835.08FU_AM495198_reps,Glomerales,Glomerales,0.83,1
SH2617547.08FU_UDB0620988_reps,Glomerales,NA,0.0,0
SH1182645.08FU_AJ567787_reps,Glomerales,Glomerales,0.947,1
SH1151425.08FU_JN195559_reps,Glomerales,Glomerales,0.72,1
SH1176768.08FU_HQ243230_reps,Glomerales,Glomerales,0.994,1
SH2610175.08FU_UDB0567859_reps,Glomerales,Glomerales,0.359,1
SH1189680.08FU_KF836937_reps,Glomerales,Glomerales,0.985,1
SH1192147.08FU_MF589993_reps,Glomerales,Glomerales,0.72,1
SH1189717.08FU_JN194430_reps,Glomerales,Glomerales,0.994,1
SH1189661.08FU_JF439184_reps,Glomerales,Glomerales,0.981,1
SH1176788.08FU_JX276901_reps,Glomerales,Glomerales,0.982,1
SH1177685.08FU_JN195566_reps,Glomerales,Glomerales,0.72,1
SH1189664.08FU_FJ008663_reps,Glomerales,Glomerales,0.72,1
SH1158801.08FU_FM865575_refs,Glomerales,Glomerales,0.955,1
SH1168486.08FU_AM384919_reps,Glomerales,Glomerales,0.72,1
SH1181780.08FU_KP235753_reps,Glomerales,Glomerales,0.72,1
SH1174533.08FU_MN735719_reps,Glomerales,Glomerales,0.72,1
SH1153918.08FU_JN195715_reps,Glomerales,Glomerales,0.72,1
SH2607079.08FU_UDB0623343_reps,Glomerales,NA,0.0,0
SH2610072.08FU_UDB0331991_reps,Glomerales,NA,0.0,0
SH1155374.08FU_UDB0149296_reps,Glomerales,NA,0.0,0
SH1176804.08FU_MT765608_reps,Glomerales,Glomerales,0.868,1
SH1182574.08FU_GQ388504_reps,Glomerales,Glomerales,0.994,1
SH1192148.08FU_HG969372_reps,Glomerales,Glomerales,0.72,1
SH2608994.08FU_UDB0631583_reps,Glomerales,Glomerales,0.324,1
SH1236616.08FU_HE775339_reps,Glomerales,Glomerales,0.72,1
SH1177688.08FU_JN195569_reps,Glomerales,Glomerales,0.72,1
SH1153931.08FU_UDB0359405_reps,Glomerales,Glomerales,0.625,1
SH2604047.08FU_UDB0674762_reps,Glomerales,Glomerales,0.487,1
SH1189630.08FU_EU359122_reps,Glomerales,Glomerales,0.992,1
SH1189083.08FU_KP756596_reps,Glomerales,Glomerales,0.72,1
SH1191152.08FU_FM253384_reps,Glomerales,Glomerales,0.72,1
SH1181784.08FU_JN195728_reps,Glomerales,Glomerales,0.72,1
SH1215366.08FU_UDB0696646_reps,Glomerales,Glomerales,0.946,1
SH1215351.08FU_UDB0622079_reps,Glomerales,Glomerales,0.976,1
SH2603705.08FU_UDB076636_reps,Glomerales,Glomerales,0.699,1
SH2606825.08FU_UDB0150490_reps,Glomerales,Glomerales,0.277,1
SH1174309.08FU_AJ699065_refs,Glomerales,Glomerales,0.899,1
SH2603830.08FU_UDB0521439_reps,Glomerales,Glomerales,0.551,1
SH1174409.08FU_UDB043638_reps,Glomerales,Glomerales,0.67,1
SH1142502.08FU_EF393610_reps,Glomerales,Glomerales,0.72,1
SH1189091.08FU_UDB014851_reps,Glomerales,Glomerales,0.444,1
SH1189635.08FU_KF849696_reps,Glomerales,Glomerales,0.967,1
SH1153920.08FU_KF060316_reps,Glomerales,Glomerales,0.968,1
SH1236194.08FU_JN195714_reps,Glomerales,Glomerales,0.72,1
SH1189514.08FU_EF989121_reps,Glomerales,Glomerales,0.627,1
SH2595571.08FU_MN306207_reps,Diversisporales,Diversisporales,0.95,1
SH1182292.08FU_JX096626_reps,Diversisporales,Diversisporales,0.983,1
SH1184212.08FU_FM876815_reps,Diversisporales,Diversisporales,0.973,1
SH1175170.08FU_KP756417_reps,Diversisporales,Diversisporales,0.593,1
SH1189096.08FU_KY565428_reps,Diversisporales,Diversisporales,0.593,1
SH1175162.08FU_KF206483_reps,Diversisporales,NA,0.0,0
SH1175171.08FU_KF206455_reps,Diversisporales,Diversisporales,0.593,1
SH2589668.08FU_KM057070_reps,Diversisporales,Diversisporales,0.593,1
SH1175374.08FU_KF849501_reps,Diversisporales,NA,0.0,0
SH1182284.08FU_AJ504642_reps,Diversisporales,Diversisporales,0.824,1
SH1182279.08FU_AM713406_reps,Diversisporales,Diversisporales,0.839,1
SH1182304.08FU_HF970246_reps,Diversisporales,Diversisporales,0.958,1
SH1171725.08FU_JN685297_refs,Diversisporales,Diversisporales,0.593,1
SH1177010.08FU_FR821673_reps,Diversisporales,Diversisporales,0.593,1
SH1182287.08FU_FR873630_refs,Diversisporales,Diversisporales,0.976,1
SH1175370.08FU_FR846382_reps,Diversisporales,NA,0.0,0
SH1182288.08FU_KJ850204_reps,Diversisporales,Diversisporales,0.698,1
SH1175365.08FU_HG969357_reps,Diversisporales,Diversisporales,0.593,1
SH1157221.08FU_FR750170_refs,Diversisporales,Diversisporales,0.593,1
SH1175158.08FU_AJ938138_reps,Diversisporales,Diversisporales,0.593,1
SH1182283.08FU_KT444716_reps,Diversisporales,Diversisporales,0.707,1
SH1175367.08FU_FM876791_refs,Diversisporales,NA,0.0,0
SH2588267.08FU_AB048617_reps,Gigasporales,Gigasporales,0.758,1
SH1142447.08FU_FN547622_refs,Gigasporales,Gigasporales,0.886,1
SH2588257.08FU_AJ410751_reps,Gigasporales,Gigasporales,0.984,1
SH1171700.08FU_MT765695_reps,Gigasporales,Gigasporales,0.692,1
SH2588265.08FU_AB048683_reps,Gigasporales,Gigasporales,0.981,1
SH1171696.08FU_JF276259_reps,Gigasporales,Gigasporales,0.879,1
SH1142448.08FU_FR750018_refs,Gigasporales,Gigasporales,0.883,1
SH1155417.08FU_FR750022_refs,Archaeosporales,Archaeosporales,0.571,1
SH2588248.08FU_AJ515175_reps,Archaeosporales,Archaeosporales,0.619,1
SH1182502.08FU_GQ388702_reps,Archaeosporales,Archaeosporales,0.633,1
SH1169600.08FU_HF970302_reps,Archaeosporales,Archaeosporales,0.619,1
SH1168462.08FU_MH982516_reps,Archaeosporales,Archaeosporales,0.66,1
SH1169599.08FU_FN547530_refs,Archaeosporales,Archaeosporales,0.887,1
SH1182504.08FU_AM494586_reps,Archaeosporales,Archaeosporales,0.434,1
SH1236623.08FU_KP756593_reps,Archaeosporales,Archaeosporales,0.393,1
SH2593361.08FU_KY114695_reps,Paraglomerales,NA,0.0,0
SH3567343.08FU_MT765513_reps,Paraglomerales,NA,0.0,0
SH1148021.08FU_U81986_refs,Paraglomerales,NA,0.0,0
SH1148002.08FU_AF165920_refs,Paraglomerales,NA,0.0,0
SH1140821.08FU_KU175682_reps,Thelephorales,Thelephorales,0.724,1
SH1141073.08FU_KX444267_reps,Thelephorales,Thelephorales,0.869,1
SH1159569.08FU_EF411076_reps,Thelephorales,Thelephorales,0.875,1
SH1143645.08FU_UDB016050_refs,Thelephorales,Thelephorales,0.745,1
SH1141056.08FU_UDB0328320_reps,Thelephorales,Thelephorales,0.883,1
SH1159648.08FU_UDB0374486_reps,Thelephorales,Thelephorales,0.9,1
SH1141173.08FU_AB848678_reps,Thelephorales,Thelephorales,0.74,1
SH1186689.08FU_KM402915_reps,Thelephorales,Thelephorales,0.589,1
SH1159535.08FU_UDB016804_refs,Thelephorales,Thelephorales,0.712,1
SH1159589.08FU_KM595011_reps,Thelephorales,Thelephorales,0.838,1
SH1159603.08FU_KX444462_reps,Thelephorales,Thelephorales,0.913,1
SH1159420.08FU_UDB012443_reps,Thelephorales,Thelephorales,0.928,1
SH1159497.08FU_JF960832_reps,Thelephorales,Thelephorales,0.559,1
SH1140665.08FU_GQ900541_reps,Thelephorales,Thelephorales,0.778,1
SH1159655.08FU_UDB0754658_reps,Thelephorales,Thelephorales,0.462,1
SH1233052.08FU_KX444459_reps,Thelephorales,Thelephorales,0.744,1
SH1159422.08FU_UDB0164402_reps,Thelephorales,Thelephorales,0.864,1
SH1140804.08FU_GU180326_reps,Thelephorales,Thelephorales,0.879,1
SH2603398.08FU_UDB0147425_reps,Thelephorales,Thelephorales,0.825,1
SH1140584.08FU_JF960841_reps,Thelephorales,Thelephorales,0.851,1
SH1140845.08FU_JX030215_reps,Thelephorales,Thelephorales,0.865,1
SH1159438.08FU_UDB0337470_reps,Thelephorales,Thelephorales,0.829,1
SH1141025.08FU_KC791130_reps,Thelephorales,Thelephorales,0.813,1
SH1140614.08FU_UDB016191_refs,Thelephorales,Thelephorales,0.887,1
SH1141099.08FU_UDB0357650_reps,Thelephorales,Thelephorales,0.0411,1
SH1140997.08FU_UDB0136984_reps,Thelephorales,Thelephorales,0.582,1
SH1140846.08FU_LC175180_reps,Thelephorales,Thelephorales,0.862,1
SH1233713.08FU_UDB011147_refs,Thelephorales,Thelephorales,0.776,1
SH1159494.08FU_UDB002766_reps,Thelephorales,Thelephorales,0.665,1
SH1140877.08FU_UDB0477310_reps,Thelephorales,Thelephorales,0.838,1
SH1159583.08FU_JX474814_reps,Thelephorales,Thelephorales,0.882,1
SH1236694.08FU_AM490945_refs,Thelephorales,Thelephorales,0.951,1
SH1140563.08FU_UDB0413316_reps,Thelephorales,Thelephorales,0.905,1
SH1140720.08FU_EU816651_reps,Thelephorales,Thelephorales,0.769,1
SH1212530.08FU_LC367970_reps,Thelephorales,Thelephorales,0.865,1
SH1140595.08FU_UDB0318064_reps,Thelephorales,Thelephorales,0.938,1
SH1212546.08FU_JN652986_reps,Thelephorales,Thelephorales,0.0414,1
SH2607594.08FU_UDB0468542_reps,Thelephorales,Thelephorales,0.0419,1
SH1237731.08FU_UDB004263_reps,Thelephorales,Thelephorales,0.63,1
SH1140530.08FU_GU184087_reps,Thelephorales,Thelephorales,0.791,1
SH1159756.08FU_AB808017_reps,Thelephorales,Thelephorales,0.871,1
SH2591642.08FU_MK770287_reps,Thelephorales,Thelephorales,0.739,1
SH1140697.08FU_AY656949_reps,Thelephorales,Thelephorales,0.843,1
SH1140754.08FU_GU184081_reps,Thelephorales,Thelephorales,0.862,1
SH1140822.08FU_KT461333_reps,Thelephorales,Thelephorales,0.703,1
SH1140814.08FU_UDB004259_reps,Thelephorales,Thelephorales,0.829,1
SH1140790.08FU_U83466_reps,Thelephorales,Thelephorales,0.888,1
SH1140948.08FU_HQ667930_reps,Thelephorales,Thelephorales,0.824,1
SH1141044.08FU_UDB0759278_reps,Thelephorales,Thelephorales,0.887,1
SH1182468.08FU_KC571779_reps,Thelephorales,Thelephorales,0.0468,1
SH2602393.08FU_UDB054408_reps,Thelephorales,Thelephorales,0.81,1
SH1212510.08FU_UDB0357285_reps,Thelephorales,Thelephorales,0.862,1
SH1140825.08FU_UDB008388_reps,Thelephorales,Thelephorales,0.688,1
SH1140829.08FU_UDB004261_reps,Thelephorales,Thelephorales,0.843,1
SH1140468.08FU_UDB0171555_reps,Thelephorales,Thelephorales,0.94,1
SH1159485.08FU_UDB0212236_reps,Thelephorales,Thelephorales,0.91,1
SH1140583.08FU_UDB0759337_reps,Thelephorales,Thelephorales,0.734,1
SH1140782.08FU_UDB0349804_reps,Thelephorales,Thelephorales,0.0215,1
SH1140779.08FU_UDB0251164_reps,Thelephorales,Thelephorales,0.904,1
SH1140851.08FU_AB873193_reps,Thelephorales,Thelephorales,0.802,1
SH2607206.08FU_UDB0156356_reps,Thelephorales,Thelephorales,0.778,1
SH1159496.08FU_UDB007863_reps,Thelephorales,Thelephorales,0.359,1
SH1140624.08FU_UDB016800_refs,Thelephorales,Thelephorales,0.818,1
SH1159576.08FU_UDB0219083_reps,Thelephorales,Thelephorales,0.947,1
SH1159582.08FU_UDB0203815_reps,Thelephorales,Thelephorales,0.0421,1
SH1159593.08FU_UDB016659_reps,Thelephorales,Thelephorales,0.663,1
SH1159587.08FU_DQ974784_reps,Thelephorales,Thelephorales,0.885,1
SH1212489.08FU_UDB0757657_reps,Thelephorales,Thelephorales,0.938,1
SH1213090.08FU_UDB0755918_reps,Thelephorales,Thelephorales,0.452,1
SH1140729.08FU_JN168770_reps,Thelephorales,Thelephorales,0.785,1
SH1157454.08FU_UDB014798_reps,Thelephorales,Thelephorales,0.0432,1
SH1140458.08FU_UDB000212_refs,Thelephorales,Thelephorales,0.927,1
SH1140449.08FU_UDB000219_refs,Thelephorales,Thelephorales,0.951,1
SH1140923.08FU_UDB0755419_reps,Thelephorales,Thelephorales,0.661,1
SH1140730.08FU_KF041366_reps,Thelephorales,Thelephorales,0.779,1
SH1140795.08FU_UDB013758_reps,Thelephorales,Thelephorales,0.732,1
SH1140991.08FU_UDB004821_reps,Thelephorales,Thelephorales,0.648,1
SH1140962.08FU_KM594999_reps,Thelephorales,Thelephorales,0.768,1
SH1141006.08FU_UDB007148_reps,Thelephorales,Thelephorales,0.839,1
SH1159543.08FU_KF477087_reps,Thelephorales,Thelephorales,0.798,1
SH1140897.08FU_UDB004834_reps,Thelephorales,Thelephorales,0.803,1
SH1141109.08FU_KX499245_reps,Thelephorales,Thelephorales,0.785,1
SH1212476.08FU_DQ848613_refs,Thelephorales,Thelephorales,0.782,1
SH1171249.08FU_HQ650766_refs,Thelephorales,Thelephorales,0.0468,1
SH1159548.08FU_UDB016675_reps,Thelephorales,Thelephorales,0.788,1
SH1159594.08FU_UDB0335978_reps,Thelephorales,Thelephorales,0.874,1
SH1159525.08FU_UDB0138627_reps,Thelephorales,Thelephorales,0.935,1
SH1159586.08FU_UDB0383161_reps,Thelephorales,Thelephorales,0.867,1
SH1159581.08FU_UDB004603_reps,Thelephorales,Thelephorales,0.672,1
SH1233038.08FU_EF538424_refs,Thelephorales,Thelephorales,0.0432,1
SH1140627.08FU_KP754116_reps,Thelephorales,Thelephorales,0.812,1
SH1140708.08FU_UDB018546_refs,Thelephorales,Thelephorales,0.847,1
SH1140472.08FU_UDB016470_refs,Thelephorales,Thelephorales,0.943,1
SH1140767.08FU_GQ900540_reps,Thelephorales,Thelephorales,0.569,1
SH1140794.08FU_FR852156_reps,Thelephorales,Thelephorales,0.868,1
SH1140706.08FU_KJ701298_reps,Thelephorales,Thelephorales,0.715,1
SH1183170.08FU_UDB015313_refs,Thelephorales,Thelephorales,0.496,1
SH1184822.08FU_UDB000281_refs,Thelephorales,Thelephorales,0.472,1
SH1140773.08FU_UDB004280_reps,Thelephorales,Thelephorales,0.605,1
SH2605938.08FU_UDB0120877_reps,Thelephorales,Thelephorales,0.808,1
SH1140701.08FU_UDB0458755_reps,Thelephorales,Thelephorales,0.939,1
SH2590332.08FU_KU238912_reps,Thelephorales,NA,0.0,0
SH1159680.08FU_UDB0769096_reps,Thelephorales,Thelephorales,0.0432,1
SH1140629.08FU_JN890392_reps,Thelephorales,Thelephorales,0.763,1
SH1212531.08FU_UDB018376_reps,Thelephorales,Thelephorales,0.867,1
SH1159479.08FU_UDB0355826_reps,Thelephorales,Thelephorales,0.885,1
SH1140618.08FU_JX075890_reps,Thelephorales,Thelephorales,0.862,1
SH1159477.08FU_UDB028226_reps,Thelephorales,Thelephorales,0.942,1
SH1140905.08FU_LC368016_reps,Thelephorales,Thelephorales,0.877,1
SH1188270.08FU_UDB0250970_reps,Thelephorales,Thelephorales,0.829,1
SH1230077.08FU_UDB016304_refs,Thelephorales,Thelephorales,0.939,1
SH1159458.08FU_UDB0413942_reps,Thelephorales,Thelephorales,0.93,1
SH1140700.08FU_UDB0757590_reps,Thelephorales,Thelephorales,0.0414,1
SH1185291.08FU_UDB0146781_reps,Thelephorales,Thelephorales,0.915,1
SH2602903.08FU_UDB0683636_reps,Thelephorales,Thelephorales,0.783,1
SH1140579.08FU_FJ013083_reps,Thelephorales,Thelephorales,0.865,1
SH1140560.08FU_U83483_refs,Thelephorales,Thelephorales,0.944,1
SH2606290.08FU_UDB0267837_reps,Thelephorales,Russulales,0.011,0
SH1159492.08FU_MF693840_reps,Thelephorales,Thelephorales,0.901,1
SH1159448.08FU_UDB013336_refs,Thelephorales,Thelephorales,0.898,1
SH1140732.08FU_LC013828_reps,Thelephorales,Thelephorales,0.847,1
SH1159703.08FU_UDB085186_reps,Thelephorales,Thelephorales,0.923,1
SH1172138.08FU_KY774243_reps,Thelephorales,Thelephorales,0.0468,1
SH1230385.08FU_JN135193_reps,Thelephorales,Thelephorales,0.0532,1
SH1140745.08FU_UDB0349933_reps,Thelephorales,Thelephorales,0.67,1
SH1140685.08FU_UDB016601_reps,Thelephorales,Thelephorales,0.652,1
SH1140559.08FU_UDB0354278_reps,Thelephorales,Thelephorales,0.863,1
SH1159523.08FU_UDB004556_reps,Thelephorales,Thelephorales,0.727,1
SH1190447.08FU_UDB004275_reps,Thelephorales,Thelephorales,0.73,1
SH3565406.08FU_MK049931_reps,Thelephorales,NA,0.0,0
SH1159534.08FU_UDB0139685_reps,Thelephorales,Thelephorales,0.927,1
SH1159471.08FU_JQ318604_reps,Thelephorales,Thelephorales,0.872,1
SH1159662.08FU_UDB003319_reps,Thelephorales,Thelephorales,0.795,1
SH1140645.08FU_GU220644_reps,Thelephorales,Thelephorales,0.898,1
SH1159487.08FU_AB982062_reps,Thelephorales,Thelephorales,0.762,1
SH1233716.08FU_UDB003281_refs,Thelephorales,Thelephorales,0.77,1
SH1175670.08FU_UDB013051_reps,Thelephorales,Thelephorales,0.0432,1
SH1140741.08FU_GU187873_reps,Thelephorales,Thelephorales,0.692,1
SH1140691.08FU_KM247756_reps,Thelephorales,Thelephorales,0.787,1
SH1140498.08FU_UDB016389_refs,Thelephorales,Thelephorales,0.92,1
SH1140820.08FU_KM403027_reps,Thelephorales,Thelephorales,0.881,1
SH1140574.08FU_KF476954_reps,Thelephorales,Thelephorales,0.827,1
SH1140514.08FU_UDB002643_refs,Thelephorales,Thelephorales,0.762,1
SH1159489.08FU_UDB0541961_reps,Thelephorales,Thelephorales,0.862,1
SH1140567.08FU_UDB0276563_reps,Thelephorales,Thelephorales,0.868,1
SH1239110.08FU_EF411112_refs,Thelephorales,Thelephorales,0.0432,1
SH1140549.08FU_HQ204732_refs,Thelephorales,Thelephorales,0.864,1
SH1140600.08FU_UDB0331923_reps,Thelephorales,Thelephorales,0.878,1
SH1140523.08FU_UDB034390_reps,Thelephorales,Thelephorales,0.831,1
SH1159452.08FU_AB259137_reps,Thelephorales,Thelephorales,0.859,1
SH1140972.08FU_UDB014485_reps,Thelephorales,Thelephorales,0.692,1
SH1140666.08FU_KF779449_reps,Thelephorales,Thelephorales,0.85,1
SH1140870.08FU_UDB0629641_reps,Thelephorales,Thelephorales,0.913,1
SH1140486.08FU_KJ462504_refs,Thelephorales,Thelephorales,0.831,1
SH1141070.08FU_UDB0590757_reps,Thelephorales,Thelephorales,0.859,1
SH1140569.08FU_UDB0765092_reps,Thelephorales,Thelephorales,0.0408,1
SH1141076.08FU_JF748087_reps,Thelephorales,Thelephorales,0.797,1
SH2614543.08FU_UDB0467780_reps,Thelephorales,Thelephorales,0.724,1
SH1159511.08FU_DQ146381_reps,Thelephorales,Thelephorales,0.452,1
SH1212516.08FU_UDB0756769_reps,Thelephorales,Thelephorales,0.467,1
SH1187096.08FU_UDB036881_reps,Thelephorales,Thelephorales,0.0468,1
SH1140446.08FU_UDB018524_refs,Thelephorales,Thelephorales,0.92,1
SH1212410.08FU_KC152240_refs,Thelephorales,Thelephorales,0.858,1
SH1140696.08FU_LC367944_reps,Thelephorales,Thelephorales,0.849,1
SH1212486.08FU_UDB016803_refs,Thelephorales,Thelephorales,0.675,1
SH1159474.08FU_UDB025888_reps,Thelephorales,Thelephorales,0.889,1
SH1140642.08FU_UDB004253_reps,Thelephorales,Thelephorales,0.753,1
SH3565310.08FU_MN536738_reps,Thelephorales,Thelephorales,0.299,1
SH1140541.08FU_UDB003311_refs,Thelephorales,Thelephorales,0.885,1
SH1140903.08FU_UDB004830_reps,Thelephorales,Thelephorales,0.688,1
SH1140654.08FU_KM594884_reps,Thelephorales,Thelephorales,0.743,1
SH1159560.08FU_UDB0234165_reps,Thelephorales,Thelephorales,0.891,1
SH1233715.08FU_UDB001709_refs,Thelephorales,Thelephorales,0.0545,1
SH1159501.08FU_UDB018377_reps,Thelephorales,Thelephorales,0.878,1
SH1141037.08FU_UDB0244028_reps,Thelephorales,Thelephorales,0.847,1
SH1239101.08FU_UDB014063_refs,Thelephorales,Thelephorales,0.0432,1
SH1159573.08FU_UDB005576_reps,Thelephorales,Thelephorales,0.874,1
SH1140623.08FU_UDB003303_refs,Thelephorales,Thelephorales,0.89,1
SH1140714.08FU_UDB004266_reps,Thelephorales,Thelephorales,0.661,1
SH1238827.08FU_HQ533015_refs,Thelephorales,Thelephorales,0.685,1
SH1140554.08FU_UDB015188_refs,Thelephorales,Thelephorales,0.846,1
SH1212483.08FU_UDB016669_reps,Thelephorales,Thelephorales,0.713,1
SH1159473.08FU_KP754108_reps,Thelephorales,Thelephorales,0.724,1
SH1140512.08FU_KU924840_refs,Thelephorales,Thelephorales,0.89,1
SH1140842.08FU_UDB004385_reps,Thelephorales,Thelephorales,0.559,1
SH1140616.08FU_UDB013796_refs,Thelephorales,Thelephorales,0.843,1
SH1140663.08FU_UDB004953_refs,Thelephorales,Thelephorales,0.854,1
SH1159601.08FU_MT366776_reps,Thelephorales,Thelephorales,0.816,1
SH1159585.08FU_KR149764_reps,Thelephorales,Thelephorales,0.7,1
SH1140710.08FU_UDB016791_reps,Thelephorales,Thelephorales,0.776,1
SH1159712.08FU_EU668211_reps,Thelephorales,Thelephorales,0.685,1
SH1159557.08FU_UDB0472258_reps,Thelephorales,Thelephorales,0.943,1
SH1148776.08FU_KY354755_reps,Gomphales,Gomphales,0.148,1
SH1228314.08FU_EU846302_reps,Gomphales,Gomphales,0.0835,1
SH1149302.08FU_MK169346_reps,Gomphales,Gomphales,0.0835,1
SH1181509.08FU_AJ408377_reps,Gomphales,Gomphales,0.0835,1
SH1228500.08FU_EF417802_reps,Gomphales,Gomphales,0.261,1
SH1188617.08FU_KU884895_reps,Gomphales,Gomphales,0.0835,1
SH1182341.08FU_MT055960_reps,Gomphales,Gomphales,0.0695,1
SH1212637.08FU_KY352642_reps,Gomphales,Gomphales,0.0835,1
SH1212981.08FU_FJ596797_reps,Gomphales,Gomphales,0.0835,1
SH1169365.08FU_MF564301_reps,Gomphales,Gomphales,0.0835,1
SH1228315.08FU_MF992159_reps,Gomphales,Gomphales,0.0835,1
SH1179283.08FU_UDB032708_reps,Gomphales,Gomphales,0.0835,1
SH1190809.08FU_KY626142_refs,Gomphales,Gomphales,0.0835,1
SH1235274.08FU_FJ656023_reps,Gomphales,Gomphales,0.0835,1
SH3565667.08FU_MK253201_reps,Gomphales,NA,0.0,0
SH1228505.08FU_MT055977_reps,Gomphales,Gomphales,0.273,1
SH1243481.08FU_KT307901_reps,Gomphales,Gomphales,0.0835,1
SH1213279.08FU_UDB0332821_reps,Gomphales,Gomphales,0.0835,1
SH2606479.08FU_UDB0136773_reps,Gomphales,Gomphales,0.0813,1
SH1169682.08FU_AJ292295_reps,Gomphales,Gomphales,0.0835,1
SH1213076.08FU_UDB018199_refs,Gomphales,Gomphales,0.0832,1
SH1171819.08FU_KU870451_reps,Gomphales,Gomphales,0.0405,1
SH1184690.08FU_KT307860_reps,Gomphales,Gomphales,0.536,1
SH1151032.08FU_UDB0133685_reps,Gomphales,Gomphales,0.0769,1
SH3568623.08FU_MT580793_reps,Gomphales,NA,0.0,0
SH1235691.08FU_UDB034438_reps,Gomphales,Gomphales,0.0835,1
SH1227038.08FU_MT424869_reps,Gomphales,Gomphales,0.0509,1
SH1152056.08FU_MT055909_reps,Gomphales,Gomphales,0.0695,1
SH1180016.08FU_KY626140_refs,Gomphales,Gomphales,0.0835,1
SH1184693.08FU_EU644709_reps,Gomphales,Gomphales,0.0797,1
SH2593485.08FU_MK169351_reps,Gomphales,Gomphales,0.406,1
SH1228208.08FU_EU645625_reps,Gomphales,Gomphales,0.0835,1
SH1228405.08FU_UDB033497_reps,Gomphales,Gomphales,0.0835,1
SH1227035.08FU_KT357471_refs,Gomphales,Gomphales,0.0835,1
SH2614078.08FU_UDB0443304_reps,Hygrophoraceae,Hygrophoraceae,0.018,1
SH1183550.08FU_KJ780467_reps,Hygrophoraceae,Hygrophoraceae,0.803,1
SH1194179.08FU_EF559268_reps,Hygrophoraceae,Hygrophoraceae,0.517,1
SH1177586.08FU_KX619521_reps,Hygrophoraceae,Hygrophoraceae,0.0907,1
SH1177583.08FU_HF565080_reps,Hygrophoraceae,Hygrophoraceae,0.0907,1
SH2595711.08FU_MK066232_reps,Hygrophoraceae,Hygrophoraceae,0.0907,1
SH1239057.08FU_MG882092_reps,Hygrophoraceae,Hygrophoraceae,0.793,1
SH1212706.08FU_UDB001760_refs,Hygrophoraceae,Hygrophoraceae,0.0907,1
SH1175402.08FU_KX772721_reps,Hygrophoraceae,Hygrophoraceae,0.872,1
SH1156822.08FU_UDB037041_reps,Hygrophoraceae,Hygrophoraceae,0.0907,1
SH1148078.08FU_UDB025712_reps,Hygrophoraceae,Hygrophoraceae,0.703,1
SH1149851.08FU_KF477303_refs,Hygrophoraceae,Hygrophoraceae,0.0907,1
SH1160013.08FU_FM208887_refs,Hygrophoraceae,Hygrophoraceae,0.0907,1
SH1177576.08FU_UDB015719_refs,Hygrophoraceae,Hygrophoraceae,0.958,1
SH1194177.08FU_LC270642_reps,Hygrophoraceae,Hygrophoraceae,0.0907,1
SH1183547.08FU_KX772698_reps,Hygrophoraceae,Hygrophoraceae,0.901,1
SH1145036.08FU_JX857294_reps,Hygrophoraceae,Hygrophoraceae,0.798,1
SH1146897.08FU_MK645580_refs,Hygrophoraceae,Hygrophoraceae,0.0907,1
SH1183540.08FU_MK010859_reps,Hygrophoraceae,Hygrophoraceae,0.774,1
SH1212975.08FU_UDB0419798_reps,Hygrophoraceae,Hygrophoraceae,0.0836,1
SH1194172.08FU_UDB000582_refs,Hygrophoraceae,Hygrophoraceae,0.0907,1
SH1175434.08FU_KJ780500_reps,Hygrophoraceae,Hygrophoraceae,0.904,1
SH1174212.08FU_MF156252_reps,Hygrophoraceae,Hygrophoraceae,0.0907,1
SH1177579.08FU_EU292604_reps,Hygrophoraceae,Hygrophoraceae,0.763,1
SH1177585.08FU_MT329599_reps,Hygrophoraceae,Hygrophoraceae,0.0907,1
SH1212716.08FU_MF399431_reps,Hygrophoraceae,Hygrophoraceae,0.0907,1
SH1181072.08FU_EU784316_refs,Hygrophoraceae,Hygrophoraceae,0.0907,1
SH1237015.08FU_KF412390_refs,Hygrophoraceae,Hygrophoraceae,0.0907,1
SH1237013.08FU_KF291075_reps,Hygrophoraceae,Hygrophoraceae,0.0907,1
SH1155008.08FU_EU784318_reps,Hygrophoraceae,Hygrophoraceae,0.0907,1
SH1169761.08FU_UDB000558_refs,Hygrophoraceae,Hygrophoraceae,0.949,1
SH2593490.08FU_UDB0169851_reps,Hygrophoraceae,Hygrophoraceae,0.751,1
SH3565979.08FU_MK123937_reps,Hygrophoraceae,,0.0,0
SH1243123.08FU_UDB0562675_reps,Hygrophoraceae,Hygrophoraceae,0.0705,1
SH1194170.08FU_UDB000557_refs,Hygrophoraceae,Hygrophoraceae,0.883,1
SH1177079.08FU_UDB015422_refs,Hygrophoraceae,Hygrophoraceae,0.0907,1
SH1190380.08FU_KY861561_reps,Hygrophoraceae,Hygrophoraceae,0.517,1
SH1177577.08FU_HQ185705_refs,Hygrophoraceae,Hygrophoraceae,0.723,1
SH1242096.08FU_MN378318_reps,Hygrophoraceae,Hygrophoraceae,0.073,1
SH1247394.08FU_MK088109_reps,Hygrophoraceae,Hygrophoraceae,0.0907,1
SH1157653.08FU_JX000361_refs,Cortinariaceae,Cortinariaceae,0.867,1
SH1141566.08FU_UDB0761800_reps,Cortinariaceae,Cortinariaceae,0.854,1
SH1142871.08FU_MH101614_reps,Cortinariaceae,Cortinariaceae,0.873,1
SH1173035.08FU_UDB015961_reps,Cortinariaceae,Cortinariaceae,0.961,1
SH1142000.08FU_AY669607_reps,Cortinariaceae,Cortinariaceae,0.879,1
SH1141509.08FU_KM594966_reps,Cortinariaceae,Cortinariaceae,0.923,1
SH1141528.08FU_KY462573_reps,Cortinariaceae,Cortinariaceae,0.924,1
SH1141573.08FU_MN846370_reps,Cortinariaceae,Cortinariaceae,0.89,1
SH1141914.08FU_MG554221_reps,Cortinariaceae,Cortinariaceae,0.893,1
SH1141761.08FU_AF539710_reps,Cortinariaceae,Cortinariaceae,0.858,1
SH1141443.08FU_MG552967_reps,Cortinariaceae,Cortinariaceae,0.831,1
SH1173008.08FU_AB848472_reps,Cortinariaceae,Cortinariaceae,0.907,1
SH2605969.08FU_MT935349_reps,Cortinariaceae,Cortinariaceae,0.901,1
SH1141589.08FU_GU233330_reps,Cortinariaceae,Cortinariaceae,0.889,1
SH1141476.08FU_AY669557_reps,Cortinariaceae,Cortinariaceae,0.916,1
SH1173048.08FU_KX964565_reps,Cortinariaceae,Cortinariaceae,0.927,1
SH1142885.08FU_MN492651_reps,Cortinariaceae,Cortinariaceae,0.855,1
SH1185872.08FU_UDB017243_reps,Cortinariaceae,Cortinariaceae,0.785,1
SH1221821.08FU_MN964270_reps,Cortinariaceae,Cortinariaceae,0.788,1
SH1141752.08FU_KF732367_refs,Cortinariaceae,Cortinariaceae,0.929,1
SH1172956.08FU_UDB055530_reps,Cortinariaceae,Cortinariaceae,0.928,1
SH1141683.08FU_MW187062_reps,Cortinariaceae,Cortinariaceae,0.886,1
SH1142073.08FU_KJ705124_reps,Cortinariaceae,Cortinariaceae,0.909,1
SH1142182.08FU_AB922882_reps,Cortinariaceae,Cortinariaceae,0.893,1
SH1142870.08FU_JX000363_refs,Cortinariaceae,Cortinariaceae,0.904,1
SH1141398.08FU_AF503543_refs,Cortinariaceae,Cortinariaceae,0.916,1
SH1141310.08FU_UDB002241_refs,Cortinariaceae,Cortinariaceae,0.944,1
SH1221829.08FU_JF908051_reps,Cortinariaceae,Cortinariaceae,0.831,1
SH1173118.08FU_LC219756_reps,Cortinariaceae,Cortinariaceae,0.829,1
SH1141301.08FU_UDB001171_refs,Cortinariaceae,Cortinariaceae,0.958,1
SH1141322.08FU_JN942290_reps,Cortinariaceae,Cortinariaceae,0.833,1
SH1141425.08FU_KF732473_refs,Cortinariaceae,Cortinariaceae,0.919,1
SH1141366.08FU_AF461591_reps,Cortinariaceae,Cortinariaceae,0.654,1
SH1173107.08FU_MH324457_reps,Cortinariaceae,Cortinariaceae,0.95,1
SH1150348.08FU_MF599242_reps,Cortinariaceae,Cortinariaceae,0.681,1
SH1141302.08FU_HQ845169_refs,Cortinariaceae,Cortinariaceae,0.947,1
SH1191977.08FU_UDB0625100_reps,Cortinariaceae,Cortinariaceae,0.626,1
SH1172989.08FU_FJ039677_reps,Cortinariaceae,Cortinariaceae,0.923,1
SH1173034.08FU_FJ827155_reps,Cortinariaceae,Cortinariaceae,0.94,1
SH1142032.08FU_LC175063_reps,Cortinariaceae,Cortinariaceae,0.925,1
SH1141675.08FU_KJ421072_reps,Cortinariaceae,Cortinariaceae,0.928,1
SH1142860.08FU_DQ328121_reps,Cortinariaceae,Cortinariaceae,0.908,1
SH1157640.08FU_KY774147_reps,Cortinariaceae,Cortinariaceae,0.516,1
SH1238055.08FU_MF039253_reps,Cortinariaceae,Strophariaceae,0.633,0
SH1141641.08FU_KJ421181_reps,Cortinariaceae,Cortinariaceae,0.928,1
SH1190180.08FU_JF795384_refs,Cortinariaceae,Cortinariaceae,0.926,1
SH1213435.08FU_MF599237_reps,Cortinariaceae,Cortinariaceae,0.107,1
SH1141936.08FU_GU233322_refs,Cortinariaceae,Cortinariaceae,0.863,1
SH1141390.08FU_UDB0669392_reps,Cortinariaceae,Cortinariaceae,0.893,1
SH1179914.08FU_HQ845121_refs,Cortinariaceae,Cortinariaceae,0.945,1
SH1151719.08FU_JX000354_refs,Cortinariaceae,Cortinariaceae,0.621,1
SH1190150.08FU_UDB001839_refs,Cortinariaceae,Cortinariaceae,0.918,1
SH1185869.08FU_KP754038_reps,Cortinariaceae,Cortinariaceae,0.766,1
SH2592229.08FU_MK659943_reps,Cortinariaceae,Cortinariaceae,0.911,1
SH1235795.08FU_UDB017792_refs,Cortinariaceae,Cortinariaceae,0.784,1
SH1141738.08FU_AB251840_reps,Cortinariaceae,Cortinariaceae,0.107,1
SH1222149.08FU_EU660952_reps,Cortinariaceae,Cortinariaceae,0.107,1
SH1172933.08FU_MG136830_refs,Cortinariaceae,Cortinariaceae,0.96,1
SH1141740.08FU_KY774096_reps,Cortinariaceae,Cortinariaceae,0.799,1
SH1173057.08FU_KU041742_refs,Cortinariaceae,Cortinariaceae,0.958,1
SH1190156.08FU_MH212024_reps,Cortinariaceae,Cortinariaceae,0.917,1
SH1190143.08FU_UDB001569_refs,Cortinariaceae,Cortinariaceae,0.91,1
SH1141677.08FU_KJ701324_reps,Cortinariaceae,Cortinariaceae,0.927,1
SH1173022.08FU_JX407292_refs,Cortinariaceae,Cortinariaceae,0.901,1
SH1190153.08FU_KF732561_refs,Cortinariaceae,Cortinariaceae,0.906,1
SH1190141.08FU_UDB001975_refs,Cortinariaceae,Cortinariaceae,0.831,1
SH1245835.08FU_MN846521_reps,Cortinariaceae,Cortinariaceae,0.107,1
SH1141305.08FU_KF732364_refs,Cortinariaceae,Cortinariaceae,0.944,1
SH1172999.08FU_KP114459_refs,Cortinariaceae,Cortinariaceae,0.887,1
SH1141337.08FU_GU233342_refs,Cortinariaceae,Cortinariaceae,0.908,1
SH1141587.08FU_KJ421074_reps,Cortinariaceae,Cortinariaceae,0.885,1
SH1141311.08FU_AY669579_refs,Cortinariaceae,Cortinariaceae,0.961,1
SH1172986.08FU_KX882655_refs,Cortinariaceae,Cortinariaceae,0.94,1
SH1141744.08FU_GU233344_refs,Cortinariaceae,Cortinariaceae,0.908,1
SH1141572.08FU_MT259352_reps,Cortinariaceae,Cortinariaceae,0.923,1
SH1141524.08FU_GU233369_reps,Cortinariaceae,Cortinariaceae,0.848,1
SH1172951.08FU_KP165563_refs,Cortinariaceae,Cortinariaceae,0.9,1
SH2602290.08FU_UDB075307_reps,Cortinariaceae,Cortinariaceae,0.929,1
SH1141461.08FU_AY669626_refs,Cortinariaceae,Cortinariaceae,0.91,1
SH1172962.08FU_UDB001006_refs,Cortinariaceae,Cortinariaceae,0.957,1
SH1211655.08FU_UDB000124_reps,Cortinariaceae,Cortinariaceae,0.107,1
SH1190182.08FU_HQ604724_reps,Cortinariaceae,Cortinariaceae,0.929,1
SH1141743.08FU_KJ705135_reps,Cortinariaceae,Cortinariaceae,0.867,1
SH1141297.08FU_JX045675_refs,Cortinariaceae,Cortinariaceae,0.93,1
SH1172993.08FU_KU041734_refs,Cortinariaceae,Cortinariaceae,0.947,1
SH1173055.08FU_KP114462_refs,Cortinariaceae,Cortinariaceae,0.908,1
SH1191966.08FU_MF957115_reps,Cortinariaceae,Cortinariaceae,0.642,1
SH1141400.08FU_UDB037928_reps,Cortinariaceae,Cortinariaceae,0.107,1
SH1172985.08FU_MF379634_refs,Cortinariaceae,Cortinariaceae,0.933,1
SH1141657.08FU_MN846545_reps,Cortinariaceae,Cortinariaceae,0.925,1
SH1239049.08FU_AF325567_reps,Cortinariaceae,Cortinariaceae,0.85,1
SH1141387.08FU_DQ054566_reps,Cortinariaceae,Cortinariaceae,0.829,1
SH1141753.08FU_KY462294_reps,Cortinariaceae,Cortinariaceae,0.642,1
SH1235676.08FU_EU846296_reps,Cortinariaceae,Cortinariaceae,0.107,1
SH1141543.08FU_AY669650_reps,Cortinariaceae,Cortinariaceae,0.898,1
SH1141536.08FU_KF727379_reps,Cortinariaceae,Cortinariaceae,0.919,1
SH1141690.08FU_KF732359_refs,Cortinariaceae,Cortinariaceae,0.892,1
SH1141458.08FU_KM595024_reps,Cortinariaceae,Cortinariaceae,0.893,1
SH2613361.08FU_UDB0400955_reps,Cortinariaceae,Cortinariaceae,0.821,1
SH2606098.08FU_MT935373_reps,Cortinariaceae,Cortinariaceae,0.891,1
SH1142854.08FU_MN846509_reps,Cortinariaceae,Cortinariaceae,0.919,1
SH1222089.08FU_UDB001022_refs,Cortinariaceae,Cortinariaceae,0.107,1
SH1141624.08FU_JN847498_reps,Cortinariaceae,Cortinariaceae,0.8,1
SH1141632.08FU_GU233329_refs,Cortinariaceae,Cortinariaceae,0.848,1
SH1191974.08FU_UDB0673748_reps,Cortinariaceae,Cortinariaceae,0.809,1
SH1142119.08FU_KM576378_reps,Cortinariaceae,Cortinariaceae,0.912,1
SH1141736.08FU_UDB0754572_reps,Cortinariaceae,Cortinariaceae,0.107,1
SH3568192.08FU_MT935393_reps,Cortinariaceae,Cortinariaceae,0.614,1
SH1141475.08FU_KU523934_reps,Cortinariaceae,Cortinariaceae,0.89,1
SH1236288.08FU_KM374414_reps,Cortinariaceae,Cortinariaceae,0.107,1
SH1172948.08FU_JX407276_refs,Cortinariaceae,Cortinariaceae,0.893,1
SH1141576.08FU_LC122191_reps,Cortinariaceae,Cortinariaceae,0.107,1
SH1141435.08FU_JX178611_reps,Cortinariaceae,Cortinariaceae,0.933,1
SH1141316.08FU_AY669624_refs,Cortinariaceae,Cortinariaceae,0.924,1
SH1141431.08FU_GU233348_refs,Cortinariaceae,Cortinariaceae,0.893,1
SH1141723.08FU_KF732603_refs,Cortinariaceae,Cortinariaceae,0.892,1
SH1142132.08FU_UDB0109953_reps,Cortinariaceae,Cortinariaceae,0.325,1
SH1141504.08FU_KY774077_reps,Cortinariaceae,Cortinariaceae,0.89,1
SH2595676.08FU_MK816376_reps,Cortinariaceae,Cortinariaceae,0.922,1
SH1141719.08FU_KY462307_reps,Cortinariaceae,Cortinariaceae,0.896,1
SH1141697.08FU_AB211257_reps,Cortinariaceae,Cortinariaceae,0.858,1
SH1191953.08FU_EU846283_reps,Cortinariaceae,Cortinariaceae,0.67,1
SH1190149.08FU_AY174826_reps,Cortinariaceae,Cortinariaceae,0.898,1
SH1141539.08FU_KP012706_reps,Cortinariaceae,Cortinariaceae,0.887,1
SH1173046.08FU_HE820678_reps,Cortinariaceae,Cortinariaceae,0.953,1
SH1221830.08FU_UDB0778262_reps,Cortinariaceae,Cortinariaceae,0.723,1
SH1172925.08FU_UDB001346_refs,Cortinariaceae,Cortinariaceae,0.965,1
SH1141515.08FU_GU233335_refs,Cortinariaceae,Cortinariaceae,0.919,1
SH1141564.08FU_MG553134_reps,Cortinariaceae,Cortinariaceae,0.831,1
SH1141490.08FU_JX000349_refs,Cortinariaceae,Cortinariaceae,0.892,1
SH1141714.08FU_AY669603_reps,Cortinariaceae,Cortinariaceae,0.915,1
SH1173039.08FU_KJ206485_refs,Cortinariaceae,Cortinariaceae,0.946,1
SH1141567.08FU_KF732420_refs,Cortinariaceae,Cortinariaceae,0.895,1
SH1173001.08FU_KP137495_refs,Cortinariaceae,Cortinariaceae,0.916,1
SH1173014.08FU_UDB0759617_reps,Cortinariaceae,Cortinariaceae,0.962,1
SH1141335.08FU_JX679122_reps,Cortinariaceae,Cortinariaceae,0.805,1
SH1172965.08FU_UDB0431473_reps,Cortinariaceae,Cortinariaceae,0.894,1
SH1141747.08FU_AB848451_reps,Cortinariaceae,Cortinariaceae,0.778,1
SH1172971.08FU_UDB001383_refs,Cortinariaceae,Cortinariaceae,0.883,1
SH1141512.08FU_UDB0131194_reps,Cortinariaceae,Cortinariaceae,0.907,1
SH1173026.08FU_MH784781_refs,Cortinariaceae,Cortinariaceae,0.916,1
SH1141568.08FU_KJ920032_refs,Cortinariaceae,Cortinariaceae,0.893,1
SH1141520.08FU_GU222271_reps,Cortinariaceae,Cortinariaceae,0.848,1
SH1176740.08FU_JX407321_refs,Cortinariaceae,Cortinariaceae,0.884,1
SH1141642.08FU_AY669536_reps,Cortinariaceae,Cortinariaceae,0.931,1
SH1141771.08FU_MN892584_reps,Cortinariaceae,Cortinariaceae,0.907,1
SH1141323.08FU_UDB031684_reps,Cortinariaceae,Cortinariaceae,0.91,1
SH1141350.08FU_FJ039698_reps,Cortinariaceae,Cortinariaceae,0.858,1
SH1245353.08FU_JF908265_reps,Inocybaceae,Inocybaceae,0.0646,1
SH2593533.08FU_UDB0451548_reps,Inocybaceae,Inocybaceae,0.498,1
SH1158589.08FU_GQ893012_reps,Inocybaceae,Inocybaceae,0.0651,1
SH1143398.08FU_EU517033_reps,Inocybaceae,Inocybaceae,0.0629,1
SH2604669.08FU_UDB0100714_reps,Inocybaceae,Inocybaceae,0.0629,1
SH1184059.08FU_EU523567_reps,Inocybaceae,Inocybaceae,0.066,1
SH1185664.08FU_AB848520_reps,Inocybaceae,Inocybaceae,0.815,1
SH1158399.08FU_LC122070_reps,Inocybaceae,Inocybaceae,0.0646,1
SH1237823.08FU_GQ219914_reps,Inocybaceae,Inocybaceae,0.334,1
SH1186820.08FU_KJ938784_refs,Inocybaceae,Inocybaceae,0.358,1
SH1158942.08FU_UDB0258621_reps,Inocybaceae,Russulaceae,0.022,0
SH1223187.08FU_JN580847_refs,Inocybaceae,Inocybaceae,0.954,1
SH1176503.08FU_MH578006_reps,Inocybaceae,Inocybaceae,0.0644,1
SH2609067.08FU_UDB0217385_reps,Inocybaceae,Inocybaceae,0.374,1
SH1242713.08FU_KM924520_reps,Inocybaceae,Inocybaceae,0.0642,1
SH1158624.08FU_AB848513_reps,Inocybaceae,Inocybaceae,0.301,1
SH1183839.08FU_EU816661_refs,Inocybaceae,Inocybaceae,0.408,1
SH1171144.08FU_KR149750_reps,Inocybaceae,Inocybaceae,0.402,1
SH1158943.08FU_AM882775_reps,Inocybaceae,Inocybaceae,0.879,1
SH1189127.08FU_HF675553_reps,Inocybaceae,Inocybaceae,0.946,1
SH1158352.08FU_KJ729875_reps,Inocybaceae,Inocybaceae,0.254,1
SH1155138.08FU_KF041420_reps,Inocybaceae,Inocybaceae,0.657,1
SH1188340.08FU_UDB007067_reps,Inocybaceae,Inocybaceae,0.269,1
SH1143188.08FU_UDB017671_refs,Inocybaceae,Inocybaceae,0.846,1
SH1144251.08FU_AB244041_reps,Inocybaceae,Inocybaceae,0.246,1
SH1149728.08FU_LC367958_reps,Inocybaceae,Inocybaceae,0.0651,1
SH1158506.08FU_UDB024661_reps,Inocybaceae,Inocybaceae,0.855,1
SH1158714.08FU_AB369542_reps,Inocybaceae,Inocybaceae,0.461,1
SH2592566.08FU_UDB0756363_reps,Inocybaceae,Inocybaceae,0.0656,1
SH1170915.08FU_UDB0764206_reps,Inocybaceae,Inocybaceae,0.065,1
SH1172512.08FU_MN047331_reps,Inocybaceae,Inocybaceae,0.0636,1
SH1149658.08FU_UDB004238_reps,Inocybaceae,Inocybaceae,0.0645,1
SH1174092.08FU_JQ347095_reps,Inocybaceae,Inocybaceae,0.064,1
SH1174114.08FU_UDB0353381_reps,Inocybaceae,Cortinariaceae,0.961,0
SH1171643.08FU_LC277026_reps,Inocybaceae,Inocybaceae,0.727,1
SH1194120.08FU_AY310828_reps,Inocybaceae,Inocybaceae,0.846,1
SH1150945.08FU_LC013755_reps,Inocybaceae,Inocybaceae,0.0639,1
SH1176494.08FU_FJ403495_reps,Inocybaceae,Inocybaceae,0.581,1
SH1239116.08FU_JX258835_reps,Inocybaceae,Inocybaceae,0.066,1
SH2603400.08FU_UDB0162850_reps,Inocybaceae,Inocybaceae,0.234,1
SH1177545.08FU_JN642228_refs,Inocybaceae,Inocybaceae,0.0649,1
SH1183893.08FU_HG796988_reps,Inocybaceae,Inocybaceae,0.869,1
SH1194121.08FU_GU184001_reps,Inocybaceae,Inocybaceae,0.386,1
SH1185663.08FU_FN550900_reps,Inocybaceae,Inocybaceae,0.318,1
SH1232001.08FU_UDB000645_reps,Inocybaceae,Inocybaceae,0.0543,1
SH1168453.08FU_JN887964_reps,Inocybaceae,Inocybaceae,0.646,1
SH1159884.08FU_JF908143_reps,Inocybaceae,Inocybaceae,0.635,1
SH1155136.08FU_HE820641_reps,Inocybaceae,Inocybaceae,0.712,1
SH1178279.08FU_UDB0145044_reps,Inocybaceae,Inocybaceae,0.817,1
SH1235280.08FU_HQ604591_reps,Inocybaceae,Inocybaceae,0.0646,1
SH1156225.08FU_AM882771_refs,Inocybaceae,Inocybaceae,0.696,1
SH1223186.08FU_AM882742_refs,Inocybaceae,Inocybaceae,0.522,1
SH1186872.08FU_AM882815_refs,Inocybaceae,Inocybaceae,0.941,1
SH1231995.08FU_FJ554375_reps,Inocybaceae,Inocybaceae,0.898,1
SH1239180.08FU_HQ604364_reps,Inocybaceae,Inocybaceae,0.545,1
SH1190801.08FU_FJ904175_refs,Inocybaceae,Inocybaceae,0.951,1
SH1184833.08FU_FN397120_reps,Inocybaceae,Inocybaceae,0.797,1
SH1184839.08FU_AB848509_reps,Inocybaceae,Inocybaceae,0.928,1
SH2595866.08FU_UDB0766804_reps,Inocybaceae,Inocybaceae,0.066,1
SH1156379.08FU_UDB012583_reps,Inocybaceae,Inocybaceae,0.83,1
SH2612982.08FU_UDB0379449_reps,Inocybaceae,Inocybaceae,0.405,1
SH2598106.08FU_UDB0767743_reps,Inocybaceae,Inocybaceae,0.0602,1
SH1168456.08FU_EF417792_refs,Inocybaceae,Inocybaceae,0.488,1
SH1172496.08FU_UDB008436_reps,Inocybaceae,Inocybaceae,0.309,1
SH1184702.08FU_KP308821_refs,Inocybaceae,Inocybaceae,0.066,1
SH1184836.08FU_JQ408777_reps,Inocybaceae,Inocybaceae,0.855,1
SH1174117.08FU_KC966041_reps,Inocybaceae,Inocybaceae,0.519,1
SH2603969.08FU_UDB0394513_reps,Inocybaceae,Inocybaceae,0.0646,1
SH1171140.08FU_AY940653_reps,Inocybaceae,Inocybaceae,0.746,1
SH2616040.08FU_UDB0574739_reps,Inocybaceae,Inocybaceae,0.0614,1
SH1188334.08FU_KY462695_reps,Inocybaceae,Inocybaceae,0.0644,1
SH2593330.08FU_MH366579_reps,Inocybaceae,Inocybaceae,0.787,1
SH1158401.08FU_UDB007135_reps,Inocybaceae,Inocybaceae,0.0638,1
SH1191454.08FU_KY496805_reps,Inocybaceae,Inocybaceae,0.066,1
SH2608181.08FU_UDB0190075_reps,Inocybaceae,Inocybaceae,0.854,1
SH1178991.08FU_KY349131_refs,Inocybaceae,Inocybaceae,0.362,1
SH1183896.08FU_UDB0625894_reps,Inocybaceae,Inocybaceae,0.0615,1
SH1185666.08FU_UDB0159233_reps,Inocybaceae,Inocybaceae,0.396,1
SH1237825.08FU_FJ210737_reps,Inocybaceae,Inocybaceae,0.894,1
SH1225658.08FU_UDB0296798_reps,Inocybaceae,Russulaceae,0.0386,0
SH1231993.08FU_AM882769_refs,Inocybaceae,Inocybaceae,0.807,1
SH1188339.08FU_KJ778839_reps,Inocybaceae,Inocybaceae,0.235,1
SH1183889.08FU_HQ604072_reps,Inocybaceae,Inocybaceae,0.633,1
SH1212926.08FU_UDB0172584_reps,Inocybaceae,Inocybaceae,0.0639,1
SH1171195.08FU_JX990042_reps,Inocybaceae,Inocybaceae,0.0638,1
SH1178400.08FU_KY923019_refs,Inocybaceae,Inocybaceae,0.066,1
SH1158617.08FU_JQ347109_reps,Inocybaceae,Inocybaceae,0.312,1
SH1225643.08FU_FJ789606_reps,Inocybaceae,Inocybaceae,0.801,1
SH1243523.08FU_LT716044_reps,Inocybaceae,Inocybaceae,0.066,1
SH2608035.08FU_UDB0619216_reps,Inocybaceae,Inocybaceae,0.719,1
SH1158549.08FU_KP171145_reps,Inocybaceae,Inocybaceae,0.065,1
SH2612020.08FU_UDB0335207_reps,Inocybaceae,Inocybaceae,0.388,1
SH1184847.08FU_KX444431_reps,Inocybaceae,Inocybaceae,0.933,1
SH1155134.08FU_UDB0621401_reps,Inocybaceae,Inocybaceae,0.062,1
SH1225649.08FU_UDB0226847_reps,Inocybaceae,Russulaceae,0.0483,0
SH1159880.08FU_DQ974742_refs,Inocybaceae,Inocybaceae,0.78,1
SH1189124.08FU_AM882963_refs,Inocybaceae,Inocybaceae,0.953,1
SH1156309.08FU_MT237513_reps,Inocybaceae,Inocybaceae,0.377,1
SH1158365.08FU_UDB0571172_reps,Inocybaceae,Inocybaceae,0.442,1
SH1171636.08FU_KC965336_reps,Inocybaceae,Inocybaceae,0.84,1
SH1239179.08FU_AB922916_reps,Inocybaceae,Inocybaceae,0.831,1
SH1245375.08FU_KT275629_reps,Inocybaceae,Inocybaceae,0.562,1
SH1222554.08FU_MF361839_reps,Inocybaceae,Inocybaceae,0.794,1
SH1227403.08FU_HQ445534_reps,Inocybaceae,Inocybaceae,0.803,1
SH1239083.08FU_MT366718_reps,Inocybaceae,Inocybaceae,0.346,1
SH1190259.08FU_HQ604308_reps,Inocybaceae,,0.0,0
SH1212989.08FU_AM882845_reps,Inocybaceae,Inocybaceae,0.066,1
SH1232000.08FU_EU816640_reps,Inocybaceae,Cortinariaceae,0.0803,0
SH2599123.08FU_UDB0768321_reps,Inocybaceae,Inocybaceae,0.0639,1
SH1142598.08FU_UDB0266994_reps,Inocybaceae,Inocybaceae,0.551,1
SH2588456.08FU_UDB005433_reps,Inocybaceae,Inocybaceae,0.856,1
SH1222555.08FU_KF041367_reps,Inocybaceae,Inocybaceae,0.825,1
SH1171194.08FU_UDB001758_refs,Inocybaceae,Inocybaceae,0.0643,1
SH1186822.08FU_UDB012078_reps,Inocybaceae,Inocybaceae,0.0644,1
SH1158380.08FU_UDB0239157_reps,Inocybaceae,Inocybaceae,0.825,1
SH1227239.08FU_MT197007_reps,Inocybaceae,Inocybaceae,0.769,1
SH1189214.08FU_KT600658_reps,Inocybaceae,Inocybaceae,0.0652,1
SH1183891.08FU_HF565508_reps,Inocybaceae,Inocybaceae,0.72,1
SH2606060.08FU_UDB0123818_reps,Inocybaceae,,0.0,0
SH1158358.08FU_UDB0586568_reps,Inocybaceae,Inocybaceae,0.931,1
SH1152944.08FU_UDB016826_reps,Inocybaceae,Inocybaceae,0.066,1
SH1184765.08FU_JX025774_refs,Inocybaceae,Inocybaceae,0.066,1
SH1235771.08FU_KU359777_reps,Inocybaceae,Inocybaceae,0.292,1
SH2598069.08FU_UDB0767266_reps,Inocybaceae,Inocybaceae,0.0648,1
SH1146029.08FU_KF477010_reps,Inocybaceae,Inocybaceae,0.066,1
SH1159836.08FU_UDB0476051_reps,Inocybaceae,Inocybaceae,0.475,1
SH2588046.08FU_DQ182450_reps,Inocybaceae,Inocybaceae,0.066,1
SH1143189.08FU_UDB0230336_reps,Inocybaceae,Inocybaceae,0.854,1
SH1190738.08FU_UDB013017_reps,Inocybaceae,Inocybaceae,0.066,1
SH1158370.08FU_UDB028399_reps,Inocybaceae,Inocybaceae,0.0647,1
SH1158349.08FU_AY310822_reps,Inocybaceae,Inocybaceae,0.523,1
SH1194112.08FU_HQ604360_reps,Inocybaceae,Inocybaceae,0.705,1
SH1187126.08FU_JQ991637_reps,Amanitaceae,Amanitaceae,0.0445,1
SH3565183.08FU_MN918618_reps,Amanitaceae,,0.0,0
SH3566360.08FU_MN894298_reps,Amanitaceae,,0.0,0
SH1178266.08FU_MH508355_refs,Amanitaceae,Amanitaceae,0.769,1
SH3233617.08FU_MT883671_reps,Amanitaceae,,0.0,0
SH1157575.08FU_MK285662_reps,Amanitaceae,Amanitaceae,0.0445,1
SH1179093.08FU_AB688994_reps,Amanitaceae,Amanitaceae,0.0445,1
SH2592422.08FU_MK580807_reps,Amanitaceae,Amanitaceae,0.355,1
SH1178264.08FU_EU071962_reps,Amanitaceae,Amanitaceae,0.768,1
SH1178168.08FU_MH211908_reps,Amanitaceae,Amanitaceae,0.822,1
SH1152571.08FU_JX844755_reps,Amanitaceae,Amanitaceae,0.0445,1
SH1152563.08FU_AY436475_reps,Amanitaceae,Amanitaceae,0.0445,1
SH1213001.08FU_UDB0639408_reps,Amanitaceae,,0.0,0
SH1178174.08FU_UDB004636_reps,Amanitaceae,Amanitaceae,0.615,1
SH1241045.08FU_FN557542_reps,Amanitaceae,Amanitaceae,0.449,1
SH1178177.08FU_KR819006_reps,Amanitaceae,Amanitaceae,0.638,1
SH2592425.08FU_MN614413_reps,Amanitaceae,Amanitaceae,0.0362,1
SH1171055.08FU_KP012750_reps,Amanitaceae,Amanitaceae,0.0445,1
SH1184318.08FU_JX844749_reps,Amanitaceae,Amanitaceae,0.0445,1
SH1178233.08FU_AY436445_refs,Amanitaceae,Amanitaceae,0.673,1
SH2595820.08FU_MN123994_reps,Amanitaceae,Amanitaceae,0.0424,1
SH1212742.08FU_MH508543_refs,Amanitaceae,Amanitaceae,0.675,1
SH1178228.08FU_MH508629_reps,Amanitaceae,Amanitaceae,0.681,1
SH1178258.08FU_HM146791_reps,Amanitaceae,Amanitaceae,0.7,1
SH1212816.08FU_MH603597_reps,Amanitaceae,Amanitaceae,0.689,1
SH1169206.08FU_MH508490_refs,Amanitaceae,Amanitaceae,0.0445,1
SH1183788.08FU_KM052532_reps,Amanitaceae,Amanitaceae,0.0445,1
SH1184313.08FU_MH508295_reps,Amanitaceae,Amanitaceae,0.0445,1
SH1185065.08FU_KJ911887_refs,Amanitaceae,Amanitaceae,0.0445,1
SH2591757.08FU_MK569747_reps,Amanitaceae,Amanitaceae,0.716,1
SH2612872.08FU_MN490659_reps,Amanitaceae,Amanitaceae,0.797,1
SH1243633.08FU_MF461577_reps,Amanitaceae,Amanitaceae,0.0445,1
SH1179808.08FU_JX398320_reps,Amanitaceae,Amanitaceae,0.0445,1
SH1156810.08FU_KY361740_reps,Amanitaceae,Amanitaceae,0.0445,1
SH1188970.08FU_KY747467_refs,Amanitaceae,Amanitaceae,0.0445,1
SH1212820.08FU_KX834248_reps,Amanitaceae,Amanitaceae,0.7,1
SH1178974.08FU_KJ786671_reps,Amanitaceae,Amanitaceae,0.17,1
SH1178185.08FU_MK512066_reps,Amanitaceae,Amanitaceae,0.887,1
SH1181637.08FU_LC315811_reps,Amanitaceae,Amanitaceae,0.412,1
SH1183787.08FU_MF149048_reps,Amanitaceae,Amanitaceae,0.0445,1
SH2596472.08FU_KY886480_reps,Amanitaceae,Amanitaceae,0.0445,1
SH1157777.08FU_MF461581_reps,Amanitaceae,Amanitaceae,0.0445,1
SH1212805.08FU_MF954637_reps,Amanitaceae,Amanitaceae,0.536,1
SH1212752.08FU_GQ166890_reps,Amanitaceae,Amanitaceae,0.621,1
SH1178243.08FU_MH016851_reps,Amanitaceae,Amanitaceae,0.559,1
SH1168336.08FU_KF937306_reps,Amanitaceae,Amanitaceae,0.0445,1
SH1212738.08FU_DQ384583_refs,Amanitaceae,Amanitaceae,0.805,1
SH3564997.08FU_MN490698_reps,Amanitaceae,Amanitaceae,0.128,1
SH3566688.08FU_MT229877_reps,Amanitaceae,Amanitaceae,0.294,1
SH1143595.08FU_KX354360_reps,Amanitaceae,Amanitaceae,0.0445,1
SH1212774.08FU_MH508299_refs,Amanitaceae,Amanitaceae,0.483,1
SH1181627.08FU_MH508588_reps,Amanitaceae,Amanitaceae,0.0445,1
SH1178165.08FU_AY325826_reps,Amanitaceae,Amanitaceae,0.806,1
SH1178224.08FU_AB080988_refs,Amanitaceae,Amanitaceae,0.866,1
SH1184308.08FU_HE814144_reps,Amanitaceae,Amanitaceae,0.0445,1
SH1212787.08FU_KY549349_reps,Amanitaceae,Amanitaceae,0.576,1
SH1181646.08FU_MH508365_reps,Amanitaceae,Amanitaceae,0.0445,1
SH1184304.08FU_AY486236_reps,Amanitaceae,Amanitaceae,0.044,1
SH1178182.08FU_KY747462_refs,Amanitaceae,Amanitaceae,0.732,1
SH1212775.08FU_AY194978_reps,Amanitaceae,Amanitaceae,0.0445,1
SH1212783.08FU_JN182881_refs,Amanitaceae,Amanitaceae,0.373,1
SH1152570.08FU_AB848401_reps,Amanitaceae,Amanitaceae,0.0445,1
SH2596432.08FU_KY777485_reps,Lycoperdaceae,Lycoperdaceae,0.428,1
SH1180269.08FU_MG725817_reps,Lycoperdaceae,Lycoperdaceae,0.803,1
SH1141235.08FU_U85325_reps,Agaricaceae,Agaricaceae,0.723,1
SH3566768.08FU_MK651636_reps,Agaricaceae,Agaricaceae,0.484,1
SH2605179.08FU_UDB0101472_reps,Agaricaceae,,0.0,0
SH1148389.08FU_AY461829_reps,Agaricaceae,Psathyrellaceae,0.449,0
SH1178189.08FU_JQ617696_reps,Agaricaceae,Agaricaceae,0.0955,1
SH1202845.08FU_UDB0755239_reps,Agaricaceae,,0.0,0
SH2592536.08FU_MH979461_reps,Agaricaceae,Agaricaceae,0.0955,1
SH1141209.08FU_JX259085_reps,Agaricaceae,Agaricaceae,0.94,1
SH1147546.08FU_HQ667594_reps,Agaricaceae,Agaricaceae,0.634,1
SH1236564.08FU_MH155967_reps,Agaricaceae,Agaricaceae,0.761,1
SH1145474.08FU_MN250948_reps,Agaricaceae,Agaricaceae,0.0955,1
SH1190821.08FU_JX179268_refs,Agaricaceae,Agaricaceae,0.0955,1
SH1181613.08FU_MW035090_reps,Agaricaceae,,0.0,0
SH1141201.08FU_GU136189_reps,Agaricaceae,Agaricaceae,0.735,1
SH1190816.08FU_UDB015381_refs,Agaricaceae,Agaricaceae,0.698,1
SH1160474.08FU_KP348285_reps,Agaricaceae,Agaricaceae,0.0955,1
SH1141241.08FU_MN483009_reps,Agaricaceae,Agaricaceae,0.0614,1
SH1190834.08FU_MK651634_reps,Agaricaceae,Agaricaceae,0.0364,1
SH1213256.08FU_UDB015458_refs,Agaricaceae,Agaricaceae,0.0955,1
SH1190826.08FU_EU681778_reps,Agaricaceae,Agaricaceae,0.305,1
SH2593486.08FU_LC481952_reps,Agaricaceae,Agaricaceae,0.649,1
SH1190824.08FU_HQ020412_reps,Agaricaceae,Agaricaceae,0.691,1
SH1141208.08FU_AY243621_reps,Agaricaceae,Agaricaceae,0.531,1
SH1190818.08FU_UDB015543_refs,Agaricaceae,Agaricaceae,0.708,1
SH1152988.08FU_UDB0546182_reps,Agaricaceae,Agaricaceae,0.0955,1
SH1202699.08FU_KR812262_reps,Agaricaceae,Agaricaceae,0.827,1
SH1227394.08FU_MK685777_reps,Agaricaceae,Agaricaceae,0.566,1
SH1178193.08FU_JQ617733_reps,Agaricaceae,Agaricaceae,0.0955,1
SH1153960.08FU_MN808631_reps,Agaricaceae,Agaricaceae,0.0955,1
SH1141223.08FU_GU139788_reps,Agaricaceae,Agaricaceae,0.701,1
SH1157426.08FU_LC192553_reps,Typhulaceae,Typhulaceae,0.66,1
SH2610658.08FU_UDB0277997_reps,Clavariaceae,,0.0,0
SH2591733.08FU_MK139793_refs,Clavariaceae,Clavariaceae,0.549,1
SH2604009.08FU_UDB0546477_reps,Clavariaceae,,0.0,0
SH2608833.08FU_UDB0207990_reps,Clavariaceae,,0.0,0
SH2589030.08FU_KF412385_reps,Clavariaceae,Clavariaceae,0.0721,1
SH1179575.08FU_KU882898_refs,Clavariaceae,Clavariaceae,0.628,1
SH1236614.08FU_DQ421142_reps,Clavariaceae,Clavariaceae,0.759,1
SH1213057.08FU_UDB0140366_reps,Clavariaceae,Clavariaceae,0.138,1
SH1147830.08FU_FJ554417_reps,Clavariaceae,Clavariaceae,0.138,1
SH2595203.08FU_MK894568_reps,Clavariaceae,Clavariaceae,0.689,1
SH1157658.08FU_UDB0600549_reps,Clavariaceae,Clavariaceae,0.0289,1
SH1147835.08FU_MK607486_reps,Clavariaceae,Clavariaceae,0.12,1
SH3565077.08FU_MN619682_reps,Clavariaceae,Clavariaceae,0.124,1
SH1235980.08FU_UDB0537083_reps,Clavariaceae,Clavariaceae,0.0721,1
SH1236656.08FU_HQ260165_reps,Clavariaceae,Clavariaceae,0.467,1
SH2589260.08FU_KM374532_reps,Clavariaceae,Clavariaceae,0.0721,1
SH1213058.08FU_AB605662_reps,Clavariaceae,Clavariaceae,0.14,1
SH1179565.08FU_KU882884_refs,Clavariaceae,Clavariaceae,0.743,1
SH1179346.08FU_DQ421135_reps,Clavariaceae,Clavariaceae,0.0721,1
SH1212650.08FU_HQ021821_reps,Clavariaceae,Clavariaceae,0.0721,1
SH1149455.08FU_UDB0590318_reps,Clavariaceae,Clavariaceae,0.0496,1
SH1185905.08FU_UDB0633970_reps,Clavariaceae,Clavariaceae,0.0276,1
SH2607807.08FU_UDB0298667_reps,Clavariaceae,,0.0,0
SH2608729.08FU_UDB0519638_reps,Clavariaceae,,0.0,0
SH2609581.08FU_UDB0235340_reps,Clavariaceae,,0.0,0
SH1236603.08FU_KC759438_refs,Clavariaceae,Clavariaceae,0.875,1
SH1145850.08FU_MT232354_reps,Clavariaceae,Clavariaceae,0.0721,1
SH1186670.08FU_UDB017977_refs,Clavariaceae,Clavariaceae,0.0721,1
SH1179350.08FU_JX042683_reps,Clavariaceae,Clavariaceae,0.0659,1
SH2591836.08FU_UDB0758230_reps,Clavariaceae,Clavariaceae,0.0721,1
SH1213051.08FU_UDB0294695_reps,Clavariaceae,Clavariaceae,0.0721,1
SH3225180.08FU_UDB0177250_reps,Clavariaceae,,0.0,0
SH2606441.08FU_UDB0368884_reps,Clavariaceae,,0.0,0
SH3565244.08FU_MK607608_reps,Clavariaceae,,0.0,0
SH1181582.08FU_KP889841_reps,Clavariaceae,Clavariaceae,0.0721,1
SH2592346.08FU_MK607506_reps,Clavariaceae,Clavariaceae,0.0721,1
SH1150149.08FU_UDB066547_reps,Clavariaceae,Clavariaceae,0.0339,1
SH1179570.08FU_KU882890_refs,Clavariaceae,Clavariaceae,0.374,1
SH1179352.08FU_MK427066_reps,Clavariaceae,Clavariaceae,0.0721,1
SH1173963.08FU_GU174429_reps,Clavariaceae,Clavariaceae,0.0721,1
SH1169114.08FU_KX227745_refs,Clavariaceae,Clavariaceae,0.0721,1
SH2606694.08FU_UDB0145222_reps,Clavariaceae,,0.0,0
SH2603086.08FU_UDB0616429_reps,Clavariaceae,Clavariaceae,0.38,1
SH1177810.08FU_MT279229_reps,Hydnangiaceae,Hydnangiaceae,0.682,1
SH1177808.08FU_AB777481_reps,Hydnangiaceae,Hydnangiaceae,0.548,1
SH1177796.08FU_KU685745_reps,Hydnangiaceae,Hydnangiaceae,0.613,1
SH1177771.08FU_KJ461893_refs,Hydnangiaceae,Hydnangiaceae,0.734,1
SH1177778.08FU_UDB0580733_reps,Hydnangiaceae,Hydnangiaceae,0.412,1
SH1177783.08FU_AB922921_reps,Hydnangiaceae,Hydnangiaceae,0.0265,1
SH1241308.08FU_KP192540_reps,Tricholomataceae,Tricholomataceae,0.114,1
SH2591796.08FU_MH930914_reps,Tricholomataceae,Tricholomataceae,0.803,1
SH1157836.08FU_JF908504_reps,Tricholomataceae,Tricholomataceae,0.12,1
SH1157851.08FU_UDB0778353_reps,Tricholomataceae,Tricholomataceae,0.478,1
SH1150950.08FU_JQ639147_reps,Tricholomataceae,Tricholomataceae,0.12,1
SH1232762.08FU_KJ206988_refs,Tricholomataceae,Tricholomataceae,0.671,1
SH2604431.08FU_UDB0261741_reps,Tricholomataceae,Tricholomataceae,0.529,1
SH1153182.08FU_UDB0595300_reps,Tricholomataceae,Tricholomataceae,0.12,1
SH1143129.08FU_MG717359_reps,Tricholomataceae,Tricholomataceae,0.115,1
SH1143400.08FU_UDB0520746_reps,Tricholomataceae,Tricholomataceae,0.0687,1
SH1144367.08FU_KU528840_refs,Tricholomataceae,Tricholomataceae,0.11,1
SH1149722.08FU_DQ192179_reps,Tricholomataceae,Tricholomataceae,0.785,1
SH1236444.08FU_MK267322_reps,Tricholomataceae,Tricholomataceae,0.12,1
SH1232757.08FU_AB971702_reps,Tricholomataceae,Tricholomataceae,0.12,1
SH2601999.08FU_UDB0215393_reps,Tricholomataceae,,0.0,0
SH1151733.08FU_MH704859_reps,Tricholomataceae,Tricholomataceae,0.12,1
SH1236414.08FU_KJ417299_reps,Tricholomataceae,Tricholomataceae,0.627,1
SH2593036.08FU_MH414561_reps,Tricholomataceae,Tricholomataceae,0.12,1
SH1170748.08FU_UDB016257_refs,Tricholomataceae,Porotheleaceae,0.0941,0
SH1157861.08FU_MK512078_reps,Tricholomataceae,Tricholomataceae,0.746,1
SH1184068.08FU_UDB0411469_reps,Tricholomataceae,Tricholomataceae,0.854,1
SH1236440.08FU_HG937054_reps,Tricholomataceae,Tricholomataceae,0.729,1
SH1171661.08FU_KR673632_reps,Tricholomataceae,Tricholomataceae,0.119,1
SH1236397.08FU_KP311408_reps,Tricholomataceae,Tricholomataceae,0.523,1
SH1170862.08FU_JN021064_reps,Tricholomataceae,Tricholomataceae,0.787,1
SH3565717.08FU_MN781993_reps,Tricholomataceae,,0.0,0
SH1170753.08FU_MN294871_reps,Tricholomataceae,Tricholomataceae,0.0135,1
SH1237270.08FU_DQ486692_refs,Tricholomataceae,Tricholomataceae,0.477,1
SH1236374.08FU_LT000142_reps,Tricholomataceae,Tricholomataceae,0.665,1
SH2595201.08FU_MN017179_reps,Tricholomataceae,Tricholomataceae,0.12,1
SH1157835.08FU_KR673630_reps,Tricholomataceae,Tricholomataceae,0.12,1
SH1145496.08FU_UDB011562_refs,Tricholomataceae,Tricholomataceae,0.12,1
SH1236419.08FU_UDB0370888_reps,Tricholomataceae,Tricholomataceae,0.378,1
SH1230542.08FU_EU708339_refs,Tricholomataceae,Tricholomataceae,0.12,1
SH1243104.08FU_MG663292_reps,Tricholomataceae,Tricholomataceae,0.117,1
SH1153785.08FU_UDB011838_refs,Tricholomataceae,Tricholomataceae,0.12,1
SH1169145.08FU_MH979299_reps,Tricholomataceae,Tricholomataceae,0.12,1
SH1237011.08FU_UDB024594_refs,Tricholomataceae,Tricholomataceae,0.12,1
SH1181725.08FU_MF100960_reps,Tricholomataceae,Tricholomataceae,0.12,1
SH1187450.08FU_LT222029_refs,Tricholomataceae,Tricholomataceae,0.12,1
SH1213031.08FU_UDB0622927_reps,Tricholomataceae,Tricholomataceae,0.0647,1
SH1184067.08FU_MH032768_reps,Tricholomataceae,Tricholomataceae,0.12,1
SH1184657.08FU_UDB0427137_reps,Tricholomataceae,Tricholomataceae,0.12,1
SH1213429.08FU_UDB0617829_reps,Tricholomataceae,Tricholomataceae,0.0914,1
SH1236402.08FU_GU180346_reps,Tricholomataceae,Tricholomataceae,0.85,1
SH1143402.08FU_UDB036679_refs,Tricholomataceae,Tricholomataceae,0.118,1
SH1189146.08FU_MH168326_refs,Tricholomataceae,Tricholomataceae,0.12,1
SH1236404.08FU_HM240543_refs,Tricholomataceae,Tricholomataceae,0.788,1
SH2591569.08FU_MH168325_refs,Tricholomataceae,Tricholomataceae,0.12,1
SH1213065.08FU_UDB034632_refs,Tricholomataceae,Tricholomataceae,0.12,1
SH2592191.08FU_UDB0275809_reps,Tricholomataceae,Tricholomataceae,0.099,1
SH1236373.08FU_UDB0760937_reps,Tricholomataceae,Tricholomataceae,0.807,1
SH1237415.08FU_JF908409_reps,Tricholomataceae,Tricholomataceae,0.117,1
SH1158596.08FU_UDB036618_reps,Tricholomataceae,Tricholomataceae,0.12,1
SH1189360.08FU_LT000082_reps,Tricholomataceae,Tricholomataceae,0.608,1
SH1155193.08FU_LT000063_reps,Tricholomataceae,Tricholomataceae,0.766,1
SH1237417.08FU_JF908327_reps,Tricholomataceae,Tricholomataceae,0.12,1
SH1236378.08FU_LT222022_reps,Tricholomataceae,Tricholomataceae,0.905,1
SH1238225.08FU_KF291092_refs,Tricholomataceae,Tricholomataceae,0.12,1
SH1171576.08FU_FJ431255_reps,Marasmiaceae,Marasmiaceae,0.0806,1
SH3686248.08FU_MN714043_reps,Marasmiaceae,,0.0,0
SH1143116.08FU_GU910314_reps,Marasmiaceae,Tricholomataceae,0.0977,0
SH1182906.08FU_EU643515_reps,Marasmiaceae,Marasmiaceae,0.0536,1
SH1192042.08FU_FJ167649_refs,Marasmiaceae,Tricholomataceae,0.104,0
SH1192012.08FU_FJ431213_reps,Marasmiaceae,Marasmiaceae,0.145,1
SH1189072.08FU_MK808919_reps,Marasmiaceae,Marasmiaceae,0.463,1
SH1206970.08FU_HQ445391_reps,Mycenaceae,Tricholomataceae,0.0317,0
SH1186652.08FU_HQ847036_reps,Psathyrellaceae,Psathyrellaceae,0.571,1
SH1156002.08FU_KY928605_refs,Psathyrellaceae,Psathyrellaceae,0.874,1
SH1148415.08FU_DQ389688_refs,Psathyrellaceae,Psathyrellaceae,0.859,1
SH1186630.08FU_MK843967_reps,Psathyrellaceae,Psathyrellaceae,0.551,1
SH1156007.08FU_FM163213_refs,Psathyrellaceae,Psathyrellaceae,0.826,1
SH1144821.08FU_FM163178_reps,Psathyrellaceae,Psathyrellaceae,0.853,1
SH2595672.08FU_MK843964_reps,Psathyrellaceae,Psathyrellaceae,0.548,1
SH1148428.08FU_KC992922_refs,Psathyrellaceae,Psathyrellaceae,0.782,1
SH1144790.08FU_KT804095_reps,Psathyrellaceae,Psathyrellaceae,0.657,1
SH1148467.08FU_UDB0656483_reps,Psathyrellaceae,Psathyrellaceae,0.787,1
SH1148410.08FU_KC992860_refs,Psathyrellaceae,Psathyrellaceae,0.807,1
SH1148431.08FU_KC992914_refs,Psathyrellaceae,Psathyrellaceae,0.821,1
SH2601609.08FU_UDB044568_reps,Psathyrellaceae,Psathyrellaceae,0.649,1
SH1186641.08FU_UDB0251976_reps,Psathyrellaceae,Psathyrellaceae,0.186,1
SH1186624.08FU_FJ237086_reps,Psathyrellaceae,Psathyrellaceae,0.692,1
SH1148477.08FU_FM878004_reps,Psathyrellaceae,Psathyrellaceae,0.789,1
SH2601419.08FU_UDB041170_reps,Psathyrellaceae,Psathyrellaceae,0.514,1
SH1156012.08FU_JN943108_reps,Psathyrellaceae,Psathyrellaceae,0.828,1
SH1186593.08FU_KY698008_refs,Psathyrellaceae,Psathyrellaceae,0.607,1
SH1186598.08FU_EU375242_refs,Psathyrellaceae,Psathyrellaceae,0.633,1
SH1182967.08FU_KM266062_reps,Psathyrellaceae,Psathyrellaceae,0.959,1
SH1186612.08FU_MK874610_reps,Psathyrellaceae,Psathyrellaceae,0.099,1
SH2615205.08FU_UDB0663030_reps,Psathyrellaceae,Psathyrellaceae,0.586,1
SH1148401.08FU_KC992888_refs,Psathyrellaceae,Psathyrellaceae,0.853,1
SH1144787.08FU_DQ389690_refs,Psathyrellaceae,Psathyrellaceae,0.832,1
SH2596048.08FU_MN017263_reps,Psathyrellaceae,Psathyrellaceae,0.767,1
SH1144802.08FU_KC992863_refs,Psathyrellaceae,Psathyrellaceae,0.874,1
SH1148403.08FU_DQ389706_refs,Psathyrellaceae,Psathyrellaceae,0.85,1
SH1148387.08FU_DQ389715_refs,Psathyrellaceae,Psathyrellaceae,0.879,1
SH1144793.08FU_UDB083980_reps,Psathyrellaceae,Psathyrellaceae,0.0703,1
SH1230652.08FU_MN209783_reps,Strophariaceae,Strophariaceae,0.565,1
SH1238051.08FU_MK234223_reps,Strophariaceae,Strophariaceae,0.611,1
SH1191091.08FU_MN992150_reps,Strophariaceae,Strophariaceae,0.659,1
SH1238026.08FU_DQ991348_refs,Strophariaceae,Strophariaceae,0.654,1
SH1150459.08FU_KX017212_reps,Strophariaceae,Strophariaceae,0.77,1
SH1230650.08FU_FJ461624_reps,Strophariaceae,Strophariaceae,0.839,1
SH3568321.08FU_MT925648_reps,Strophariaceae,,0.0,0
SH1184973.08FU_LT577692_reps,Strophariaceae,Strophariaceae,0.789,1
SH1184980.08FU_HF912349_reps,Strophariaceae,Strophariaceae,0.526,1
SH1177540.08FU_UDB0731532_reps,Strophariaceae,Strophariaceae,0.0938,1
SH1185911.08FU_UDB0684032_reps,Strophariaceae,Strophariaceae,0.555,1
SH1150470.08FU_KM975408_reps,Strophariaceae,Strophariaceae,0.644,1
SH1150450.08FU_MN121287_reps,Strophariaceae,Strophariaceae,0.795,1
SH1230626.08FU_MN445151_reps,Strophariaceae,Strophariaceae,0.808,1
SH1230616.08FU_MN992155_reps,Strophariaceae,Strophariaceae,0.746,1
SH1152328.08FU_KR135359_reps,Callistosporiaceae,Catathelasmataceae,0.0869,0
SH1180244.08FU_KT339200_reps,Callistosporiaceae,Catathelasmataceae,0.163,0
SH1143303.08FU_KX092096_refs,Callistosporiaceae,Catathelasmataceae,0.0441,0
SH1180245.08FU_KX092078_refs,Callistosporiaceae,Catathelasmataceae,0.163,0
SH2595271.08FU_MK660194_reps,Omphalotaceae,Marasmiaceae,0.232,0
SH1145821.08FU_UDB036670_reps,Cyphellaceae,Cyphellaceae,0.053,1
SH1186816.08FU_UDB0468946_reps,Cyphellaceae,Tricholomataceae,0.0331,0
SH2603185.08FU_UDB067230_reps,Entolomataceae,Entolomataceae,0.783,1
SH2598313.08FU_UDB0762461_reps,Entolomataceae,,0.0,0
SH1151838.08FU_MK358145_reps,Entolomataceae,Entolomataceae,0.0921,1
SH1192110.08FU_MG833749_reps,Entolomataceae,Entolomataceae,0.852,1
SH1218746.08FU_UDB0154917_reps,Entolomataceae,Entolomataceae,0.0259,1
SH1218737.08FU_UDB0336003_reps,Entolomataceae,Russulaceae,0.0103,0
SH1188445.08FU_MK991843_reps,Entolomataceae,Entolomataceae,0.0921,1
SH1189019.08FU_KU747927_reps,Entolomataceae,Entolomataceae,0.0921,1
SH1179733.08FU_UDB0530331_reps,Entolomataceae,Entolomataceae,0.0921,1
SH1188459.08FU_UDB0676924_reps,Entolomataceae,,0.0,0
SH2609223.08FU_UDB0356822_reps,Entolomataceae,Entolomataceae,0.294,1
SH1188451.08FU_JX136262_reps,Entolomataceae,Entolomataceae,0.623,1
SH1188437.08FU_FM999712_reps,Entolomataceae,Entolomataceae,0.859,1
SH1188467.08FU_UDB0386060_reps,Entolomataceae,Entolomataceae,0.0863,1
SH1208945.08FU_LC219759_reps,Entolomataceae,Entolomataceae,0.842,1
SH1188404.08FU_LN850547_refs,Entolomataceae,Entolomataceae,0.919,1
SH1145499.08FU_UDB0564859_reps,Entolomataceae,Entolomataceae,0.0921,1
SH1208950.08FU_HE820517_reps,Entolomataceae,Entolomataceae,0.757,1
SH1188417.08FU_LN850560_refs,Entolomataceae,Entolomataceae,0.894,1
SH1151833.08FU_UDB0540641_reps,Entolomataceae,Entolomataceae,0.035,1
SH1188443.08FU_JF907992_reps,Entolomataceae,Entolomataceae,0.513,1
SH1188439.08FU_KX774267_refs,Entolomataceae,Entolomataceae,0.769,1
SH1188438.08FU_HM069398_reps,Entolomataceae,Tricholomataceae,0.326,0
SH2606283.08FU_UDB0569457_reps,Entolomataceae,Entolomataceae,0.742,1
SH1179734.08FU_UDB0565516_reps,Entolomataceae,Entolomataceae,0.0794,1
SH1179195.08FU_MK636867_reps,Entolomataceae,Entolomataceae,0.0921,1
SH1179751.08FU_UDB046167_reps,Entolomataceae,Entolomataceae,0.0596,1
SH1156388.08FU_JQ320111_reps,Entolomataceae,Entolomataceae,0.0921,1
SH1192118.08FU_MN294896_reps,Entolomataceae,Entolomataceae,0.844,1
SH2607639.08FU_UDB0291933_reps,Entolomataceae,Entolomataceae,0.716,1
SH1208943.08FU_DQ206983_reps,Entolomataceae,Entolomataceae,0.829,1
SH2601955.08FU_UDB0564441_reps,Entolomataceae,Entolomataceae,0.0443,1
SH1188413.08FU_UDB0766092_reps,Entolomataceae,Entolomataceae,0.817,1
SH1246361.08FU_JQ410336_reps,Entolomataceae,Entolomataceae,0.0921,1
SH1188458.08FU_UDB0105533_reps,Entolomataceae,Entolomataceae,0.843,1
SH1179201.08FU_UDB0183232_reps,Entolomataceae,Entolomataceae,0.0921,1
SH2592896.08FU_UDB0358052_reps,Pluteaceae,Pluteaceae,0.215,1
SH1173171.08FU_JF908623_reps,Pluteaceae,Pluteaceae,0.408,1
SH1151314.08FU_HM562092_refs,Pluteaceae,Pluteaceae,0.725,1
SH1174878.08FU_HM246493_reps,Pluteaceae,Pluteaceae,0.061,1
SH1208660.08FU_KJ009752_reps,Pluteaceae,Pluteaceae,0.664,1
SH1151313.08FU_UDB011811_refs,Pluteaceae,Pluteaceae,0.839,1
SH1208654.08FU_KJ009765_refs,Pluteaceae,Pluteaceae,0.545,1
SH1151077.08FU_UDB0233923_reps,Pluteaceae,Pluteaceae,0.0482,1
SH1151315.08FU_HM562142_refs,Pluteaceae,Pluteaceae,0.765,1
SH1173228.08FU_HM562158_refs,Pluteaceae,Pluteaceae,0.715,1
SH1173229.08FU_MT611241_reps,Pluteaceae,Pluteaceae,0.658,1
SH1189608.08FU_MH059512_reps,Pluteaceae,Pluteaceae,0.061,1
SH1208502.08FU_HM562146_refs,Pluteaceae,Pluteaceae,0.675,1
SH1173235.08FU_KR022026_reps,Pluteaceae,Pluteaceae,0.705,1
SH1171019.08FU_KX882031_refs,Lyophyllaceae,Lyophyllaceae,0.0752,1
SH1171021.08FU_LC458833_reps,Lyophyllaceae,Lyophyllaceae,0.0399,1
SH1200315.08FU_GQ922684_reps,Lyophyllaceae,Lyophyllaceae,0.909,1
SH1200323.08FU_LC421541_reps,Lyophyllaceae,Lyophyllaceae,0.847,1
SH1236391.08FU_KP192617_reps,Lyophyllaceae,Lyophyllaceae,0.605,1
SH1236436.08FU_UDB0605089_reps,Lyophyllaceae,Lyophyllaceae,0.548,1
SH1236405.08FU_AF357045_reps,Lyophyllaceae,Tricholomataceae,0.434,0
SH1200319.08FU_GQ922675_reps,Lyophyllaceae,Lyophyllaceae,0.949,1
SH1236411.08FU_UDB035856_reps,Lyophyllaceae,Lyophyllaceae,0.46,1
SH1200328.08FU_AF357058_refs,Lyophyllaceae,Lyophyllaceae,0.555,1
SH1184663.08FU_KP192553_reps,Lyophyllaceae,Lyophyllaceae,0.0752,1
SH2592391.08FU_MK583564_reps,Pleurotaceae,Pleurotaceae,0.639,1
SH1176615.08FU_KY686283_reps,Pleurotaceae,Pleurotaceae,0.85,1
SH1187678.08FU_AY636057_reps,Pleurotaceae,Pleurotaceae,0.048,1
SH1176581.08FU_HM998831_refs,Pleurotaceae,Pleurotaceae,0.854,1
SH1176582.08FU_KR827693_reps,Pleurotaceae,Pleurotaceae,0.808,1
SH2595089.08FU_MN523298_reps,Pterulaceae,Pterulaceae,0.135,1
SH2608558.08FU_UDB0401500_reps,Bolbitiaceae,Bolbitiaceae,0.0211,1
SH1145981.08FU_UDB0414885_reps,Bolbitiaceae,Bolbitiaceae,0.0146,1
SH1177112.08FU_UDB0380336_reps,Bolbitiaceae,Bolbitiaceae,0.41,1
SH1177123.08FU_UDB0613300_reps,Bolbitiaceae,Bolbitiaceae,0.0818,1
SH1177098.08FU_UDB0215482_reps,Bolbitiaceae,Bolbitiaceae,0.655,1
SH2606860.08FU_UDB0374688_reps,Bolbitiaceae,Bolbitiaceae,0.0154,1
SH1145684.08FU_UDB0401658_reps,Bolbitiaceae,Bolbitiaceae,0.0845,1
SH1202391.08FU_MN306179_reps,Bolbitiaceae,Bolbitiaceae,0.923,1
SH1247284.08FU_AY763673_reps,Bolbitiaceae,Bolbitiaceae,0.429,1
SH1177129.08FU_UDB0153368_reps,Bolbitiaceae,Bolbitiaceae,0.089,1
SH1180181.08FU_UDB0336115_reps,Bolbitiaceae,,0.0,0
SH1238089.08FU_UDB0582671_reps,Bolbitiaceae,Bolbitiaceae,0.398,1
SH1202392.08FU_MN306185_reps,Bolbitiaceae,Bolbitiaceae,0.813,1
SH2588775.08FU_JX968266_reps,Bolbitiaceae,Bolbitiaceae,0.0919,1
SH1180177.08FU_UDB0370564_reps,Bolbitiaceae,Bolbitiaceae,0.0678,1
SH1191468.08FU_UDB011373_refs,Catathelasmataceae,Catathelasmataceae,0.125,1
SH3566646.08FU_MN017558_reps,Catathelasmataceae,,0.0,0
SH1184748.08FU_KM086851_refs,Stephanosporaceae,Stephanosporaceae,0.664,1
SH1185011.08FU_KF412400_reps,Hymenogastraceae,Hymenogastraceae,0.531,1
SH1184979.08FU_AY900103_refs,Hymenogastraceae,Hymenogastraceae,0.762,1
SH1184976.08FU_AY900090_refs,Hymenogastraceae,Hymenogastraceae,0.413,1
SH1185050.08FU_KJ494930_reps,Hymenogastraceae,Hymenogastraceae,0.799,1
SH2604307.08FU_UDB0167329_reps,Hymenogastraceae,Hymenogastraceae,0.831,1
SH1184958.08FU_KC344770_refs,Hymenogastraceae,Hymenogastraceae,0.813,1
SH1185041.08FU_UDB0591506_reps,Hymenogastraceae,Hymenogastraceae,0.906,1
SH1235510.08FU_FJ897186_reps,Hymenogastraceae,Hymenogastraceae,0.0644,1
SH1143905.08FU_MH211763_reps,Crepidotaceae,Crepidotaceae,0.0641,1
SH1236514.08FU_UDB0100073_reps,Crepidotaceae,Crepidotaceae,0.125,1
SH1236512.08FU_MW215769_reps,Crepidotaceae,Crepidotaceae,0.0931,1
SH1194305.08FU_FJ606882_reps,Physalacriaceae,Physalacriaceae,0.724,1
SH1158993.08FU_FJ178105_reps,Physalacriaceae,Physalacriaceae,0.709,1
SH1158960.08FU_AY436436_reps,Physalacriaceae,Physalacriaceae,0.804,1
SH1184666.08FU_KX966026_refs,Nidulariaceae,Nidulariaceae,0.37,1
SH1188878.08FU_MF595985_refs,Nidulariaceae,Nidulariaceae,0.432,1
SH1188879.08FU_DQ463350_refs,Nidulariaceae,Nidulariaceae,0.313,1
SH1176537.08FU_MN945960_reps,Hymenochaetales,Hymenochaetales,0.0818,1
SH1184439.08FU_JQ038908_reps,Hymenochaetales,Hymenochaetales,0.113,1
SH1147286.08FU_DQ873614_refs,Hymenochaetales,Hymenochaetales,0.21,1
SH2593817.08FU_MH698971_reps,Hymenochaetales,Hymenochaetales,0.298,1
SH1184437.08FU_JQ038907_reps,Hymenochaetales,Hymenochaetales,0.113,1
SH1178058.08FU_KY328311_reps,Hymenochaetales,Hymenochaetales,0.108,1
SH1151782.08FU_MH320794_refs,Hymenochaetales,Hymenochaetales,0.682,1
SH1143668.08FU_JQ409360_reps,Hymenochaetales,Hymenochaetales,0.326,1
SH1145395.08FU_DQ218310_refs,Hymenochaetales,Hymenochaetales,0.9,1
SH1173545.08FU_GU053914_reps,Hymenochaetales,Hymenochaetales,0.115,1
SH1153519.08FU_LC535810_reps,Hymenochaetales,Hymenochaetales,0.113,1
SH1177287.08FU_KU499931_reps,Hymenochaetales,Hymenochaetales,0.67,1
SH1184438.08FU_LC535823_reps,Hymenochaetales,Hymenochaetales,0.113,1
SH1178053.08FU_AF357604_reps,Hymenochaetales,Hymenochaetales,0.958,1
SH3567454.08FU_MH599101_reps,Hymenochaetales,NA,0.0,0
SH2590697.08FU_KX639624_reps,Hymenochaetales,Hymenochaetales,0.82,1
SH1187181.08FU_KX639633_reps,Hymenochaetales,Hymenochaetales,0.957,1
SH1151767.08FU_DQ873622_refs,Hymenochaetales,Hymenochaetales,0.604,1
SH1183799.08FU_KJ668543_reps,Hymenochaetales,Hymenochaetales,0.113,1
SH1185958.08FU_UDB016424_refs,Hymenochaetales,Hymenochaetales,0.0777,1
SH3567983.08FU_MK693730_reps,Hymenochaetales,NA,0.0,0
SH3567981.08FU_MN918544_reps,Hymenochaetales,NA,0.0,0
SH1145399.08FU_DQ826539_refs,Hymenochaetales,Hymenochaetales,0.11,1
SH1147288.08FU_KY081805_refs,Hymenochaetales,Hymenochaetales,0.114,1
SH1179170.08FU_MH048093_reps,Hymenochaetales,Hymenochaetales,0.313,1
SH1145397.08FU_DQ826544_refs,Hymenochaetales,Hymenochaetales,0.121,1
SH1243443.08FU_MK992856_reps,Hymenochaetales,Hymenochaetales,0.0341,1
SH1156322.08FU_JX082333_reps,Hymenochaetales,Hymenochaetales,0.113,1
SH1212835.08FU_KR349242_reps,Hymenochaetales,Hymenochaetales,0.12,1
SH1145996.08FU_UDB016334_refs,Hymenochaetales,Hymenochaetales,0.118,1
SH1184241.08FU_KP814253_reps,Hymenochaetales,Hymenochaetales,0.109,1
SH1151768.08FU_KP814311_refs,Hymenochaetales,Hymenochaetales,0.882,1
SH1177286.08FU_KU954544_reps,Hymenochaetales,Hymenochaetales,0.495,1
SH1151787.08FU_UDB031874_refs,Hymenochaetales,Hymenochaetales,0.86,1
SH1157767.08FU_JX136425_reps,Hymenochaetales,Hymenochaetales,0.0582,1
SH1192037.08FU_KM248916_reps,Hymenochaetales,Hymenochaetales,0.125,1
SH1205401.08FU_MG008435_reps,Hymenochaetales,Hymenochaetales,0.113,1
SH1151775.08FU_KY007517_refs,Hymenochaetales,Hymenochaetales,0.427,1
SH1178602.08FU_KJ940031_refs,Hymenochaetales,Hymenochaetales,0.113,1
SH1175923.08FU_JQ860321_reps,Hymenochaetales,Hymenochaetales,0.113,1
SH1220953.08FU_MG722729_reps,Hymenochaetales,Hymenochaetales,0.113,1
SH1151774.08FU_KT989968_reps,Hymenochaetales,Hymenochaetales,0.601,1
SH1188663.08FU_KX364802_reps,Hymenochaetales,Hymenochaetales,0.113,1
SH1146005.08FU_MK992844_reps,Hymenochaetales,Hymenochaetales,0.739,1
SH1151776.08FU_UDB0610003_reps,Hymenochaetales,Hymenochaetales,0.571,1
SH3686259.08FU_MT447068_reps,Polyporales,NA,0.0,0
SH1191444.08FU_KU325185_reps,Polyporales,Polyporales,0.08,1
SH1153217.08FU_HQ659238_reps,Polyporales,Polyporales,0.101,1
SH1239087.08FU_KX584440_reps,Polyporales,Polyporales,0.0717,1
SH1184435.08FU_MG719300_reps,Polyporales,Polyporales,0.0421,1
SH3565221.08FU_LC427016_reps,Polyporales,Polyporales,0.0238,1
SH3567681.08FU_MT554931_reps,Polyporales,Polyporales,0.244,1
SH3567717.08FU_MK913640_reps,Polyporales,NA,0.0,0
SH2596242.08FU_MK268839_reps,Polyporales,Polyporales,0.731,1
SH2611478.08FU_UDB0310579_reps,Polyporales,NA,0.0,0
SH1191518.08FU_KX512306_refs,Polyporales,Polyporales,0.313,1
SH1190334.08FU_KX880631_reps,Polyporales,Polyporales,0.767,1
SH2595870.08FU_MH544275_reps,Polyporales,Polyporales,0.104,1
SH1191573.08FU_KP135396_reps,Polyporales,Polyporales,0.701,1
SH1191567.08FU_MT561708_reps,Polyporales,Polyporales,0.392,1
SH1147250.08FU_KR868737_reps,Polyporales,Polyporales,0.113,1
SH1212398.08FU_HQ728293_refs,Polyporales,Polyporales,0.261,1
SH1183353.08FU_MN192921_reps,Polyporales,Polyporales,0.0546,1
SH1179648.08FU_FJ478127_reps,Polyporales,Polyporales,0.835,1
SH1173482.08FU_GU054150_reps,Polyporales,Polyporales,0.0243,1
SH1245769.08FU_MN007027_reps,Polyporales,Polyporales,0.105,1
SH1180472.08FU_JN649337_reps,Polyporales,Polyporales,0.0439,1
SH1153214.08FU_UDB016380_refs,Polyporales,Polyporales,0.0686,1
SH1176923.08FU_KU950435_reps,Polyporales,Polyporales,0.758,1
SH1170432.08FU_KC585377_reps,Polyporales,Polyporales,0.835,1
SH1154636.08FU_JN387093_refs,Polyporales,Polyporales,0.11,1
SH1188630.08FU_KF692078_reps,Polyporales,Polyporales,0.48,1
SH1151945.08FU_MH571696_reps,Polyporales,Polyporales,0.908,1
SH1189397.08FU_KX584457_reps,Polyporales,Polyporales,0.0954,1
SH1154437.08FU_KC585258_reps,Polyporales,Polyporales,0.788,1
SH1191533.08FU_AY219391_reps,Polyporales,Polyporales,0.44,1
SH1213341.08FU_MT777413_reps,Polyporales,NA,0.0,0
SH1152304.08FU_GQ268623_reps,Polyporales,Polyporales,0.109,1
SH2596456.08FU_MK834523_reps,Polyporales,Polyporales,0.256,1
SH1180685.08FU_MT361090_reps,Polyporales,Polyporales,0.268,1
SH1190361.08FU_KP013025_reps,Polyporales,Polyporales,0.636,1
SH1168410.08FU_JX559267_reps,Polyporales,Polyporales,0.109,1
SH1191498.08FU_MK764878_reps,Polyporales,Polyporales,0.721,1
SH2592937.08FU_MH409961_reps,Polyporales,Polyporales,0.104,1
SH1190293.08FU_LC556223_reps,Polyporales,Polyporales,0.813,1
SH1236697.08FU_AJ534294_refs,Polyporales,Polyporales,0.066,1
SH1153215.08FU_KY244090_refs,Polyporales,Polyporales,0.104,1
SH1149564.08FU_AF516584_reps,Polyporales,Polyporales,0.109,1
SH1156728.08FU_AF429422_refs,Polyporales,Polyporales,0.142,1
SH1179562.08FU_UDB016415_refs,Polyporales,Polyporales,0.11,1
SH1169593.08FU_GQ409516_reps,Polyporales,Polyporales,0.118,1
SH1169579.08FU_AJ534272_refs,Polyporales,Polyporales,0.14,1
SH1212393.08FU_KY948751_reps,Polyporales,Polyporales,0.107,1
SH1212391.08FU_MT050490_reps,Polyporales,Polyporales,0.748,1
SH1172400.08FU_HQ153411_refs,Polyporales,Polyporales,0.852,1
SH1215488.08FU_MK396494_reps,Polyporales,Polyporales,0.0853,1
SH1236823.08FU_KX966182_reps,Polyporales,Polyporales,0.11,1
SH1191542.08FU_LC327037_reps,Polyporales,Polyporales,0.0824,1
SH1149575.08FU_AY219390_reps,Polyporales,Polyporales,0.0853,1
SH1179595.08FU_JQ673124_reps,Polyporales,Polyporales,0.649,1
SH1184134.08FU_KR605769_refs,Polyporales,Polyporales,0.074,1
SH1215483.08FU_EU918694_refs,Polyporales,Polyporales,0.921,1
SH1175941.08FU_UDB016449_refs,Polyporales,Polyporales,0.589,1
SH1153072.08FU_KU866249_refs,Polyporales,Polyporales,0.954,1
SH1190530.08FU_KU194317_refs,Polyporales,Polyporales,0.336,1
SH1177870.08FU_UDB0449472_reps,Polyporales,Polyporales,0.929,1
SH1178410.08FU_UDB016274_refs,Polyporales,Polyporales,0.0827,1
SH1143902.08FU_JN592500_reps,Polyporales,Polyporales,0.101,1
SH1153570.08FU_JX559264_reps,Polyporales,Polyporales,0.109,1
SH1177879.08FU_MN833678_reps,Polyporales,Polyporales,0.878,1
SH1179682.08FU_KR154950_reps,Polyporales,Polyporales,0.503,1
SH1179642.08FU_JQ780392_refs,Polyporales,Polyporales,0.372,1
SH1186474.08FU_KM433839_reps,Polyporales,Polyporales,0.956,1
SH1186468.08FU_UDB015395_refs,Polyporales,Polyporales,0.91,1
SH1175943.08FU_EU118656_refs,Polyporales,Polyporales,0.59,1
SH1190295.08FU_KP283482_refs,Polyporales,Polyporales,0.921,1
SH1190299.08FU_MN077520_reps,Polyporales,Polyporales,0.578,1
SH1181079.08FU_KT711014_refs,Polyporales,Polyporales,0.505,1
SH1191487.08FU_KP994376_refs,Polyporales,Polyporales,0.88,1
SH2602633.08FU_UDB060942_reps,Polyporales,Polyporales,0.0133,1
SH1150393.08FU_UDB037836_refs,Polyporales,Polyporales,0.079,1
SH1191488.08FU_UDB014259_refs,Polyporales,Polyporales,0.784,1
SH1151131.08FU_KT003522_reps,Polyporales,Polyporales,0.0853,1
SH1237214.08FU_HM583811_reps,Polyporales,Polyporales,0.104,1
SH1205873.08FU_MT539101_reps,Polyporales,Polyporales,0.69,1
SH1179540.08FU_KX081085_reps,Polyporales,Polyporales,0.0838,1
SH1205879.08FU_HM772140_reps,Polyporales,Polyporales,0.0625,1
SH1169585.08FU_AJ534259_reps,Polyporales,Polyporales,0.439,1
SH1153090.08FU_JX090121_reps,Polyporales,Polyporales,0.109,1
SH1184380.08FU_KU941852_refs,Polyporales,Polyporales,0.0872,1
SH1236641.08FU_MT551931_reps,Polyporales,Polyporales,0.889,1
SH1146339.08FU_JX623944_refs,Polyporales,Polyporales,0.0798,1
SH1172401.08FU_JQ821319_reps,Polyporales,Polyporales,0.358,1
SH1179645.08FU_KJ410708_reps,Polyporales,Polyporales,0.507,1
SH1191589.08FU_JQ781733_reps,Polyporales,Polyporales,0.558,1
SH1190322.08FU_JN411120_refs,Polyporales,Polyporales,0.257,1
SH1179613.08FU_KR816521_reps,Polyporales,Polyporales,0.782,1
SH1213037.08FU_JX623898_refs,Polyporales,Polyporales,0.182,1
SH1190534.08FU_UDB028374_refs,Polyporales,Polyporales,0.241,1
SH1142328.08FU_KT361638_reps,Polyporales,Polyporales,0.109,1
SH1215527.08FU_KY131871_refs,Polyporales,Polyporales,0.782,1
SH1176909.08FU_KY389208_reps,Polyporales,Polyporales,0.475,1
SH1238142.08FU_LC427025_reps,Polyporales,Polyporales,0.0718,1
SH1180491.08FU_JN649356_reps,Polyporales,Polyporales,0.287,1
SH2596193.08FU_UDB0173483_reps,Polyporales,Polyporales,0.468,1
SH1168483.08FU_KJ140573_reps,Polyporales,Polyporales,0.066,1
SH1206143.08FU_UDB0413838_reps,Polyporales,Thelephorales,0.925,0
SH1185576.08FU_KJ668553_refs,Polyporales,Polyporales,0.389,1
SH1191412.08FU_KY175006_reps,Polyporales,Polyporales,0.0918,1
SH1171013.08FU_HM622153_reps,Polyporales,Polyporales,0.106,1
SH1188636.08FU_KU512915_refs,Polyporales,Polyporales,0.628,1
SH1184421.08FU_UDB031616_reps,Polyporales,Polyporales,0.0813,1
SH1191577.08FU_LC412096_reps,Polyporales,Polyporales,0.774,1
SH1191501.08FU_JX136603_reps,Polyporales,Polyporales,0.0684,1
SH1146337.08FU_KX752608_refs,Polyporales,Polyporales,0.0798,1
SH1191516.08FU_JX136437_reps,Polyporales,Polyporales,0.697,1
SH1211481.08FU_UDB015491_refs,Polyporales,Polyporales,0.892,1
SH1148976.08FU_DQ309066_refs,Polyporales,Polyporales,0.0742,1
SH1151989.08FU_KC585366_reps,Polyporales,Polyporales,0.439,1
SH2595797.08FU_MH475302_reps,Polyporales,Polyporales,0.848,1
SH1180471.08FU_UDB018834_refs,Polyporales,Polyporales,0.109,1
SH1154439.08FU_MF462024_reps,Polyporales,Polyporales,0.784,1
SH1177600.08FU_KT965505_reps,Polyporales,Polyporales,0.148,1
SH1180537.08FU_JX136514_reps,Polyporales,Polyporales,0.0245,1
SH1215407.08FU_MK659920_reps,Polyporales,Polyporales,0.0979,1
SH2593616.08FU_MG132179_reps,Polyporales,Polyporales,0.0612,1
SH1215406.08FU_FJ213547_reps,Polyporales,Polyporales,0.094,1
SH1212933.08FU_UDB017775_refs,Polyporales,Polyporales,0.139,1
SH1190333.08FU_JQ861749_refs,Polyporales,Polyporales,0.768,1
SH1215405.08FU_MN103599_reps,Polyporales,Polyporales,0.0612,1
SH1179627.08FU_AB811850_reps,Polyporales,Polyporales,0.887,1
SH1184132.08FU_MH211809_reps,Polyporales,Polyporales,0.121,1
SH1236484.08FU_AY219359_refs,Polyporales,Polyporales,0.502,1
SH1191530.08FU_GU053947_reps,Polyporales,Polyporales,0.561,1
SH1154217.08FU_UDB015689_refs,Polyporales,Polyporales,0.109,1
SH1188785.08FU_MF139552_reps,Polyporales,Polyporales,0.101,1
SH1175319.08FU_KC456249_refs,Polyporales,Polyporales,0.491,1
SH1190062.08FU_KY980672_reps,Polyporales,Polyporales,0.101,1
SH1215402.08FU_UDB0755471_reps,Polyporales,Polyporales,0.067,1
SH1191434.08FU_JX155891_reps,Polyporales,Polyporales,0.524,1
SH1171803.08FU_FJ496683_refs,Polyporales,Polyporales,0.14,1
SH1190332.08FU_JQ314362_refs,Polyporales,Polyporales,0.635,1
SH1206148.08FU_JX110844_refs,Polyporales,Polyporales,0.675,1
SH1184325.08FU_MG273731_reps,Polyporales,Polyporales,0.849,1
SH1177602.08FU_MT192441_reps,Polyporales,Polyporales,0.454,1
SH1172403.08FU_UDB039702_reps,Polyporales,Polyporales,0.418,1
SH1150756.08FU_KC585328_reps,Polyporales,Polyporales,0.0856,1
SH1179632.08FU_KU315201_reps,Polyporales,Polyporales,0.659,1
SH1181881.08FU_KP401770_reps,Polyporales,Polyporales,0.0779,1
SH1157489.08FU_KJ559446_reps,Polyporales,Polyporales,0.491,1
SH1191587.08FU_KF291010_reps,Polyporales,Polyporales,0.706,1
SH1205868.08FU_UDB015454_refs,Polyporales,Polyporales,0.943,1
SH1190337.08FU_KM229603_reps,Polyporales,Polyporales,0.869,1
SH1184405.08FU_UDB024784_reps,Polyporales,Polyporales,0.329,1
SH1172402.08FU_KU598873_refs,Polyporales,Polyporales,0.751,1
SH1185577.08FU_MF626356_refs,Polyporales,Polyporales,0.109,1
SH1190327.08FU_KY449356_reps,Polyporales,Polyporales,0.565,1
SH1181078.08FU_KT711011_reps,Polyporales,Polyporales,0.11,1
SH1191552.08FU_MF399407_refs,Polyporales,Polyporales,0.768,1
SH1169696.08FU_KY948766_refs,Polyporales,Polyporales,0.12,1
SH1186470.08FU_MN523300_reps,Polyporales,Polyporales,0.932,1
SH1179641.08FU_KU219974_refs,Polyporales,Polyporales,0.82,1
SH3566220.08FU_MK116487_reps,Polyporales,Polyporales,0.032,1
SH3566813.08FU_MT235679_reps,Polyporales,Polyporales,0.291,1
SH1191503.08FU_KP135116_reps,Polyporales,Polyporales,0.491,1
SH1236486.08FU_KF483012_refs,Polyporales,Polyporales,0.0995,1
SH1205878.08FU_KJ698633_refs,Polyporales,Polyporales,0.247,1
SH1191517.08FU_KP135098_refs,Polyporales,Polyporales,0.659,1
SH1190298.08FU_JN164992_refs,Polyporales,Polyporales,0.697,1
SH1185272.08FU_HM583818_refs,Polyporales,Polyporales,0.127,1
SH1191525.08FU_KX752610_refs,Polyporales,Polyporales,0.37,1
SH1184142.08FU_JN684765_reps,Polyporales,Polyporales,0.11,1
SH1182869.08FU_JF713081_reps,Polyporales,Polyporales,0.736,1
SH1191496.08FU_KP135158_reps,Polyporales,Polyporales,0.769,1
SH1191507.08FU_KJ832018_reps,Polyporales,Polyporales,0.35,1
SH1151701.08FU_KY019171_reps,Polyporales,Polyporales,0.0749,1
SH1215489.08FU_MK156152_reps,Polyporales,Polyporales,0.748,1
SH1213040.08FU_KP135052_reps,Polyporales,Polyporales,0.0798,1
SH1191432.08FU_JQ919913_reps,Polyporales,Polyporales,0.69,1
SH1236485.08FU_KF483049_refs,Polyporales,Polyporales,0.51,1
SH1215403.08FU_GQ999296_reps,Polyporales,Polyporales,0.107,1
SH1184327.08FU_KM593876_reps,Polyporales,Polyporales,0.734,1
SH1179603.08FU_KU572494_refs,Polyporales,Polyporales,0.93,1
SH1148972.08FU_EF029226_refs,Polyporales,Polyporales,0.104,1
SH1184322.08FU_KX548962_reps,Polyporales,Polyporales,0.803,1
SH1146334.08FU_AY219357_reps,Polyporales,Polyporales,0.0777,1
SH1154215.08FU_KC572002_refs,Polyporales,Polyporales,0.671,1
SH1184136.08FU_AB472595_refs,Polyporales,Polyporales,0.912,1
SH1160490.08FU_AY219360_refs,Polyporales,Polyporales,0.0999,1
SH1153566.08FU_KR154945_reps,Polyporales,Polyporales,0.1,1
SH1186498.08FU_KR015085_reps,Polyporales,Polyporales,0.789,1
SH1179625.08FU_MT027494_reps,Polyporales,Polyporales,0.0284,1
SH1191514.08FU_KX752598_refs,Polyporales,Polyporales,0.0583,1
SH1212957.08FU_UDB025200_refs,Polyporales,Polyporales,0.066,1
SH1180682.08FU_KX880636_reps,Polyporales,Polyporales,0.937,1
SH1151996.08FU_KX900898_reps,Polyporales,Polyporales,0.11,1
SH1184382.08FU_KU941853_refs,Polyporales,Polyporales,0.0872,1
SH1153076.08FU_KU866258_refs,Polyporales,Polyporales,0.909,1
SH1181711.08FU_LC077699_reps,Polyporales,Polyporales,0.0532,1
SH1190311.08FU_JQ314363_refs,Polyporales,Polyporales,0.416,1
SH1153559.08FU_KJ140555_refs,Polyporales,Polyporales,0.384,1
SH1190360.08FU_MK184515_reps,Polyporales,Polyporales,0.85,1
SH1179700.08FU_MF796661_refs,Polyporales,Polyporales,0.865,1
SH1181040.08FU_MH211760_reps,Boletales,Boletales,0.0926,1
SH1169648.08FU_FJ840442_refs,Boletales,Boletales,0.0348,1
SH2590998.08FU_KY548905_reps,Boletales,Boletales,0.0906,1
SH1145495.08FU_UDB016991_reps,Boletales,Boletales,0.0926,1
SH1178576.08FU_KC184442_refs,Boletales,Boletales,0.87,1
SH1178570.08FU_KJ419920_reps,Boletales,Boletales,0.805,1
SH1169626.08FU_MN984306_reps,Boletales,Boletales,0.816,1
SH1158643.08FU_HF912261_reps,Boletales,Boletales,0.529,1
SH1168571.08FU_AB973721_reps,Boletales,Boletales,0.0926,1
SH1178151.08FU_LC368027_reps,Boletales,Boletales,0.0926,1
SH1227981.08FU_EU569234_reps,Boletales,Boletales,0.0926,1
SH1157819.08FU_LC367881_reps,Boletales,Boletales,0.565,1
SH1145476.08FU_UDB007576_reps,Boletales,Boletales,0.0919,1
SH1156994.08FU_KM594958_reps,Boletales,Boletales,0.0926,1
SH1183262.08FU_KF477060_reps,Boletales,Boletales,0.0879,1
SH1150034.08FU_AB099900_refs,Boletales,Boletales,0.0348,1
SH1227979.08FU_KX453799_reps,Boletales,Boletales,0.0926,1
SH1143874.08FU_KY826058_reps,Boletales,Boletales,0.0926,1
SH1180023.08FU_JQ003653_reps,Boletales,Boletales,0.0926,1
SH1157600.08FU_GQ268591_refs,Boletales,Boletales,0.0348,1
SH1180569.08FU_MF278769_reps,Boletales,Boletales,0.0895,1
SH1178573.08FU_KC184472_reps,Boletales,Boletales,0.89,1
SH1152084.08FU_MH392539_reps,Boletales,Boletales,0.0926,1
SH3566452.08FU_MK840949_reps,Boletales,Boletales,0.476,1
SH1226758.08FU_KY800422_refs,Boletales,Boletales,0.861,1
SH1158639.08FU_UDB038094_refs,Boletales,Boletales,0.689,1
SH1150908.08FU_AB973732_reps,Boletales,Boletales,0.0926,1
SH2595620.08FU_MN250217_reps,Boletales,Boletales,0.0926,1
SH1227976.08FU_LC175615_reps,Boletales,Boletales,0.0926,1
SH1226781.08FU_HM105532_reps,Boletales,Boletales,0.0926,1
SH1179220.08FU_HE578140_refs,Boletales,Boletales,0.0292,1
SH1180332.08FU_MK226543_reps,Boletales,Boletales,0.0926,1
SH1238543.08FU_FM213340_refs,Boletales,Boletales,0.912,1
SH1151098.08FU_LC277134_reps,Boletales,Boletales,0.0876,1
SH2594080.08FU_MH043612_reps,Boletales,Boletales,0.503,1
SH1145901.08FU_MH885366_reps,Boletales,Boletales,0.0926,1
SH1188534.08FU_KT002601_reps,Boletales,Boletales,0.0926,1
SH1234224.08FU_FR852280_reps,Boletales,Boletales,0.897,1
SH1226763.08FU_HE817960_reps,Boletales,Boletales,0.0926,1
SH1145253.08FU_UDB009013_refs,Boletales,Boletales,0.57,1
SH1142632.08FU_AM747520_refs,Boletales,Boletales,0.736,1
SH1174148.08FU_KX756597_reps,Boletales,Boletales,0.0926,1
SH1147018.08FU_MH108566_reps,Boletales,Boletales,0.0926,1
SH1158644.08FU_HM583819_reps,Boletales,Boletales,0.67,1
SH1157601.08FU_DQ146389_refs,Boletales,Boletales,0.0348,1
SH1181514.08FU_HE817966_reps,Boletales,Boletales,0.0926,1
SH1153105.08FU_AF004735_refs,Boletales,Boletales,0.889,1
SH1226009.08FU_KP889715_reps,Boletales,Boletales,0.0926,1
SH1158525.08FU_KU358562_reps,Boletales,Boletales,0.0926,1
SH1145254.08FU_EF192106_refs,Boletales,Boletales,0.493,1
SH1213291.08FU_UDB024485_reps,Boletales,Boletales,0.0847,1
SH1178588.08FU_KX610669_reps,Boletales,Boletales,0.0926,1
SH1184469.08FU_HM135659_reps,Boletales,Boletales,0.0944,1
SH1236088.08FU_MG018147_reps,Boletales,Boletales,0.0926,1
SH1145166.08FU_UDB011117_refs,Russulales,Russulales,0.948,1
SH1188943.08FU_UDB004705_reps,Russulales,Russulales,0.0996,1
SH1148661.08FU_MH724921_refs,Russulales,Russulales,0.368,1
SH2593114.08FU_KX441235_reps,Russulales,Russulales,0.885,1
SH1226602.08FU_AF350065_reps,Russulales,Russulales,0.302,1
SH1225950.08FU_UDB0766120_reps,Russulales,Russulales,0.107,1
SH1151518.08FU_JF975641_reps,Russulales,Russulales,0.0996,1
SH1168686.08FU_UDB032655_reps,Russulales,Russulales,0.0996,1
SH1226593.08FU_UDB015105_reps,Russulales,Russulales,0.465,1
SH1193081.08FU_MT984282_reps,Russulales,Russulales,0.62,1
SH1188812.08FU_FM999656_reps,Russulales,Russulales,0.0996,1
SH1212439.08FU_UDB014042_reps,Russulales,Russulales,0.436,1
SH1145212.08FU_KC424533_reps,Russulales,Russulales,0.894,1
SH1168724.08FU_MN992257_reps,Russulales,Russulales,0.836,1
SH1185235.08FU_KP691416_reps,Russulales,Russulales,0.0996,1
SH1187373.08FU_MT252543_reps,Russulales,Russulales,0.877,1
SH1172705.08FU_MK046805_reps,Russulales,Russulales,0.0578,1
SH1143491.08FU_AY606984_refs,Russulales,Russulales,0.0996,1
SH1145200.08FU_KX441215_reps,Russulales,Russulales,0.929,1
SH1185623.08FU_AM113433_reps,Russulales,Russulales,0.666,1
SH2592887.08FU_MH286463_reps,Russulales,Russulales,0.925,1
SH1221405.08FU_UDB024059_reps,Russulales,Russulales,0.925,1
SH2599042.08FU_UDB0767965_reps,Russulales,Russulales,0.879,1
SH1168641.08FU_KY574365_reps,Russulales,Russulales,0.869,1
SH1208000.08FU_JQ716931_refs,Russulales,Russulales,0.855,1
SH1168635.08FU_FJ897213_reps,Russulales,Russulales,0.903,1
SH1172717.08FU_JX266622_reps,Russulales,Russulales,0.0996,1
SH1181025.08FU_MT571520_reps,Russulales,Russulales,0.0795,1
SH1151171.08FU_KP347668_refs,Russulales,Russulales,0.0996,1
SH1168693.08FU_KT933981_reps,Russulales,Russulales,0.952,1
SH1181754.08FU_EU019947_reps,Russulales,Russulales,0.0996,1
SH1149935.08FU_MH212033_reps,Russulales,Russulales,0.617,1
SH1142272.08FU_KR819058_reps,Russulales,Russulales,0.0996,1
SH1191707.08FU_KJ513290_reps,Russulales,Russulales,0.108,1
SH1145778.08FU_UDB0756820_reps,Russulales,Russulales,0.0996,1
SH1145164.08FU_UDB002483_refs,Russulales,Russulales,0.965,1
SH1168672.08FU_MF138074_reps,Russulales,Russulales,0.813,1
SH1168664.08FU_KC791087_reps,Russulales,Russulales,0.88,1
SH1172690.08FU_KR819053_reps,Russulales,Russulales,0.0996,1
SH1156917.08FU_AF454417_refs,Russulales,Russulales,0.625,1
SH1189453.08FU_KR364014_reps,Russulales,Russulales,0.0996,1
SH1157632.08FU_MN527215_reps,Russulales,Russulales,0.0996,1
SH1148637.08FU_HQ318233_reps,Russulales,Russulales,0.711,1
SH1152839.08FU_JQ396446_reps,Russulales,Russulales,0.927,1
SH1172739.08FU_JN388978_refs,Russulales,Russulales,0.81,1
SH1188899.08FU_EU019945_reps,Russulales,Russulales,0.745,1
SH1156912.08FU_JF960612_reps,Russulales,Russulales,0.608,1
SH1168596.08FU_KF412227_reps,Russulales,Russulales,0.966,1
SH1168632.08FU_KX899726_reps,Russulales,Russulales,0.634,1
SH1168661.08FU_KF937360_reps,Russulales,Russulales,0.851,1
SH1168861.08FU_MW031163_reps,Russulales,Russulales,0.308,1
SH1145203.08FU_UDB031534_reps,Russulales,Russulales,0.844,1
SH1148664.08FU_KX899331_reps,Russulales,Russulales,0.297,1
SH1171778.08FU_GU258296_refs,Russulales,Russulales,0.0996,1
SH1153029.08FU_AY239340_reps,Russulales,Russulales,0.815,1
SH1185210.08FU_KR364082_reps,Russulales,Russulales,0.0996,1
SH1142274.08FU_LK392604_reps,Russulales,Russulales,0.0996,1
SH1185811.08FU_UDB0760063_reps,Russulales,Russulales,0.0996,1
SH1226601.08FU_UDB0765122_reps,Russulales,Russulales,0.465,1
SH2593122.08FU_UDB0761487_reps,Russulales,Russulales,0.817,1
SH1185865.08FU_KY485951_reps,Russulales,Russulales,0.113,1
SH1212578.08FU_UDB013939_reps,Russulales,Russulales,0.689,1
SH1173937.08FU_AB982037_reps,Russulales,Russulales,0.863,1
SH1185620.08FU_KR819066_reps,Russulales,Russulales,0.0996,1
SH1190636.08FU_MN744655_reps,Russulales,Russulales,0.546,1
SH1188901.08FU_MF805817_reps,Russulales,Russulales,0.928,1
SH1211188.08FU_LC008522_reps,Russulales,Russulales,0.0996,1
SH1145221.08FU_AB807980_reps,Russulales,Russulales,0.823,1
SH1188815.08FU_AB636427_reps,Russulales,Russulales,0.67,1
SH1188830.08FU_EU711736_reps,Russulales,Russulales,0.952,1
SH1193059.08FU_UDB017896_refs,Russulales,Russulales,0.945,1
SH1168676.08FU_KX441247_reps,Russulales,Russulales,0.857,1
SH2590817.08FU_LC260472_reps,Russulales,Russulales,0.0996,1
SH1145759.08FU_DQ061921_reps,Russulales,Russulales,0.906,1
SH1151517.08FU_GU258230_reps,Russulales,Russulales,0.0996,1
SH1211182.08FU_UDB0767204_reps,Russulales,Russulales,0.949,1
SH3567998.08FU_MN102697_reps,Russulales,Russulales,0.802,1
SH1174963.08FU_MT345273_reps,Russulales,Russulales,0.65,1
SH1191305.08FU_UDB0765286_reps,Russulales,Russulales,0.0996,1
SH1212437.08FU_UDB004598_reps,Russulales,Russulales,0.569,1
SH1172742.08FU_AB458892_reps,Russulales,Russulales,0.884,1
SH1174844.08FU_JN847475_reps,Russulales,Russulales,0.958,1
SH1168856.08FU_KP017261_reps,Russulales,Russulales,0.0611,1
SH1187350.08FU_UDB013892_reps,Russulales,Russulales,0.523,1
SH1156914.08FU_JF960611_reps,Russulales,Russulales,0.644,1
SH1171776.08FU_KC152157_reps,Russulales,Russulales,0.0996,1
SH2598025.08FU_UDB0760062_reps,Russulales,Russulales,0.0996,1
SH1191299.08FU_EU819433_reps,Russulales,Russulales,0.82,1
SH1172729.08FU_JN388965_refs,Russulales,Russulales,0.926,1
SH1172682.08FU_AB854676_reps,Russulales,Russulales,0.523,1
SH1230260.08FU_UDB001763_reps,Russulales,Russulales,0.0571,1
SH1226618.08FU_KT461335_reps,Russulales,Russulales,0.578,1
SH1174839.08FU_MG934216_reps,Russulales,Russulales,0.853,1
SH1211183.08FU_FJ196947_reps,Russulales,Russulales,0.878,1
SH1158830.08FU_UDB0757177_reps,Russulales,Russulales,0.0996,1
SH1238597.08FU_HM100664_reps,Russulales,Russulales,0.658,1
SH1158829.08FU_KM594914_reps,Russulales,Russulales,0.0996,1
SH2592036.08FU_MH861426_reps,Russulales,Russulales,0.0761,1
SH1235282.08FU_LC175149_reps,Russulales,Russulales,0.451,1
SH1168935.08FU_KT461396_reps,Russulales,Russulales,0.0996,1
SH1221393.08FU_UDB002549_refs,Russulales,Russulales,0.959,1
SH1188823.08FU_AB848574_reps,Russulales,Russulales,0.0996,1
SH1211186.08FU_KM595057_reps,Russulales,Russulales,0.0996,1
SH1174841.08FU_KF386754_reps,Russulales,Russulales,0.922,1
SH1181021.08FU_GU258299_refs,Russulales,Russulales,0.721,1
SH1236188.08FU_MH298911_reps,Russulales,Russulales,0.0571,1
SH1158601.08FU_AB458896_reps,Russulales,Russulales,0.0996,1
SH1193093.08FU_MK167397_reps,Russulales,Russulales,0.631,1
SH1190635.08FU_AY513182_reps,Russulales,Russulales,0.725,1
SH1187352.08FU_KP071269_reps,Russulales,Russulales,0.852,1
SH1193073.08FU_MH855823_reps,Russulales,Russulales,0.821,1
SH1172681.08FU_JF908308_reps,Russulales,Russulales,0.0996,1
SH1212886.08FU_HQ022003_reps,Russulales,Russulales,0.431,1
SH1226588.08FU_KX899702_reps,Russulales,Russulales,0.0996,1
SH1159351.08FU_KM269077_refs,Russulales,Russulales,0.886,1
SH1187341.08FU_HE817955_reps,Russulales,Russulales,0.924,1
SH1191298.08FU_JF834372_reps,Russulales,Russulales,0.85,1
SH2591942.08FU_MH862624_reps,Russulales,Russulales,0.784,1
SH1185204.08FU_UDB004532_reps,Russulales,Russulales,0.0996,1
SH1212560.08FU_KP814197_reps,Russulales,Russulales,0.0715,1
SH1226631.08FU_UDB016883_reps,Russulales,Russulales,0.754,1
SH1172696.08FU_JN889996_reps,Russulales,Russulales,0.0996,1
SH1145204.08FU_MG925207_reps,Russulales,Russulales,0.868,1
SH1168670.08FU_LC368013_reps,Russulales,Russulales,0.784,1
SH2592000.08FU_MH861803_reps,Russulales,Russulales,0.0761,1
SH2599103.08FU_UDB0768268_reps,Russulales,Russulales,0.685,1
SH1226595.08FU_MG719936_reps,Russulales,Russulales,0.0996,1
SH1183586.08FU_KJ583205_reps,Russulales,Russulales,0.0831,1
SH1236843.08FU_GU258280_refs,Russulales,Russulales,0.0996,1
SH3565609.08FU_MN860128_reps,Russulales,Russulales,0.0279,1
SH3565885.08FU_MK211184_reps,Russulales,Russulales,0.077,1
SH3566724.08FU_MT252546_reps,Russulales,Russulales,0.78,1
SH1221404.08FU_AY656941_reps,Russulales,Russulales,0.913,1
SH1172701.08FU_KP691436_reps,Russulales,Russulales,0.0996,1
SH1168734.08FU_UDB0768090_reps,Russulales,Russulales,0.854,1
SH1193062.08FU_KX553875_refs,Russulales,Russulales,0.719,1
SH1172702.08FU_MK046843_reps,Russulales,Russulales,0.0996,1
SH1168934.08FU_UDB007774_reps,Russulales,Russulales,0.6,1
SH1188304.08FU_MG786054_reps,Russulales,Russulales,0.0996,1
SH1156909.08FU_UDB019551_refs,Russulales,Russulales,0.637,1
SH1172697.08FU_KP754117_reps,Russulales,Russulales,0.0996,1
SH1152825.08FU_EF493293_refs,Russulales,Russulales,0.966,1
SH1174832.08FU_MT329612_reps,Russulales,Russulales,0.83,1
SH1177751.08FU_AB587755_reps,Russulales,Russulales,0.0996,1
SH1145178.08FU_UDB013176_reps,Russulales,Russulales,0.81,1
SH1152822.08FU_AY097042_refs,Russulales,Russulales,0.942,1
SH1237999.08FU_KY769842_reps,Russulales,Russulales,0.0996,1
SH1193071.08FU_MH496820_reps,Russulales,Russulales,0.918,1
SH1168644.08FU_AB982015_reps,Russulales,Russulales,0.926,1
SH1226604.08FU_JQ902063_reps,Russulales,Russulales,0.621,1
SH1207998.08FU_JX855033_refs,Russulales,Russulales,0.935,1
SH1193069.08FU_AY781254_reps,Russulales,Russulales,0.361,1
SH3566798.08FU_KY860379_reps,Russulales,NA,0.0,0
SH2592002.08FU_MH861795_reps,Russulales,Russulales,0.0761,1
SH1189466.08FU_MN075497_reps,Russulales,Russulales,0.0996,1
SH1169641.08FU_UDB0767263_reps,Russulales,Russulales,0.0996,1
SH1174843.08FU_JQ902058_reps,Russulales,Russulales,0.536,1
SH1212450.08FU_KR364030_reps,Russulales,Russulales,0.0996,1
SH1158828.08FU_KM595029_reps,Russulales,NA,0.0,0
SH2592027.08FU_MH861469_reps,Russulales,Russulales,0.0761,1
SH1212630.08FU_UDB0766900_reps,Russulales,Russulales,0.625,1
SH1191302.08FU_MF067426_reps,Russulales,Russulales,0.882,1
SH1172704.08FU_HQ318284_reps,Russulales,Russulales,0.0996,1
SH1221406.08FU_MH211425_reps,Russulales,Russulales,0.94,1
SH1145233.08FU_UDB0766505_reps,Russulales,Russulales,0.897,1
SH1187356.08FU_UDB015099_reps,Russulales,Russulales,0.363,1
SH1148662.08FU_KP754019_reps,Russulales,Russulales,0.0996,1
SH1168628.08FU_UDB0766945_reps,Russulales,Russulales,0.94,1
SH1168953.08FU_UDB0767316_reps,Russulales,Russulales,0.0996,1
SH1226634.08FU_MH211663_reps,Russulales,Russulales,0.685,1
SH1223915.08FU_UDB0173807_reps,Russulales,Russulales,0.101,1
SH1236935.08FU_GU054235_reps,Corticiales,Corticiales,0.0204,1
SH1172134.08FU_JX857795_reps,Corticiales,Corticiales,0.39,1
SH1152313.08FU_FJ172272_reps,Corticiales,Corticiales,0.071,1
SH1205519.08FU_KJ668433_reps,Corticiales,Corticiales,0.505,1
SH1205521.08FU_JN387998_refs,Corticiales,Corticiales,0.561,1
SH1205523.08FU_KY449404_reps,Corticiales,Corticiales,0.0697,1
SH1205518.08FU_GU590881_refs,Corticiales,Corticiales,0.415,1
SH1152302.08FU_EF635838_reps,Corticiales,Corticiales,0.0544,1
SH1213370.08FU_UDB016433_refs,Corticiales,Corticiales,0.234,1
SH3566781.08FU_MH178264_reps,Auriculariales,Auriculariales,0.404,1
SH2595379.08FU_MK391520_reps,Auriculariales,Auriculariales,0.593,1
SH1142576.08FU_UDB037386_reps,Auriculariales,Auriculariales,0.0747,1
SH1183201.08FU_GU053968_refs,Auriculariales,Auriculariales,0.0457,1
SH1191465.08FU_MG857095_reps,Auriculariales,Auriculariales,0.0748,1
SH3207317.08FU_MK098884_reps,Auriculariales,Auriculariales,0.0457,1
SH2602681.08FU_UDB0335038_reps,Auriculariales,Auriculariales,0.0127,1
SH2610184.08FU_UDB0321570_reps,Auriculariales,Auriculariales,0.0125,1
SH1149393.08FU_UDB0565810_reps,Auriculariales,NA,0.0,0
SH1245362.08FU_GU187845_reps,Auriculariales,Auriculariales,0.0457,1
SH1191416.08FU_KJ786674_reps,Auriculariales,Auriculariales,0.0457,1
SH3567414.08FU_MN497256_reps,Auriculariales,NA,0.0,0
SH1183190.08FU_DQ241776_refs,Auriculariales,Auriculariales,0.0643,1
SH1156273.08FU_AM260797_reps,Auriculariales,Auriculariales,0.0457,1
SH1142577.08FU_MN992496_reps,Auriculariales,Auriculariales,0.0288,1
SH1212234.08FU_FJ362284_reps,Auriculariales,Auriculariales,0.0479,1
SH2592405.08FU_MK098891_reps,Auriculariales,Auriculariales,0.0661,1
SH2609542.08FU_UDB0234033_reps,Auriculariales,NA,0.0,0
SH1183181.08FU_UDB019524_refs,Auriculariales,Auriculariales,0.716,1
SH3566782.08FU_MH178260_reps,Auriculariales,Auriculariales,0.109,1
SH1212235.08FU_HQ441577_reps,Auriculariales,Auriculariales,0.0434,1
SH2604526.08FU_UDB087690_reps,Auriculariales,Auriculariales,0.0165,1
SH1183195.08FU_AF291274_refs,Auriculariales,Auriculariales,0.52,1
SH1183183.08FU_DQ241774_refs,Auriculariales,Auriculariales,0.704,1
SH1189118.08FU_MK484047_refs,Auriculariales,Auriculariales,0.0552,1
SH1152918.08FU_UDB0759895_reps,Geastrales,NA,0.0,0
SH1237850.08FU_EU917117_reps,Geastrales,Geastrales,0.124,1
SH1151635.08FU_AY805626_reps,Geastrales,Geastrales,0.219,1
SH1218070.08FU_JN845096_refs,Geastrales,Geastrales,0.391,1
SH1150296.08FU_KX761175_refs,Geastrales,Geastrales,0.224,1
SH1218078.08FU_UDB0476620_reps,Geastrales,Geastrales,0.0417,1
SH2592556.08FU_MH635010_reps,Geastrales,Geastrales,0.0563,1
SH1218085.08FU_MW018894_reps,Geastrales,Geastrales,0.348,1
SH1218069.08FU_KP687490_refs,Geastrales,Geastrales,0.462,1
SH2603876.08FU_UDB0676226_reps,Geastrales,NA,0.0,0
SH2588753.08FU_JN845178_reps,Geastrales,Geastrales,0.0563,1
SH1237847.08FU_KF988349_refs,Geastrales,Geastrales,0.0563,1
SH1218066.08FU_EU784225_refs,Geastrales,Geastrales,0.526,1
SH2608102.08FU_UDB0187896_reps,Geastrales,NA,0.0,0
SH1237857.08FU_KR002890_reps,Geastrales,Geastrales,0.0563,1
SH1179844.08FU_KF988444_refs,Geastrales,Geastrales,0.512,1
SH1151649.08FU_UDB0608919_reps,Geastrales,NA,0.0,0
SH1177023.08FU_UDB011488_refs,Geastrales,Geastrales,0.142,1
SH1180888.08FU_UDB0757603_reps,Trechisporales,NA,0.0,0
SH2592289.08FU_MK204534_reps,Trechisporales,Trechisporales,0.061,1
SH2602988.08FU_UDB0509254_reps,Trechisporales,NA,0.0,0
SH1173838.08FU_HE963779_refs,Trechisporales,Trechisporales,0.061,1
SH1240329.08FU_UDB0234263_reps,Trechisporales,Trechisporales,0.0361,1
SH1173492.08FU_GU054146_refs,Trechisporales,Trechisporales,0.061,1
SH1179215.08FU_JF691351_reps,Trechisporales,Trechisporales,0.373,1
SH1180887.08FU_GQ999494_reps,Trechisporales,Trechisporales,0.061,1
SH1173369.08FU_KT581924_reps,Trechisporales,Trechisporales,0.153,1
SH1180882.08FU_FJ820613_reps,Trechisporales,Trechisporales,0.061,1
SH1179560.08FU_KP814217_reps,Trechisporales,Trechisporales,0.0532,1
SH1173360.08FU_MH041532_refs,Trechisporales,Trechisporales,0.061,1
SH1191260.08FU_MH608366_reps,Trechisporales,Trechisporales,0.061,1
SH2592288.08FU_MK204536_reps,Trechisporales,Trechisporales,0.061,1
SH1180891.08FU_JX317209_reps,Trechisporales,Trechisporales,0.061,1
SH1180894.08FU_UDB0768721_reps,Trechisporales,Trechisporales,0.0419,1
SH1173572.08FU_KC928274_refs,Trechisporales,Trechisporales,0.061,1
SH1180877.08FU_UDB0550598_reps,Trechisporales,Trechisporales,0.0398,1
SH1150252.08FU_UDB038202_refs,Trechisporales,Trechisporales,0.061,1
SH1183654.08FU_GQ981499_refs,Phallales,Phallales,0.0563,1
SH2595024.08FU_MG678510_reps,Phallales,Phallales,0.0463,1
SH1171381.08FU_KF052627_reps,Phallales,Phallales,0.0463,1
SH1238247.08FU_KU705382_refs,Phallales,Phallales,0.0463,1
SH1144183.08FU_MF447811_reps,Phallales,Phallales,0.0463,1
SH1142660.08FU_KY433988_reps,Gloeophyllales,Gloeophyllales,0.283,1
SH1142652.08FU_MH321578_reps,Gloeophyllales,Gloeophyllales,0.709,1
SH1154489.08FU_KX816196_reps,Sebacinales,Sebacinales,0.846,1
SH1158449.08FU_EU910933_reps,Sebacinales,Sebacinales,0.0218,1
SH3566400.08FU_MT027980_reps,Sebacinales,NA,0.0,0
SH1183721.08FU_UDB0296851_reps,Sebacinales,Sebacinales,0.74,1
SH2602645.08FU_UDB067094_reps,Sebacinales,Sebacinales,0.632,1
SH3230011.08FU_UDB0400862_reps,Sebacinales,NA,0.0,0
SH1183709.08FU_UDB004857_refs,Sebacinales,Sebacinales,0.649,1
SH1145414.08FU_UDB0345188_reps,Sebacinales,Sebacinales,0.878,1
SH1172356.08FU_FJ554212_reps,Sebacinales,Sebacinales,0.0196,1
SH1183711.08FU_LC003273_reps,Sebacinales,Sebacinales,0.717,1
SH1183670.08FU_HM105522_refs,Sebacinales,Sebacinales,0.83,1
SH1171164.08FU_UDB025256_reps,Sebacinales,Sebacinales,0.488,1
SH2597984.08FU_UDB0759760_reps,Sebacinales,Sebacinales,0.696,1
SH1172349.08FU_FN663142_refs,Sebacinales,Sebacinales,0.187,1
SH1183663.08FU_HQ154411_refs,Sebacinales,Sebacinales,0.831,1
SH1193981.08FU_UDB0762045_reps,Sebacinales,Sebacinales,0.458,1
SH1183713.08FU_HE820422_reps,Sebacinales,Sebacinales,0.7,1
SH1168812.08FU_UDB0759786_reps,Sebacinales,Sebacinales,0.0252,1
SH1194035.08FU_JQ420997_reps,Sebacinales,Sebacinales,0.0172,1
SH1215592.08FU_EF655701_refs,Sebacinales,Sebacinales,0.86,1
SH2610821.08FU_UDB0542968_reps,Sebacinales,Sebacinales,0.863,1
SH1176706.08FU_JF691210_reps,Sebacinales,Sebacinales,0.013,1
SH1240439.08FU_UDB014759_reps,Sebacinales,Sebacinales,0.0254,1
SH2597334.08FU_UDB0755435_reps,Sebacinales,Sebacinales,0.478,1
SH1190558.08FU_KF773775_refs,Sebacinales,Sebacinales,0.0252,1
SH1237237.08FU_FJ792852_reps,Sebacinales,NA,0.0,0
SH1193955.08FU_AJ875375_refs,Sebacinales,Sebacinales,0.913,1
SH1154475.08FU_HQ154320_refs,Sebacinales,Sebacinales,0.907,1
SH1172362.08FU_FM177768_refs,Sebacinales,Sebacinales,0.431,1
SH1177957.08FU_JQ420989_reps,Sebacinales,Sebacinales,0.0252,1
SH1183708.08FU_LC364210_reps,Sebacinales,Sebacinales,0.655,1
SH1154470.08FU_HQ154375_refs,Sebacinales,Sebacinales,0.814,1
SH1174545.08FU_MN607228_reps,Sebacinales,Sebacinales,0.326,1
SH1169662.08FU_LC367889_reps,Sebacinales,Sebacinales,0.0252,1
SH1172357.08FU_HM451798_refs,Sebacinales,Sebacinales,0.35,1
SH1215603.08FU_JQ318609_reps,Sebacinales,Sebacinales,0.596,1
SH1183707.08FU_KF773779_refs,Sebacinales,Sebacinales,0.532,1
SH1154472.08FU_JN890531_refs,Sebacinales,Sebacinales,0.649,1
SH1180455.08FU_MW026417_reps,Sebacinales,Sebacinales,0.757,1
SH1183719.08FU_UDB0761813_reps,Sebacinales,Sebacinales,0.59,1
SH1183678.08FU_HM105519_refs,Sebacinales,Sebacinales,0.86,1
SH1179942.08FU_HQ154341_refs,Sebacinales,Sebacinales,0.329,1
SH1240437.08FU_UDB014808_reps,Sebacinales,Sebacinales,0.0254,1
SH1177954.08FU_FJ788839_reps,Sebacinales,Sebacinales,0.0254,1
SH1193917.08FU_JQ420990_refs,Sebacinales,Sebacinales,0.71,1
SH1193947.08FU_HQ850088_reps,Sebacinales,Sebacinales,0.597,1
SH2608435.08FU_UDB0195752_reps,Sebacinales,NA,0.0,0
SH3565556.08FU_MG707425_reps,Sebacinales,Sebacinales,0.329,1
SH3568853.08FU_MN545102_reps,Sebacinales,Sebacinales,0.0121,1
SH1172361.08FU_FJ788826_refs,Sebacinales,Sebacinales,0.643,1
SH1193924.08FU_EU292272_refs,Sebacinales,Sebacinales,0.717,1
SH1175959.08FU_KF718258_refs,Sebacinales,Sebacinales,0.223,1
SH1193963.08FU_GQ907107_reps,Sebacinales,Sebacinales,0.519,1
SH2612670.08FU_UDB0700086_reps,Sebacinales,NA,0.0,0
SH1175951.08FU_AY643802_refs,Sebacinales,Sebacinales,0.583,1
SH1171163.08FU_UDB007522_refs,Sebacinales,Sebacinales,0.927,1
SH1193971.08FU_AM260864_reps,Sebacinales,Sebacinales,0.68,1
SH1193957.08FU_HQ850128_refs,Sebacinales,Sebacinales,0.821,1
SH1193964.08FU_UDB067739_reps,Sebacinales,Sebacinales,0.754,1
SH1183673.08FU_AB218127_refs,Sebacinales,Sebacinales,0.758,1
SH1179239.08FU_JX317218_refs,Sebacinales,Sebacinales,0.204,1
SH1177955.08FU_HQ154307_refs,Sebacinales,Atheliales,0.0293,0
SH1190554.08FU_KF419113_refs,Sebacinales,Sebacinales,0.0252,1
SH1149482.08FU_GU452516_refs,Sebacinales,Sebacinales,0.805,1
SH1154478.08FU_AB922981_reps,Sebacinales,Sebacinales,0.864,1
SH1179237.08FU_HM451810_refs,Sebacinales,Sebacinales,0.153,1
SH1146529.08FU_LC122076_reps,Sebacinales,Sebacinales,0.78,1
SH1175952.08FU_KU505107_reps,Sebacinales,Sebacinales,0.221,1
SH1148291.08FU_UDB016419_refs,Sebacinales,Sebacinales,0.925,1
SH1215622.08FU_UDB0767721_reps,Sebacinales,Sebacinales,0.0252,1
SH3569666.08FU_UDB0780065_reps,Sebacinales,NA,0.0,0
SH1171167.08FU_UDB0765800_reps,Sebacinales,Sebacinales,0.0252,1
SH1175955.08FU_FJ556806_refs,Sebacinales,Sebacinales,0.468,1
SH1154469.08FU_EU557317_refs,Sebacinales,Sebacinales,0.775,1
SH1190556.08FU_AY296254_refs,Sebacinales,Sebacinales,0.851,1
SH1193922.08FU_FN663774_refs,Sebacinales,Sebacinales,0.652,1
SH1215593.08FU_FN393153_refs,Sebacinales,Sebacinales,0.637,1
SH1194003.08FU_UDB0764899_reps,Sebacinales,Sebacinales,0.0182,1
SH1215598.08FU_HQ667874_refs,Sebacinales,Sebacinales,0.815,1
SH1177962.08FU_UDB0256035_reps,Sebacinales,Atheliales,0.0185,0
SH1148295.08FU_AB506962_refs,Sebacinales,Sebacinales,0.829,1
SH2595050.08FU_MN527219_reps,Sebacinales,Sebacinales,0.0252,1
SH2605676.08FU_UDB0695303_reps,Sebacinales,NA,0.0,0
SH1183684.08FU_UDB0315089_reps,Sebacinales,Sebacinales,0.649,1
SH1193972.08FU_AB854710_reps,Sebacinales,Sebacinales,0.798,1
SH1183694.08FU_UDB004734_refs,Sebacinales,Sebacinales,0.0252,1
SH1172348.08FU_JX317147_refs,Sebacinales,Sebacinales,0.483,1
SH1150322.08FU_UDB008996_refs,Sebacinales,Sebacinales,0.639,1
SH1193923.08FU_DQ309230_refs,Sebacinales,Sebacinales,0.781,1
SH1193945.08FU_UDB0764840_reps,Sebacinales,NA,0.0,0
SH1193915.08FU_GQ907139_reps,Sebacinales,Sebacinales,0.64,1
SH1183741.08FU_UDB0755440_reps,Sebacinales,Sebacinales,0.581,1
SH1183689.08FU_LC122262_reps,Sebacinales,Sebacinales,0.759,1
SH3566521.08FU_MT366723_reps,Hysterangiales,NA,0.0,0
SH1157331.08FU_JN845098_reps,Hysterangiales,NA,0.0,0
SH1238713.08FU_UDB0182113_reps,Hysterangiales,NA,0.0,0
SH1174151.08FU_KP191957_reps,Hysterangiales,NA,0.0,0
SH1242103.08FU_UDB0766725_reps,Hysterangiales,NA,0.0,0
SH1238712.08FU_KC152126_reps,Hysterangiales,NA,0.0,0
SH1215951.08FU_HE814118_reps,Atheliales,Russulales,0.0794,0
SH1236753.08FU_MK309946_reps,Atheliales,Atheliales,0.0338,1
SH1185965.08FU_UDB024783_refs,Atheliales,Atheliales,0.0338,1
SH2603857.08FU_UDB077604_reps,Atheliales,NA,0.0,0
SH1172635.08FU_AY702758_reps,Atheliales,Atheliales,0.504,1
SH1172617.08FU_KT800064_reps,Atheliales,Atheliales,0.0338,1
SH1172647.08FU_UDB0660656_reps,Atheliales,Atheliales,0.582,1
SH2607585.08FU_UDB0182327_reps,Atheliales,Atheliales,0.16,1
SH1215945.08FU_JX136509_reps,Atheliales,Russulales,0.0905,0
SH2611278.08FU_UDB0733816_reps,Atheliales,NA,0.0,0
SH1215949.08FU_LC277059_reps,Atheliales,Russulales,0.0322,0
SH1183275.08FU_AM901995_reps,Atheliales,Atheliales,0.0338,1
SH1236747.08FU_MK614866_reps,Atheliales,Atheliales,0.729,1
SH1172621.08FU_UDB0714421_reps,Atheliales,Atheliales,0.645,1
SH1172627.08FU_AB848548_reps,Atheliales,Atheliales,0.881,1
SH1186052.08FU_LC367966_reps,Atheliales,Atheliales,0.0338,1
SH1185251.08FU_LC171555_reps,Atheliales,Atheliales,0.0338,1
SH1175978.08FU_LC364212_reps,Atheliales,Atheliales,0.668,1
SH1172630.08FU_UDB0288144_reps,Atheliales,Atheliales,0.706,1
SH1215956.08FU_FR852330_reps,Atheliales,Russulales,0.0469,0
SH1215950.08FU_UDB0593240_reps,Atheliales,Russulales,0.0716,0
SH1172641.08FU_UDB026694_reps,Atheliales,Atheliales,0.71,1
SH1172618.08FU_UDB0652343_reps,Atheliales,Russulales,0.077,0
SH1172637.08FU_AF476999_reps,Atheliales,Atheliales,0.625,1
SH1149479.08FU_UDB016330_refs,Amylocorticiales,Amylocorticiales,0.226,1
SH1149480.08FU_KP814179_reps,Amylocorticiales,Amylocorticiales,0.263,1
SH2592652.08FU_MK520871_reps,Amylocorticiales,Amylocorticiales,0.0926,1
SH1178490.08FU_EU118659_refs,Agaricomycetes,dummy_order_Xenasmatella,0.282,0
SH3567985.08FU_MT832960_reps,Agaricomycetes,NA,0.0,0
SH1178518.08FU_UDB0178808_reps,Agaricomycetes,dummy_order_Xenasmatella,0.667,0
SH2608370.08FU_UDB0544904_reps,Tremellodendropsidales,NA,0.0,0
SH2603444.08FU_UDB0593282_reps,Tremellodendropsidales,Russulales,0.0127,0
SH1155919.08FU_KY105683_refs,Tremellales,Tremellales,0.0236,1
SH1155940.08FU_AF444472_refs,Tremellales,Tremellales,0.0167,1
SH2605909.08FU_UDB0511390_reps,Tremellales,NA,0.0,0
SH1155925.08FU_HQ631031_reps,Tremellales,Tremellales,0.0244,1
SH1172102.08FU_MK224834_reps,Tremellales,Tremellales,0.0247,1
SH1157694.08FU_AF444305_refs,Tremellales,Tremellales,0.491,1
SH1235374.08FU_EU517056_refs,Tremellales,Tremellales,0.0295,1
SH1177276.08FU_JN053482_reps,Tremellales,Tremellales,0.0244,1
SH1155995.08FU_JN053484_reps,Tremellales,Tremellales,0.0244,1
SH1238694.08FU_DQ830986_refs,Tremellales,Tremellales,0.208,1
SH1189809.08FU_JN053489_refs,Tremellales,Tremellales,0.0244,1
SH1238693.08FU_LC272862_reps,Tremellales,Tremellales,0.322,1
SH1181935.08FU_KF274171_reps,Tremellales,NA,0.0,0
SH1155958.08FU_KM246203_reps,Tremellales,Tremellales,0.175,1
SH1177272.08FU_KF274349_reps,Tremellales,Tremellales,0.0145,1
SH1186879.08FU_KT161111_reps,Tremellales,Tremellales,0.0167,1
SH1243386.08FU_MN258558_reps,Tremellales,Tremellales,0.0244,1
SH1157702.08FU_MF076921_reps,Tremellales,Tremellales,0.0197,1
SH1159272.08FU_AY557601_refs,Tremellales,Tremellales,0.021,1
SH1156396.08FU_MK050311_reps,Tremellales,Tremellales,0.0242,1
SH1177283.08FU_UDB0191431_reps,Tremellales,Tremellales,0.0101,1
SH1185384.08FU_KT334579_refs,Tremellales,Tremellales,0.0244,1
SH1171240.08FU_KM384101_refs,Tremellales,Tremellales,0.0219,1
SH1181232.08FU_EU249514_refs,Tremellales,Tremellales,0.0285,1
SH2593703.08FU_MH712828_reps,Tremellales,Tremellales,0.0244,1
SH1142494.08FU_MW204927_reps,Tremellales,Tremellales,0.0244,1
SH1238862.08FU_KM384103_refs,Tremellales,Tremellales,0.022,1
SH1235373.08FU_KY103323_refs,Tremellales,Tremellales,0.0247,1
SH2596285.08FU_MK942577_reps,Tremellales,Tremellales,0.0277,1
SH1236800.08FU_UDB0519902_reps,Tremellales,NA,0.0,0
SH1158594.08FU_AF444320_refs,Tremellales,Tremellales,0.0331,1
SH1238688.08FU_FM178254_refs,Tremellales,Tremellales,0.0244,1
SH1192188.08FU_JN053475_reps,Tremellales,Tremellales,0.0244,1
SH1178826.08FU_FJ534886_refs,Tremellales,Tremellales,0.684,1
SH1183011.08FU_UDB0332631_reps,Tremellales,Tremellales,0.0115,1
SH1192176.08FU_UDB0571254_reps,Tremellales,Tremellales,0.0167,1
SH1155974.08FU_AF042423_reps,Tremellales,Tremellales,0.0329,1
SH2591872.08FU_MK659873_reps,Tremellales,Tremellales,0.0283,1
SH1211780.08FU_AY242817_refs,Tremellales,Tremellales,0.0247,1
SH2607874.08FU_UDB0440108_reps,Tremellales,NA,0.0,0
SH2616182.08FU_UDB0572083_reps,Tremellales,NA,0.0,0
SH1186233.08FU_AY395800_refs,Tremellales,Tremellales,0.0244,1
SH2594978.08FU_MN539618_reps,Tremellales,Tremellales,0.686,1
SH1186235.08FU_DQ420869_refs,Tremellales,Tremellales,0.0167,1
SH1192173.08FU_EF363148_reps,Tremellales,Tremellales,0.0147,1
SH1157700.08FU_HQ211898_reps,Tremellales,Tremellales,0.0246,1
SH1150958.08FU_UDB0582740_reps,Tremellales,Tremellales,0.0175,1
SH1192171.08FU_KF036585_refs,Tremellales,Tremellales,0.0328,1
SH1211782.08FU_AF272667_reps,Tremellales,Tremellales,0.0247,1
SH2606252.08FU_UDB0531785_reps,Cystofilobasidiales,NA,0.0,0
SH2604689.08FU_UDB0137268_reps,Cystofilobasidiales,NA,0.0,0
SH1179892.08FU_AF144483_refs,Cystofilobasidiales,Cystofilobasidiales,0.694,1
SH1238126.08FU_KF036597_refs,Cystofilobasidiales,Cystofilobasidiales,0.337,1
SH1216545.08FU_HM461578_reps,Trichosporonales,Tremellales,0.0214,0
SH1188990.08FU_LC325452_reps,Trichosporonales,Trichosporonales,0.0144,1
SH1188991.08FU_KU831541_refs,Trichosporonales,Trichosporonales,0.0144,1
SH1216556.08FU_UDB0451929_reps,Trichosporonales,Trichosporonales,0.498,1
SH1235540.08FU_UDB0758766_reps,Trichosporonales,Trichosporonales,0.0144,1
SH1216535.08FU_AF444440_refs,Trichosporonales,Trichosporonales,0.809,1
SH1216560.08FU_MW165513_reps,Trichosporonales,NA,0.0,0
SH2604443.08FU_UDB087590_reps,Trichosporonales,NA,0.0,0
SH2603914.08FU_UDB0612079_reps,Trichosporonales,NA,0.0,0
SH1216534.08FU_AF444325_refs,Trichosporonales,Trichosporonales,0.748,1
SH1216546.08FU_AY787857_refs,Trichosporonales,Trichosporonales,0.0118,1
SH1216548.08FU_KY102983_refs,Trichosporonales,Trichosporonales,0.307,1
SH1149049.08FU_KY105809_refs,Trichosporonales,Trichosporonales,0.0118,1
SH1149043.08FU_AF410470_refs,Trichosporonales,Tremellales,0.424,0
SH1212339.08FU_AF410472_refs,Holtermanniales,Holtermanniales,0.057,1
SH1212340.08FU_HG936981_reps,Holtermanniales,Capnodiales,0.843,0
SH1184244.08FU_UDB0407659_reps,Filobasidiales,NA,0.0,0
SH2607263.08FU_UDB0602360_reps,Filobasidiales,NA,0.0,0
SH1173929.08FU_KF036594_refs,Filobasidiales,Filobasidiales,0.0103,1
SH1180910.08FU_FJ473371_refs,Filobasidiales,Filobasidiales,0.149,1
SH2606525.08FU_UDB0322272_reps,Filobasidiales,NA,0.0,0
SH1150961.08FU_MF971624_reps,Filobasidiales,NA,0.0,0
SH1172832.08FU_UDB0605819_reps,Filobasidiales,NA,0.0,0
SH1149242.08FU_FJ515187_reps,Erythrobasidiales,NA,0.0,0
SH1168580.08FU_AB035720_refs,Erythrobasidiales,NA,0.0,0
SH1168578.08FU_AF444561_refs,Erythrobasidiales,NA,0.0,0
SH1214273.08FU_JN636811_reps,Erythrobasidiales,Cystobasidiales,0.0131,0
SH1168583.08FU_UDB0746457_reps,Erythrobasidiales,NA,0.0,0
SH1143099.08FU_KU948760_reps,Cyphobasidiales,Cyphobasidiales,0.0193,1
SH1143096.08FU_KU948764_reps,Cyphobasidiales,Cyphobasidiales,0.0566,1
SH2590312.08FU_KU948771_reps,Cyphobasidiales,Cyphobasidiales,0.056,1
SH2590311.08FU_MK491237_reps,Cyphobasidiales,Cyphobasidiales,0.344,1
SH2612633.08FU_UDB0363011_reps,Cystobasidiales,NA,0.0,0
SH1214296.08FU_KF780606_reps,Cystobasidiales,Cystobasidiales,0.401,1
SH2596253.08FU_MK050403_reps,Sporidiobolales,Sporidiobolales,0.583,1
SH2606277.08FU_UDB0130001_reps,Sporidiobolales,NA,0.0,0
SH2593713.08FU_MF615089_reps,Sporidiobolales,Sporidiobolales,0.0253,1
SH1192588.08FU_AY015438_refs,Sporidiobolales,Sporidiobolales,0.873,1
SH1181844.08FU_GU646862_refs,Sporidiobolales,Sporidiobolales,0.777,1
SH1181842.08FU_AF444492_refs,Sporidiobolales,Sporidiobolales,0.857,1
SH1192589.08FU_AY015439_refs,Sporidiobolales,Sporidiobolales,0.85,1
SH1183638.08FU_UDB0234741_reps,Sporidiobolales,Sporidiobolales,0.0256,1
SH1170965.08FU_UDB0388552_reps,Sporidiobolales,Sporidiobolales,0.0157,1
SH1183636.08FU_UDB068656_reps,Sporidiobolales,Sporidiobolales,0.0157,1
SH1157531.08FU_AY800113_reps,Microbotryales,Microbotryales,0.235,1
SH1157534.08FU_DQ238736_reps,Microbotryales,Microbotryales,0.263,1
SH1190520.08FU_AY877404_reps,Microbotryales,Microbotryales,0.777,1
SH1155489.08FU_MT236601_reps,Microbotryales,Microbotryales,0.0514,1
SH1155490.08FU_AY212990_reps,Microbotryales,Microbotryales,0.0617,1
SH1155476.08FU_UDB0176569_reps,Leucosporidiales,NA,0.0,0
SH1239139.08FU_AF444564_refs,Leucosporidiales,NA,0.0,0
SH2618233.08FU_UDB0660596_reps,Leucosporidiales,NA,0.0,0
SH3227254.08FU_UDB0349173_reps,Kriegeriales,NA,0.0,0
SH2598538.08FU_UDB0352889_reps,Kriegeriales,NA,0.0,0
SH1239133.08FU_EF151246_refs,Kriegeriales,Kriegeriales,0.458,1
SH3565604.08FU_LC514939_reps,Kriegeriales,NA,0.0,0
SH1245696.08FU_KU187885_refs,Kriegeriales,Kriegeriales,0.018,1
SH2618227.08FU_UDB0662257_reps,Agaricostilbales,NA,0.0,0
SH1243111.08FU_AF444594_refs,Agaricostilbales,Agaricostilbales,0.0103,1
SH1236738.08FU_AF444569_refs,Agaricostilbales,NA,0.0,0
SH1153123.08FU_AF444566_refs,Agaricostilbales,NA,0.0,0
SH1155360.08FU_MG663588_reps,Agaricostilbales,Agaricostilbales,0.152,1
SH1155364.08FU_AF444565_refs,Agaricostilbales,Agaricostilbales,0.0391,1
SH1155451.08FU_KJ707159_reps,Agaricostilbales,Agaricostilbales,0.386,1
SH1149149.08FU_UDB0754266_reps,Septobasidiales,Septobasidiales,0.114,1
SH1149147.08FU_DQ241456_reps,Septobasidiales,Septobasidiales,0.119,1
SH2596505.08FU_MK804522_reps,Septobasidiales,Septobasidiales,0.155,1
SH3568350.08FU_MT419969_reps,Pucciniales,NA,0.0,0
SH1179262.08FU_KC430737_reps,Pucciniales,Pucciniales,0.326,1
SH1191400.08FU_MH790112_reps,Pucciniales,Pucciniales,0.0365,1
SH1237265.08FU_EU014066_reps,Pucciniales,Pucciniales,0.282,1
SH1230896.08FU_AF182984_reps,Pucciniales,Pucciniales,0.673,1
SH1205044.08FU_HM131235_refs,Pucciniales,Pucciniales,0.432,1
SH1152542.08FU_KY404203_reps,Pucciniales,Pucciniales,0.357,1
SH1233982.08FU_KC543257_reps,Pucciniales,Pucciniales,0.925,1
SH1173150.08FU_HM639745_reps,Pucciniales,Pucciniales,0.0308,1
SH1235987.08FU_DQ425026_reps,Pucciniales,Pucciniales,0.0965,1
SH1179263.08FU_AF180200_reps,Pucciniales,Pucciniales,0.455,1
SH1149589.08FU_KX225401_refs,Pucciniales,Pucciniales,0.778,1
SH1205045.08FU_KM667955_reps,Pucciniales,Pucciniales,0.737,1
SH1205054.08FU_AF511085_reps,Pucciniales,Pucciniales,0.786,1
SH1227098.08FU_UDB0606377_reps,Pucciniales,Pucciniales,0.0854,1
SH1185952.08FU_KM217360_reps,Pucciniales,Pucciniales,0.0308,1
SH1184732.08FU_MN605789_reps,Pucciniales,Pucciniales,0.089,1
SH1205039.08FU_JX047484_refs,Pucciniales,Pucciniales,0.53,1
SH1205081.08FU_HM057115_refs,Pucciniales,Pucciniales,0.089,1
SH1230897.08FU_AF189222_reps,Pucciniales,Pucciniales,0.53,1
SH2596438.08FU_MK458697_reps,Pucciniales,Pucciniales,0.089,1
SH1186554.08FU_FJ820692_reps,Pucciniales,Pucciniales,0.0253,1
SH2591768.08FU_MH908489_reps,Pucciniales,Pucciniales,0.283,1
SH1233983.08FU_KM217365_reps,Pucciniales,Pucciniales,0.189,1
SH2588910.08FU_JX533524_reps,Pucciniales,Pucciniales,0.089,1
SH2601973.08FU_UDB0147781_reps,Platygloeales,NA,0.0,0
SH1150781.08FU_JX852332_reps,Platygloeales,Platygloeales,0.131,1
SH1153402.08FU_AY254194_reps,Helicobasidiales,Helicobasidiales,0.703,1
SH1192094.08FU_MG584951_reps,Exobasidiales,Exobasidiales,0.0177,1
SH1149187.08FU_EU692764_reps,Exobasidiales,Exobasidiales,0.407,1
SH1149195.08FU_KY424482_reps,Exobasidiales,Exobasidiales,0.423,1
SH1192144.08FU_KP204318_reps,Exobasidiales,Exobasidiales,0.0142,1
SH1149199.08FU_AB180335_reps,Exobasidiales,Exobasidiales,0.527,1
SH1149190.08FU_AB180354_reps,Exobasidiales,Exobasidiales,0.227,1
SH1150978.08FU_AY854980_reps,Entylomatales,Entylomatales,0.581,1
SH1150977.08FU_MF924651_reps,Entylomatales,Entylomatales,0.615,1
SH1149621.08FU_KF800671_reps,Tilletiales,Tilletiales,0.0561,1
SH1214362.08FU_KJ728757_refs,Tilletiales,Tilletiales,0.0374,1
SH1214360.08FU_LC494385_reps,Tilletiales,Tilletiales,0.098,1
SH1186349.08FU_KP322989_refs,Georgefischeriales,Georgefischeriales,0.0919,1
SH1143770.08FU_KY446900_reps,Microstromatales,NA,0.0,0
SH1177074.08FU_GQ465043_refs,Microstromatales,NA,0.0,0
SH3227325.08FU_UDB0766013_reps,Tritirachiales,Tritirachiales,0.0205,1
SH1184488.08FU_JX242880_refs,Geminibasidiales,Agaricales,0.0469,0
SH2618257.08FU_UDB0663474_reps,Geminibasidiales,Agaricales,0.0488,0
SH1153194.08FU_KY929617_reps,Ustilaginales,Ustilaginales,0.0769,1
SH1215452.08FU_KY424442_reps,Ustilaginales,Ustilaginales,0.544,1
SH1169021.08FU_EF159532_reps,Ustilaginales,Ustilaginales,0.0514,1
SH1153193.08FU_KY929605_reps,Ustilaginales,Ustilaginales,0.0731,1
SH1144394.08FU_KY424453_reps,Ustilaginales,Ustilaginales,0.0801,1
SH1157141.08FU_JX006079_reps,Urocystidales,Urocystidales,0.153,1
SH1171009.08FU_EF200014_reps,Urocystidales,Urocystidales,0.0965,1
SH1180212.08FU_KF412356_reps,Atractiellales,Atractiellales,0.0122,1
SH2592454.08FU_MG707436_reps,Atractiellales,NA,0.0,0
SH1145903.08FU_KY462686_reps,Atractiellales,Atractiellales,0.363,1
SH1183007.08FU_AF444582_refs,Spiculogloeales,NA,0.0,0
SH3221177.08FU_UDB085901_reps,Spiculogloeales,NA,0.0,0
SH1189546.08FU_AB712455_refs,Dacrymycetales,Dacrymycetales,0.585,1
SH1189547.08FU_LC131412_reps,Dacrymycetales,Dacrymycetales,0.116,1
SH3565757.08FU_MN733714_reps,Dacrymycetales,NA,0.0,0
SH1143540.08FU_UDB024836_reps,Dacrymycetales,Dacrymycetales,0.116,1
SH1157416.08FU_LC131438_reps,Dacrymycetales,Dacrymycetales,0.116,1
SH2593885.08FU_LC386891_reps,Dacrymycetales,NA,0.0,0
SH1189548.08FU_LC131409_reps,Dacrymycetales,Dacrymycetales,0.116,1
SH1179436.08FU_UDB023630_refs,Dacrymycetales,NA,0.0,0
SH3686273.08FU_UDB0780655_reps,Dacrymycetes,NA,0.0,0
SH3686271.08FU_MN595680_reps,Dacrymycetes,NA,0.0,0
SH1178113.08FU_AY743656_refs,Malasseziales,NA,0.0,0
SH1190442.08FU_KY751333_refs,Wallemiales,NA,0.0,0
SH2593239.08FU_MH327796_refs,Dothideomycetes,Botryosphaeriales,0.0117,0
SH1152076.08FU_MF075293_reps,Dothideomycetes,NA,0.0,0
SH1179982.08FU_MK487737_refs,Dothideomycetes,Magnaporthales,0.0337,0
SH1184192.08FU_AY843045_refs,Dothideomycetes,Capnodiales,0.095,0
SH2595250.08FU_MN161952_reps,Dothideomycetes,NA,0.0,0
SH1214658.08FU_AY598887_reps,Dothideomycetes,NA,0.0,0
SH1151934.08FU_JF499850_refs,Capnodiales,Capnodiales,0.506,1
SH1149418.08FU_GU269866_reps,Capnodiales,Capnodiales,0.0932,1
SH2602202.08FU_UDB050645_reps,Capnodiales,NA,0.0,0
SH1174636.08FU_KF901663_reps,Capnodiales,Capnodiales,0.886,1
SH1154560.08FU_KC535128_reps,Capnodiales,Capnodiales,0.0514,1
SH1154561.08FU_AY843109_refs,Capnodiales,Capnodiales,0.558,1
SH1201785.08FU_EU041780_refs,Capnodiales,Capnodiales,0.58,1
SH1189261.08FU_KF901566_reps,Capnodiales,Capnodiales,0.597,1
SH1175704.08FU_KC966033_reps,Capnodiales,Capnodiales,0.403,1
SH1181391.08FU_UDB0718950_reps,Capnodiales,Capnodiales,0.861,1
SH1151410.08FU_KP963643_reps,Capnodiales,Capnodiales,0.0514,1
SH1194081.08FU_MF951386_refs,Capnodiales,Capnodiales,0.865,1
SH1183795.08FU_AY220612_refs,Capnodiales,Capnodiales,0.0932,1
SH1231810.08FU_KP890365_reps,Capnodiales,Capnodiales,0.0479,1
SH1176541.08FU_KC222753_reps,Capnodiales,Capnodiales,0.0143,1
SH3209773.08FU_UDB0527540_reps,Capnodiales,NA,0.0,0
SH2603487.08FU_UDB072621_reps,Capnodiales,NA,0.0,0
SH1189253.08FU_EU707862_refs,Capnodiales,Capnodiales,0.465,1
SH1223113.08FU_GU072983_reps,Capnodiales,Capnodiales,0.0514,1
SH1234742.08FU_KM452861_refs,Capnodiales,Capnodiales,0.912,1
SH1191786.08FU_MK047453_reps,Capnodiales,Capnodiales,0.0909,1
SH1194069.08FU_HQ442297_reps,Capnodiales,Capnodiales,0.11,1
SH1234692.08FU_MH862786_reps,Capnodiales,Capnodiales,0.848,1
SH1234689.08FU_GU269805_refs,Capnodiales,Capnodiales,0.905,1
SH1234688.08FU_DQ520628_reps,Capnodiales,Capnodiales,0.475,1
SH1154565.08FU_KF901630_refs,Capnodiales,Capnodiales,0.383,1
SH1189920.08FU_KF901621_refs,Capnodiales,Capnodiales,0.742,1
SH2603309.08FU_UDB069116_reps,Capnodiales,Capnodiales,0.435,1
SH1154571.08FU_KT581803_reps,Capnodiales,Capnodiales,0.0681,1
SH1193176.08FU_KP004456_refs,Capnodiales,Capnodiales,0.853,1
SH1174622.08FU_KF901796_refs,Capnodiales,Capnodiales,0.953,1
SH1231811.08FU_KF548664_refs,Capnodiales,Capnodiales,0.0389,1
SH1181386.08FU_AY152582_reps,Capnodiales,Capnodiales,0.87,1
SH1194098.08FU_JF318170_reps,Capnodiales,Capnodiales,0.11,1
SH1236533.08FU_JF342919_reps,Capnodiales,Capnodiales,0.929,1
SH1223108.08FU_KC978002_reps,Capnodiales,Capnodiales,0.153,1
SH1154547.08FU_UDB090779_reps,Capnodiales,Capnodiales,0.0202,1
SH1171481.08FU_UDB0750952_reps,Capnodiales,Capnodiales,0.0177,1
SH1236647.08FU_AJ972829_reps,Capnodiales,Capnodiales,0.0511,1
SH1174635.08FU_HQ149687_refs,Capnodiales,Capnodiales,0.698,1
SH1175700.08FU_KF309985_refs,Capnodiales,Capnodiales,0.252,1
SH1234714.08FU_MF951326_refs,Capnodiales,Capnodiales,0.839,1
SH1194070.08FU_KX287360_reps,Capnodiales,Capnodiales,0.786,1
SH1189252.08FU_KF901599_refs,Capnodiales,Capnodiales,0.436,1
SH1228651.08FU_MF951355_reps,Capnodiales,Capnodiales,0.377,1
SH1151397.08FU_AF222829_reps,Capnodiales,Capnodiales,0.714,1
SH1234663.08FU_AY843182_refs,Capnodiales,Capnodiales,0.647,1
SH1189251.08FU_KF901734_refs,Capnodiales,Capnodiales,0.462,1
SH1154558.08FU_AY692086_reps,Capnodiales,Capnodiales,0.74,1
SH1214694.08FU_AY598880_reps,Capnodiales,Capnodiales,0.11,1
SH1189918.08FU_AF309604_refs,Capnodiales,Capnodiales,0.393,1
SH1234699.08FU_KF442649_reps,Capnodiales,Capnodiales,0.11,1
SH1155402.08FU_AJ875357_reps,Capnodiales,Capnodiales,0.0537,1
SH2604438.08FU_UDB0196833_reps,Capnodiales,NA,0.0,0
SH1234701.08FU_GU269681_reps,Capnodiales,Capnodiales,0.562,1
SH1231802.08FU_FN610925_reps,Capnodiales,Capnodiales,0.0873,1
SH1234721.08FU_KJ406765_reps,Capnodiales,Capnodiales,0.0932,1
SH1174269.08FU_EU541488_reps,Capnodiales,Capnodiales,0.0514,1
SH2605388.08FU_UDB0107791_reps,Capnodiales,Capnodiales,0.0187,1
SH3567996.08FU_LR736048_reps,Capnodiales,NA,0.0,0
SH3568297.08FU_MT460403_reps,Capnodiales,Capnodiales,0.522,1
SH2591717.08FU_MK732144_reps,Capnodiales,Capnodiales,0.763,1
SH1149269.08FU_MK192901_reps,Capnodiales,Capnodiales,0.0932,1
SH2609962.08FU_UDB0750933_reps,Capnodiales,NA,0.0,0
SH1154540.08FU_JQ904602_refs,Capnodiales,Capnodiales,0.394,1
SH1236857.08FU_AJ244255_refs,Capnodiales,Capnodiales,0.0514,1
SH1194055.08FU_KT037543_refs,Capnodiales,Capnodiales,0.588,1
SH1192224.08FU_MF776044_reps,Capnodiales,Capnodiales,0.0665,1
SH1234691.08FU_MF370214_reps,Capnodiales,Capnodiales,0.77,1
SH1236858.08FU_UDB0671528_reps,Capnodiales,Capnodiales,0.0429,1
SH1174654.08FU_MH862769_refs,Capnodiales,Capnodiales,0.679,1
SH1234693.08FU_EU167571_reps,Capnodiales,Capnodiales,0.788,1
SH1191782.08FU_UDB049900_reps,Capnodiales,Capnodiales,0.0202,1
SH1154567.08FU_JF770447_refs,Capnodiales,Capnodiales,0.672,1
SH1234702.08FU_KF251214_refs,Capnodiales,Capnodiales,0.458,1
SH1234724.08FU_KJ406801_reps,Capnodiales,Capnodiales,0.11,1
SH1231843.08FU_UDB0513665_reps,Capnodiales,Capnodiales,0.077,1
SH1194071.08FU_DQ530217_refs,Capnodiales,Capnodiales,0.928,1
SH1190879.08FU_JX069874_refs,Capnodiales,Capnodiales,0.866,1
SH1174634.08FU_LN997718_reps,Capnodiales,Capnodiales,0.838,1
SH1174644.08FU_MH863174_reps,Capnodiales,Capnodiales,0.629,1
SH1231801.08FU_UDB0211556_reps,Capnodiales,Capnodiales,0.0921,1
SH2606335.08FU_UDB0131713_reps,Capnodiales,Capnodiales,0.046,1
SH1170993.08FU_EU661873_reps,Capnodiales,Capnodiales,0.093,1
SH1194073.08FU_MF951329_refs,Capnodiales,Capnodiales,0.912,1
SH1179529.08FU_AJ244237_refs,Capnodiales,Capnodiales,0.0932,1
SH1175709.08FU_KX263827_reps,Capnodiales,Capnodiales,0.0514,1
SH1183794.08FU_GQ852749_refs,Capnodiales,Capnodiales,0.0765,1
SH1186302.08FU_KP843429_reps,Capnodiales,Capnodiales,0.0728,1
SH1201753.08FU_JX290142_reps,Capnodiales,Capnodiales,0.566,1
SH1154541.08FU_KF251276_refs,Capnodiales,Capnodiales,0.625,1
SH1190056.08FU_JQ044436_refs,Capnodiales,Capnodiales,0.0665,1
SH1177265.08FU_MK696326_reps,Capnodiales,Capnodiales,0.0641,1
SH1223109.08FU_KJ406757_reps,Capnodiales,Capnodiales,0.108,1
SH1150078.08FU_DQ018096_reps,Pleosporales,Pleosporales,0.0565,1
SH1193570.08FU_KP004450_refs,Pleosporales,Pleosporales,0.0643,1
SH2614876.08FU_UDB0489654_reps,Pleosporales,Pleosporales,0.0247,1
SH1158029.08FU_MN215708_reps,Pleosporales,Pleosporales,0.931,1
SH2593070.08FU_MK035969_reps,Pleosporales,Pleosporales,0.0189,1
SH3565213.08FU_MN901152_reps,Pleosporales,Sordariales,0.0127,0
SH3566895.08FU_MN937234_reps,Pleosporales,NA,0.0,0
SH3567772.08FU_MT520620_reps,Pleosporales,NA,0.0,0
SH1220617.08FU_MK123333_reps,Pleosporales,Pleosporales,0.783,1
SH1155966.08FU_UDB067058_reps,Pleosporales,Pleosporales,0.0531,1
SH1157999.08FU_HM998312_reps,Pleosporales,Pleosporales,0.82,1
SH1216103.08FU_KR909136_reps,Pleosporales,Pleosporales,0.537,1
SH1214481.08FU_KU727705_reps,Pleosporales,Pleosporales,0.113,1
SH2601897.08FU_UDB047044_reps,Pleosporales,NA,0.0,0
SH1240133.08FU_JN846718_refs,Pleosporales,Pleosporales,0.0189,1
SH1227809.08FU_AF439460_refs,Pleosporales,Pleosporales,0.332,1
SH1158037.08FU_MT605134_reps,Pleosporales,Pleosporales,0.936,1
SH1151394.08FU_MF795791_refs,Pleosporales,Pleosporales,0.0269,1
SH1193194.08FU_GU942913_reps,Pleosporales,NA,0.0,0
SH2593791.08FU_MK072962_reps,Pleosporales,Pleosporales,0.94,1
SH2619452.08FU_UDB0745930_reps,Pleosporales,NA,0.0,0
SH1188483.08FU_MH453490_reps,Pleosporales,Pleosporales,0.025,1
SH1177174.08FU_DQ914701_reps,Pleosporales,Pleosporales,0.0517,1
SH1179383.08FU_KM408757_refs,Pleosporales,Pleosporales,0.0244,1
SH2592659.08FU_MK098193_reps,Pleosporales,Pleosporales,0.0189,1
SH1183332.08FU_MN602847_reps,Pleosporales,Pleosporales,0.0193,1
SH1186114.08FU_LC194476_refs,Pleosporales,Pleosporales,0.373,1
SH2614904.08FU_UDB0515288_reps,Pleosporales,NA,0.0,0
SH1196714.08FU_MN537610_reps,Pleosporales,Pleosporales,0.0391,1
SH1234979.08FU_AB554108_refs,Pleosporales,Pleosporales,0.698,1
SH1142799.08FU_MG828876_refs,Pleosporales,Pleosporales,0.922,1
SH1188488.08FU_KY827357_reps,Pleosporales,Pleosporales,0.35,1
SH1158260.08FU_MT193479_reps,Pleosporales,Pleosporales,0.89,1
SH1158240.08FU_MG727636_reps,Pleosporales,Pleosporales,0.937,1
SH1142554.08FU_FJ524325_reps,Pleosporales,Pleosporales,0.0722,1
SH1191642.08FU_MG828885_refs,Pleosporales,Pleosporales,0.0442,1
SH1157098.08FU_KJ812292_reps,Pleosporales,Pleosporales,0.0341,1
SH1196715.08FU_KY114917_reps,Pleosporales,Pleosporales,0.0179,1
SH1158082.08FU_JN006775_reps,Pleosporales,Pleosporales,0.917,1
SH1170504.08FU_KC438386_reps,Pleosporales,Pleosporales,0.0652,1
SH1158058.08FU_KU715119_reps,Pleosporales,Pleosporales,0.934,1
SH1234991.08FU_FN397296_reps,Pleosporales,Pleosporales,0.0189,1
SH1177619.08FU_MF135507_reps,Pleosporales,Pleosporales,0.0189,1
SH1191125.08FU_UDB0153595_reps,Pleosporales,NA,0.0,0
SH1178685.08FU_MH474056_reps,Pleosporales,Pleosporales,0.0795,1
SH1187400.08FU_MH268116_reps,Pleosporales,Pleosporales,0.0566,1
SH1233349.08FU_MN982348_reps,Pleosporales,Pleosporales,0.0312,1
SH1145372.08FU_KF015670_refs,Pleosporales,Pleosporales,0.118,1
SH2608844.08FU_UDB0237310_reps,Pleosporales,NA,0.0,0
SH1185566.08FU_KY497783_refs,Pleosporales,Pleosporales,0.0357,1
SH1146967.08FU_GQ203757_refs,Pleosporales,Pleosporales,0.0652,1
SH1156425.08FU_KT207757_reps,Pleosporales,Pleosporales,0.0867,1
SH1157076.08FU_KP676041_reps,Pleosporales,Pleosporales,0.728,1
SH1157267.08FU_JX496085_refs,Pleosporales,Pleosporales,0.205,1
SH1158576.08FU_LC001709_refs,Pleosporales,Pleosporales,0.0834,1
SH1156422.08FU_MF434195_refs,Pleosporales,Pleosporales,0.807,1
SH1174579.08FU_KR476724_refs,Pleosporales,Pleosporales,0.0477,1
SH1213840.08FU_MN637808_reps,Pleosporales,Pleosporales,0.0261,1
SH1158161.08FU_MH864487_reps,Pleosporales,Pleosporales,0.781,1
SH1235052.08FU_JQ846062_reps,Pleosporales,Pleosporales,0.0367,1
SH1214168.08FU_KX650834_reps,Pleosporales,Pleosporales,0.0189,1
SH1157264.08FU_HG933811_refs,Pleosporales,Pleosporales,0.339,1
SH1179385.08FU_MG828905_refs,Pleosporales,Hypocreales,0.0662,0
SH1193556.08FU_KY984321_refs,Pleosporales,Pleosporales,0.0621,1
SH1228908.08FU_KM265589_reps,Pleosporales,Pleosporales,0.0189,1
SH1231338.08FU_HQ416964_reps,Pleosporales,Pleosporales,0.361,1
SH1191134.08FU_MH474137_reps,Pleosporales,Pleosporales,0.096,1
SH1191764.08FU_MG004774_reps,Pleosporales,Pleosporales,0.0605,1
SH1193557.08FU_KU697302_refs,Pleosporales,Pleosporales,0.0641,1
SH1235042.08FU_MH389783_reps,Pleosporales,Pleosporales,0.0519,1
SH1235002.08FU_KF617529_reps,Pleosporales,Pleosporales,0.0335,1
SH1235304.08FU_UDB026433_reps,Pleosporales,Pleosporales,0.0633,1
SH1180383.08FU_GQ924031_reps,Pleosporales,Pleosporales,0.425,1
SH1179406.08FU_MF971511_reps,Pleosporales,Pleosporales,0.892,1
SH1158307.08FU_MH414899_refs,Pleosporales,Pleosporales,0.857,1
SH1213454.08FU_KP769975_refs,Pleosporales,Pleosporales,0.0338,1
SH1214915.08FU_AY188993_reps,Pleosporales,Pleosporales,0.0716,1
SH1235004.08FU_JX998689_reps,Pleosporales,Pleosporales,0.0372,1
SH1237434.08FU_JN253514_reps,Pleosporales,Pleosporales,0.0652,1
SH1142532.08FU_KT581909_reps,Pleosporales,Pleosporales,0.0855,1
SH1157082.08FU_EF505601_reps,Pleosporales,Pleosporales,0.695,1
SH1235231.08FU_UDB0263813_reps,Pleosporales,Pleosporales,0.0571,1
SH1190987.08FU_KX228248_refs,Pleosporales,Capnodiales,0.858,0
SH1183329.08FU_KU314951_reps,Pleosporales,Pleosporales,0.0921,1
SH1158158.08FU_LC013891_reps,Pleosporales,Pleosporales,0.949,1
SH1235028.08FU_UDB0379153_reps,Pleosporales,Pleosporales,0.0597,1
SH1192048.08FU_AB472197_reps,Pleosporales,Pleosporales,0.0621,1
SH1158103.08FU_MT735236_reps,Pleosporales,Pleosporales,0.881,1
SH1193548.08FU_KY984352_refs,Pleosporales,Pleosporales,0.826,1
SH1193550.08FU_KF251260_refs,Pleosporales,Pleosporales,0.724,1
SH1195438.08FU_KF827448_reps,Pleosporales,Pleosporales,0.0522,1
SH1180469.08FU_GQ120988_reps,Pleosporales,NA,0.0,0
SH1176829.08FU_AB607956_refs,Pleosporales,Pleosporales,0.723,1
SH2618761.08FU_MT230450_reps,Pleosporales,Pleosporales,0.0397,1
SH1192931.08FU_MK540020_reps,Pleosporales,Pleosporales,0.607,1
SH1158270.08FU_LT631331_reps,Pleosporales,Pleosporales,0.886,1
SH1235296.08FU_JF819146_reps,Pleosporales,Pleosporales,0.361,1
SH3567557.08FU_MT627706_reps,Pleosporales,NA,0.0,0
SH1157053.08FU_JF740262_refs,Pleosporales,Pleosporales,0.441,1
SH1158276.08FU_JX239021_reps,Pleosporales,Pleosporales,0.829,1
SH1191763.08FU_KY173466_refs,Pleosporales,Pleosporales,0.0717,1
SH1156429.08FU_KF638538_reps,Pleosporales,Pleosporales,0.0811,1
SH1170484.08FU_MK087089_reps,Pleosporales,Pleosporales,0.823,1
SH1179160.08FU_KJ629169_reps,Pleosporales,Pleosporales,0.0189,1
SH2608808.08FU_UDB0541319_reps,Pleosporales,NA,0.0,0
SH1158132.08FU_MT229267_reps,Pleosporales,Pleosporales,0.877,1
SH1158124.08FU_KP269043_reps,Pleosporales,Pleosporales,0.931,1
SH2592885.08FU_MN486537_reps,Pleosporales,Pleosporales,0.177,1
SH1235290.08FU_KF251186_refs,Pleosporales,Pleosporales,0.906,1
SH1151631.08FU_MT385210_reps,Pleosporales,Pleosporales,0.0176,1
SH1179401.08FU_KX263807_reps,Pleosporales,Pleosporales,0.135,1
SH1157991.08FU_JX256429_refs,Pleosporales,Pleosporales,0.944,1
SH1151487.08FU_KC965926_reps,Pleosporales,Pleosporales,0.241,1
SH1177613.08FU_MH107920_refs,Pleosporales,Pleosporales,0.0368,1
SH1191131.08FU_MT079315_reps,Pleosporales,Pleosporales,0.365,1
SH1186546.08FU_JX442032_refs,Pleosporales,Pleosporales,0.0486,1
SH1186319.08FU_MG828973_refs,Pleosporales,Pleosporales,0.0357,1
SH1158574.08FU_LC096170_refs,Pleosporales,Pleosporales,0.196,1
SH1145373.08FU_KF432943_reps,Pleosporales,Pleosporales,0.113,1
SH1193188.08FU_KF251281_refs,Pleosporales,Pleosporales,0.0716,1
SH1177616.08FU_KU601591_refs,Pleosporales,Pleosporales,0.0269,1
SH1191144.08FU_KY794702_refs,Pleosporales,Pleosporales,0.0456,1
SH1214973.08FU_JF740187_refs,Pleosporales,Pleosporales,0.0575,1
SH1235761.08FU_EU480212_reps,Pleosporales,Pleosporales,0.0173,1
SH1238081.08FU_MT183832_reps,Pleosporales,Pleosporales,0.0109,1
SH1180442.08FU_KR909181_refs,Pleosporales,Pleosporales,0.0189,1
SH1239211.08FU_KP170662_refs,Pleosporales,Pleosporales,0.0717,1
SH1220607.08FU_U04207_reps,Pleosporales,Pleosporales,0.608,1
SH1184576.08FU_KJ188600_reps,Pleosporales,Pleosporales,0.0189,1
SH1236853.08FU_GQ924044_reps,Pleosporales,Pleosporales,0.0189,1
SH1213447.08FU_KJ471547_reps,Pleosporales,Pleosporales,0.0268,1
SH1178680.08FU_JF740184_reps,Pleosporales,Pleosporales,0.324,1
SH1183338.08FU_MG828940_refs,Pleosporales,Pleosporales,0.081,1
SH1232487.08FU_MF971395_reps,Pleosporales,Pleosporales,0.0337,1
SH1179392.08FU_KU714705_reps,Pleosporales,Pleosporales,0.0451,1
SH1158252.08FU_MT193481_reps,Pleosporales,Pleosporales,0.948,1
SH1176718.08FU_KU721775_refs,Pleosporales,Pleosporales,0.0652,1
SH1157261.08FU_EU295639_refs,Pleosporales,Pleosporales,0.782,1
SH1156437.08FU_MG065852_reps,Pleosporales,Pleosporales,0.805,1
SH1227795.08FU_AY607015_reps,Pleosporales,Pleosporales,0.0717,1
SH1196717.08FU_KU991892_reps,Pleosporales,Pleosporales,0.055,1
SH1171152.08FU_UDB0363488_reps,Pleosporales,Pleosporales,0.0176,1
SH1234972.08FU_GQ292750_refs,Pleosporales,Pleosporales,0.936,1
SH1158580.08FU_LC194481_refs,Pleosporales,Pleosporales,0.0895,1
SH1174009.08FU_GU909815_reps,Pleosporales,Pleosporales,0.866,1
SH1158142.08FU_MH857676_reps,Pleosporales,Pleosporales,0.873,1
SH1172547.08FU_MH633985_reps,Pleosporales,Pleosporales,0.0189,1
SH1157998.08FU_LT837470_refs,Pleosporales,Pleosporales,0.809,1
SH2611295.08FU_UDB0605488_reps,Pleosporales,NA,0.0,0
SH1157061.08FU_HQ108044_reps,Pleosporales,Pleosporales,0.759,1
SH1158152.08FU_AF163067_reps,Pleosporales,Pleosporales,0.847,1
SH1203740.08FU_MK522507_reps,Pleosporales,Pleosporales,0.0652,1
SH1241482.08FU_KM393274_reps,Pleosporales,Pleosporales,0.0562,1
SH1186537.08FU_KX430910_reps,Pleosporales,Pleosporales,0.0142,1
SH1158040.08FU_EU680503_reps,Pleosporales,Pleosporales,0.814,1
SH1180376.08FU_LC312522_refs,Pleosporales,Pleosporales,0.111,1
SH1170479.08FU_AY510417_refs,Pleosporales,Pleosporales,0.886,1
SH1238079.08FU_KU986785_reps,Pleosporales,Pleosporales,0.0189,1
SH1233339.08FU_AB725392_reps,Pleosporales,Pleosporales,0.623,1
SH1190706.08FU_JF740203_refs,Pleosporales,Pleosporales,0.0717,1
SH1182955.08FU_MG208166_reps,Pleosporales,Pleosporales,0.0898,1
SH1191700.08FU_AF250831_reps,Pleosporales,Pleosporales,0.108,1
SH1150065.08FU_MH381769_refs,Pleosporales,Pleosporales,0.0189,1
SH1229621.08FU_AB811451_refs,Pleosporales,Pleosporales,0.0303,1
SH1180027.08FU_DQ420841_reps,Pleosporales,Pleosporales,0.0175,1
SH1227802.08FU_MN648452_reps,Pleosporales,Pleosporales,0.572,1
SH1158309.08FU_HF934952_refs,Pleosporales,Pleosporales,0.838,1
SH2611080.08FU_UDB0408387_reps,Pleosporales,NA,0.0,0
SH1227791.08FU_KY064027_refs,Pleosporales,Pleosporales,0.0717,1
SH1149633.08FU_AF383959_reps,Pleosporales,Pleosporales,0.0643,1
SH1192928.08FU_MK540000_reps,Pleosporales,Pleosporales,0.0867,1
SH1182796.08FU_UDB0585285_reps,Pleosporales,Pleosporales,0.744,1
SH1157062.08FU_KF251181_refs,Pleosporales,Pleosporales,0.255,1
SH1170491.08FU_FJ571483_reps,Pleosporales,Pleosporales,0.0652,1
SH1186538.08FU_KU940120_refs,Pleosporales,Pleosporales,0.0808,1
SH1188486.08FU_JX570932_refs,Pleosporales,Pleosporales,0.702,1
SH1233333.08FU_MG828930_refs,Pleosporales,Pleosporales,0.45,1
SH1152168.08FU_MG764063_reps,Pleosporales,Pleosporales,0.0716,1
SH1168862.08FU_LC061594_refs,Pleosporales,Pleosporales,0.0189,1
SH1184579.08FU_KT269491_reps,Pleosporales,Pleosporales,0.0189,1
SH1188669.08FU_KU752191_reps,Pleosporales,Pleosporales,0.0189,1
SH1188509.08FU_HQ108005_reps,Pleosporales,Pleosporales,0.556,1
SH1191709.08FU_KX228257_refs,Pleosporales,Pleosporales,0.0867,1
SH1142834.08FU_MH474529_reps,Pleosporales,Pleosporales,0.0867,1
SH1195446.08FU_UDB0541089_reps,Pleosporales,Pleosporales,0.0247,1
SH1185563.08FU_LC014564_reps,Pleosporales,Pleosporales,0.0357,1
SH2604640.08FU_UDB0330292_reps,Pleosporales,NA,0.0,0
SH1157057.08FU_MG828928_refs,Pleosporales,Pleosporales,0.451,1
SH1191120.08FU_AB809645_refs,Pleosporales,Pleosporales,0.0686,1
SH1151641.08FU_KX263820_reps,Pleosporales,Pleosporales,0.0717,1
SH1182255.08FU_KT581887_reps,Pleosporales,Pleosporales,0.0537,1
SH1150261.08FU_JN846710_refs,Pleosporales,Pleosporales,0.0189,1
SH1191756.08FU_KJ869145_refs,Pleosporales,Pleosporales,0.113,1
SH1179373.08FU_KP114375_reps,Pleosporales,Pleosporales,0.165,1
SH1177184.08FU_MF795772_refs,Pleosporales,Pleosporales,0.649,1
SH1158282.08FU_MH474203_reps,Pleosporales,Pleosporales,0.577,1
SH1182952.08FU_KF443406_refs,Pleosporales,Pleosporales,0.112,1
SH1158254.08FU_MG727612_reps,Pleosporales,Pleosporales,0.927,1
SH1153174.08FU_UDB0566658_reps,Pleosporales,Pleosporales,0.0382,1
SH1213444.08FU_AB986393_reps,Pleosporales,Pleosporales,0.0184,1
SH1183327.08FU_JQ905797_reps,Pleosporales,Pleosporales,0.0529,1
SH1157996.08FU_JN192374_refs,Pleosporales,Pleosporales,0.843,1
SH1143497.08FU_KX672152_refs,Pleosporales,Hypocreales,0.059,0
SH1157274.08FU_JQ747665_reps,Pleosporales,Pleosporales,0.488,1
SH1237002.08FU_FR751089_refs,Acrospermales,NA,0.0,0
SH1144882.08FU_EF010926_reps,Tubeufiales,Tubeufiales,0.0377,1
SH1149796.08FU_MH558769_refs,Tubeufiales,Tubeufiales,0.126,1
SH1245263.08FU_AY916480_reps,Tubeufiales,Tubeufiales,0.0425,1
SH1149793.08FU_KT581841_reps,Tubeufiales,Tubeufiales,0.129,1
SH1177422.08FU_MH558711_reps,Tubeufiales,Tubeufiales,0.132,1
SH1186101.08FU_KT581906_reps,Tubeufiales,Tubeufiales,0.0425,1
SH1149802.08FU_KF301530_reps,Tubeufiales,Tubeufiales,0.328,1
SH1181744.08FU_KR822209_reps,Tubeufiales,Tubeufiales,0.0374,1
SH1191847.08FU_LC316605_reps,Tubeufiales,Tubeufiales,0.0407,1
SH1173383.08FU_EU490000_reps,Tubeufiales,Tubeufiales,0.0424,1
SH1151150.08FU_MF467928_refs,Tubeufiales,Tubeufiales,0.821,1
SH1151154.08FU_KC469282_refs,Tubeufiales,Tubeufiales,0.0781,1
SH1151199.08FU_KX454171_reps,Tubeufiales,Tubeufiales,0.0425,1
SH1191843.08FU_KY092413_refs,Tubeufiales,Tubeufiales,0.273,1
SH2593962.08FU_MH558710_reps,Tubeufiales,Tubeufiales,0.15,1
SH1190111.08FU_KY790449_refs,Tubeufiales,Pleosporales,0.0761,0
SH1191844.08FU_AY916463_reps,Tubeufiales,Tubeufiales,0.0423,1
SH1177421.08FU_JN865202_refs,Tubeufiales,Tubeufiales,0.154,1
SH1237463.08FU_AY916486_refs,Tubeufiales,Tubeufiales,0.0425,1
SH2593416.08FU_UDB0765163_reps,Tubeufiales,Tubeufiales,0.0178,1
SH1181741.08FU_AY970194_reps,Botryosphaeriales,Botryosphaeriales,0.0305,1
SH1143979.08FU_FJ919663_refs,Botryosphaeriales,Botryosphaeriales,0.553,1
SH1186096.08FU_KF297165_reps,Botryosphaeriales,Botryosphaeriales,0.0329,1
SH1220207.08FU_FJ372392_refs,Botryosphaeriales,Botryosphaeriales,0.0331,1
SH1230810.08FU_JQ397136_reps,Botryosphaeriales,Botryosphaeriales,0.9,1
SH1144017.08FU_JN198399_reps,Botryosphaeriales,Botryosphaeriales,0.941,1
SH1144018.08FU_KU940110_refs,Botryosphaeriales,Botryosphaeriales,0.654,1
SH1182702.08FU_AY843135_refs,Botryosphaeriales,Botryosphaeriales,0.0353,1
SH1230766.08FU_AB454310_reps,Botryosphaeriales,Botryosphaeriales,0.83,1
SH1230812.08FU_KJ847426_refs,Botryosphaeriales,Botryosphaeriales,0.0566,1
SH1178381.08FU_KF564282_reps,Botryosphaeriales,Botryosphaeriales,0.049,1
SH1143966.08FU_KF766195_refs,Botryosphaeriales,Botryosphaeriales,0.938,1
SH1230788.08FU_KP122282_reps,Botryosphaeriales,Botryosphaeriales,0.71,1
SH1230738.08FU_FJ769737_reps,Botryosphaeriales,Botryosphaeriales,0.806,1
SH1151616.08FU_KF537346_refs,Botryosphaeriales,Botryosphaeriales,0.0331,1
SH1235580.08FU_FJ769645_reps,Botryosphaeriales,Botryosphaeriales,0.91,1
SH1230733.08FU_JQ743562_refs,Botryosphaeriales,Botryosphaeriales,0.943,1
SH1143964.08FU_DQ299246_refs,Botryosphaeriales,Botryosphaeriales,0.902,1
SH1143970.08FU_EU673321_refs,Botryosphaeriales,Botryosphaeriales,0.828,1
SH1230755.08FU_MF198234_reps,Botryosphaeriales,Botryosphaeriales,0.718,1
SH1174786.08FU_JX136410_reps,Botryosphaeriales,Botryosphaeriales,0.0331,1
SH1182890.08FU_KF516946_reps,Botryosphaeriales,Abrothallales,0.127,0
SH1230745.08FU_KJ847424_refs,Botryosphaeriales,Botryosphaeriales,0.815,1
SH2607625.08FU_UDB0187395_reps,Botryosphaeriales,NA,0.0,0
SH1230760.08FU_HQ874701_reps,Botryosphaeriales,Botryosphaeriales,0.924,1
SH1238507.08FU_HG798743_reps,Botryosphaeriales,Botryosphaeriales,0.0606,1
SH1189426.08FU_KX909249_reps,Botryosphaeriales,NA,0.0,0
SH1154586.08FU_MN309733_reps,Dothideales,Capnodiales,0.219,0
SH1149684.08FU_GQ303293_refs,Dothideales,Dothideales,0.199,1
SH1149662.08FU_AJ244247_refs,Dothideales,Dothideales,0.764,1
SH1149665.08FU_AY616213_refs,Dothideales,Dothideales,0.782,1
SH1171329.08FU_MG461212_reps,Dothideales,Dothideales,0.47,1
SH1149670.08FU_KP641179_refs,Dothideales,Dothideales,0.428,1
SH1171334.08FU_MF663539_reps,Dothideales,Dothideales,0.375,1
SH1171330.08FU_KU248848_reps,Dothideales,Dothideales,0.329,1
SH1242041.08FU_EF191422_reps,Venturiales,Venturiales,0.0699,1
SH1152026.08FU_KX228282_refs,Venturiales,Venturiales,0.0699,1
SH1151386.08FU_KP798633_refs,Venturiales,Venturiales,0.0699,1
SH1222298.08FU_KF359588_reps,Venturiales,Venturiales,0.519,1
SH1188368.08FU_KX228278_refs,Venturiales,Venturiales,0.0699,1
SH1148838.08FU_DQ885906_refs,Venturiales,Venturiales,0.0699,1
SH1155291.08FU_UDB0359101_reps,Venturiales,Venturiales,0.0594,1
SH1151751.08FU_KX908442_reps,Venturiales,Venturiales,0.0699,1
SH1178563.08FU_JQ759518_reps,Venturiales,Venturiales,0.0738,1
SH1177894.08FU_FR832474_refs,Venturiales,Venturiales,0.0817,1
SH1222292.08FU_KX815312_reps,Venturiales,Venturiales,0.489,1
SH1175561.08FU_LC535814_reps,Venturiales,Venturiales,0.0295,1
SH1172566.08FU_HQ667524_refs,Venturiales,Venturiales,0.0699,1
SH1244252.08FU_MK810902_reps,Venturiales,Venturiales,0.0738,1
SH2602151.08FU_UDB0195582_reps,Venturiales,Venturiales,0.336,1
SH1148842.08FU_UDB061967_reps,Venturiales,Venturiales,0.0189,1
SH1181344.08FU_FJ237233_reps,Venturiales,Venturiales,0.0699,1
SH1142519.08FU_KT581934_reps,Venturiales,Venturiales,0.0738,1
SH1214427.08FU_KX887275_refs,Myriangiales,Myriangiales,0.603,1
SH1214435.08FU_KY436121_reps,Myriangiales,Myriangiales,0.377,1
SH1149328.08FU_EU304350_refs,Myriangiales,Myriangiales,0.0224,1
SH1214640.08FU_KU720544_reps,Myriangiales,Myriangiales,0.0171,1
SH1214428.08FU_HM191255_reps,Myriangiales,Myriangiales,0.34,1
SH1214438.08FU_KX887218_reps,Myriangiales,Myriangiales,0.676,1
SH1189847.08FU_KY100301_refs,Strigulales,Strigulales,0.199,1
SH1190585.08FU_KY083732_reps,Strigulales,Strigulales,0.193,1
SH1189846.08FU_KY100290_refs,Strigulales,Strigulales,0.199,1
SH1156500.08FU_KF816168_reps,Abrothallales,Abrothallales,0.187,1
SH2603383.08FU_UDB098418_reps,Mytilinidales,NA,0.0,0
SH2593564.08FU_MH188902_reps,Patellariales,Patellariales,0.179,1
SH1184153.08FU_KM220946_reps,Patellariales,Patellariales,0.184,1
SH2609287.08FU_UDB0223920_reps,Mytilinidiales,NA,0.0,0
SH1246536.08FU_UDB0366954_reps,Mytilinidiales,NA,0.0,0
SH1238784.08FU_KU728518_refs,Mytilinidiales,Mytilinidiales,0.173,1
SH1144118.08FU_MG844284_reps,Hysteriales,Rhytismatales,0.0592,0
SH1235845.08FU_KU377559_refs,Hysteriales,Hysteriales,0.136,1
SH1143549.08FU_KU977860_reps,Hysteriales,NA,0.0,0
SH2592218.08FU_UDB0656920_reps,Hysteriales,Hysteriales,0.0153,1
SH1177509.08FU_JN942350_reps,Jahnulales,Jahnulales,0.133,1
SH1177510.08FU_JN819280_reps,Jahnulales,Jahnulales,0.133,1
SH1181738.08FU_KR822203_reps,Jahnulales,Jahnulales,0.176,1
SH1177424.08FU_UDB0128736_reps,Jahnulales,Jahnulales,0.0216,1
SH1157231.08FU_AF201728_refs,Jahnulales,Jahnulales,0.183,1
SH1235446.08FU_FJ887921_refs,Jahnulales,Chaetosphaeriales,0.0326,0
SH1174099.08FU_KU234101_refs,Stigmatodiscales,NA,0.0,0
SH1188538.08FU_KU234110_reps,Stigmatodiscales,NA,0.0,0
SH1238671.08FU_AB733437_refs,Minutisphaerales,Pleosporales,0.0231,0
SH1231492.08FU_LT158456_reps,Helotiales,Helotiales,0.108,1
SH1182722.08FU_AM902086_reps,Helotiales,Helotiales,0.037,1
SH1239176.08FU_KM677206_reps,Helotiales,Helotiales,0.0924,1
SH2592881.08FU_MK426994_reps,Helotiales,Helotiales,0.0933,1
SH2606790.08FU_UDB0149182_reps,Helotiales,Helotiales,0.0567,1
SH2593030.08FU_MH752063_reps,Helotiales,Helotiales,0.0252,1
SH2596980.08FU_UDB0226442_reps,Helotiales,Helotiales,0.795,1
SH1155307.08FU_FR667221_refs,Helotiales,Helotiales,0.363,1
SH1155809.08FU_KR859268_reps,Helotiales,Helotiales,0.888,1
SH1155650.08FU_FJ552955_refs,Helotiales,Helotiales,0.812,1
SH1142424.08FU_MT026378_reps,Helotiales,Helotiales,0.842,1
SH1157372.08FU_KU597790_refs,Helotiales,Helotiales,0.0861,1
SH1152468.08FU_MT227126_reps,Helotiales,Helotiales,0.391,1
SH1236241.08FU_GQ154586_refs,Helotiales,Helotiales,0.708,1
SH1145889.08FU_UDB028521_reps,Helotiales,Helotiales,0.305,1
SH2592206.08FU_MH855722_reps,Helotiales,Helotiales,0.0861,1
SH1185428.08FU_GQ268560_reps,Helotiales,Helotiales,0.493,1
SH1185478.08FU_FN812813_reps,Helotiales,Helotiales,0.538,1
SH1156142.08FU_MK432781_reps,Helotiales,Helotiales,0.367,1
SH1152440.08FU_Z73793_reps,Helotiales,Helotiales,0.0734,1
SH1186141.08FU_LN833542_refs,Helotiales,Helotiales,0.508,1
SH1173292.08FU_AY140669_refs,Helotiales,Helotiales,0.453,1
SH2610677.08FU_UDB0278955_reps,Helotiales,Helotiales,0.844,1
SH2602543.08FU_UDB0655000_reps,Helotiales,Helotiales,0.0257,1
SH2592127.08FU_MH858467_reps,Helotiales,Helotiales,0.0842,1
SH1171385.08FU_MH858769_refs,Helotiales,Helotiales,0.725,1
SH1155706.08FU_AF505515_reps,Helotiales,Helotiales,0.0837,1
SH2604956.08FU_UDB0182969_reps,Helotiales,Helotiales,0.365,1
SH1145560.08FU_MT321778_reps,Helotiales,Helotiales,0.196,1
SH1229287.08FU_MG195510_reps,Helotiales,Helotiales,0.853,1
SH1155617.08FU_AY699681_refs,Helotiales,Helotiales,0.868,1
SH1186075.08FU_KX382864_reps,Helotiales,Helotiales,0.788,1
SH2615856.08FU_UDB0716689_reps,Helotiales,Helotiales,0.026,1
SH1179984.08FU_KX858632_reps,Helotiales,Helotiales,0.543,1
SH1190231.08FU_MK314564_reps,Helotiales,Helotiales,0.739,1
SH1145562.08FU_UDB0309162_reps,Helotiales,Phacidiales,0.409,0
SH1152490.08FU_MH855221_refs,Helotiales,Helotiales,0.0743,1
SH1155346.08FU_KF617936_reps,Helotiales,Helotiales,0.304,1
SH1155690.08FU_KC966316_reps,Helotiales,Helotiales,0.865,1
SH1155828.08FU_HQ021772_reps,Helotiales,Helotiales,0.874,1
SH1156279.08FU_HF947887_reps,Helotiales,Helotiales,0.0714,1
SH1173304.08FU_JQ272371_reps,Helotiales,Helotiales,0.336,1
SH2595233.08FU_LC426342_reps,Helotiales,Helotiales,0.644,1
SH1152466.08FU_MG098309_reps,Helotiales,Helotiales,0.0401,1
SH1237762.08FU_MH492942_reps,Helotiales,Helotiales,0.789,1
SH1180593.08FU_MK432759_reps,Helotiales,Helotiales,0.0854,1
SH2618093.08FU_UDB0650052_reps,Helotiales,Helotiales,0.772,1
SH1155685.08FU_AY627825_reps,Helotiales,Helotiales,0.394,1
SH1186153.08FU_JX270539_reps,Helotiales,Helotiales,0.45,1
SH1155701.08FU_AB481279_reps,Helotiales,Helotiales,0.0941,1
SH1155830.08FU_KX228287_refs,Helotiales,Helotiales,0.411,1
SH1191282.08FU_MF976752_reps,Helotiales,Helotiales,0.0904,1
SH2612353.08FU_UDB0464122_reps,Helotiales,NA,0.0,0
SH1236919.08FU_UDB0778905_reps,Helotiales,Helotiales,0.1,1
SH1155303.08FU_HE603986_refs,Helotiales,Helotiales,0.391,1
SH1155583.08FU_KC834065_refs,Helotiales,Helotiales,0.91,1
SH1155579.08FU_AF149074_refs,Helotiales,Helotiales,0.926,1
SH1156254.08FU_JQ759938_reps,Helotiales,Helotiales,0.324,1
SH1156250.08FU_U92295_reps,Helotiales,Helotiales,0.103,1
SH1156865.08FU_AF486126_refs,Helotiales,Helotiales,0.502,1
SH1156866.08FU_MT026404_reps,Helotiales,Helotiales,0.554,1
SH1152134.08FU_AY268190_refs,Helotiales,Helotiales,0.053,1
SH1156230.08FU_AY971623_reps,Helotiales,NA,0.0,0
SH1160149.08FU_AM902089_reps,Helotiales,Helotiales,0.0255,1
SH1171411.08FU_MK425602_reps,Helotiales,Helotiales,0.359,1
SH1171384.08FU_GU586876_refs,Helotiales,Helotiales,0.937,1
SH1145542.08FU_MG004768_reps,Helotiales,Helotiales,0.773,1
SH1145599.08FU_AB089663_reps,Helotiales,Helotiales,0.384,1
SH1155890.08FU_UDB0611636_reps,Helotiales,Helotiales,0.888,1
SH1229288.08FU_MT026407_reps,Helotiales,Helotiales,0.832,1
SH1182730.08FU_MH856145_reps,Helotiales,Helotiales,0.417,1
SH1155627.08FU_AB769895_reps,Helotiales,Helotiales,0.797,1
SH1186159.08FU_AM260804_reps,Helotiales,Helotiales,0.0518,1
SH1171402.08FU_AY789432_refs,Helotiales,Helotiales,0.861,1
SH1183053.08FU_MF161324_reps,Helotiales,Helotiales,0.434,1
SH1180722.08FU_KT957785_reps,Helotiales,Helotiales,0.175,1
SH1237109.08FU_KM374407_reps,Helotiales,Helotiales,0.0771,1
SH1185405.08FU_AF062789_refs,Helotiales,Helotiales,0.914,1
SH1174785.08FU_UDB0751696_reps,Helotiales,Helotiales,0.0133,1
SH1152480.08FU_AB026167_reps,Helotiales,Helotiales,0.0743,1
SH1155670.08FU_AF141157_reps,Helotiales,Helotiales,0.749,1
SH1181505.08FU_AB848490_reps,Helotiales,Helotiales,0.054,1
SH1174688.08FU_FM200595_reps,Helotiales,Helotiales,0.252,1
SH1175515.08FU_HQ260254_reps,Helotiales,Helotiales,0.0248,1
SH1235247.08FU_FJ839628_refs,Helotiales,Capnodiales,0.0911,0
SH1237169.08FU_UDB0229297_reps,Helotiales,Helotiales,0.343,1
SH1185444.08FU_KF297099_reps,Helotiales,Helotiales,0.442,1
SH1158850.08FU_AB481285_refs,Helotiales,Helotiales,0.0989,1
SH1186073.08FU_UDB017869_refs,Helotiales,Helotiales,0.685,1
SH1186071.08FU_KX382846_reps,Helotiales,Helotiales,0.748,1
SH1186150.08FU_UDB0470770_reps,Helotiales,Helotiales,0.5,1
SH1180053.08FU_KJ941081_reps,Helotiales,Helotiales,0.0686,1
SH2606788.08FU_UDB0167855_reps,Helotiales,Helotiales,0.026,1
SH1237140.08FU_JX043027_reps,Helotiales,Helotiales,0.0722,1
SH1151129.08FU_AY789294_refs,Helotiales,Helotiales,0.0741,1
SH1185651.08FU_LC189028_reps,Helotiales,Helotiales,0.0986,1
SH1172230.08FU_KC019908_reps,Helotiales,Helotiales,0.032,1
SH2597089.08FU_MT026446_reps,Helotiales,Helotiales,0.452,1
SH1186074.08FU_KX382858_reps,Helotiales,Helotiales,0.11,1
SH1236046.08FU_AF486125_refs,Helotiales,Helotiales,0.488,1
SH1142423.08FU_KF874620_refs,Helotiales,Helotiales,0.878,1
SH1237112.08FU_HQ157165_reps,Helotiales,Helotiales,0.0231,1
SH1152413.08FU_KY696716_reps,Helotiales,Helotiales,0.556,1
SH1156111.08FU_UDB0625061_reps,Helotiales,Helotiales,0.853,1
SH1187146.08FU_UDB015046_reps,Helotiales,Helotiales,0.0833,1
SH1191879.08FU_LT158426_refs,Helotiales,Helotiales,0.258,1
SH1155298.08FU_FR667223_refs,Helotiales,Helotiales,0.444,1
SH1143012.08FU_MN752427_reps,Helotiales,Helotiales,0.0559,1
SH1171394.08FU_KC164649_refs,Helotiales,Helotiales,0.627,1
SH1152406.08FU_MH593867_reps,Helotiales,Helotiales,0.943,1
SH1236001.08FU_KJ877191_refs,Helotiales,Helotiales,0.627,1
SH1236010.08FU_MH268055_reps,Helotiales,Helotiales,0.271,1
SH1237110.08FU_JX029122_reps,Helotiales,Helotiales,0.0847,1
SH1237120.08FU_UDB0155064_reps,Helotiales,Helotiales,0.0516,1
SH1239392.08FU_MF976772_reps,Helotiales,Helotiales,0.0252,1
SH1185499.08FU_UDB062687_reps,Helotiales,Helotiales,0.851,1
SH1180726.08FU_MN860140_reps,Helotiales,Helotiales,0.0509,1
SH1143002.08FU_AY746344_refs,Helotiales,Helotiales,0.502,1
SH1191172.08FU_UDB0173541_reps,Helotiales,Helotiales,0.0543,1
SH1179987.08FU_KU519114_reps,Helotiales,Helotiales,0.0839,1
SH1185461.08FU_UDB0516843_reps,Helotiales,Helotiales,0.459,1
SH2593435.08FU_UDB0306264_reps,Helotiales,Helotiales,0.374,1
SH1155637.08FU_DQ497946_refs,Helotiales,Helotiales,0.807,1
SH1236048.08FU_MT026437_reps,Helotiales,Helotiales,0.3,1
SH1155903.08FU_LT904855_reps,Helotiales,Helotiales,0.436,1
SH1156081.08FU_MF110614_reps,Helotiales,Helotiales,0.0297,1
SH2608251.08FU_UDB0526323_reps,Helotiales,Helotiales,0.359,1
SH1237116.08FU_KM246274_reps,Helotiales,Helotiales,0.0846,1
SH1171390.08FU_KJ472296_refs,Helotiales,Helotiales,0.871,1
SH2604392.08FU_UDB0167120_reps,Helotiales,Helotiales,0.0197,1
SH1155325.08FU_MT678872_reps,Helotiales,Helotiales,0.072,1
SH1184535.08FU_JQ761777_reps,Helotiales,Helotiales,0.724,1
SH1155604.08FU_MK163856_reps,Helotiales,Helotiales,0.592,1
SH1145605.08FU_UDB0762079_reps,Helotiales,Helotiales,0.0551,1
SH1155626.08FU_FJ475646_refs,Helotiales,Helotiales,0.0728,1
SH1177217.08FU_UDB0365898_reps,Helotiales,Helotiales,0.364,1
SH1156165.08FU_UDB0594074_reps,Helotiales,Helotiales,0.603,1
SH1212368.08FU_UDB003114_reps,Helotiales,Helotiales,0.0853,1
SH1155677.08FU_JN847474_reps,Helotiales,Helotiales,0.908,1
SH1237138.08FU_UDB0123339_reps,Helotiales,Helotiales,0.0437,1
SH2592365.08FU_MK599225_reps,Helotiales,Helotiales,0.0986,1
SH1246752.08FU_EU040240_refs,Helotiales,Helotiales,0.0258,1
SH1237127.08FU_KC965422_reps,Helotiales,Helotiales,0.0506,1
SH2592438.08FU_MH487632_reps,Helotiales,Helotiales,0.75,1
SH1191883.08FU_UDB031068_refs,Helotiales,Helotiales,0.0625,1
SH2592158.08FU_MK314578_reps,Helotiales,Helotiales,0.0809,1
SH2597087.08FU_UDB0276056_reps,Helotiales,Helotiales,0.0856,1
SH1180044.08FU_AB904503_reps,Helotiales,Helotiales,0.105,1
SH1185457.08FU_FJ475785_reps,Helotiales,Helotiales,0.83,1
SH2608545.08FU_UDB0405353_reps,Helotiales,Helotiales,0.0396,1
SH1173293.08FU_UDB0394486_reps,Helotiales,Helotiales,0.137,1
SH1180043.08FU_KF545331_reps,Helotiales,Helotiales,0.114,1
SH1235515.08FU_KM272369_reps,Helotiales,Helotiales,0.0471,1
SH3566985.08FU_MT153950_reps,Helotiales,NA,0.0,0
SH3568871.08FU_MW191761_reps,Helotiales,NA,0.0,0
SH2614467.08FU_UDB0563943_reps,Helotiales,Helotiales,0.325,1
SH1171410.08FU_MK991839_reps,Helotiales,Helotiales,0.0808,1
SH2609075.08FU_UDB0671209_reps,Helotiales,Helotiales,0.0248,1
SH1237122.08FU_GU586842_reps,Helotiales,Helotiales,0.0851,1
SH1151739.08FU_MH390723_reps,Helotiales,Helotiales,0.0842,1
SH1155616.08FU_FR667232_refs,Helotiales,Helotiales,0.196,1
SH1181238.08FU_HQ211917_reps,Helotiales,Helotiales,0.0253,1
SH1231491.08FU_MF964321_refs,Helotiales,Helotiales,0.64,1
SH2601651.08FU_UDB043666_reps,Helotiales,NA,0.0,0
SH1156253.08FU_AF260814_reps,Helotiales,Helotiales,0.108,1
SH1174685.08FU_LT604880_reps,Helotiales,Helotiales,0.0923,1
SH1182719.08FU_EU482247_reps,Helotiales,Helotiales,0.803,1
SH1236252.08FU_GU083203_reps,Helotiales,Helotiales,0.034,1
SH1171396.08FU_JX977156_reps,Helotiales,Helotiales,0.595,1
SH2605448.08FU_UDB0246058_reps,Helotiales,Helotiales,0.0673,1
SH1235518.08FU_UDB0646653_reps,Helotiales,Helotiales,0.0843,1
SH2597083.08FU_UDB0778478_reps,Helotiales,Helotiales,0.0801,1
SH1155593.08FU_U59145_refs,Helotiales,Helotiales,0.895,1
SH1185425.08FU_AF062788_refs,Helotiales,Helotiales,0.758,1
SH1191881.08FU_KR673605_reps,Helotiales,Helotiales,0.0984,1
SH1191877.08FU_LT158481_reps,Helotiales,Helotiales,0.0994,1
SH1236635.08FU_KF296994_reps,Helotiales,Helotiales,0.026,1
SH1155594.08FU_AF128440_refs,Helotiales,Erysiphales,0.0567,0
SH1155580.08FU_HQ157908_refs,Helotiales,Helotiales,0.893,1
SH1145609.08FU_JF960615_reps,Helotiales,Helotiales,0.335,1
SH1143298.08FU_MH752070_reps,Helotiales,Helotiales,0.0847,1
SH1171318.08FU_JX852367_reps,Helotiales,Helotiales,0.846,1
SH1180991.08FU_KR078437_refs,Helotiales,Helotiales,0.083,1
SH2612734.08FU_UDB0365870_reps,Helotiales,Helotiales,0.363,1
SH1145536.08FU_AJ133432_refs,Helotiales,Helotiales,0.672,1
SH2602093.08FU_UDB069131_reps,Helotiales,Helotiales,0.093,1
SH1193778.08FU_UDB023668_reps,Helotiales,Helotiales,0.74,1
SH1185443.08FU_UDB0400238_reps,Helotiales,Helotiales,0.855,1
SH1236004.08FU_FR773169_reps,Helotiales,Helotiales,0.158,1
SH1181503.08FU_UDB002570_refs,Helotiales,Helotiales,0.303,1
SH2597085.08FU_UDB0778493_reps,Helotiales,Helotiales,0.546,1
SH1236017.08FU_MG195538_reps,Helotiales,Helotiales,0.7,1
SH2595232.08FU_LC426337_reps,Helotiales,Helotiales,0.428,1
SH2595686.08FU_MK425599_reps,Helotiales,Helotiales,0.0933,1
SH1152415.08FU_UDB0109984_reps,Helotiales,Helotiales,0.515,1
SH1171422.08FU_AB481235_refs,Helotiales,Helotiales,0.386,1
SH1236019.08FU_MG195546_reps,Helotiales,Helotiales,0.0891,1
SH1150159.08FU_AB598095_reps,Helotiales,Helotiales,0.0254,1
SH1145552.08FU_JX630555_reps,Helotiales,Helotiales,0.858,1
SH2613024.08FU_UDB0381557_reps,Helotiales,Helotiales,0.0237,1
SH1185417.08FU_MH859331_refs,Helotiales,Helotiales,0.813,1
SH1156143.08FU_UDB0548833_reps,Helotiales,Helotiales,0.287,1
SH2606354.08FU_UDB0132812_reps,Helotiales,Helotiales,0.413,1
SH1186165.08FU_UDB0769489_reps,Helotiales,Helotiales,0.411,1
SH1191904.08FU_MG773842_reps,Helotiales,Helotiales,0.296,1
SH1237754.08FU_KT958773_reps,Helotiales,Helotiales,0.81,1
SH3566229.08FU_MK981270_reps,Helotiales,Helotiales,0.283,1
SH1155322.08FU_KC818342_reps,Helotiales,Helotiales,0.0313,1
SH1156872.08FU_AB598098_reps,Helotiales,Helotiales,0.66,1
SH2594340.08FU_MG592740_reps,Helotiales,Helotiales,0.832,1
SH1185421.08FU_HQ157858_refs,Helotiales,Helotiales,0.894,1
SH1237124.08FU_MF615001_reps,Helotiales,Helotiales,0.685,1
SH1155658.08FU_KF274303_reps,Helotiales,Helotiales,0.201,1
SH1186149.08FU_JQ247334_reps,Helotiales,Helotiales,0.623,1
SH1191278.08FU_MH578478_reps,Helotiales,Helotiales,0.0248,1
SH1171425.08FU_AB481289_reps,Helotiales,Helotiales,0.422,1
SH1155667.08FU_LC096543_reps,Helotiales,Helotiales,0.812,1
SH1186906.08FU_KT160819_reps,Helotiales,Helotiales,0.544,1
SH1172227.08FU_KC965995_reps,Helotiales,Helotiales,0.023,1
SH1144649.08FU_KX649981_refs,Helotiales,Helotiales,0.0513,1
SH1156106.08FU_KU597342_reps,Helotiales,Helotiales,0.575,1
SH1147503.08FU_U72258_reps,Helotiales,Helotiales,0.847,1
SH1182718.08FU_KF137635_refs,Helotiales,Helotiales,0.683,1
SH1143009.08FU_UDB0338776_reps,Helotiales,Helotiales,0.403,1
SH1236907.08FU_KT384413_refs,Helotiales,Helotiales,0.0934,1
SH1171416.08FU_AB481287_reps,Helotiales,Helotiales,0.55,1
SH1212367.08FU_FN995636_refs,Helotiales,Helotiales,0.1,1
SH1155318.08FU_UDB0286714_reps,Helotiales,Helotiales,0.289,1
SH1156114.08FU_JN225933_reps,Helotiales,Helotiales,0.806,1
SH2602262.08FU_UDB0690074_reps,Helotiales,NA,0.0,0
SH1172224.08FU_UDB067382_reps,Helotiales,Helotiales,0.0135,1
SH1236021.08FU_AB986444_reps,Helotiales,Helotiales,0.714,1
SH1185433.08FU_KR078433_refs,Helotiales,Helotiales,0.328,1
SH1184262.08FU_AB257437_refs,Erysiphales,Erysiphales,0.832,1
SH1210311.08FU_AB022380_refs,Erysiphales,Erysiphales,0.632,1
SH1210307.08FU_AB077622_refs,Erysiphales,Erysiphales,0.945,1
SH1142312.08FU_AB022408_refs,Erysiphales,Erysiphales,0.0978,1
SH1142310.08FU_LC028977_reps,Erysiphales,Erysiphales,0.0978,1
SH1191771.08FU_LC328326_reps,Erysiphales,Erysiphales,0.828,1
SH1157359.08FU_AB667862_refs,Erysiphales,Erysiphales,0.897,1
SH1184283.08FU_MK432758_reps,Erysiphales,Erysiphales,0.502,1
SH1184276.08FU_DQ861918_refs,Erysiphales,Erysiphales,0.736,1
SH1184257.08FU_AB078970_refs,Erysiphales,Erysiphales,0.877,1
SH1184260.08FU_AB015921_refs,Erysiphales,Erysiphales,0.87,1
SH1144828.08FU_AY833652_refs,Erysiphales,Erysiphales,0.762,1
SH1184286.08FU_MT309711_reps,Erysiphales,Erysiphales,0.885,1
SH2596375.08FU_MT648572_reps,Erysiphales,Erysiphales,0.0911,1
SH1235936.08FU_GQ255473_refs,Erysiphales,Erysiphales,0.339,1
SH1184267.08FU_AB015914_reps,Erysiphales,Erysiphales,0.672,1
SH1159062.08FU_AB378737_refs,Erysiphales,Erysiphales,0.725,1
SH2609400.08FU_UDB0228726_reps,Erysiphales,Helotiales,0.523,0
SH1210309.08FU_HM156495_refs,Erysiphales,Erysiphales,0.871,1
SH1210310.08FU_AB077625_refs,Erysiphales,Erysiphales,0.78,1
SH3568008.08FU_MT095113_reps,Erysiphales,Erysiphales,0.311,1
SH3568898.08FU_MW183140_reps,Erysiphales,Erysiphales,0.0193,1
SH1210305.08FU_AB246766_refs,Erysiphales,Erysiphales,0.914,1
SH1144827.08FU_AY157844_refs,Erysiphales,Erysiphales,0.833,1
SH1159073.08FU_AB693961_reps,Erysiphales,Erysiphales,0.672,1
SH1184258.08FU_JX235964_refs,Erysiphales,Erysiphales,0.877,1
SH1159378.08FU_AB000935_refs,Erysiphales,Erysiphales,0.88,1
SH1142307.08FU_LC191860_reps,Erysiphales,Erysiphales,0.0978,1
SH1191769.08FU_LC270848_reps,Erysiphales,Erysiphales,0.882,1
SH1159069.08FU_LC028957_reps,Erysiphales,Erysiphales,0.699,1
SH1186063.08FU_LC222314_refs,Erysiphales,Erysiphales,0.0915,1
SH1210318.08FU_AB430819_refs,Erysiphales,Erysiphales,0.871,1
SH1150747.08FU_KM106760_reps,Rhytismatales,Rhytismatales,0.855,1
SH1142386.08FU_KY867550_reps,Rhytismatales,Rhytismatales,0.777,1
SH1142379.08FU_KY485127_refs,Rhytismatales,Rhytismatales,0.896,1
SH1142397.08FU_AY268202_reps,Rhytismatales,Rhytismatales,0.0666,1
SH1142387.08FU_GU138706_reps,Rhytismatales,Rhytismatales,0.0731,1
SH1199796.08FU_JN032498_reps,Rhytismatales,Rhytismatales,0.0734,1
SH1142383.08FU_KC833138_reps,Rhytismatales,Rhytismatales,0.0593,1
SH1142384.08FU_KC312677_reps,Rhytismatales,Rhytismatales,0.0571,1
SH1150746.08FU_AY465473_reps,Rhytismatales,Rhytismatales,0.784,1
SH1142377.08FU_AF433147_refs,Rhytismatales,Rhytismatales,0.784,1
SH1150748.08FU_KM519353_reps,Rhytismatales,Rhytismatales,0.72,1
SH1199787.08FU_KP240621_reps,Rhytismatales,Rhytismatales,0.0734,1
SH1154311.08FU_AY100664_reps,Rhytismatales,Rhytismatales,0.0729,1
SH1236124.08FU_HQ260170_reps,Rhytismatales,Rhytismatales,0.666,1
SH1178654.08FU_EF191238_refs,Rhytismatales,Rhytismatales,0.748,1
SH1150745.08FU_JX317677_refs,Rhytismatales,Rhytismatales,0.0553,1
SH1190223.08FU_HM030630_reps,Rhytismatales,Phacidiales,0.334,0
SH1151317.08FU_FR682200_reps,Rhytismatales,Rhytismatales,0.0415,1
SH2592835.08FU_KP739933_reps,Rhytismatales,Rhytismatales,0.0734,1
SH1180708.08FU_DQ117451_refs,Thelebolales,Thelebolales,0.873,1
SH1181921.08FU_MF375777_refs,Thelebolales,Thelebolales,0.0174,1
SH1244250.08FU_GU910336_reps,Thelebolales,Thelebolales,0.0215,1
SH1145573.08FU_JN032535_reps,Thelebolales,Helotiales,0.251,0
SH1179293.08FU_JX043003_reps,Thelebolales,Thelebolales,0.0203,1
SH3568841.08FU_MN541822_reps,Triblidiales,NA,0.0,0
SH1145504.08FU_FR837911_refs,Phacidiales,Phacidiales,0.842,1
SH2593668.08FU_MH003349_reps,Phacidiales,Helotiales,0.6,0
SH1238651.08FU_KT000186_reps,Phacidiales,Phacidiales,0.917,1
SH1191270.08FU_MH578506_reps,Phacidiales,Phacidiales,0.0567,1
SH1155296.08FU_KM216393_refs,Phacidiales,Helotiales,0.422,0
SH1162301.08FU_MH233985_reps,Aspergillaceae,Aspergillaceae,0.915,1
SH1160963.08FU_MN533862_reps,Aspergillaceae,Aspergillaceae,0.88,1
SH1162450.08FU_MN856432_reps,Aspergillaceae,Aspergillaceae,0.867,1
SH1162611.08FU_KX160452_reps,Aspergillaceae,Aspergillaceae,0.928,1
SH1162505.08FU_EF661430_refs,Aspergillaceae,Aspergillaceae,0.93,1
SH1162825.08FU_GU092964_refs,Aspergillaceae,Aspergillaceae,0.58,1
SH1164169.08FU_HQ844690_reps,Aspergillaceae,Aspergillaceae,0.919,1
SH1167268.08FU_MT584271_reps,Aspergillaceae,Aspergillaceae,0.919,1
SH1162386.08FU_KJ948639_reps,Aspergillaceae,Aspergillaceae,0.931,1
SH1167398.08FU_MN904862_reps,Aspergillaceae,Aspergillaceae,0.914,1
SH1166289.08FU_JX238810_reps,Aspergillaceae,Aspergillaceae,0.933,1
SH1162421.08FU_MT089958_reps,Aspergillaceae,Aspergillaceae,0.866,1
SH1162573.08FU_GQ342626_reps,Aspergillaceae,Aspergillaceae,0.927,1
SH1163043.08FU_AB000534_reps,Aspergillaceae,Aspergillaceae,0.879,1
SH1160702.08FU_MH509429_reps,Aspergillaceae,Aspergillaceae,0.94,1
SH1166981.08FU_MK036273_reps,Aspergillaceae,Aspergillaceae,0.903,1
SH1167669.08FU_MW193288_reps,Aspergillaceae,Aspergillaceae,0.921,1
SH1160865.08FU_MT560691_reps,Aspergillaceae,Aspergillaceae,0.909,1
SH1160943.08FU_MG659630_reps,Aspergillaceae,Aspergillaceae,0.939,1
SH1164443.08FU_MN871534_reps,Aspergillaceae,Aspergillaceae,0.898,1
SH1165239.08FU_KX858342_refs,Aspergillaceae,Aspergillaceae,0.652,1
SH1167213.08FU_MK793192_reps,Aspergillaceae,Aspergillaceae,0.919,1
SH1167023.08FU_MG672004_reps,Aspergillaceae,Aspergillaceae,0.918,1
SH1163794.08FU_MH137920_reps,Aspergillaceae,Aspergillaceae,0.924,1
SH1160886.08FU_MH856460_reps,Aspergillaceae,Aspergillaceae,0.932,1
SH1163135.08FU_MF784269_reps,Aspergillaceae,Aspergillaceae,0.906,1
SH1163716.08FU_KJ855143_reps,Aspergillaceae,Aspergillaceae,0.902,1
SH1161864.08FU_MN832995_reps,Aspergillaceae,Aspergillaceae,0.92,1
SH1162851.08FU_LN482461_reps,Aspergillaceae,Aspergillaceae,0.884,1
SH1162797.08FU_JX238929_reps,Aspergillaceae,Aspergillaceae,0.899,1
SH1165557.08FU_MT379451_reps,Aspergillaceae,Aspergillaceae,0.909,1
SH1166229.08FU_KR706059_reps,Aspergillaceae,Aspergillaceae,0.929,1
SH1166199.08FU_MN602898_reps,Aspergillaceae,Aspergillaceae,0.908,1
SH1166426.08FU_MN537717_reps,Aspergillaceae,Aspergillaceae,0.924,1
SH1161039.08FU_KP243130_reps,Aspergillaceae,Aspergillaceae,0.922,1
SH1162512.08FU_KR867688_reps,Aspergillaceae,Aspergillaceae,0.938,1
SH1162309.08FU_GQ870630_reps,Aspergillaceae,Aspergillaceae,0.912,1
SH1162510.08FU_MK764882_reps,Aspergillaceae,Aspergillaceae,0.902,1
SH1162659.08FU_HQ285579_reps,Aspergillaceae,Aspergillaceae,0.938,1
SH1163444.08FU_MG430301_reps,Aspergillaceae,Aspergillaceae,0.934,1
SH1163515.08FU_KF274687_reps,Aspergillaceae,Aspergillaceae,0.71,1
SH1163842.08FU_LC076684_reps,Aspergillaceae,Aspergillaceae,0.789,1
SH1164335.08FU_FJ878652_reps,Aspergillaceae,Aspergillaceae,0.931,1
SH1165024.08FU_MH279437_reps,Aspergillaceae,Aspergillaceae,0.926,1
SH1165097.08FU_JQ975004_reps,Aspergillaceae,Aspergillaceae,0.902,1
SH1165277.08FU_MH279454_reps,Aspergillaceae,Aspergillaceae,0.902,1
SH1165365.08FU_JX501400_reps,Aspergillaceae,Aspergillaceae,0.902,1
SH1165423.08FU_MF436158_reps,Aspergillaceae,Aspergillaceae,0.938,1
SH1165853.08FU_AY380456_refs,Aspergillaceae,Aspergillaceae,0.696,1
SH1166207.08FU_KF562200_reps,Aspergillaceae,Aspergillaceae,0.902,1
SH1166383.08FU_KF031025_reps,Aspergillaceae,Aspergillaceae,0.927,1
SH1168079.08FU_FJ531079_reps,Aspergillaceae,Aspergillaceae,0.856,1
SH1168071.08FU_KU945909_reps,Aspergillaceae,Aspergillaceae,0.903,1
SH1161853.08FU_DQ336711_reps,Aspergillaceae,Aspergillaceae,0.872,1
SH1160690.08FU_MN540197_reps,Aspergillaceae,Aspergillaceae,0.905,1
SH1160549.08FU_MT941063_reps,Aspergillaceae,Aspergillaceae,0.919,1
SH1160988.08FU_MT913580_reps,Aspergillaceae,Aspergillaceae,0.919,1
SH1160879.08FU_MN559655_reps,Aspergillaceae,Aspergillaceae,0.94,1
SH1160918.08FU_MW001764_reps,Aspergillaceae,Aspergillaceae,0.905,1
SH1163027.08FU_MT613383_reps,Aspergillaceae,Aspergillaceae,0.937,1
SH1164101.08FU_MT140334_reps,Aspergillaceae,Aspergillaceae,0.933,1
SH1166225.08FU_MT560327_reps,Aspergillaceae,Aspergillaceae,0.904,1
SH1166343.08FU_MW193245_reps,Aspergillaceae,Aspergillaceae,0.928,1
SH1166653.08FU_MT785737_reps,Aspergillaceae,Aspergillaceae,0.92,1
SH1166147.08FU_KU743890_reps,Aspergillaceae,Aspergillaceae,0.898,1
SH1167574.08FU_MH371265_reps,Aspergillaceae,Aspergillaceae,0.911,1
SH1160590.08FU_MN634648_reps,Aspergillaceae,Aspergillaceae,0.78,1
SH1160999.08FU_MN846296_reps,Aspergillaceae,Aspergillaceae,0.94,1
SH1162576.08FU_MN818770_reps,Aspergillaceae,Aspergillaceae,0.902,1
SH1164974.08FU_KM279951_reps,Aspergillaceae,Aspergillaceae,0.938,1
SH1164401.08FU_MK680141_reps,Aspergillaceae,Aspergillaceae,0.918,1
SH1149356.08FU_EF661544_refs,Aspergillaceae,Aspergillaceae,0.353,1
SH1160928.08FU_KJ175441_reps,Aspergillaceae,Aspergillaceae,0.928,1
SH1164192.08FU_KC994649_reps,Aspergillaceae,Aspergillaceae,0.938,1
SH1166651.08FU_KC460883_reps,Aspergillaceae,Aspergillaceae,0.914,1
SH1167930.08FU_KY597546_reps,Aspergillaceae,Aspergillaceae,0.936,1
SH1168096.08FU_AY609224_reps,Aspergillaceae,Aspergillaceae,0.897,1
SH1167105.08FU_MK312281_reps,Aspergillaceae,Aspergillaceae,0.927,1
SH1164861.08FU_EU314998_reps,Aspergillaceae,Aspergillaceae,0.857,1
SH1167038.08FU_MN133846_reps,Aspergillaceae,Aspergillaceae,0.933,1
SH1164107.08FU_KM977888_reps,Aspergillaceae,Aspergillaceae,0.919,1
SH1163313.08FU_MK952340_reps,Aspergillaceae,Aspergillaceae,0.902,1
SH1164679.08FU_MN807261_reps,Aspergillaceae,Aspergillaceae,0.931,1
SH1163067.08FU_JN851053_reps,Aspergillaceae,Aspergillaceae,0.926,1
SH1162868.08FU_MH458780_reps,Aspergillaceae,Aspergillaceae,0.938,1
SH1162995.08FU_MG554245_reps,Aspergillaceae,Aspergillaceae,0.774,1
SH2587852.08FU_GQ118988_reps,Aspergillaceae,Aspergillaceae,0.927,1
SH1164618.08FU_MG946223_reps,Aspergillaceae,Aspergillaceae,0.907,1
SH1161139.08FU_KX674614_reps,Aspergillaceae,Aspergillaceae,0.915,1
SH1161489.08FU_HQ285586_reps,Aspergillaceae,Aspergillaceae,0.938,1
SH1162557.08FU_AF109327_reps,Aspergillaceae,Aspergillaceae,0.938,1
SH1168095.08FU_MG458692_reps,Aspergillaceae,Aspergillaceae,0.92,1
SH1164621.08FU_MG857651_reps,Aspergillaceae,Aspergillaceae,0.919,1
SH1160569.08FU_MK332585_reps,Aspergillaceae,Aspergillaceae,0.94,1
SH1162554.08FU_MH237655_reps,Aspergillaceae,Aspergillaceae,0.932,1
SH1167540.08FU_MN481416_reps,Aspergillaceae,Aspergillaceae,0.906,1
SH1167789.08FU_JN618363_reps,Aspergillaceae,Aspergillaceae,0.917,1
SH1164489.08FU_MK026804_reps,Aspergillaceae,Aspergillaceae,0.92,1
SH1160736.08FU_MN022625_reps,Aspergillaceae,Aspergillaceae,0.94,1
SH1166917.08FU_KY458486_reps,Aspergillaceae,Aspergillaceae,0.888,1
SH1166348.08FU_MH784951_reps,Aspergillaceae,Aspergillaceae,0.936,1
SH1188540.08FU_AY629431_refs,Aspergillaceae,Aspergillaceae,0.94,1
SH1166876.08FU_KR154944_reps,Aspergillaceae,Aspergillaceae,0.904,1
SH1162803.08FU_MH032751_reps,Aspergillaceae,Aspergillaceae,0.934,1
SH1163509.08FU_KM207774_reps,Aspergillaceae,Aspergillaceae,0.933,1
SH1163987.08FU_MH865259_reps,Aspergillaceae,Aspergillaceae,0.938,1
SH1164957.08FU_MH445969_reps,Aspergillaceae,Aspergillaceae,0.931,1
SH1165789.08FU_EF661274_reps,Aspergillaceae,Aspergillaceae,0.939,1
SH1166169.08FU_MH828249_reps,Aspergillaceae,Aspergillaceae,0.921,1
SH1160836.08FU_MW011208_reps,Aspergillaceae,Aspergillaceae,0.906,1
SH1160986.08FU_FR727123_reps,Aspergillaceae,Aspergillaceae,0.92,1
SH1162266.08FU_MG098688_reps,Aspergillaceae,Aspergillaceae,0.935,1
SH1162677.08FU_MK446302_reps,Aspergillaceae,Aspergillaceae,0.932,1
SH1163222.08FU_KJ175439_reps,Aspergillaceae,Aspergillaceae,0.911,1
SH1163380.08FU_LT897796_reps,Aspergillaceae,Aspergillaceae,0.911,1
SH1163471.08FU_MH857406_refs,Aspergillaceae,Aspergillaceae,0.931,1
SH1164276.08FU_MN533813_reps,Aspergillaceae,Aspergillaceae,0.897,1
SH1165825.08FU_MN273760_reps,Aspergillaceae,Aspergillaceae,0.0651,1
SH1166366.08FU_HM469406_reps,Aspergillaceae,Aspergillaceae,0.678,1
SH1167706.08FU_MW193275_reps,Aspergillaceae,Aspergillaceae,0.929,1
SH1168083.08FU_JQ905766_reps,Aspergillaceae,Aspergillaceae,0.621,1
SH1168214.08FU_AF257793_reps,Aspergillaceae,Aspergillaceae,0.914,1
SH1160693.08FU_KY980629_reps,Aspergillaceae,Aspergillaceae,0.0627,1
SH1160946.08FU_KY006844_reps,Aspergillaceae,Aspergillaceae,0.939,1
SH1161911.08FU_KY053132_reps,Aspergillaceae,Aspergillaceae,0.92,1
SH1162070.08FU_EU440778_reps,Aspergillaceae,Aspergillaceae,0.933,1
SH1162609.08FU_KR296894_reps,Aspergillaceae,Aspergillaceae,0.938,1
SH1237356.08FU_KY087770_refs,Aspergillaceae,Aspergillaceae,0.324,1
SH1163969.08FU_LN482548_reps,Aspergillaceae,Aspergillaceae,0.912,1
SH1164223.08FU_EF661414_reps,Aspergillaceae,Aspergillaceae,0.867,1
SH1164221.08FU_KP172284_reps,Aspergillaceae,Aspergillaceae,0.931,1
SH1164865.08FU_EF661411_refs,Aspergillaceae,Aspergillaceae,0.825,1
SH1165281.08FU_MH279403_reps,Aspergillaceae,Aspergillaceae,0.906,1
SH1165308.08FU_MG659648_reps,Aspergillaceae,Aspergillaceae,0.91,1
SH1165631.08FU_MW193191_reps,Aspergillaceae,Aspergillaceae,0.938,1
SH1165602.08FU_AY373842_refs,Aspergillaceae,Aspergillaceae,0.937,1
SH1165756.08FU_JN714937_reps,Aspergillaceae,Aspergillaceae,0.932,1
SH1165975.08FU_MG662399_reps,Aspergillaceae,Aspergillaceae,0.573,1
SH1166131.08FU_EF661420_reps,Aspergillaceae,Aspergillaceae,0.938,1
SH1163054.08FU_FR733807_reps,Aspergillaceae,Aspergillaceae,0.938,1
SH1167491.08FU_KC339291_reps,Aspergillaceae,Aspergillaceae,0.906,1
SH1170767.08FU_MT497436_reps,Aspergillaceae,Aspergillaceae,0.865,1
SH1162542.08FU_MG991605_reps,Aspergillaceae,Aspergillaceae,0.938,1
SH1160961.08FU_MT358845_reps,Aspergillaceae,Aspergillaceae,0.91,1
SH1165003.08FU_MN179297_reps,Aspergillaceae,Aspergillaceae,0.895,1
SH1167004.08FU_KJ888838_reps,Aspergillaceae,Aspergillaceae,0.912,1
SH1161403.08FU_MH137913_reps,Aspergillaceae,Aspergillaceae,0.917,1
SH1160527.08FU_EF652159_refs,Aspergillaceae,Aspergillaceae,0.846,1
SH1160805.08FU_EF409801_reps,Aspergillaceae,Aspergillaceae,0.939,1
SH1160801.08FU_MH911365_reps,Aspergillaceae,Aspergillaceae,0.914,1
SH1161075.08FU_KY651205_reps,Aspergillaceae,Aspergillaceae,0.938,1
SH1161182.08FU_KJ775595_reps,Aspergillaceae,Aspergillaceae,0.94,1
SH1161456.08FU_KJ775573_reps,Aspergillaceae,Aspergillaceae,0.934,1
SH1161535.08FU_DQ467984_reps,Aspergillaceae,Aspergillaceae,0.917,1
SH1161880.08FU_MN856761_reps,Aspergillaceae,Aspergillaceae,0.929,1
SH1162731.08FU_MG589537_reps,Aspergillaceae,Aspergillaceae,0.92,1
SH1162922.08FU_FJ537131_reps,Aspergillaceae,Aspergillaceae,0.934,1
SH1163055.08FU_FR733804_reps,Aspergillaceae,Aspergillaceae,0.938,1
SH1163050.08FU_DQ411548_reps,Aspergillaceae,Aspergillaceae,0.928,1
SH1163198.08FU_FJ462767_reps,Aspergillaceae,Aspergillaceae,0.92,1
SH1163128.08FU_AF027860_refs,Aspergillaceae,Aspergillaceae,0.931,1
SH1163203.08FU_MK461182_reps,Aspergillaceae,Aspergillaceae,0.919,1
SH1163352.08FU_HM123602_reps,Aspergillaceae,Aspergillaceae,0.938,1
SH1163320.08FU_MG430329_reps,Aspergillaceae,Aspergillaceae,0.934,1
SH1163328.08FU_MT729834_reps,Aspergillaceae,Aspergillaceae,0.927,1
SH1163463.08FU_D84355_reps,Aspergillaceae,Aspergillaceae,0.938,1
SH1163424.08FU_KX912161_reps,Aspergillaceae,Aspergillaceae,0.938,1
SH1163525.08FU_EF661566_reps,Aspergillaceae,Aspergillaceae,0.938,1
SH1164309.08FU_GU216310_reps,Aspergillaceae,Aspergillaceae,0.931,1
SH1164495.08FU_EU021612_reps,Aspergillaceae,Aspergillaceae,0.906,1
SH1165093.08FU_FJ770063_reps,Aspergillaceae,Aspergillaceae,0.902,1
SH1165348.08FU_FJ878680_reps,Aspergillaceae,Aspergillaceae,0.902,1
SH1165531.08FU_LT626975_reps,Aspergillaceae,Aspergillaceae,0.937,1
SH1165652.08FU_HG915901_reps,Aspergillaceae,Aspergillaceae,0.929,1
SH1165855.08FU_AF454074_reps,Aspergillaceae,Aspergillaceae,0.779,1
SH1166344.08FU_MH780917_reps,Aspergillaceae,Aspergillaceae,0.925,1
SH1166036.08FU_EF661270_reps,Aspergillaceae,Aspergillaceae,0.938,1
SH1166522.08FU_KX225472_reps,Aspergillaceae,Aspergillaceae,0.936,1
SH1166588.08FU_KM486077_reps,Aspergillaceae,Aspergillaceae,0.92,1
SH1166611.08FU_DQ469292_reps,Aspergillaceae,Aspergillaceae,0.899,1
SH1162846.08FU_KC796389_reps,Aspergillaceae,Aspergillaceae,0.919,1
SH1167099.08FU_MT393897_reps,Aspergillaceae,Aspergillaceae,0.911,1
SH1167379.08FU_FJ531218_reps,Aspergillaceae,Aspergillaceae,0.919,1
SH1167832.08FU_DQ900598_reps,Aspergillaceae,Aspergillaceae,0.925,1
SH1164631.08FU_MG734751_reps,Aspergillaceae,Aspergillaceae,0.919,1
SH1168203.08FU_KY941101_reps,Aspergillaceae,Aspergillaceae,0.922,1
SH1167153.08FU_MG554356_reps,Aspergillaceae,Aspergillaceae,0.902,1
SH1164459.08FU_KF303668_refs,Aspergillaceae,Aspergillaceae,0.903,1
SH1160530.08FU_AF033400_refs,Aspergillaceae,Aspergillaceae,0.914,1
SH1160526.08FU_AF037431_refs,Aspergillaceae,Aspergillaceae,0.906,1
SH1161047.08FU_MF972904_reps,Aspergillaceae,Aspergillaceae,0.92,1
SH1160640.08FU_MN537787_reps,Aspergillaceae,Aspergillaceae,0.889,1
SH1163997.08FU_MT573498_reps,Aspergillaceae,Aspergillaceae,0.902,1
SH1166083.08FU_MT079185_reps,Aspergillaceae,Aspergillaceae,0.904,1
SH1168094.08FU_AY822638_reps,Aspergillaceae,Aspergillaceae,0.917,1
SH1164053.08FU_KR706058_reps,Aspergillaceae,Aspergillaceae,0.929,1
SH1161284.08FU_KM249873_reps,Aspergillaceae,Aspergillaceae,0.92,1
SH1161604.08FU_MT913585_reps,Aspergillaceae,Aspergillaceae,0.93,1
SH1162346.08FU_MG991654_reps,Aspergillaceae,Aspergillaceae,0.938,1
SH1163031.08FU_KY445793_reps,Aspergillaceae,Aspergillaceae,0.856,1
SH1163467.08FU_MT528978_reps,Aspergillaceae,Aspergillaceae,0.933,1
SH1163818.08FU_FJ155814_reps,Aspergillaceae,Aspergillaceae,0.927,1
SH1163822.08FU_KF496081_reps,Aspergillaceae,Aspergillaceae,0.93,1
SH1163952.08FU_MT584281_reps,Aspergillaceae,Aspergillaceae,0.914,1
SH1164080.08FU_KF435032_reps,Aspergillaceae,Aspergillaceae,0.917,1
SH1161831.08FU_MK850352_reps,Aspergillaceae,Aspergillaceae,0.884,1
SH1165548.08FU_MT312958_reps,Aspergillaceae,Aspergillaceae,0.902,1
SH1164179.08FU_JX469419_reps,Aspergillaceae,Aspergillaceae,0.922,1
SH1175806.08FU_EF661179_refs,Aspergillaceae,Aspergillaceae,0.0676,1
SH1164609.08FU_AY656624_reps,Aspergillaceae,Aspergillaceae,0.928,1
SH1164622.08FU_MG857650_reps,Aspergillaceae,Aspergillaceae,0.931,1
SH1164674.08FU_JX852603_reps,Aspergillaceae,Aspergillaceae,0.898,1
SH1164760.08FU_MH517369_reps,Aspergillaceae,Aspergillaceae,0.938,1
SH1164826.08FU_JX502763_reps,Aspergillaceae,Aspergillaceae,0.902,1
SH1164923.08FU_MW193289_reps,Aspergillaceae,Aspergillaceae,0.917,1
SH1164938.08FU_JN227022_reps,Aspergillaceae,Aspergillaceae,0.928,1
SH1165359.08FU_MT729937_reps,Aspergillaceae,Aspergillaceae,0.93,1
SH1165450.08FU_MG659649_reps,Aspergillaceae,Aspergillaceae,0.935,1
SH1165711.08FU_MN634604_reps,Aspergillaceae,Aspergillaceae,0.894,1
SH1165719.08FU_MH270550_reps,Aspergillaceae,Aspergillaceae,0.912,1
SH1165739.08FU_MG576107_reps,Aspergillaceae,Aspergillaceae,0.917,1
SH1164511.08FU_KP890470_reps,Aspergillaceae,Aspergillaceae,0.919,1
SH1165532.08FU_LT626974_reps,Aspergillaceae,Aspergillaceae,0.937,1
SH1167296.08FU_MT903466_reps,Aspergillaceae,Aspergillaceae,0.906,1
SH1162773.08FU_KT310978_reps,Aspergillaceae,Aspergillaceae,0.921,1
SH1162056.08FU_MH205918_reps,Aspergillaceae,Aspergillaceae,0.92,1
SH1167288.08FU_KP963974_reps,Aspergillaceae,Aspergillaceae,0.92,1
SH1166281.08FU_JF436886_reps,Aspergillaceae,Aspergillaceae,0.935,1
SH1164048.08FU_UDB0546542_reps,Aspergillaceae,Aspergillaceae,0.542,1
SH1166754.08FU_MT079299_reps,Aspergillaceae,Aspergillaceae,0.924,1
SH1160607.08FU_JX276736_reps,Aspergillaceae,Aspergillaceae,0.792,1
SH1166864.08FU_MT560700_reps,Aspergillaceae,Aspergillaceae,0.918,1
SH1161071.08FU_MN105448_reps,Aspergillaceae,Aspergillaceae,0.936,1
SH1166947.08FU_KR093862_reps,Aspergillaceae,Aspergillaceae,0.921,1
SH1161249.08FU_KJ775466_reps,Aspergillaceae,Aspergillaceae,0.94,1
SH1162682.08FU_KF303648_reps,Aspergillaceae,Aspergillaceae,0.588,1
SH1162960.08FU_HM167500_reps,Aspergillaceae,Aspergillaceae,0.939,1
SH1162847.08FU_KF669506_reps,Aspergillaceae,Aspergillaceae,0.915,1
SH1167177.08FU_KP308836_reps,Aspergillaceae,Aspergillaceae,0.92,1
SH1163193.08FU_JN129183_reps,Aspergillaceae,Aspergillaceae,0.92,1
SH1163992.08FU_EF669601_reps,Aspergillaceae,Aspergillaceae,0.927,1
SH1165153.08FU_KF434086_reps,Aspergillaceae,Aspergillaceae,0.906,1
SH1168109.08FU_MK431237_reps,Aspergillaceae,Aspergillaceae,0.903,1
SH1166501.08FU_AY742697_reps,Aspergillaceae,Aspergillaceae,0.745,1
SH1167381.08FU_FJ531215_reps,Aspergillaceae,Aspergillaceae,0.92,1
SH1167805.08FU_FR733816_reps,Aspergillaceae,Aspergillaceae,0.903,1
SH1166304.08FU_KF932958_refs,Aspergillaceae,Aspergillaceae,0.749,1
SH1167973.08FU_KX621181_reps,Aspergillaceae,Aspergillaceae,0.9,1
SH1166132.08FU_EF661279_reps,Aspergillaceae,Aspergillaceae,0.938,1
SH1161051.08FU_MN634457_reps,Aspergillaceae,Aspergillaceae,0.697,1
SH1161704.08FU_MN947599_reps,Aspergillaceae,Aspergillaceae,0.92,1
SH1160850.08FU_EU314996_reps,Aspergillaceae,Aspergillaceae,0.936,1
SH1161968.08FU_KT224826_reps,Aspergillaceae,Aspergillaceae,0.938,1
SH1161938.08FU_JN688869_reps,Aspergillaceae,Aspergillaceae,0.933,1
SH1162613.08FU_MN718216_reps,Aspergillaceae,Aspergillaceae,0.938,1
SH1163063.08FU_MN588082_reps,Aspergillaceae,Aspergillaceae,0.92,1
SH1163493.08FU_JF412785_reps,Aspergillaceae,Aspergillaceae,0.924,1
SH1165023.08FU_MH279439_reps,Aspergillaceae,Aspergillaceae,0.926,1
SH1166540.08FU_MF668180_reps,Aspergillaceae,Aspergillaceae,0.902,1
SH1166671.08FU_KU375635_reps,Aspergillaceae,Aspergillaceae,0.919,1
SH1166853.08FU_KJ191583_reps,Aspergillaceae,Aspergillaceae,0.912,1
SH1164054.08FU_FR727128_reps,Aspergillaceae,Aspergillaceae,0.919,1
SH1164182.08FU_MN545879_reps,Aspergillaceae,Aspergillaceae,0.778,1
SH1162170.08FU_KY357318_reps,Aspergillaceae,Aspergillaceae,0.932,1
SH1162320.08FU_KP050664_reps,Aspergillaceae,Aspergillaceae,0.938,1
SH1162249.08FU_KY038652_reps,Aspergillaceae,Aspergillaceae,0.938,1
SH1162480.08FU_MT860211_reps,Aspergillaceae,Aspergillaceae,0.888,1
SH1162071.08FU_MN634416_reps,Aspergillaceae,Aspergillaceae,0.938,1
SH1162729.08FU_MT279489_reps,Aspergillaceae,Aspergillaceae,0.92,1
SH1162061.08FU_KF669469_reps,Aspergillaceae,Aspergillaceae,0.936,1
SH1165041.08FU_MG659683_reps,Aspergillaceae,Aspergillaceae,0.925,1
SH1162643.08FU_MN274948_reps,Aspergillaceae,Aspergillaceae,0.899,1
SH1164564.08FU_KX353855_reps,Aspergillaceae,Aspergillaceae,0.904,1
SH1166024.08FU_KJ888834_reps,Aspergillaceae,Aspergillaceae,0.928,1
SH1166072.08FU_MT729908_reps,Aspergillaceae,Aspergillaceae,0.915,1
SH1166015.08FU_KC787010_reps,Aspergillaceae,Aspergillaceae,0.938,1
SH1161809.08FU_MH746714_reps,Aspergillaceae,Aspergillaceae,0.938,1
SH1165981.08FU_FJ491590_refs,Aspergillaceae,Aspergillaceae,0.883,1
SH1237361.08FU_FJ531045_refs,Aspergillaceae,Aspergillaceae,0.0532,1
SH1165118.08FU_JX456205_reps,Aspergillaceae,Aspergillaceae,0.906,1
SH1161950.08FU_KF309063_reps,Aspergillaceae,Aspergillaceae,0.927,1
SH1162154.08FU_KP329837_reps,Aspergillaceae,Aspergillaceae,0.929,1
SH1162620.08FU_KT329289_reps,Aspergillaceae,Aspergillaceae,0.938,1
SH1162587.08FU_MN450593_reps,Aspergillaceae,Aspergillaceae,0.928,1
SH1162653.08FU_GQ221106_reps,Aspergillaceae,Aspergillaceae,0.938,1
SH1163438.08FU_MG430330_reps,Aspergillaceae,Aspergillaceae,0.934,1
SH1164862.08FU_KM279979_reps,Aspergillaceae,Aspergillaceae,0.938,1
SH1166646.08FU_MT312947_reps,Aspergillaceae,Aspergillaceae,0.902,1
SH1166961.08FU_KY087763_reps,Aspergillaceae,Aspergillaceae,0.917,1
SH1175827.08FU_EF661224_refs,Aspergillaceae,Aspergillaceae,0.069,1
SH1163789.08FU_MN595156_reps,Aspergillaceae,Aspergillaceae,0.904,1
SH1160681.08FU_MT903404_reps,Aspergillaceae,Aspergillaceae,0.937,1
SH1160870.08FU_KX463034_reps,Aspergillaceae,Aspergillaceae,0.939,1
SH1161143.08FU_KF221087_reps,Aspergillaceae,Aspergillaceae,0.938,1
SH1161215.08FU_KJ775576_reps,Aspergillaceae,Aspergillaceae,0.929,1
SH1161792.08FU_JN831365_reps,Aspergillaceae,Aspergillaceae,0.92,1
SH1161779.08FU_DQ323036_reps,Aspergillaceae,Aspergillaceae,0.94,1
SH1162149.08FU_EU440768_reps,Aspergillaceae,Aspergillaceae,0.932,1
SH1162396.08FU_LC573589_reps,Aspergillaceae,Aspergillaceae,0.927,1
SH1162849.08FU_KF669498_reps,Aspergillaceae,Aspergillaceae,0.915,1
SH1162963.08FU_KP329696_reps,Aspergillaceae,Aspergillaceae,0.938,1
SH1163825.08FU_MN634650_reps,Aspergillaceae,Aspergillaceae,0.8,1
SH1163935.08FU_EU821317_reps,Aspergillaceae,Aspergillaceae,0.919,1
SH1164661.08FU_JN226998_reps,Aspergillaceae,Aspergillaceae,0.928,1
SH1165723.08FU_MG662397_reps,Aspergillaceae,Aspergillaceae,0.904,1
SH1165954.08FU_MN634696_reps,Aspergillaceae,Aspergillaceae,0.902,1
SH1166335.08FU_KY087765_reps,Aspergillaceae,Aspergillaceae,0.82,1
SH1166636.08FU_GU092952_refs,Aspergillaceae,Aspergillaceae,0.777,1
SH1167281.08FU_KM678349_reps,Aspergillaceae,Aspergillaceae,0.909,1
SH1167660.08FU_MT913586_reps,Aspergillaceae,Aspergillaceae,0.905,1
SH1168212.08FU_KY234281_reps,Aspergillaceae,Aspergillaceae,0.903,1
SH1165063.08FU_HM595496_reps,Aspergillaceae,Aspergillaceae,0.938,1
SH1164806.08FU_HM560038_reps,Aspergillaceae,Aspergillaceae,0.913,1
SH1164871.08FU_UDB0755650_reps,Aspergillaceae,Aspergillaceae,0.935,1
SH1164663.08FU_MG554291_reps,Aspergillaceae,Aspergillaceae,0.938,1
SH1160831.08FU_MK036521_reps,Aspergillaceae,Aspergillaceae,0.911,1
SH1164252.08FU_MT279645_reps,Aspergillaceae,Aspergillaceae,0.911,1
SH1165875.08FU_MW193290_reps,Aspergillaceae,Aspergillaceae,0.92,1
SH1164979.08FU_KT310949_reps,Aspergillaceae,Aspergillaceae,0.905,1
SH1166936.08FU_MN871726_reps,Aspergillaceae,Aspergillaceae,0.881,1
SH1166129.08FU_MT560318_reps,Aspergillaceae,,0.0,0
SH1160638.08FU_MN611443_reps,Aspergillaceae,Aspergillaceae,0.756,1
SH1167599.08FU_KR185822_reps,Aspergillaceae,Aspergillaceae,0.937,1
SH1162518.08FU_MT887443_reps,Aspergillaceae,Aspergillaceae,0.939,1
SH1160871.08FU_MN603499_reps,Aspergillaceae,Aspergillaceae,0.88,1
SH1162478.08FU_MH374607_reps,Aspergillaceae,Aspergillaceae,0.928,1
SH1167731.08FU_MK046653_reps,Aspergillaceae,Aspergillaceae,0.907,1
SH1163186.08FU_FJ537119_reps,Aspergillaceae,Aspergillaceae,0.919,1
SH1160559.08FU_MN161142_reps,Aspergillaceae,Aspergillaceae,0.911,1
SH1167517.08FU_MH613119_reps,Aspergillaceae,Aspergillaceae,0.931,1
SH1164296.08FU_AJ280008_reps,Aspergillaceae,Aspergillaceae,0.919,1
SH1161285.08FU_KJ775443_refs,Aspergillaceae,Aspergillaceae,0.778,1
SH1163849.08FU_EF669616_refs,Aspergillaceae,Aspergillaceae,0.927,1
SH1161453.08FU_MK396476_reps,Aspergillaceae,Aspergillaceae,0.93,1
SH1162877.08FU_MH237666_reps,Aspergillaceae,Aspergillaceae,0.903,1
SH1164161.08FU_MH973244_reps,Aspergillaceae,Aspergillaceae,0.924,1
SH1165578.08FU_MG962394_reps,Aspergillaceae,Aspergillaceae,0.92,1
SH1168030.08FU_MH160444_reps,Aspergillaceae,Aspergillaceae,0.918,1
SH1161319.08FU_MN227072_reps,Aspergillaceae,Aspergillaceae,0.909,1
SH1165992.08FU_MH865148_reps,Aspergillaceae,Aspergillaceae,0.929,1
SH1165991.08FU_JN864881_reps,Aspergillaceae,Aspergillaceae,0.579,1
SH1167777.08FU_EU554588_reps,Aspergillaceae,Aspergillaceae,0.937,1
SH1162059.08FU_MN326736_reps,Aspergillaceae,Aspergillaceae,0.92,1
SH1165590.08FU_MN533817_reps,Aspergillaceae,Aspergillaceae,0.674,1
SH1160723.08FU_MK840966_reps,Aspergillaceae,Aspergillaceae,0.886,1
SH1166877.08FU_EF422852_refs,Aspergillaceae,Aspergillaceae,0.53,1
SH1162621.08FU_MK952336_reps,Aspergillaceae,Aspergillaceae,0.909,1
SH1160949.08FU_MG976264_reps,Aspergillaceae,Aspergillaceae,0.916,1
SH1165876.08FU_MT814286_reps,Aspergillaceae,Aspergillaceae,0.911,1
SH1170768.08FU_KF010171_reps,Aspergillaceae,Aspergillaceae,0.93,1
SH1162370.08FU_MH855379_reps,Aspergillaceae,Aspergillaceae,0.927,1
SH1165324.08FU_MT994594_reps,Aspergillaceae,Aspergillaceae,0.813,1
SH1161011.08FU_MN423317_reps,Aspergillaceae,Aspergillaceae,0.925,1
SH1165005.08FU_KX147755_reps,Aspergillaceae,Aspergillaceae,0.938,1
SH1166248.08FU_KY978249_reps,Aspergillaceae,Aspergillaceae,0.938,1
SH1165810.08FU_KY087769_reps,Aspergillaceae,Aspergillaceae,0.839,1
SH1167795.08FU_KR908764_reps,Aspergillaceae,Aspergillaceae,0.937,1
SH1166362.08FU_UDB0103214_reps,Aspergillaceae,Aspergillaceae,0.803,1
SH1165988.08FU_FJ878631_reps,Aspergillaceae,Aspergillaceae,0.938,1
SH1164500.08FU_KT002572_reps,Aspergillaceae,Aspergillaceae,0.938,1
SH1163005.08FU_MH858230_reps,Aspergillaceae,Aspergillaceae,0.923,1
SH1163534.08FU_MK695687_reps,Aspergillaceae,Aspergillaceae,0.938,1
SH1162640.08FU_MN095155_reps,Aspergillaceae,Aspergillaceae,0.938,1
SH1164656.08FU_GQ169475_reps,Aspergillaceae,Aspergillaceae,0.933,1
SH1160580.08FU_MH865243_reps,Aspergillaceae,Aspergillaceae,0.927,1
SH1164020.08FU_KU218474_reps,Aspergillaceae,Aspergillaceae,0.935,1
SH1167109.08FU_KC818302_reps,Aspergillaceae,Aspergillaceae,0.774,1
SH1162987.08FU_KU353727_reps,Aspergillaceae,Aspergillaceae,0.929,1
SH1163382.08FU_MK156702_reps,Aspergillaceae,Aspergillaceae,0.924,1
SH1161426.08FU_AJ223852_refs,Aspergillaceae,Aspergillaceae,0.907,1
SH1165084.08FU_MT729829_reps,Aspergillaceae,Aspergillaceae,0.887,1
SH1165770.08FU_JX868675_reps,Aspergillaceae,Aspergillaceae,0.901,1
SH1166436.08FU_MG711896_reps,Aspergillaceae,Aspergillaceae,0.846,1
SH1168182.08FU_AF257801_refs,Aspergillaceae,Aspergillaceae,0.839,1
SH1161515.08FU_KJ410674_reps,Aspergillaceae,Aspergillaceae,0.937,1
SH1167408.08FU_KR149633_reps,Aspergillaceae,Aspergillaceae,0.92,1
SH1163593.08FU_MN420993_reps,Aspergillaceae,Aspergillaceae,0.897,1
SH1163854.08FU_EF567959_reps,Aspergillaceae,Aspergillaceae,0.938,1
SH1166955.08FU_MT081549_reps,Aspergillaceae,Aspergillaceae,0.884,1
SH1160753.08FU_MK840967_reps,Aspergillaceae,Aspergillaceae,0.878,1
SH1163793.08FU_FR733811_reps,Aspergillaceae,Aspergillaceae,0.936,1
SH1167148.08FU_MH237642_reps,Aspergillaceae,Aspergillaceae,0.919,1
SH1167198.08FU_KU218468_reps,Aspergillaceae,Aspergillaceae,0.901,1
SH1166713.08FU_MH613083_reps,Aspergillaceae,Aspergillaceae,0.92,1
SH1166862.08FU_KF031027_reps,Aspergillaceae,Aspergillaceae,0.915,1
SH1162314.08FU_KR296863_reps,Aspergillaceae,Aspergillaceae,0.935,1
SH1163407.08FU_MN306292_reps,Aspergillaceae,Aspergillaceae,0.891,1
SH1161940.08FU_MN258574_reps,Aspergillaceae,Aspergillaceae,0.938,1
SH1165133.08FU_KC964102_reps,Aspergillaceae,Aspergillaceae,0.902,1
SH1165619.08FU_MT729841_reps,Aspergillaceae,Aspergillaceae,0.913,1
SH1165052.08FU_AF138287_refs,Aspergillaceae,Aspergillaceae,0.902,1
SH1159335.08FU_KJ834517_refs,Aspergillaceae,Aspergillaceae,0.0695,1
SH1163190.08FU_MN533880_reps,Aspergillaceae,Aspergillaceae,0.938,1
SH1175807.08FU_FJ531164_refs,Aspergillaceae,Aspergillaceae,0.063,1
SH1175809.08FU_FJ531161_refs,Aspergillaceae,Aspergillaceae,0.725,1
SH1160572.08FU_MT835244_reps,Aspergillaceae,Aspergillaceae,0.667,1
SH1166594.08FU_MH613078_reps,Aspergillaceae,Aspergillaceae,0.924,1
SH1163115.08FU_MH863631_reps,Aspergillaceae,Aspergillaceae,0.92,1
SH1167287.08FU_KT151570_reps,Aspergillaceae,Aspergillaceae,0.921,1
SH1163086.08FU_FJ867934_reps,Aspergillaceae,Aspergillaceae,0.92,1
SH1162588.08FU_MN493104_reps,Aspergillaceae,Aspergillaceae,0.926,1
SH1164103.08FU_KP235797_reps,Aspergillaceae,Aspergillaceae,0.0699,1
SH1175818.08FU_EF652454_refs,Aspergillaceae,Aspergillaceae,0.584,1
SH1163196.08FU_JN942866_reps,Aspergillaceae,Aspergillaceae,0.934,1
SH1164603.08FU_MH171489_reps,Aspergillaceae,Aspergillaceae,0.902,1
SH1164742.08FU_KX610750_reps,Aspergillaceae,Aspergillaceae,0.918,1
SH1167403.08FU_JX239023_reps,Aspergillaceae,Aspergillaceae,0.891,1
SH1190958.08FU_FJ864711_reps,Aspergillaceae,Aspergillaceae,0.9,1
SH1166203.08FU_MK951935_reps,Aspergillaceae,Aspergillaceae,0.71,1
SH1165113.08FU_JX501409_reps,Aspergillaceae,Aspergillaceae,0.906,1
SH1164190.08FU_KC491422_reps,Aspergillaceae,Aspergillaceae,0.882,1
SH1160520.08FU_AF033422_refs,Aspergillaceae,Aspergillaceae,0.935,1
SH1166506.08FU_MN782331_reps,Aspergillaceae,Aspergillaceae,0.896,1
SH1168038.08FU_MN595152_reps,Aspergillaceae,Aspergillaceae,0.919,1
SH1161371.08FU_GU595034_reps,Aspergillaceae,Aspergillaceae,0.936,1
SH1160556.08FU_MT560288_reps,Aspergillaceae,,0.0,0
SH1163798.08FU_MH292844_reps,Aspergillaceae,Aspergillaceae,0.921,1
SH1175680.08FU_GU733327_reps,Aspergillaceae,Aspergillaceae,0.0698,1
SH1167654.08FU_KT982207_reps,Aspergillaceae,Aspergillaceae,0.922,1
SH1161791.08FU_KY807648_reps,Aspergillaceae,Aspergillaceae,0.905,1
SH1167719.08FU_FJ624388_reps,Aspergillaceae,Aspergillaceae,0.906,1
SH1163805.08FU_JN617708_reps,Aspergillaceae,Aspergillaceae,0.884,1
SH1167476.08FU_FJ571433_reps,Aspergillaceae,Aspergillaceae,0.92,1
SH1160518.08FU_AY373923_refs,Aspergillaceae,Aspergillaceae,0.922,1
SH1175679.08FU_AY629423_reps,Aspergillaceae,Aspergillaceae,0.0722,1
SH1161593.08FU_MK304382_reps,Aspergillaceae,Clavicipitaceae,0.0469,0
SH1186188.08FU_KX138387_reps,Aspergillaceae,Aspergillaceae,0.0714,1
SH1163682.08FU_HM016904_reps,Aspergillaceae,Aspergillaceae,0.938,1
SH1165840.08FU_MH035990_reps,Aspergillaceae,Aspergillaceae,0.902,1
SH1175802.08FU_JQ301894_refs,Aspergillaceae,Aspergillaceae,0.881,1
SH1191935.08FU_GQ169315_refs,Aspergillaceae,Aspergillaceae,0.451,1
SH1165519.08FU_MH793843_reps,Aspergillaceae,Aspergillaceae,0.915,1
SH1166912.08FU_MG098728_reps,Aspergillaceae,Aspergillaceae,0.924,1
SH1162639.08FU_MG991622_reps,Aspergillaceae,Aspergillaceae,0.938,1
SH1167365.08FU_MT393892_reps,Aspergillaceae,Aspergillaceae,0.92,1
SH1162666.08FU_JF766673_reps,Aspergillaceae,Aspergillaceae,0.938,1
SH1165662.08FU_MG515236_reps,Aspergillaceae,Aspergillaceae,0.911,1
SH1164719.08FU_MN533868_reps,Aspergillaceae,Aspergillaceae,0.919,1
SH1162100.08FU_KY053115_reps,Aspergillaceae,Aspergillaceae,0.92,1
SH1161346.08FU_KP055655_reps,Aspergillaceae,Aspergillaceae,0.939,1
SH1167562.08FU_MN186763_reps,Aspergillaceae,Aspergillaceae,0.919,1
SH1167917.08FU_MK695693_reps,Aspergillaceae,Aspergillaceae,0.923,1
SH1167758.08FU_MW180919_reps,Aspergillaceae,Aspergillaceae,0.875,1
SH1163734.08FU_MH137908_reps,Aspergillaceae,Aspergillaceae,0.919,1
SH1161160.08FU_MN533878_reps,Aspergillaceae,Aspergillaceae,0.939,1
SH1164427.08FU_KJ411548_reps,Aspergillaceae,Aspergillaceae,0.893,1
SH1166989.08FU_HQ844707_reps,Aspergillaceae,Aspergillaceae,0.88,1
SH1161826.08FU_MK493859_reps,Aspergillaceae,Aspergillaceae,0.902,1
SH1164141.08FU_MG991574_reps,Aspergillaceae,Aspergillaceae,0.927,1
SH1165860.08FU_AF033403_refs,Aspergillaceae,Aspergillaceae,0.845,1
SH1162721.08FU_MN429211_reps,Aspergillaceae,Aspergillaceae,0.923,1
SH1165588.08FU_MN420999_reps,Aspergillaceae,Aspergillaceae,0.785,1
SH1165569.08FU_MH345952_reps,Aspergillaceae,Aspergillaceae,0.898,1
SH1167830.08FU_UDB0767192_reps,Aspergillaceae,Clavicipitaceae,0.0537,0
SH1164359.08FU_MH986808_reps,Aspergillaceae,Aspergillaceae,0.938,1
SH1165321.08FU_MN533829_reps,Aspergillaceae,Aspergillaceae,0.902,1
SH1166456.08FU_MK913359_reps,Aspergillaceae,Aspergillaceae,0.713,1
SH1166648.08FU_MG972745_reps,Aspergillaceae,Aspergillaceae,0.492,1
SH1166101.08FU_JN626128_reps,Aspergillaceae,Aspergillaceae,0.937,1
SH1163962.08FU_MK611561_reps,Aspergillaceae,Aspergillaceae,0.938,1
SH1165149.08FU_KF964037_reps,Aspergillaceae,Aspergillaceae,0.931,1
SH1161657.08FU_MH237631_reps,Aspergillaceae,Aspergillaceae,0.94,1
SH1164779.08FU_MH863101_reps,Aspergillaceae,Aspergillaceae,0.916,1
SH1166932.08FU_KF411567_reps,Aspergillaceae,Aspergillaceae,0.919,1
SH1161933.08FU_MH458784_reps,Aspergillaceae,Aspergillaceae,0.927,1
SH1162764.08FU_KP335279_reps,Aspergillaceae,Aspergillaceae,0.934,1
SH1163217.08FU_KF221075_reps,Aspergillaceae,Aspergillaceae,0.932,1
SH1165368.08FU_JX456193_reps,Aspergillaceae,Aspergillaceae,0.902,1
SH1161239.08FU_MH237635_reps,Aspergillaceae,Aspergillaceae,0.933,1
SH1163282.08FU_GQ888678_reps,Aspergillaceae,Aspergillaceae,0.938,1
SH1160543.08FU_MH855205_refs,Aspergillaceae,Aspergillaceae,0.92,1
SH1163786.08FU_FJ553845_reps,Trichocomaceae,Trichocomaceae,0.0645,1
SH1161674.08FU_KT365223_reps,Trichocomaceae,Trichocomaceae,0.926,1
SH1160841.08FU_JN659406_reps,Trichocomaceae,Trichocomaceae,0.926,1
SH1188546.08FU_KF242514_refs,Trichocomaceae,Trichocomaceae,0.0649,1
SH1164343.08FU_MH305216_reps,Trichocomaceae,Trichocomaceae,0.925,1
SH1162200.08FU_JF417478_refs,Trichocomaceae,Trichocomaceae,0.745,1
SH1160908.08FU_JN659452_reps,Trichocomaceae,Trichocomaceae,0.917,1
SH1180947.08FU_MF928765_reps,Trichocomaceae,Trichocomaceae,0.416,1
SH1165867.08FU_GU366671_reps,Trichocomaceae,Trichocomaceae,0.0632,1
SH1177160.08FU_AF033398_refs,Trichocomaceae,Trichocomaceae,0.449,1
SH1151091.08FU_JF417488_refs,Trichocomaceae,Trichocomaceae,0.0628,1
SH1164673.08FU_MH305236_reps,Trichocomaceae,Trichocomaceae,0.638,1
SH1161678.08FU_KT365214_reps,Trichocomaceae,Trichocomaceae,0.926,1
SH1161675.08FU_KT365220_reps,Trichocomaceae,Trichocomaceae,0.926,1
SH1188541.08FU_JF417483_refs,Trichocomaceae,Trichocomaceae,0.906,1
SH1164187.08FU_JQ966579_reps,Trichocomaceae,Trichocomaceae,0.925,1
SH1150542.08FU_GU396547_reps,Trichocomaceae,Trichocomaceae,0.774,1
SH1180942.08FU_JN899340_refs,Trichocomaceae,Trichocomaceae,0.827,1
SH1160716.08FU_MH305217_reps,Trichocomaceae,Trichocomaceae,0.926,1
SH1165326.08FU_LR540074_reps,Trichocomaceae,Trichocomaceae,0.0632,1
SH1161927.08FU_AY706335_refs,Trichocomaceae,Trichocomaceae,0.926,1
SH1180941.08FU_JN899387_refs,Trichocomaceae,Trichocomaceae,0.588,1
SH1161121.08FU_EU553343_refs,Trichocomaceae,Aspergillaceae,0.627,0
SH1165722.08FU_MH858740_reps,Thermoascaceae,Thermoascaceae,0.552,1
SH1164108.08FU_KM979604_reps,Thermoascaceae,Thermoascaceae,0.553,1
SH1161833.08FU_MH855855_reps,Thermoascaceae,Thermoascaceae,0.479,1
SH1160996.08FU_KX766149_reps,Thermoascaceae,Thermoascaceae,0.592,1
SH1162022.08FU_EU037066_reps,Thermoascaceae,Thermoascaceae,0.513,1
SH1162283.08FU_FJ389927_reps,Thermoascaceae,Clavicipitaceae,0.704,0
SH1164277.08FU_MH043557_reps,Thermoascaceae,Thermoascaceae,0.584,1
SH1162568.08FU_FJ389944_refs,Thermoascaceae,Thermoascaceae,0.479,1
SH1165973.08FU_MT889810_reps,Thermoascaceae,Thermoascaceae,0.0392,1
SH1161960.08FU_EU037062_reps,Thermoascaceae,Thermoascaceae,0.513,1
SH1164303.08FU_GU966517_reps,Thermoascaceae,Thermoascaceae,0.598,1
SH1151859.08FU_MH212074_reps,Elaphomycetaceae,Elaphomycetaceae,0.0427,1
SH1213085.08FU_KX238805_refs,Elaphomycetaceae,Elaphomycetaceae,0.0433,1
SH1185330.08FU_JF273509_reps,Elaphomycetaceae,Elaphomycetaceae,0.504,1
SH1151857.08FU_KX899751_reps,Elaphomycetaceae,Elaphomycetaceae,0.0428,1
SH1168803.08FU_LC367721_reps,Elaphomycetaceae,Elaphomycetaceae,0.0433,1
SH1199460.08FU_KX238830_refs,Elaphomycetaceae,Elaphomycetaceae,0.778,1
SH1199458.08FU_KX238848_refs,Elaphomycetaceae,Elaphomycetaceae,0.872,1
SH1156268.08FU_JX270540_reps,Onygenales,Onygenales,0.0359,1
SH1177763.08FU_AJ131688_refs,Onygenales,Onygenales,0.0535,1
SH1183951.08FU_HE965758_refs,Onygenales,Onygenales,0.0262,1
SH1175446.08FU_MT988379_reps,Onygenales,Onygenales,0.0379,1
SH1178309.08FU_MH858457_reps,Onygenales,Onygenales,0.0496,1
SH1177766.08FU_JQ247365_reps,Onygenales,Onygenales,0.0201,1
SH1240973.08FU_MH860135_reps,Onygenales,Onygenales,0.0262,1
SH1169717.08FU_AJ271417_refs,Onygenales,Onygenales,0.0426,1
SH1171793.08FU_HE974452_refs,Onygenales,Onygenales,0.0489,1
SH1171791.08FU_AY177305_refs,Onygenales,Onygenales,0.0314,1
SH1242450.08FU_KU534637_reps,Onygenales,Onygenales,0.0263,1
SH1238244.08FU_KF477204_refs,Onygenales,Onygenales,0.0401,1
SH1241230.08FU_GQ867780_reps,Onygenales,Onygenales,0.0263,1
SH1181119.08FU_KF477239_refs,Onygenales,Onygenales,0.0426,1
SH1238682.08FU_AJ007842_refs,Onygenales,Onygenales,0.0488,1
SH1169875.08FU_AJ005369_refs,Onygenales,Onygenales,0.649,1
SH1150026.08FU_MK793811_reps,Onygenales,Onygenales,0.0159,1
SH1168565.08FU_MH860294_refs,Onygenales,Onygenales,0.183,1
SH1238236.08FU_UDB0623004_reps,Onygenales,Onygenales,0.0228,1
SH1238322.08FU_AJ877215_refs,Onygenales,Onygenales,0.449,1
SH1144166.08FU_UDB083180_reps,Onygenales,Onygenales,0.0218,1
SH1188607.08FU_KT155853_reps,Onygenales,Onygenales,0.0262,1
SH2606265.08FU_UDB0129587_reps,Onygenales,NA,0.0,0
SH2607481.08FU_UDB0349474_reps,Onygenales,NA,0.0,0
SH1173551.08FU_AJ877224_refs,Onygenales,Onygenales,0.0401,1
SH1237613.08FU_MF926381_refs,Onygenales,Onygenales,0.708,1
SH1169886.08FU_MF939600_reps,Onygenales,Onygenales,0.0486,1
SH3565969.08FU_MK794584_reps,Onygenales,NA,0.0,0
SH1173534.08FU_U68326_refs,Onygenales,Onygenales,0.0262,1
SH1175574.08FU_AM000034_reps,Onygenales,Onygenales,0.0401,1
SH1179161.08FU_KU560576_reps,Onygenales,Onygenales,0.0311,1
SH1175445.08FU_AJ271418_refs,Onygenales,Onygenales,0.0367,1
SH1169876.08FU_MF996758_reps,Onygenales,Onygenales,0.0466,1
SH1168557.08FU_HM991265_refs,Onygenales,Onygenales,0.411,1
SH1178427.08FU_KP101584_refs,Onygenales,Onygenales,0.0312,1
SH1237612.08FU_AJ970143_refs,Onygenales,Onygenales,0.817,1
SH1238560.08FU_HF547872_refs,Onygenales,Onygenales,0.0533,1
SH1238313.08FU_AJ000606_refs,Onygenales,Onygenales,0.04,1
SH1188604.08FU_KJ880032_refs,Onygenales,Onygenales,0.0148,1
SH1238683.08FU_KP153067_reps,Onygenales,Onygenales,0.0533,1
SH2614453.08FU_UDB0463426_reps,Chaetothyriales,NA,0.0,0
SH1150087.08FU_KP995472_reps,Chaetothyriales,Chaetothyriales,0.0206,1
SH3565247.08FU_MN219717_reps,Chaetothyriales,NA,0.0,0
SH2610599.08FU_UDB0275902_reps,Chaetothyriales,Chaetothyriales,0.115,1
SH1160243.08FU_UDB058571_reps,Chaetothyriales,Chaetothyriales,0.016,1
SH1231664.08FU_FJ839617_reps,Chaetothyriales,Chaetothyriales,0.0365,1
SH1147987.08FU_KF412318_reps,Chaetothyriales,Chaetothyriales,0.0196,1
SH1216240.08FU_UDB060049_reps,Chaetothyriales,Chaetothyriales,0.607,1
SH1149355.08FU_EU139156_reps,Chaetothyriales,Chaetothyriales,0.0308,1
SH1182895.08FU_MF971128_reps,Chaetothyriales,Chaetothyriales,0.0185,1
SH1184081.08FU_KY680429_refs,Chaetothyriales,Chaetothyriales,0.031,1
SH1160227.08FU_EU137266_refs,Chaetothyriales,Chaetothyriales,0.893,1
SH1157546.08FU_UDB0507893_reps,Chaetothyriales,NA,0.0,0
SH1160319.08FU_EU137332_reps,Chaetothyriales,Chaetothyriales,0.339,1
SH1204843.08FU_KF614781_reps,Chaetothyriales,Chaetothyriales,0.173,1
SH1237026.08FU_MH071805_reps,Chaetothyriales,Chaetothyriales,0.024,1
SH2596513.08FU_MG707511_reps,Chaetothyriales,Chaetothyriales,0.556,1
SH1186260.08FU_MG934445_reps,Chaetothyriales,Chaetothyriales,0.031,1
SH1180364.08FU_HQ262498_reps,Chaetothyriales,Chaetothyriales,0.0715,1
SH1235830.08FU_AB986425_reps,Chaetothyriales,Chaetothyriales,0.0303,1
SH1237029.08FU_HQ607912_reps,Chaetothyriales,Chaetothyriales,0.148,1
SH3229313.08FU_UDB0231193_reps,Chaetothyriales,Chaetothyriales,0.0293,1
SH1180811.08FU_JQ354931_reps,Chaetothyriales,Chaetothyriales,0.0298,1
SH1151203.08FU_KP235604_reps,Chaetothyriales,Chaetothyriales,0.0322,1
SH1160367.08FU_HM240839_reps,Chaetothyriales,Chaetothyriales,0.391,1
SH1155495.08FU_EU137291_refs,Chaetothyriales,Chaetothyriales,0.385,1
SH1151407.08FU_JN040508_refs,Chaetothyriales,Chaetothyriales,0.027,1
SH1186371.08FU_MW216135_reps,Chaetothyriales,Chaetothyriales,0.26,1
SH1180820.08FU_FJ265756_reps,Chaetothyriales,Chaetothyriales,0.157,1
SH1173783.08FU_HQ607951_reps,Chaetothyriales,Chaetothyriales,0.0261,1
SH1175297.08FU_HQ634646_reps,Chaetothyriales,Chaetothyriales,0.328,1
SH1160326.08FU_FJ385270_reps,Chaetothyriales,Chaetothyriales,0.481,1
SH1184084.08FU_KF614822_reps,Chaetothyriales,Chaetothyriales,0.0805,1
SH1216246.08FU_UDB0312239_reps,Chaetothyriales,Chaetothyriales,0.46,1
SH1235783.08FU_UDB0755608_reps,Chaetothyriales,Chaetothyriales,0.0261,1
SH1180518.08FU_AY857524_refs,Chaetothyriales,Chaetothyriales,0.491,1
SH1180796.08FU_AJ244275_refs,Chaetothyriales,Chaetothyriales,0.784,1
SH1192660.08FU_AY156973_refs,Chaetothyriales,Chaetothyriales,0.826,1
SH1185365.08FU_MT528110_reps,Chaetothyriales,Chaetothyriales,0.897,1
SH1186375.08FU_UDB0349932_reps,Chaetothyriales,NA,0.0,0
SH1186387.08FU_KF297101_reps,Chaetothyriales,Chaetothyriales,0.16,1
SH2608066.08FU_UDB0370216_reps,Chaetothyriales,NA,0.0,0
SH1180801.08FU_KP791791_refs,Chaetothyriales,Chaetothyriales,0.383,1
SH1160258.08FU_EU103996_refs,Chaetothyriales,Chaetothyriales,0.29,1
SH1160299.08FU_UDB0102831_reps,Chaetothyriales,Chaetothyriales,0.628,1
SH1180823.08FU_KT337438_refs,Chaetothyriales,Chaetothyriales,0.276,1
SH1150652.08FU_UDB0244390_reps,Chaetothyriales,Helotiales,0.45,0
SH1180795.08FU_HQ709322_refs,Chaetothyriales,Chaetothyriales,0.681,1
SH1180807.08FU_KC951246_reps,Chaetothyriales,Chaetothyriales,0.219,1
SH1149561.08FU_AF393718_reps,Chaetothyriales,Chaetothyriales,0.031,1
SH1180816.08FU_KF589943_reps,Chaetothyriales,Chaetothyriales,0.0379,1
SH1245393.08FU_HE605268_reps,Chaetothyriales,Chaetothyriales,0.031,1
SH1231663.08FU_KC191577_reps,Chaetothyriales,Chaetothyriales,0.0189,1
SH1180671.08FU_KC455237_refs,Chaetothyriales,Chaetothyriales,0.042,1
SH1160287.08FU_KT203085_reps,Chaetothyriales,Chaetothyriales,0.0945,1
SH1160231.08FU_EU103989_refs,Chaetothyriales,Chaetothyriales,0.434,1
SH1231661.08FU_KC455241_refs,Chaetothyriales,Chaetothyriales,0.0412,1
SH1216221.08FU_UDB0762628_reps,Chaetothyriales,Chaetothyriales,0.624,1
SH1182990.08FU_AB712010_reps,Chaetothyriales,Capnodiales,0.0134,0
SH1189540.08FU_HQ634660_reps,Chaetothyriales,Chaetothyriales,0.0261,1
SH1189582.08FU_UDB0587632_reps,Chaetothyriales,Chaetothyriales,0.0306,1
SH1204835.08FU_KF614774_reps,Chaetothyriales,Chaetothyriales,0.177,1
SH1226128.08FU_FJ237239_reps,Chaetothyriales,Capnodiales,0.0329,0
SH1216232.08FU_AM999725_reps,Chaetothyriales,Chaetothyriales,0.5,1
SH1216225.08FU_UDB0612077_reps,Chaetothyriales,Chaetothyriales,0.031,1
SH1226138.08FU_UDB0408770_reps,Chaetothyriales,Lichinales,0.0892,0
SH1228280.08FU_JQ766466_refs,Chaetothyriales,Chaetothyriales,0.59,1
SH1151409.08FU_AJ971452_reps,Chaetothyriales,Chaetothyriales,0.0275,1
SH1160256.08FU_EU139131_reps,Chaetothyriales,Chaetothyriales,0.742,1
SH2606481.08FU_UDB0207664_reps,Chaetothyriales,NA,0.0,0
SH2610982.08FU_UDB0400212_reps,Chaetothyriales,NA,0.0,0
SH2603010.08FU_UDB066167_reps,Chaetothyriales,NA,0.0,0
SH1160338.08FU_UDB0767062_reps,Chaetothyriales,Chaetothyriales,0.0173,1
SH1186390.08FU_UDB0209378_reps,Chaetothyriales,Chaetothyriales,0.0144,1
SH1176014.08FU_MF971981_reps,Chaetothyriales,Chaetothyriales,0.0126,1
SH1160288.08FU_KF274431_reps,Chaetothyriales,Chaetothyriales,0.204,1
SH1228272.08FU_KC455248_refs,Chaetothyriales,Chaetothyriales,0.375,1
SH2604539.08FU_UDB0135837_reps,Chaetothyriales,Chaetothyriales,0.0148,1
SH1188965.08FU_KX306768_refs,Chaetothyriales,Chaetothyriales,0.031,1
SH1160242.08FU_KX899492_reps,Chaetothyriales,Chaetothyriales,0.0309,1
SH1186424.08FU_HM230883_reps,Chaetothyriales,Chaetothyriales,0.0318,1
SH1160238.08FU_JF747041_refs,Chaetothyriales,Chaetothyriales,0.176,1
SH1245290.08FU_MH859363_reps,Chaetothyriales,Chaetothyriales,0.031,1
SH1186258.08FU_DQ008127_refs,Chaetothyriales,Chaetothyriales,0.031,1
SH1160249.08FU_MG760854_reps,Chaetothyriales,Chaetothyriales,0.0271,1
SH1147971.08FU_DQ420752_reps,Chaetothyriales,Chaetothyriales,0.0223,1
SH1188963.08FU_EU041807_refs,Chaetothyriales,Chaetothyriales,0.1,1
SH1216245.08FU_UDB0448436_reps,Chaetothyriales,Chaetothyriales,0.611,1
SH1182994.08FU_EU041819_refs,Chaetothyriales,Chaetothyriales,0.557,1
SH1160276.08FU_JX042983_reps,Chaetothyriales,Chaetothyriales,0.437,1
SH1236591.08FU_AJ972809_reps,Chaetothyriales,Chaetothyriales,0.026,1
SH1192663.08FU_JN625231_refs,Chaetothyriales,Chaetothyriales,0.156,1
SH1186397.08FU_UDB0218944_reps,Chaetothyriales,Chaetothyriales,0.0178,1
SH2606501.08FU_UDB0274874_reps,Chaetothyriales,NA,0.0,0
SH3566887.08FU_MT193584_reps,Chaetothyriales,NA,0.0,0
SH1160301.08FU_KU747843_reps,Chaetothyriales,Chaetothyriales,0.667,1
SH1142354.08FU_LC360299_reps,Chaetothyriales,Chaetothyriales,0.0333,1
SH1237300.08FU_FR682181_reps,Chaetothyriales,Chaetothyriales,0.0239,1
SH1204844.08FU_KP004468_refs,Chaetothyriales,Chaetothyriales,0.372,1
SH1226155.08FU_FJ265762_reps,Chaetothyriales,Capnodiales,0.0595,0
SH1160228.08FU_EU035405_refs,Chaetothyriales,Chaetothyriales,0.849,1
SH1155493.08FU_FJ385273_refs,Chaetothyriales,Chaetothyriales,0.527,1
SH1160284.08FU_KP889391_reps,Chaetothyriales,Chaetothyriales,0.307,1
SH1204842.08FU_UDB0437625_reps,Chaetothyriales,Chaetothyriales,0.018,1
SH1147982.08FU_UDB087841_reps,Chaetothyriales,Chaetothyriales,0.125,1
SH1174297.08FU_UDB0595624_reps,Chaetothyriales,Chaetothyriales,0.0261,1
SH1160237.08FU_KF614851_reps,Chaetothyriales,Chaetothyriales,0.305,1
SH1147975.08FU_DQ420730_reps,Chaetothyriales,Chaetothyriales,0.031,1
SH1191740.08FU_KF928465_reps,Chaetothyriales,Chaetothyriales,0.0298,1
SH1188528.08FU_KX447684_refs,Chaetothyriales,Chaetothyriales,0.0315,1
SH2603850.08FU_MK138823_reps,Verrucariales,Verrucariales,0.0373,1
SH1159989.08FU_KM371424_reps,Verrucariales,Verrucariales,0.0822,1
SH1237538.08FU_EU006540_reps,Verrucariales,Verrucariales,0.0822,1
SH1192287.08FU_FJ232928_refs,Verrucariales,Verrucariales,0.593,1
SH1192232.08FU_FJ664827_reps,Verrucariales,Verrucariales,0.731,1
SH1193505.08FU_JQ088048_reps,Verrucariales,Verrucariales,0.0822,1
SH1192239.08FU_EU249483_refs,Verrucariales,Verrucariales,0.143,1
SH1192283.08FU_JF737772_reps,Verrucariales,Verrucariales,0.53,1
SH1184455.08FU_KM243181_reps,Verrucariales,Verrucariales,0.0822,1
SH1238956.08FU_AF333158_reps,Verrucariales,Verrucariales,0.729,1
SH1192310.08FU_KF297181_reps,Verrucariales,Verrucariales,0.481,1
SH1192275.08FU_KX538756_reps,Verrucariales,Verrucariales,0.667,1
SH1184456.08FU_KF959776_reps,Verrucariales,Verrucariales,0.514,1
SH1192255.08FU_KX720575_refs,Verrucariales,Verrucariales,0.7,1
SH1192244.08FU_KF819514_refs,Verrucariales,Verrucariales,0.581,1
SH1192078.08FU_KY697142_reps,Verrucariales,Verrucariales,0.0822,1
SH1192227.08FU_KM371614_reps,Verrucariales,Verrucariales,0.615,1
SH1177412.08FU_MN483168_reps,Verrucariales,Verrucariales,0.0822,1
SH1238707.08FU_KF959802_refs,Verrucariales,Verrucariales,0.51,1
SH1169373.08FU_KY769537_reps,Verrucariales,Verrucariales,0.0822,1
SH1192238.08FU_KM371439_reps,Verrucariales,Verrucariales,0.47,1
SH1192335.08FU_JF509161_reps,Verrucariales,Verrucariales,0.287,1
SH1192252.08FU_KY769540_reps,Verrucariales,Verrucariales,0.0822,1
SH1192291.08FU_KF959790_reps,Verrucariales,Verrucariales,0.539,1
SH1193503.08FU_KC965507_reps,Verrucariales,Verrucariales,0.0685,1
SH1237539.08FU_EU006542_reps,Verrucariales,Verrucariales,0.0822,1
SH3565490.08FU_MH930461_reps,Verrucariales,Verrucariales,0.0248,1
SH3565869.08FU_MK138794_reps,Verrucariales,Verrucariales,0.0237,1
SH3567777.08FU_MT127230_reps,Verrucariales,Verrucariales,0.0108,1
SH1192228.08FU_KY769535_reps,Verrucariales,Verrucariales,0.257,1
SH1192250.08FU_KY682961_reps,Verrucariales,Verrucariales,0.701,1
SH1192242.08FU_FJ664871_reps,Verrucariales,Verrucariales,0.414,1
SH1192246.08FU_KM243212_reps,Verrucariales,Verrucariales,0.722,1
SH1192293.08FU_HM239851_reps,Verrucariales,Verrucariales,0.62,1
SH3568479.08FU_MT229786_reps,Verrucariales,NA,0.0,0
SH3568480.08FU_MT229761_reps,Verrucariales,Verrucariales,0.0158,1
SH2607124.08FU_UDB0154915_reps,Verrucariales,NA,0.0,0
SH1223449.08FU_EU697721_refs,Verrucariales,Verrucariales,0.55,1
SH1223452.08FU_EU697677_reps,Verrucariales,Verrucariales,0.666,1
SH1215315.08FU_KT264470_reps,Phaeomoniellales,Phaeomoniellales,0.0749,1
SH1194487.08FU_KF675595_reps,Phaeomoniellales,Phaeomoniellales,0.0106,1
SH1194606.08FU_GU345749_reps,Phaeomoniellales,Phaeomoniellales,0.0104,1
SH1194488.08FU_KX908359_reps,Phaeomoniellales,Phaeomoniellales,0.0388,1
SH1215320.08FU_AY971710_reps,Phaeomoniellales,Phaeomoniellales,0.0768,1
SH1155250.08FU_AY254051_refs,Phaeomoniellales,NA,0.0,0
SH1168503.08FU_KF675327_reps,Phaeomoniellales,Phaeomoniellales,0.0161,1
SH1215318.08FU_KP992094_reps,Phaeomoniellales,Phaeomoniellales,0.223,1
SH1236488.08FU_AY795870_reps,Mycocaliciales,Mycocaliciales,0.0637,1
SH1185560.08FU_KP881690_refs,Coryneliales,NA,0.0,0
SH1151347.08FU_KU204606_reps,Coryneliales,NA,0.0,0
SH1142254.08FU_UDB022877_reps,Pyrenulales,Pyrenulales,0.143,1
SH1237786.08FU_KT820151_reps,Pyrenulales,Pyrenulales,0.127,1
SH1179443.08FU_KT820090_reps,Pyrenulales,Pyrenulales,0.149,1
SH1171969.08FU_KX228280_refs,Glomerellales,Glomerellales,0.0286,1
SH1171885.08FU_HM751815_refs,Glomerellales,Glomerellales,0.534,1
SH1176559.08FU_GU291800_reps,Glomerellales,Glomerellales,0.035,1
SH1176561.08FU_GU180627_refs,Glomerellales,Glomerellales,0.0475,1
SH1171904.08FU_MF595901_reps,Glomerellales,Glomerellales,0.865,1
SH1171903.08FU_AB255252_reps,Glomerellales,Glomerellales,0.799,1
SH1171887.08FU_GU227894_refs,Glomerellales,Glomerellales,0.624,1
SH1143773.08FU_GQ485607_refs,Glomerellales,Glomerellales,0.934,1
SH1151309.08FU_KT166445_reps,Glomerellales,Glomerellales,0.04,1
SH1171891.08FU_MN128230_reps,Glomerellales,Glomerellales,0.243,1
SH1234034.08FU_UDB0112995_reps,Glomerellales,Glomerellales,0.565,1
SH3565289.08FU_MN562125_reps,Sordariomycetes,NA,0.0,0
SH1185270.08FU_KR016286_reps,Sordariomycetes,NA,0.0,0
SH2614673.08FU_MN727889_reps,Sordariomycetes,NA,0.0,0
SH3568624.08FU_MT118235_reps,Sordariomycetes,NA,0.0,0
SH1243092.08FU_MN172412_reps,Sordariomycetes,NA,0.0,0
SH1148163.08FU_GQ200611_refs,Microascales,Microascales,0.0742,1
SH1151257.08FU_EF070421_reps,Microascales,Microascales,0.0642,1
SH1151816.08FU_FJ524322_reps,Microascales,Microascales,0.141,1
SH2601586.08FU_UDB0635469_reps,Microascales,NA,0.0,0
SH1149612.08FU_AF486130_refs,Microascales,Microascales,0.035,1
SH1238491.08FU_FJ151436_refs,Microascales,Microascales,0.0657,1
SH1171085.08FU_LN851000_refs,Microascales,Microascales,0.0652,1
SH1146116.08FU_LM652421_refs,Microascales,Microascales,0.0652,1
SH1227633.08FU_U75626_refs,Microascales,Microascales,0.799,1
SH1146131.08FU_LM652393_refs,Microascales,Microascales,0.838,1
SH1192748.08FU_HQ185348_refs,Microascales,Microascales,0.697,1
SH1148160.08FU_AB038426_reps,Microascales,Microascales,0.581,1
SH1193347.08FU_EU482280_reps,Microascales,Boliniales,0.447,0
SH1146120.08FU_LM652424_refs,Microascales,Microascales,0.0652,1
SH1235776.08FU_AB576865_refs,Microascales,Microascales,0.53,1
SH1148158.08FU_AB038432_refs,Microascales,Microascales,0.491,1
SH1227630.08FU_DQ520639_reps,Microascales,Microascales,0.751,1
SH1193370.08FU_KF297140_reps,Microascales,Boliniales,0.445,0
SH1227627.08FU_KC305128_refs,Microascales,Microascales,0.841,1
SH1146135.08FU_LM652449_refs,Microascales,Microascales,0.0652,1
SH1150925.08FU_KJ869166_refs,Microascales,Microascales,0.035,1
SH1150912.08FU_AY879799_refs,Microascales,Microascales,0.0472,1
SH1146121.08FU_LM652390_reps,Microascales,Microascales,0.0648,1
SH1241000.08FU_UDB0749279_reps,Diaporthales,Diaporthales,0.0751,1
SH1178340.08FU_KF495033_refs,Diaporthales,Diaporthales,0.061,1
SH1178363.08FU_KF574865_reps,Diaporthales,Diaporthales,0.557,1
SH1204298.08FU_KX611045_reps,Diaporthales,Diaporthales,0.53,1
SH1179788.08FU_JQ926260_reps,Diaporthales,Diaporthales,0.0896,1
SH1204260.08FU_EU254997_refs,Diaporthales,Diaporthales,0.768,1
SH1215724.08FU_MG682089_refs,Diaporthales,Diaporthales,0.258,1
SH1173875.08FU_KC343139_refs,Diaporthales,Diaporthales,0.445,1
SH1235728.08FU_HM122966_reps,Diaporthales,Diaporthales,0.868,1
SH1169961.08FU_MH267904_reps,Diaporthales,Diaporthales,0.476,1
SH1190482.08FU_KU761147_reps,Diaporthales,Diaporthales,0.447,1
SH1215708.08FU_KY173386_refs,Diaporthales,Diaporthales,0.568,1
SH1169901.08FU_KC343123_refs,Diaporthales,Diaporthales,0.605,1
SH1169966.08FU_MT199857_reps,Diaporthales,Diaporthales,0.315,1
SH1235703.08FU_DQ996040_refs,Diaporthales,Diaporthales,0.869,1
SH1178361.08FU_JQ706113_reps,Diaporthales,Diaporthales,0.122,1
SH1235731.08FU_KF570156_refs,Diaporthales,Diaporthales,0.344,1
SH1170041.08FU_KC343189_reps,Diaporthales,Diaporthales,0.581,1
SH1235700.08FU_KY051786_refs,Diaporthales,Diaporthales,0.892,1
SH1181084.08FU_KT425232_refs,Diaporthales,Diaporthales,0.536,1
SH1237443.08FU_KF570164_refs,Diaporthales,Diaporthales,0.0926,1
SH1173874.08FU_KR016531_reps,Diaporthales,Diaporthales,0.676,1
SH1178354.08FU_GQ303276_refs,Diaporthales,Diaporthales,0.0234,1
SH1204271.08FU_EU255036_reps,Diaporthales,Diaporthales,0.521,1
SH1178328.08FU_MG585741_refs,Diaporthales,Diaporthales,0.827,1
SH1204283.08FU_EU255061_reps,Diaporthales,Diaporthales,0.556,1
SH1169958.08FU_KC626047_reps,Diaporthales,Diaporthales,0.0696,1
SH1169937.08FU_KY491548_reps,Diaporthales,Diaporthales,0.595,1
SH1204272.08FU_EU254797_refs,Diaporthales,Diaporthales,0.559,1
SH1204275.08FU_KJ509958_reps,Diaporthales,Diaporthales,0.546,1
SH1178364.08FU_JQ685514_refs,Diaporthales,Diaporthales,0.0735,1
SH1235707.08FU_KY051892_reps,Diaporthales,Diaporthales,0.821,1
SH1174174.08FU_JX069861_refs,Diaporthales,Diaporthales,0.228,1
SH1204279.08FU_EU254981_reps,Diaporthales,Diaporthales,0.697,1
SH1191683.08FU_MH860062_refs,Diaporthales,Diaporthales,0.0291,1
SH1178378.08FU_KY929338_refs,Diaporthales,Diaporthales,0.0234,1
SH1235743.08FU_KY051772_reps,Diaporthales,Diaporthales,0.912,1
SH3566268.08FU_MN447228_reps,Diaporthales,Diaporthales,0.292,1
SH3568516.08FU_MW114354_reps,Diaporthales,NA,0.0,0
SH3568942.08FU_MW144762_reps,Diaporthales,NA,0.0,0
SH1169926.08FU_AY347361_refs,Diaporthales,Diaporthales,0.714,1
SH1204315.08FU_UDB0305684_reps,Diaporthales,Diaporthales,0.0798,1
SH1169903.08FU_KC343039_refs,Diaporthales,Diaporthales,0.805,1
SH1169932.08FU_KX986784_reps,Diaporthales,Diaporthales,0.35,1
SH1178375.08FU_UDB0765858_reps,Diaporthales,Diaporthales,0.0101,1
SH1170081.08FU_MK937756_reps,Diaporthales,Diaporthales,0.454,1
SH1170038.08FU_MF190140_refs,Diaporthales,Diaporthales,0.573,1
SH1178338.08FU_DQ267130_refs,Diaporthales,Diaporthales,0.0474,1
SH1169953.08FU_KY790594_reps,Diaporthales,Diaporthales,0.264,1
SH1178341.08FU_EU442650_reps,Diaporthales,Diaporthales,0.0437,1
SH1235724.08FU_AY347329_reps,Diaporthales,Diaporthales,0.916,1
SH1170043.08FU_KJ490633_refs,Diaporthales,Diaporthales,0.453,1
SH1169936.08FU_DQ243798_reps,Diaporthales,Diaporthales,0.756,1
SH1178390.08FU_AY167436_refs,Diaporthales,Diaporthales,0.461,1
SH1235702.08FU_MF190134_refs,Diaporthales,Diaporthales,0.831,1
SH1204267.08FU_JQ414277_refs,Diaporthales,Diaporthales,0.657,1
SH1169916.08FU_JN053092_reps,Diaporthales,Diaporthales,0.879,1
SH1240515.08FU_MG682080_refs,Diaporthales,Diaporthales,0.0291,1
SH2610536.08FU_UDB0575853_reps,Coniochaetales,NA,0.0,0
SH1143409.08FU_UDB004153_reps,Coniochaetales,Coniochaetales,0.0311,1
SH1234495.08FU_HE610331_refs,Coniochaetales,Coniochaetales,0.432,1
SH1234496.08FU_JQ760495_reps,Coniochaetales,Coniochaetales,0.0276,1
SH1234470.08FU_MG828880_refs,Coniochaetales,Coniochaetales,0.574,1
SH1145640.08FU_UDB0672723_reps,Coniochaetales,Coniochaetales,0.0137,1
SH1234487.08FU_UDB0565186_reps,Coniochaetales,Coniochaetales,0.183,1
SH1234473.08FU_JQ904603_refs,Coniochaetales,Coniochaetales,0.595,1
SH1234482.08FU_KX908962_reps,Coniochaetales,Coniochaetales,0.491,1
SH1234472.08FU_AY945807_refs,Coniochaetales,Coniochaetales,0.354,1
SH1144349.08FU_KF412337_reps,Sordariales,Sordariales,0.0694,1
SH1178842.08FU_JN890448_reps,Sordariales,Sordariales,0.0315,1
SH2602399.08FU_UDB054492_reps,Sordariales,NA,0.0,0
SH1179345.08FU_UDB098808_reps,Sordariales,Sordariales,0.026,1
SH1215851.08FU_MT832967_reps,Sordariales,Sordariales,0.597,1
SH2613633.08FU_UDB0417697_reps,Sordariales,Sordariales,0.0121,1
SH1215816.08FU_FM955449_refs,Sordariales,Sordariales,0.0315,1
SH1215838.08FU_KJ443265_reps,Sordariales,Sordariales,0.0579,1
SH2614282.08FU_UDB0481620_reps,Sordariales,NA,0.0,0
SH1238825.08FU_DQ421238_reps,Sordariales,Sordariales,0.0207,1
SH1187771.08FU_KF618062_reps,Sordariales,Sordariales,0.418,1
SH1179341.08FU_JX042926_reps,Sordariales,Sordariales,0.0315,1
SH1194550.08FU_JN802326_reps,Sordariales,Sordariales,0.0315,1
SH1234517.08FU_MF971598_reps,Sordariales,NA,0.0,0
SH1215821.08FU_KX976657_refs,Sordariales,Sordariales,0.0579,1
SH1194543.08FU_EF197065_reps,Sordariales,Sordariales,0.0604,1
SH1247168.08FU_MH863030_reps,Sordariales,Sordariales,0.0604,1
SH1215814.08FU_JF412017_refs,Sordariales,Sordariales,0.0575,1
SH1156498.08FU_AB986410_reps,Sordariales,Sordariales,0.0604,1
SH1171266.08FU_HQ829350_reps,Sordariales,Sordariales,0.0315,1
SH1186340.08FU_UDB0155098_reps,Sordariales,Sordariales,0.0122,1
SH1176835.08FU_FM955448_refs,Sordariales,Sordariales,0.0664,1
SH1178595.08FU_AB572295_reps,Sordariales,Sordariales,0.0432,1
SH1143531.08FU_HG937013_reps,Sordariales,Sordariales,0.0308,1
SH2611867.08FU_UDB0580534_reps,Sordariales,NA,0.0,0
SH2616776.08FU_UDB0575887_reps,Sordariales,NA,0.0,0
SH2605525.08FU_UDB0673632_reps,Sordariales,NA,0.0,0
SH1237066.08FU_KF466876_reps,Sordariales,Sordariales,0.0314,1
SH2592816.08FU_MK793843_reps,Sordariales,Sordariales,0.503,1
SH2603548.08FU_UDB0232244_reps,Sordariales,NA,0.0,0
SH1185114.08FU_KM484942_reps,Sordariales,Sordariales,0.0315,1
SH1215738.08FU_HM365253_refs,Sordariales,Sordariales,0.949,1
SH1150262.08FU_UDB0752578_reps,Sordariales,Sordariales,0.0114,1
SH1142226.08FU_GQ922521_refs,Sordariales,Sordariales,0.789,1
SH2611251.08FU_UDB0300895_reps,Sordariales,Sordariales,0.349,1
SH1237062.08FU_LC271347_reps,Sordariales,Sordariales,0.0298,1
SH2592095.08FU_MH860102_reps,Sordariales,Sordariales,0.0604,1
SH2611919.08FU_UDB0520782_reps,Sordariales,NA,0.0,0
SH1194552.08FU_UDB092932_reps,Sordariales,Sordariales,0.0333,1
SH1215825.08FU_UDB0769293_reps,Sordariales,Sordariales,0.0313,1
SH1215813.08FU_MG250467_reps,Sordariales,Sordariales,0.786,1
SH3566415.08FU_MT410501_reps,Sordariales,NA,0.0,0
SH1156290.08FU_KC759492_reps,Sordariales,Sordariales,0.0315,1
SH2618692.08FU_UDB0699925_reps,Sordariales,NA,0.0,0
SH1176837.08FU_KP878307_reps,Sordariales,Sordariales,0.0604,1
SH1189391.08FU_MF083163_reps,Sordariales,Sordariales,0.0684,1
SH1178134.08FU_KT289940_reps,Sordariales,Sordariales,0.0315,1
SH1237448.08FU_MK926837_refs,Sordariales,Sordariales,0.0579,1
SH2604724.08FU_UDB0625463_reps,Sordariales,NA,0.0,0
SH1150907.08FU_KJ767125_reps,Sordariales,Sordariales,0.0579,1
SH2609943.08FU_UDB0249029_reps,Sordariales,Sordariales,0.0988,1
SH1215830.08FU_KP101210_reps,Sordariales,Sordariales,0.0579,1
SH1215781.08FU_KX976687_refs,Sordariales,Sordariales,0.0579,1
SH1215770.08FU_AB625584_refs,Sordariales,Sordariales,0.0559,1
SH1215829.08FU_JF412016_refs,Sordariales,Sordariales,0.363,1
SH1178591.08FU_JQ769268_reps,Sordariales,Sordariales,0.041,1
SH1168797.08FU_KM652158_reps,Hypocreales,Hypocreales,0.0744,1
SH3565410.08FU_MN872843_reps,Hypocreales,NA,0.0,0
SH3566987.08FU_MT153949_reps,Hypocreales,NA,0.0,0
SH1160134.08FU_UDB035185_reps,Hypocreales,Hypocreales,0.0744,1
SH1237872.08FU_JN190871_refs,Hypocreales,Hypocreales,0.0878,1
SH1156600.08FU_KX788198_reps,Hypocreales,Hypocreales,0.0569,1
SH1188981.08FU_HQ107990_reps,Hypocreales,Hypocreales,0.0315,1
SH2591947.08FU_UDB039474_reps,Hypocreales,Hypocreales,0.744,1
SH1157883.08FU_U80610_reps,Hypocreales,Hypocreales,0.0698,1
SH2611025.08FU_UDB0611666_reps,Hypocreales,NA,0.0,0
SH1171721.08FU_MK936050_reps,Hypocreales,NA,0.0,0
SH1169004.08FU_MT033092_reps,Hypocreales,Hypocreales,0.927,1
SH1152953.08FU_AY254161_reps,Hypocreales,Hypocreales,0.072,1
SH1143447.08FU_KJ022009_reps,Hypocreales,Hypocreales,0.0878,1
SH1169836.08FU_AJ557074_reps,Hypocreales,Hypocreales,0.0698,1
SH1183168.08FU_MH532880_reps,Hypocreales,Hypocreales,0.0406,1
SH1144358.08FU_MG826968_reps,Hypocreales,Hypocreales,0.0543,1
SH1169514.08FU_AY624191_refs,Hypocreales,Hypocreales,0.0698,1
SH1156616.08FU_AJ786589_reps,Hypocreales,Hypocreales,0.05,1
SH1245309.08FU_LC585364_reps,Hypocreales,Hypocreales,0.838,1
SH1173642.08FU_JF832665_refs,Hypocreales,Hypocreales,0.859,1
SH1183126.08FU_KF669512_reps,Hypocreales,Hypocreales,0.0284,1
SH1181282.08FU_KU845988_refs,Hypocreales,Hypocreales,0.736,1
SH1173659.08FU_AY428793_reps,Hypocreales,Hypocreales,0.783,1
SH1188047.08FU_MK652834_reps,Hypocreales,Hypocreales,0.953,1
SH1188192.08FU_GQ255684_reps,Hypocreales,Hypocreales,0.958,1
SH1181683.08FU_UDB0256650_reps,Hypocreales,Hypocreales,0.0111,1
SH1173829.08FU_GU723756_reps,Hypocreales,Hypocreales,0.0744,1
SH1173708.08FU_AJ131324_reps,Hypocreales,Hypocreales,0.711,1
SH1182778.08FU_KC479758_refs,Hypocreales,Hypocreales,0.0878,1
SH1209352.08FU_KP306955_reps,Hypocreales,Hypocreales,0.0677,1
SH1161419.08FU_MH268016_reps,Hypocreales,Hypocreales,0.704,1
SH1169326.08FU_AB968411_reps,Hypocreales,Hypocreales,0.0728,1
SH1177930.08FU_JN942623_reps,Hypocreales,Hypocreales,0.0744,1
SH1179831.08FU_FJ552924_reps,Hypocreales,Hypocreales,0.309,1
SH1238876.08FU_KX908831_reps,Hypocreales,Hypocreales,0.0666,1
SH1239218.08FU_MT153648_reps,Hypocreales,Hypocreales,0.0413,1
SH1185584.08FU_UDB0418755_reps,Hypocreales,Hypocreales,0.0652,1
SH1186717.08FU_HQ003926_reps,Hypocreales,Hypocreales,0.802,1
SH1212060.08FU_MH864910_reps,Hypocreales,Hypocreales,0.695,1
SH1143450.08FU_FN812830_reps,Hypocreales,Hypocreales,0.0878,1
SH1143429.08FU_MG826989_refs,Hypocreales,Hypocreales,0.222,1
SH1237673.08FU_AJ786598_refs,Hypocreales,Hypocreales,0.0744,1
SH1173687.08FU_MG231960_reps,Hypocreales,Hypocreales,0.933,1
SH1159952.08FU_FM986798_refs,Hypocreales,Hypocreales,0.89,1
SH1186851.08FU_MG835711_reps,Hypocreales,Hypocreales,0.0672,1
SH1173594.08FU_EU926229_refs,Hypocreales,Hypocreales,0.952,1
SH1161309.08FU_MF175998_reps,Hypocreales,Hypocreales,0.719,1
SH1161205.08FU_MF176006_reps,Hypocreales,Hypocreales,0.704,1
SH1169505.08FU_EU280093_refs,Hypocreales,Hypocreales,0.74,1
SH1177522.08FU_UDB0575691_reps,Hypocreales,Hypocreales,0.934,1
SH1194439.08FU_JN006744_refs,Hypocreales,Hypocreales,0.0847,1
SH1173592.08FU_HQ897828_refs,Hypocreales,Hypocreales,0.893,1
SH1173637.08FU_HM626661_refs,Hypocreales,Hypocreales,0.806,1
SH1188135.08FU_MH285032_reps,Hypocreales,Hypocreales,0.904,1
SH1160501.08FU_JQ905686_reps,Hypocreales,Hypocreales,0.0626,1
SH1177378.08FU_HM195305_refs,Hypocreales,Hypocreales,0.659,1
SH1187903.08FU_MK870658_reps,Hypocreales,Hypocreales,0.931,1
SH1177385.08FU_JN049872_reps,Hypocreales,Hypocreales,0.0552,1
SH1177913.08FU_JN049828_reps,Hypocreales,Hypocreales,0.756,1
SH1186018.08FU_KX821730_reps,Hypocreales,Hypocreales,0.217,1
SH1188015.08FU_MH268138_reps,Hypocreales,Hypocreales,0.885,1
SH1188110.08FU_UDB0466704_reps,Hypocreales,Hypocreales,0.707,1
SH3569767.08FU_UDB0780714_reps,Hypocreales,dummy_order_Sympodiophora,0.0118,0
SH2613236.08FU_UDB0750438_reps,Hypocreales,Hypocreales,0.436,1
SH1143474.08FU_UDB0400661_reps,Hypocreales,Hypocreales,0.0368,1
SH1170567.08FU_HG965025_refs,Hypocreales,Hypocreales,0.506,1
SH1173668.08FU_JX372728_reps,Hypocreales,Hypocreales,0.946,1
SH1173727.08FU_HM162227_reps,Hypocreales,Hypocreales,0.876,1
SH1161418.08FU_MF175994_reps,Hypocreales,Hypocreales,0.719,1
SH1209356.08FU_UDB0765875_reps,Hypocreales,Hypocreales,0.0461,1
SH1173654.08FU_JF832628_reps,Hypocreales,Hypocreales,0.855,1
SH1183431.08FU_AF502638_reps,Hypocreales,Hypocreales,0.0691,1
SH1188164.08FU_JX416541_reps,Hypocreales,Hypocreales,0.892,1
SH1238703.08FU_HM559441_reps,Hypocreales,Hypocreales,0.0514,1
SH1182763.08FU_UDB0304218_reps,Hypocreales,Hypocreales,0.0152,1
SH1177388.08FU_MH400789_reps,Hypocreales,Hypocreales,0.9,1
SH1183454.08FU_KU382205_refs,Hypocreales,Hypocreales,0.0433,1
SH1188067.08FU_UDB0129993_reps,Hypocreales,Hypocreales,0.921,1
SH1184605.08FU_JX076962_reps,Hypocreales,Hypocreales,0.0867,1
SH1238087.08FU_HF546232_reps,Hypocreales,Hypocreales,0.0664,1
SH2593173.08FU_MN339643_reps,Hypocreales,Hypocreales,0.887,1
SH1188072.08FU_FJ860728_refs,Hypocreales,Hypocreales,0.883,1
SH1194451.08FU_KU382158_refs,Hypocreales,Hypocreales,0.643,1
SH1237484.08FU_AY590783_reps,Hypocreales,Hypocreales,0.667,1
SH1197563.08FU_AJ292394_refs,Hypocreales,Hypocreales,0.886,1
SH1197564.08FU_AJ292393_refs,Hypocreales,Hypocreales,0.914,1
SH1143443.08FU_MG826995_reps,Hypocreales,Hypocreales,0.398,1
SH1179862.08FU_KF777192_refs,Hypocreales,Hypocreales,0.0575,1
SH3565313.08FU_MK936056_reps,Hypocreales,NA,0.0,0
SH3567386.08FU_MN947220_reps,Hypocreales,NA,0.0,0
SH3568862.08FU_MW191783_reps,Hypocreales,Hypocreales,0.0732,1
SH1177377.08FU_KC603897_reps,Hypocreales,Hypocreales,0.652,1
SH1188071.08FU_FJ860782_refs,Hypocreales,Hypocreales,0.916,1
SH1188238.08FU_GU219469_reps,Hypocreales,Hypocreales,0.0868,1
SH1173588.08FU_AB587028_refs,Hypocreales,Hypocreales,0.937,1
SH1245294.08FU_AJ133393_reps,Hypocreales,Hypocreales,0.0698,1
SH1182750.08FU_KU059879_reps,Hypocreales,Hypocreales,0.0899,1
SH1237488.08FU_EU039882_reps,Hypocreales,Hypocreales,0.607,1
SH1177381.08FU_UDB035088_reps,Hypocreales,Hypocreales,0.69,1
SH1157468.08FU_AJ292416_refs,Hypocreales,Hypocreales,0.0598,1
SH1187412.08FU_EU409584_reps,Hypocreales,Hypocreales,0.0698,1
SH1181300.08FU_KU846157_refs,Hypocreales,Hypocreales,0.621,1
SH1175586.08FU_KC291746_refs,Hypocreales,Hypocreales,0.885,1
SH1183371.08FU_MH483783_reps,Hypocreales,Hypocreales,0.728,1
SH1194436.08FU_EU703910_refs,Hypocreales,Hypocreales,0.0888,1
SH1191915.08FU_KM231846_refs,Hypocreales,Hypocreales,0.0398,1
SH1184523.08FU_KM492887_refs,Hypocreales,Hypocreales,0.109,1
SH1183108.08FU_KX499262_reps,Hypocreales,Hypocreales,0.826,1
SH1143954.08FU_GQ924023_reps,Hypocreales,Hypocreales,0.0453,1
SH1237672.08FU_JX177457_reps,Hypocreales,Hypocreales,0.0593,1
SH1243362.08FU_MN947219_reps,Hypocreales,Hypocreales,0.0497,1
SH1242427.08FU_KP685596_reps,Hypocreales,Hypocreales,0.0569,1
SH1143428.08FU_MG826827_refs,Hypocreales,Hypocreales,0.404,1
SH1237873.08FU_JN190867_reps,Hypocreales,Hypocreales,0.0878,1
SH1183109.08FU_KU846314_refs,Hypocreales,Hypocreales,0.795,1
SH1234315.08FU_KU180485_reps,Hypocreales,Hypocreales,0.488,1
SH1202947.08FU_HQ331450_refs,Hypocreales,Hypocreales,0.952,1
SH1175197.08FU_MF408439_reps,Hypocreales,Hypocreales,0.9,1
SH2606823.08FU_UDB0399124_reps,Hypocreales,NA,0.0,0
SH1173650.08FU_KM231790_refs,Hypocreales,Hypocreales,0.085,1
SH1181280.08FU_EF568081_refs,Hypocreales,Hypocreales,0.931,1
SH1184168.08FU_MF784813_reps,Hypocreales,Hypocreales,0.776,1
SH1194447.08FU_EU073198_refs,Hypocreales,Hypocreales,0.0848,1
SH1237328.08FU_KJ371095_reps,Hypocreales,Hypocreales,0.885,1
SH1156588.08FU_AY245625_refs,Hypocreales,Hypocreales,0.93,1
SH1202967.08FU_AY882946_refs,Hypocreales,Hypocreales,0.395,1
SH1188057.08FU_FJ860829_refs,Hypocreales,Hypocreales,0.0899,1
SH1181148.08FU_U51982_refs,Hypocreales,Hypocreales,0.716,1
SH1157146.08FU_AJ309363_reps,Hypocreales,Hypocreales,0.0744,1
SH1212128.08FU_UDB0769687_reps,Hypocreales,Hypocreales,0.762,1
SH2604257.08FU_UDB083398_reps,Hypocreales,NA,0.0,0
SH1157465.08FU_AJ292419_refs,Hypocreales,Hypocreales,0.064,1
SH1143445.08FU_KF296928_reps,Hypocreales,Hypocreales,0.3,1
SH2602710.08FU_UDB0640386_reps,Hypocreales,Hypocreales,0.0108,1
SH1212034.08FU_AY078112_refs,Hypocreales,Hypocreales,0.958,1
SH1156579.08FU_AJ292385_refs,Hypocreales,Hypocreales,0.9,1
SH1183458.08FU_HE608634_refs,Hypocreales,Hypocreales,0.023,1
SH1177915.08FU_MF623034_reps,Hypocreales,Hypocreales,0.0744,1
SH1143426.08FU_MH858848_refs,Hypocreales,Hypocreales,0.47,1
SH1209628.08FU_MF942895_reps,Hypocreales,Hypocreales,0.0623,1
SH1237216.08FU_UDB0385737_reps,Hypocreales,Hypocreales,0.066,1
SH2601711.08FU_UDB044576_reps,Hypocreales,Hypocreales,0.389,1
SH1183117.08FU_AB925928_reps,Hypocreales,Hypocreales,0.0671,1
SH1157888.08FU_MK874907_reps,Hypocreales,Hypocreales,0.0698,1
SH1181154.08FU_JX156018_reps,Hypocreales,Hypocreales,0.663,1
SH2607412.08FU_UDB0165196_reps,Hypocreales,NA,0.0,0
SH1235908.08FU_UDB035406_reps,Hypocreales,Hypocreales,0.0698,1
SH1197566.08FU_AB604003_refs,Hypocreales,Hypocreales,0.622,1
SH1188225.08FU_UDB0755708_reps,Hypocreales,Hypocreales,0.728,1
SH1173649.08FU_MW215865_reps,Hypocreales,Hypocreales,0.0793,1
SH3567729.08FU_MH532843_reps,Hypocreales,Hypocreales,0.582,1
SH1160047.08FU_UDB028371_reps,Hypocreales,Hypocreales,0.0728,1
SH1169833.08FU_AJ605994_reps,Hypocreales,Hypocreales,0.0698,1
SH1183426.08FU_KP131531_refs,Hypocreales,Hypocreales,0.935,1
SH1182833.08FU_KP828187_reps,Hypocreales,Hypocreales,0.0465,1
SH1212050.08FU_KP903473_reps,Hypocreales,Hypocreales,0.934,1
SH1182831.08FU_KT995702_reps,Hypocreales,Hypocreales,0.0512,1
SH1188033.08FU_JF439479_reps,Hypocreales,Hypocreales,0.0899,1
SH2595736.08FU_MN176345_reps,Hypocreales,Hypocreales,0.691,1
SH1197568.08FU_MF967422_reps,Hypocreales,Hypocreales,0.847,1
SH1181285.08FU_KU846735_refs,Hypocreales,Hypocreales,0.791,1
SH1173665.08FU_JF832597_refs,Hypocreales,Hypocreales,0.809,1
SH1169507.08FU_UDB0780333_reps,Hypocreales,Hypocreales,0.632,1
SH1173661.08FU_KU325171_reps,Hypocreales,Hypocreales,0.0823,1
SH1173608.08FU_HQ897796_refs,Hypocreales,Hypocreales,0.949,1
SH2593321.08FU_MH795084_reps,Hypocreales,Hypocreales,0.0614,1
SH1183436.08FU_JF728251_reps,Hypocreales,Hypocreales,0.864,1
SH3209413.08FU_HE608910_reps,Hypocreales,Hypocreales,0.0899,1
SH1188034.08FU_MG437398_reps,Hypocreales,Hypocreales,0.491,1
SH1155538.08FU_DQ993628_reps,Hypocreales,Hypocreales,0.0878,1
SH1239000.08FU_KM231856_reps,Hypocreales,Hypocreales,0.023,1
SH1173631.08FU_HQ897819_refs,Hypocreales,Hypocreales,0.655,1
SH1152958.08FU_UDB0630106_reps,Hypocreales,Hypocreales,0.0138,1
SH1169035.08FU_MT236834_reps,Hypocreales,Hypocreales,0.025,1
SH1184597.08FU_JQ403308_refs,Hypocreales,Hypocreales,0.652,1
SH1156606.08FU_MT356073_reps,Hypocreales,Hypocreales,0.599,1
SH1184596.08FU_HM364294_reps,Hypocreales,Hypocreales,0.769,1
SH1194456.08FU_UDB0778309_reps,Hypocreales,Hypocreales,0.542,1
SH2593320.08FU_MH795091_refs,Hypocreales,Hypocreales,0.147,1
SH1175503.08FU_MH862151_refs,Hypocreales,Hypocreales,0.0899,1
SH1212120.08FU_KM231784_reps,Hypocreales,Hypocreales,0.755,1
SH1188075.08FU_UDB0637354_reps,Hypocreales,Hypocreales,0.0767,1
SH1179861.08FU_KU846152_refs,Hypocreales,Hypocreales,0.0379,1
SH1175196.08FU_KY966036_reps,Hypocreales,Hypocreales,0.952,1
SH1194459.08FU_JQ666502_refs,Hypocreales,Hypocreales,0.0791,1
SH3566606.08FU_MN597423_reps,Hypocreales,NA,0.0,0
SH3566661.08FU_MT293602_reps,Hypocreales,Hypocreales,0.782,1
SH1173604.08FU_AB586997_refs,Hypocreales,Hypocreales,0.905,1
SH3569647.08FU_UDB0780342_reps,Hypocreales,NA,0.0,0
SH3569791.08FU_UDB0780976_reps,Hypocreales,NA,0.0,0
SH1182824.08FU_FN706542_refs,Hypocreales,Hypocreales,0.0293,1
SH1183367.08FU_AY624193_refs,Hypocreales,Hypocreales,0.708,1
SH1152950.08FU_MG250390_reps,Hypocreales,Hypocreales,0.0606,1
SH1143425.08FU_HQ843767_refs,Hypocreales,Hypocreales,0.888,1
SH1188050.08FU_FJ860739_refs,Hypocreales,Hypocreales,0.617,1
SH1188979.08FU_HF680236_refs,Hypocreales,Hypocreales,0.0549,1
SH2609617.08FU_UDB0236617_reps,Hypocreales,NA,0.0,0
SH1156596.08FU_KT728708_refs,Hypocreales,Hypocreales,0.855,1
SH1156618.08FU_DQ342253_reps,Hypocreales,Hypocreales,0.654,1
SH1238877.08FU_HQ897798_refs,Hypocreales,Hypocreales,0.0878,1
SH1184527.08FU_KM492889_reps,Hypocreales,Hypocreales,0.0989,1
SH1237001.08FU_KX022396_reps,Hypocreales,Hypocreales,0.0612,1
SH1177383.08FU_KC011177_reps,Hypocreales,Hypocreales,0.0699,1
SH1202977.08FU_HQ871963_reps,Hypocreales,Hypocreales,0.0566,1
SH2593867.08FU_MK039704_reps,Hypocreales,Hypocreales,0.733,1
SH1180422.08FU_DQ365850_reps,Hypocreales,Hypocreales,0.0698,1
SH1209355.08FU_UDB0192908_reps,Hypocreales,Hypocreales,0.0426,1
SH1194450.08FU_EU703933_reps,Hypocreales,Hypocreales,0.0899,1
SH1190764.08FU_KX243301_reps,Hypocreales,Hypocreales,0.0878,1
SH1190973.08FU_AB540580_refs,Hypocreales,Hypocreales,0.192,1
SH1162569.08FU_FJ389931_refs,Hypocreales,Hypocreales,0.476,1
SH1234328.08FU_MG230251_reps,Hypocreales,Hypocreales,0.0427,1
SH1234330.08FU_KP235249_reps,Hypocreales,Hypocreales,0.0661,1
SH1182748.08FU_KM231829_refs,Hypocreales,Hypocreales,0.871,1
SH1191907.08FU_MG826981_reps,Hypocreales,Hypocreales,0.0593,1
SH1188228.08FU_KY607535_refs,Hypocreales,Hypocreales,0.511,1
SH1194453.08FU_UDB025323_reps,Hypocreales,Hypocreales,0.587,1
SH1234320.08FU_AJ537577_reps,Hypocreales,Hypocreales,0.0698,1
SH1169529.08FU_UDB006020_reps,Hypocreales,Hypocreales,0.849,1
SH1155560.08FU_JF311937_reps,Hypocreales,Hypocreales,0.529,1
SH1177373.08FU_MT078880_reps,Hypocreales,Hypocreales,0.0698,1
SH1170201.08FU_GU322439_reps,Xylariales,Xylariales,0.819,1
SH2602205.08FU_UDB0463732_reps,Xylariales,Xylariales,0.0101,1
SH1170197.08FU_FJ425669_reps,Xylariales,Xylariales,0.0732,1
SH1179125.08FU_MT184036_reps,Xylariales,Xylariales,0.0586,1
SH1173565.08FU_MH107928_refs,Xylariales,Xylariales,0.0732,1
SH1170150.08FU_KR348863_reps,Xylariales,Xylariales,0.665,1
SH1171298.08FU_UDB0749753_reps,Xylariales,Xylariales,0.0284,1
SH1179118.08FU_EU686195_reps,Xylariales,Xylariales,0.0681,1
SH1178458.08FU_KU683937_reps,Xylariales,Xylariales,0.954,1
SH1144322.08FU_KU684017_reps,Xylariales,Xylariales,0.908,1
SH1169486.08FU_MT672556_reps,Xylariales,Xylariales,0.652,1
SH1157001.08FU_KC968921_reps,Xylariales,Xylariales,0.0732,1
SH1158527.08FU_UDB039642_reps,Xylariales,Xylariales,0.0732,1
SH1177627.08FU_KP004463_refs,Xylariales,Xylariales,0.783,1
SH1237193.08FU_KY950245_reps,Xylariales,Xylariales,0.413,1
SH1180995.08FU_JN225910_reps,Xylariales,Xylariales,0.0732,1
SH1184183.08FU_AB297798_reps,Xylariales,Xylariales,0.0598,1
SH1184899.08FU_KU512695_reps,Xylariales,Xylariales,0.25,1
SH2591570.08FU_LC428835_reps,Xylariales,Xylariales,0.0686,1
SH1198308.08FU_UDB0572813_reps,Xylariales,Xylariales,0.0865,1
SH1144305.08FU_KY610395_refs,Xylariales,Xylariales,0.893,1
SH1178475.08FU_JQ760548_reps,Xylariales,Xylariales,0.053,1
SH1214998.08FU_FJ425699_reps,Xylariales,Xylariales,0.0729,1
SH1213421.08FU_JX139580_reps,Xylariales,Xylariales,0.0589,1
SH1179485.08FU_KP858999_refs,Xylariales,Xylariales,0.342,1
SH1194253.08FU_AM922220_reps,Xylariales,Xylariales,0.0679,1
SH1170175.08FU_EU010005_reps,Xylariales,Xylariales,0.82,1
SH1170384.08FU_HE599284_refs,Xylariales,Xylariales,0.613,1
SH1214789.08FU_MN634086_reps,Xylariales,Xylariales,0.898,1
SH1214834.08FU_FJ478107_refs,Xylariales,Xylariales,0.0732,1
SH1190041.08FU_FR715522_refs,Xylariales,Diaporthales,0.0212,0
SH1149841.08FU_AB449096_reps,Xylariales,Xylariales,0.575,1
SH1168514.08FU_MG490196_reps,Xylariales,Xylariales,0.367,1
SH1170170.08FU_KP133320_reps,Xylariales,Xylariales,0.0666,1
SH1142303.08FU_KT366012_reps,Xylariales,Xylariales,0.0652,1
SH1170215.08FU_JQ760608_reps,Xylariales,Xylariales,0.0732,1
SH1143818.08FU_KY853430_refs,Xylariales,Xylariales,0.0732,1
SH1171295.08FU_GU324761_refs,Xylariales,Xylariales,0.0732,1
SH1170277.08FU_MN655980_reps,Xylariales,Xylariales,0.0362,1
SH1170210.08FU_DQ322154_reps,Xylariales,Xylariales,0.0732,1
SH1170223.08FU_AB524030_reps,Xylariales,Xylariales,0.0732,1
SH1170217.08FU_KU837767_reps,Xylariales,Xylariales,0.737,1
SH1181044.08FU_JN979429_refs,Xylariales,Xylariales,0.0732,1
SH1179112.08FU_UDB035333_reps,Xylariales,Xylariales,0.0732,1
SH1156415.08FU_KF893286_refs,Xylariales,Xylariales,0.0691,1
SH1186266.08FU_MH854724_refs,Xylariales,Xylariales,0.0907,1
SH1186804.08FU_KU977535_reps,Xylariales,Xylariales,0.0586,1
SH1236941.08FU_KU246226_reps,Xylariales,Xylariales,0.0732,1
SH1237388.08FU_EU179866_reps,Xylariales,Xylariales,0.0727,1
SH1185318.08FU_KP133545_reps,Xylariales,Xylariales,0.0732,1
SH1170172.08FU_AY572970_reps,Xylariales,Xylariales,0.661,1
SH1170191.08FU_MK229147_reps,Xylariales,Xylariales,0.733,1
SH1170208.08FU_MF773662_reps,Xylariales,Xylariales,0.836,1
SH1190469.08FU_FJ746656_reps,Xylariales,Xylariales,0.845,1
SH1144312.08FU_KR348862_reps,Xylariales,Xylariales,0.0732,1
SH2596080.08FU_MF495471_reps,Xylariales,Xylariales,0.856,1
SH1144299.08FU_JX658488_refs,Xylariales,Xylariales,0.95,1
SH1169479.08FU_MT076169_reps,Xylariales,Xylariales,0.577,1
SH1177628.08FU_KC005785_refs,Xylariales,Xylariales,0.871,1
SH1191718.08FU_MF488994_refs,Xylariales,Xylariales,0.0423,1
SH1170153.08FU_MT997270_reps,Xylariales,Xylariales,0.509,1
SH1213410.08FU_FJ185308_refs,Xylariales,Xylariales,0.93,1
SH1187545.08FU_UDB035328_reps,Xylariales,Xylariales,0.0732,1
SH1170205.08FU_MT496746_reps,Xylariales,Xylariales,0.794,1
SH1172069.08FU_MT133273_reps,Xylariales,Xylariales,0.31,1
SH1237188.08FU_MT373363_reps,Xylariales,Xylariales,0.278,1
SH1173981.08FU_FM209438_refs,Xylariales,Xylariales,0.0732,1
SH2592692.08FU_MH822986_reps,Xylariales,Xylariales,0.375,1
SH1178529.08FU_JQ761022_reps,Xylariales,Xylariales,0.0732,1
SH1237184.08FU_DQ278919_refs,Xylariales,Xylariales,0.646,1
SH1238975.08FU_DQ480352_reps,Xylariales,Xylariales,0.0732,1
SH1149842.08FU_FJ527866_reps,Xylariales,Xylariales,0.0732,1
SH1189062.08FU_DQ641634_reps,Xylariales,Xylariales,0.0732,1
SH1232349.08FU_KC774570_refs,Xylariales,Xylariales,0.556,1
SH1189563.08FU_AB670715_reps,Xylariales,Xylariales,0.0657,1
SH1181950.08FU_AB670712_reps,Xylariales,Xylariales,0.0685,1
SH1179103.08FU_JF773601_reps,Xylariales,Xylariales,0.256,1
SH1156997.08FU_AJ390396_refs,Xylariales,Xylariales,0.0732,1
SH1215657.08FU_KC968933_refs,Xylariales,Xylariales,0.0732,1
SH1170178.08FU_MG980587_reps,Xylariales,Xylariales,0.871,1
SH1170173.08FU_JN977612_reps,Xylariales,Xylariales,0.0682,1
SH1178348.08FU_AF232876_reps,Xylariales,Diaporthales,0.423,0
SH1192063.08FU_KM462835_refs,Xylariales,Xylariales,0.0732,1
SH1191294.08FU_MH558304_reps,Xylariales,Xylariales,0.0732,1
SH1146418.08FU_JQ760644_reps,Xylariales,Xylariales,0.0732,1
SH1170306.08FU_MG437400_reps,Xylariales,Xylariales,0.707,1
SH1214783.08FU_MF359639_reps,Xylariales,Xylariales,0.0648,1
SH1178532.08FU_KT588461_reps,Xylariales,Xylariales,0.0732,1
SH1179475.08FU_AB586986_refs,Xylariales,Xylariales,0.912,1
SH1172068.08FU_AM749923_refs,Xylariales,Xylariales,0.481,1
SH1156312.08FU_KF435831_reps,Xylariales,Xylariales,0.0732,1
SH1182484.08FU_FJ172294_refs,Xylariales,Xylariales,0.811,1
SH1184897.08FU_KT000164_reps,Xylariales,Xylariales,0.589,1
SH1173561.08FU_JX014300_reps,Xylariales,Xylariales,0.0685,1
SH1213411.08FU_EU076971_refs,Xylariales,Xylariales,0.711,1
SH2592408.08FU_MK014871_reps,Xylariales,Xylariales,0.0355,1
SH2595905.08FU_MK088066_reps,Xylariales,Xylariales,0.0268,1
SH1182485.08FU_UDB0750561_reps,Xylariales,Xylariales,0.738,1
SH1144675.08FU_JN225901_reps,Xylariales,Xylariales,0.0496,1
SH1176683.08FU_KP689106_reps,Xylariales,Xylariales,0.0732,1
SH2593050.08FU_MG735251_reps,Xylariales,Xylariales,0.795,1
SH1171294.08FU_JQ760382_reps,Xylariales,Xylariales,0.0732,1
SH1173562.08FU_MH857921_reps,Xylariales,Xylariales,0.0677,1
SH1237639.08FU_UDB0747212_reps,Xylariales,Xylariales,0.0869,1
SH1181086.08FU_MW090860_reps,Xylariales,Xylariales,0.803,1
SH1190486.08FU_AY684220_reps,Xylariales,Xylariales,0.835,1
SH1191714.08FU_MH374419_reps,Xylariales,Xylariales,0.0732,1
SH1179101.08FU_JQ760650_reps,Xylariales,Xylariales,0.0732,1
SH1144298.08FU_JN116670_reps,Xylariales,Xylariales,0.0688,1
SH1177630.08FU_MH128360_reps,Xylariales,Xylariales,0.224,1
SH1181094.08FU_KY290851_reps,Xylariales,Xylariales,0.618,1
SH1179495.08FU_HE579300_reps,Xylariales,Xylariales,0.0271,1
SH1149362.08FU_DQ223756_refs,Xylariales,Xylariales,0.0732,1
SH2598647.08FU_UDB0630668_reps,Xylariales,NA,0.0,0
SH1184864.08FU_KC537804_refs,Xylariales,Xylariales,0.484,1
SH1170118.08FU_EU686018_reps,Xylariales,Xylariales,0.0729,1
SH1169171.08FU_KF144909_refs,Xylariales,Xylariales,0.468,1
SH1178484.08FU_JQ760769_reps,Xylariales,Xylariales,0.0732,1
SH1144309.08FU_KC968911_refs,Xylariales,Xylariales,0.0732,1
SH1170234.08FU_EU685995_reps,Xylariales,Xylariales,0.768,1
SH1146419.08FU_LC128389_reps,Xylariales,Xylariales,0.0732,1
SH1246367.08FU_JQ862691_reps,Xylariales,Xylariales,0.0732,1
SH3566685.08FU_MN341824_reps,Xylariales,NA,0.0,0
SH1170230.08FU_KY250410_reps,Xylariales,Xylariales,0.0732,1
SH3568233.08FU_MN153856_reps,Xylariales,Xylariales,0.0156,1
SH1177646.08FU_KU500020_reps,Xylariales,Xylariales,0.306,1
SH1170219.08FU_KP133521_reps,Xylariales,Xylariales,0.582,1
SH1194838.08FU_KX013159_reps,Xylariales,Xylariales,0.21,1
SH1179102.08FU_HG934112_reps,Xylariales,Xylariales,0.0694,1
SH1177597.08FU_JQ905737_reps,Xylariales,Xylariales,0.0728,1
SH1170206.08FU_KF719196_reps,Xylariales,Xylariales,0.431,1
SH1189564.08FU_MH268154_reps,Xylariales,Xylariales,0.0682,1
SH1170326.08FU_KM357295_reps,Xylariales,Xylariales,0.749,1
SH1242277.08FU_UDB0379221_reps,Xylariales,Xylariales,0.0616,1
SH1198325.08FU_UDB0761412_reps,Xylariales,Xylariales,0.0491,1
SH1171296.08FU_KM067909_reps,Xylariales,Xylariales,0.0732,1
SH1247554.08FU_KC775752_reps,Xylariales,Xylariales,0.0279,1
SH1144315.08FU_MF663584_reps,Xylariales,Xylariales,0.215,1
SH1189218.08FU_KC131260_reps,Xylariales,Xylariales,0.0654,1
SH1151956.08FU_KR534674_reps,Xylariales,Xylariales,0.0729,1
SH1169481.08FU_KY494743_refs,Xylariales,Xylariales,0.0412,1
SH1170193.08FU_KP184329_reps,Xylariales,Xylariales,0.0732,1
SH1184878.08FU_KP133178_reps,Xylariales,Xylariales,0.234,1
SH1232347.08FU_KC774610_refs,Xylariales,Xylariales,0.278,1
SH1170298.08FU_AY909020_reps,Xylariales,Xylariales,0.787,1
SH1188365.08FU_KY853479_refs,Xylariales,Xylariales,0.0232,1
SH1186841.08FU_KX090078_reps,Xylariales,Xylariales,0.0732,1
SH1143898.08FU_FM209453_refs,Xylariales,Xylariales,0.0732,1
SH1171206.08FU_JQ009321_refs,Xylariales,Xylariales,0.0732,1
SH1169046.08FU_KT949910_refs,Xylariales,Xylariales,0.0279,1
SH1177645.08FU_JX338325_reps,Xylariales,Xylariales,0.611,1
SH2592645.08FU_MG934441_reps,Magnaporthales,Magnaporthales,0.0474,1
SH1211573.08FU_KM484842_refs,Magnaporthales,Magnaporthales,0.0474,1
SH1211591.08FU_MF971509_reps,Magnaporthales,Magnaporthales,0.0314,1
SH1187162.08FU_KF436089_reps,Magnaporthales,Magnaporthales,0.0371,1
SH1190078.08FU_MH862217_reps,Magnaporthales,Magnaporthales,0.703,1
SH2596339.08FU_MK487758_refs,Magnaporthales,Magnaporthales,0.0474,1
SH1211553.08FU_KM484845_refs,Magnaporthales,Magnaporthales,0.86,1
SH1211566.08FU_JX134666_refs,Magnaporthales,Magnaporthales,0.0472,1
SH1211592.08FU_KP769841_refs,Magnaporthales,Magnaporthales,0.0474,1
SH1190074.08FU_AB274434_reps,Magnaporthales,Magnaporthales,0.0474,1
SH1211568.08FU_JX134674_refs,Magnaporthales,Magnaporthales,0.0474,1
SH1173836.08FU_MH795815_reps,Magnaporthales,Magnaporthales,0.0474,1
SH1169135.08FU_MF971531_reps,Magnaporthales,Magnaporthales,0.0123,1
SH2606810.08FU_UDB0166351_reps,Chaetosphaeriales,NA,0.0,0
SH1153714.08FU_EU825197_reps,Chaetosphaeriales,Chaetosphaeriales,0.533,1
SH1153697.08FU_HM997125_reps,Chaetosphaeriales,Chaetosphaeriales,0.0419,1
SH1185697.08FU_UDB0174447_reps,Chaetosphaeriales,Chaetosphaeriales,0.0115,1
SH1156042.08FU_JQ889273_refs,Chaetosphaeriales,Chaetosphaeriales,0.0451,1
SH2591906.08FU_MH863736_reps,Chaetosphaeriales,Chaetosphaeriales,0.0419,1
SH1153680.08FU_KX609956_refs,Chaetosphaeriales,Chaetosphaeriales,0.0419,1
SH1149172.08FU_AF178546_reps,Chaetosphaeriales,Chaetosphaeriales,0.0419,1
SH1153722.08FU_KF359659_reps,Chaetosphaeriales,Chaetosphaeriales,0.0419,1
SH1178096.08FU_AB900868_reps,Chaetosphaeriales,Chaetosphaeriales,0.627,1
SH2594289.08FU_MG195625_reps,Phyllachorales,Phyllachorales,0.109,1
SH1190685.08FU_MG837019_reps,Pleurotheciales,Sordariales,0.0186,0
SH1242199.08FU_UDB0568331_reps,Pleurotheciales,NA,0.0,0
SH1190690.08FU_MF399236_refs,Pleurotheciales,NA,0.0,0
SH3567678.08FU_MT555419_reps,Pleurotheciales,Sordariales,0.0109,0
SH1187414.08FU_KT278719_refs,Pleurotheciales,NA,0.0,0
SH1150363.08FU_JQ429159_refs,Pleurotheciales,NA,0.0,0
SH1158485.08FU_KT991667_refs,Myrmecridiales,Myrmecridiales,0.0695,1
SH2611829.08FU_UDB0327557_reps,Myrmecridiales,Myrmecridiales,0.265,1
SH2603843.08FU_UDB0260051_reps,Myrmecridiales,NA,0.0,0
SH2603709.08FU_UDB0607345_reps,Myrmecridiales,NA,0.0,0
SH2601990.08FU_UDB0404570_reps,Myrmecridiales,Myrmecridiales,0.061,1
SH2607653.08FU_UDB0173516_reps,Branch06,NA,0.0,0
SH3207316.08FU_MT633078_reps,Ophiostomatales,Ophiostomatales,0.0199,1
SH1154288.08FU_JQ292831_reps,Ophiostomatales,Ophiostomatales,0.627,1
SH1173752.08FU_JN944055_refs,Ophiostomatales,Ophiostomatales,0.682,1
SH1170363.08FU_KX590822_refs,Ophiostomatales,Ophiostomatales,0.0403,1
SH1170987.08FU_JN604447_reps,Ophiostomatales,Ophiostomatales,0.0466,1
SH1154297.08FU_HM031502_reps,Ophiostomatales,Ophiostomatales,0.0466,1
SH1236594.08FU_JQ292828_reps,Ophiostomatales,Ophiostomatales,0.0466,1
SH1224634.08FU_EU913706_reps,Ophiostomatales,Ophiostomatales,0.0466,1
SH1151694.08FU_AJ538335_refs,Ophiostomatales,Ophiostomatales,0.827,1
SH1154285.08FU_KU184455_refs,Ophiostomatales,Ophiostomatales,0.807,1
SH3567974.08FU_MT633053_reps,Ophiostomatales,NA,0.0,0
SH1177313.08FU_MT792234_reps,Ophiostomatales,Ophiostomatales,0.0466,1
SH1236892.08FU_GQ225698_reps,Ophiostomatales,Ophiostomatales,0.0466,1
SH1154286.08FU_HM031504_refs,Ophiostomatales,Ophiostomatales,0.534,1
SH1177311.08FU_KT362254_reps,Ophiostomatales,Ophiostomatales,0.0466,1
SH1225775.08FU_EU913721_refs,Ophiostomatales,Ophiostomatales,0.607,1
SH1236137.08FU_AY280489_refs,Ophiostomatales,Ophiostomatales,0.0466,1
SH1225767.08FU_KX590839_refs,Ophiostomatales,Ophiostomatales,0.711,1
SH1173822.08FU_HE866703_reps,Ophiostomatales,Ophiostomatales,0.0461,1
SH1173751.08FU_AB907598_reps,Ophiostomatales,Ophiostomatales,0.046,1
SH1225771.08FU_MT364280_reps,Ophiostomatales,Ophiostomatales,0.57,1
SH2591964.08FU_MH862160_reps,Ophiostomatales,Ophiostomatales,0.0466,1
SH1156093.08FU_JX444631_reps,Ophiostomatales,Ophiostomatales,0.0466,1
SH2592984.08FU_MW215778_reps,Conioscyphales,NA,0.0,0
SH1238220.08FU_KP734093_reps,Hypoceales,NA,0.0,0
SH2608518.08FU_UDB0327045_reps,Boliniales,NA,0.0,0
SH1144558.08FU_JX460988_refs,Boliniales,Boliniales,0.208,1
SH2603584.08FU_UDB0357612_reps,Boliniales,NA,0.0,0
SH1186858.08FU_KU999962_reps,Boliniales,Boliniales,0.166,1
SH2608521.08FU_UDB0198735_reps,Boliniales,NA,0.0,0
SH2606323.08FU_UDB0741532_reps,Annulatascales,NA,0.0,0
SH2606506.08FU_UDB0558996_reps,Annulatascales,NA,0.0,0
SH1143585.08FU_MH856788_reps,Annulatascales,Annulatascales,0.2,1
SH1196106.08FU_FJ362333_reps,Togniniales,Togniniales,0.567,1
SH1245843.08FU_MG386029_refs,Pararamichloridiales,NA,0.0,0
SH1152380.08FU_AY581919_reps,Lulworthiales,Lulworthiales,0.201,1
SH1185060.08FU_KP114313_reps,Lulworthiales,Lulworthiales,0.0411,1
SH1178717.08FU_JF831939_refs,Falcocladiales,NA,0.0,0
SH3565298.08FU_MN562108_reps,Falcocladiales,NA,0.0,0
SH1143862.08FU_KY853454_refs,Savoryellales,Savoryellales,0.175,1
SH1213632.08FU_HQ446360_reps,Savoryellales,Savoryellales,0.0345,1
SH1153189.08FU_MN061351_reps,Savoryellales,Savoryellales,0.187,1
SH3222931.08FU_HQ446352_reps,Savoryellales,NA,0.0,0
SH1159984.08FU_FJ588710_refs,Ostropales,Ostropales,0.119,1
SH2595365.08FU_MK811791_reps,Ostropales,Ostropales,0.113,1
SH1187107.08FU_UDB0398399_reps,Ostropales,Ostropales,0.0641,1
SH1175498.08FU_DQ401144_refs,Ostropales,Ostropales,0.908,1
SH1241104.08FU_HQ650713_reps,Ostropales,Ostropales,0.12,1
SH1243525.08FU_KY611899_reps,Ostropales,Ostropales,0.0959,1
SH1158567.08FU_MG386047_refs,Ostropales,Ostropales,0.0959,1
SH1156948.08FU_KT230859_reps,Ostropales,Ostropales,0.124,1
SH1143808.08FU_KX901726_reps,Ostropales,Ostropales,0.114,1
SH1147063.08FU_MK672828_reps,Lecanorales,Lecanorales,0.0738,1
SH1149260.08FU_DQ279499_reps,Lecanorales,Lecanorales,0.143,1
SH2593259.08FU_MH048610_refs,Lecanorales,Lecanorales,0.125,1
SH3565435.08FU_MN587007_reps,Lecanorales,Lecanorales,0.785,1
SH3565436.08FU_MN587003_reps,Lecanorales,Lecanorales,0.769,1
SH2596010.08FU_MK672829_reps,Lecanorales,Lecanorales,0.0793,1
SH3567188.08FU_MN483117_reps,Lecanorales,Lecanorales,0.0144,1
SH3567782.08FU_MN954832_reps,Lecanorales,Lecanorales,0.636,1
SH3567784.08FU_MN954851_reps,Lecanorales,Lecanorales,0.307,1
SH3568280.08FU_MN811295_reps,Lecanorales,Lecanorales,0.044,1
SH3568275.08FU_MN811320_reps,Lecanorales,Lecanorales,0.0292,1
SH1236470.08FU_DQ396959_reps,Lecanorales,Lecanorales,0.518,1
SH1176298.08FU_HM016980_reps,Lecanorales,Lecanorales,0.755,1
SH1176322.08FU_MG692832_reps,Lecanorales,Lecanorales,0.9,1
SH1176073.08FU_AB051643_refs,Lecanorales,Lecanorales,0.904,1
SH1176461.08FU_KY021916_refs,Lecanorales,Lecanorales,0.74,1
SH1159091.08FU_EU586515_reps,Lecanorales,Lecanorales,0.91,1
SH1175989.08FU_MG695518_reps,Lecanorales,Lecanorales,0.718,1
SH1176386.08FU_DQ235504_reps,Lecanorales,Lecanorales,0.914,1
SH1151298.08FU_KF360379_reps,Lecanorales,Lecanorales,0.16,1
SH1176293.08FU_JQ912361_reps,Lecanorales,Lecanorales,0.725,1
SH1175766.08FU_MG926032_reps,Lecanorales,Lecanorales,0.0323,1
SH1176228.08FU_JQ813791_refs,Lecanorales,Lecanorales,0.143,1
SH1176282.08FU_HQ402706_reps,Lecanorales,Lecanorales,0.816,1
SH1176435.08FU_HM017056_reps,Lecanorales,Lecanorales,0.849,1
SH2596300.08FU_MK629283_reps,Lecanorales,Lecanorales,0.742,1
SH1176167.08FU_JX466476_reps,Lecanorales,Lecanorales,0.763,1
SH1243093.08FU_MG521562_reps,Lecanorales,Lecanorales,0.165,1
SH1181806.08FU_GQ344482_reps,Lecanorales,Lecanorales,0.855,1
SH1187083.08FU_DQ980000_reps,Lecanorales,Lecanorales,0.143,1
SH1152087.08FU_KJ162308_reps,Lecanorales,Lecanorales,0.17,1
SH1144376.08FU_MG677174_reps,Lecanorales,Lecanorales,0.158,1
SH1174977.08FU_AY756481_reps,Lecanorales,Lecanorales,0.115,1
SH2596306.08FU_MK454942_reps,Lecanorales,Lecanorales,0.16,1
SH1190035.08FU_KY926781_reps,Lecanorales,Lecanorales,0.15,1
SH1148517.08FU_DQ279519_reps,Lecanorales,Lecanorales,0.353,1
SH1144377.08FU_MG677181_reps,Lecanorales,Lecanorales,0.161,1
SH1156677.08FU_KF650962_reps,Lecanorales,Lecanorales,0.123,1
SH1159106.08FU_AF070032_reps,Lecanorales,Lecanorales,0.128,1
SH1183957.08FU_GU827318_reps,Lecanorales,Lecanorales,0.791,1
SH1183966.08FU_GU827300_reps,Lecanorales,Lecanorales,0.843,1
SH1169212.08FU_MK778605_reps,Lecanorales,Lecanorales,0.128,1
SH1236473.08FU_MN596988_reps,Lecanorales,Lecanorales,0.0246,1
SH1176262.08FU_AF404125_reps,Lecanorales,Lecanorales,0.848,1
SH1152093.08FU_AY679138_reps,Lecanorales,Lecanorales,0.486,1
SH1211824.08FU_FJ184291_reps,Lecanorales,Lecanorales,0.816,1
SH1143828.08FU_KY586043_reps,Lecanorales,Lecanorales,0.127,1
SH1143813.08FU_KP780410_reps,Lecanorales,Lecanorales,0.143,1
SH1176214.08FU_HM010945_reps,Lecanorales,Lecanorales,0.143,1
SH1173803.08FU_KJ170871_reps,Lecanorales,Lecanorales,0.85,1
SH1151281.08FU_MH473730_reps,Lecanorales,Lecanorales,0.891,1
SH1159094.08FU_JQ993715_refs,Lecanorales,Lecanorales,0.842,1
SH1183973.08FU_AB362791_reps,Lecanorales,Lecanorales,0.125,1
SH1169784.08FU_KX389587_reps,Lecanorales,Lecanorales,0.113,1
SH1151824.08FU_AM292664_reps,Lecanorales,Lecanorales,0.121,1
SH1183280.08FU_KF689888_reps,Lecanorales,Lecanorales,0.0939,1
SH1183987.08FU_KT698332_reps,Lecanorales,Lecanorales,0.838,1
SH1142746.08FU_AB205356_reps,Lecanorales,Lecanorales,0.143,1
SH1152772.08FU_AY425641_refs,Lecanorales,Lecanorales,0.0829,1
SH1213188.08FU_AF457881_reps,Lecanorales,Lecanorales,0.858,1
SH1245283.08FU_MG838202_reps,Lecanorales,Lecanorales,0.125,1
SH1155220.08FU_AY756499_reps,Lecanorales,Lecanorales,0.0838,1
SH1181945.08FU_GQ500928_reps,Lecanorales,Lecanorales,0.122,1
SH1181944.08FU_JN115300_reps,Lecanorales,Lecanorales,0.801,1
SH1175777.08FU_KP729374_reps,Lecanorales,Lecanorales,0.12,1
SH1183964.08FU_MN811427_reps,Lecanorales,Lecanorales,0.125,1
SH1156684.08FU_MH174255_reps,Lecanorales,Lecanorales,0.124,1
SH1176058.08FU_JN943520_refs,Lecanorales,Lecanorales,0.921,1
SH1176241.08FU_GU994558_reps,Lecanorales,Lecanorales,0.848,1
SH1176113.08FU_JQ813810_reps,Lecanorales,Lecanorales,0.516,1
SH1149531.08FU_AY541238_reps,Lecanorales,Lecanorales,0.128,1
SH1182498.08FU_JN943715_reps,Lecanorales,Lecanorales,0.128,1
SH1168763.08FU_KP822308_reps,Lecanorales,Lecanorales,0.129,1
SH1176247.08FU_DQ279503_reps,Lecanorales,Lecanorales,0.749,1
SH1152341.08FU_AY611109_reps,Lecanorales,Lecanorales,0.752,1
SH1213168.08FU_KP001203_reps,Lecanorales,Lecanorales,0.871,1
SH2595626.08FU_MK620254_reps,Lecanorales,Lecanorales,0.536,1
SH1151288.08FU_LC547488_reps,Lecanorales,Lecanorales,0.111,1
SH1184368.08FU_KP822248_reps,Lecanorales,Lecanorales,0.853,1
SH1213143.08FU_KY780362_reps,Lecanorales,Lecanorales,0.927,1
SH2595343.08FU_UDB0749360_reps,Lecanorales,Lecanorales,0.125,1
SH2595599.08FU_MN095788_reps,Lecanorales,Lecanorales,0.151,1
SH1175990.08FU_MG695509_reps,Lecanorales,Lecanorales,0.758,1
SH1247572.08FU_KP001178_reps,Lecanorales,Lecanorales,0.123,1
SH1192266.08FU_AF517892_reps,Lecanorales,Lecanorales,0.146,1
SH1192030.08FU_KX098348_reps,Lecanorales,Lecanorales,0.125,1
SH1192159.08FU_KY586040_reps,Lecanorales,Lecanorales,0.128,1
SH1143829.08FU_KU934875_reps,Lecanorales,Lecanorales,0.774,1
SH1143840.08FU_AY398701_reps,Lecanorales,Lecanorales,0.128,1
SH1175782.08FU_MK812561_reps,Lecanorales,Lecanorales,0.157,1
SH2589634.08FU_KT453751_reps,Lecanorales,Lecanorales,0.128,1
SH1147057.08FU_DQ451651_reps,Lecanorales,Lecanorales,0.118,1
SH1176080.08FU_JN009706_reps,Lecanorales,Lecanorales,0.835,1
SH1188396.08FU_JN009734_refs,Lecanorales,Lecanorales,0.0564,1
SH3567392.08FU_MN931723_reps,Lecanorales,Lecanorales,0.0305,1
SH1213215.08FU_AF455243_reps,Lecanorales,Lecanorales,0.733,1
SH1176174.08FU_KY397901_reps,Lecanorales,Lecanorales,0.0384,1
SH2596301.08FU_MK629278_reps,Lecanorales,Lecanorales,0.0927,1
SH1177662.08FU_KP822262_reps,Lecanorales,Lecanorales,0.143,1
SH1142514.08FU_KR303647_reps,Lecanorales,Lecanorales,0.0568,1
SH1176239.08FU_KY128194_reps,Lecanorales,Lecanorales,0.143,1
SH1176221.08FU_JQ837312_reps,Lecanorales,Lecanorales,0.878,1
SH1180670.08FU_AB764073_reps,Lecanorales,Lecanorales,0.128,1
SH1176200.08FU_KU862963_reps,Lecanorales,Lecanorales,0.845,1
SH1176100.08FU_KM250168_reps,Lecanorales,Lecanorales,0.777,1
SH1151287.08FU_AY773123_reps,Lecanorales,Lecanorales,0.83,1
SH1155295.08FU_AY541277_reps,Lecanorales,Lecanorales,0.128,1
SH1183998.08FU_MN811302_reps,Lecanorales,Lecanorales,0.0831,1
SH1181808.08FU_MH714511_reps,Lecanorales,Lecanorales,0.775,1
SH1157003.08FU_KT695393_reps,Lecanorales,Lecanorales,0.125,1
SH1213144.08FU_KP257431_reps,Lecanorales,Lecanorales,0.93,1
SH1181813.08FU_MK722211_reps,Lecanorales,Lecanorales,0.764,1
SH1183993.08FU_MN811297_reps,Lecanorales,Lecanorales,0.0394,1
SH1149256.08FU_DQ279507_reps,Lecanorales,Lecanorales,0.143,1
SH1173264.08FU_KP776572_refs,Lecanorales,Lecanorales,0.143,1
SH1174527.08FU_KY981596_reps,Lecanorales,Lecanorales,0.885,1
SH1148510.08FU_AB205379_reps,Lecanorales,Lecanorales,0.709,1
SH1181938.08FU_GQ500926_reps,Lecanorales,Lecanorales,0.122,1
SH2595452.08FU_MK352327_reps,Lecanorales,Lecanorales,0.125,1
SH1176289.08FU_AF451778_reps,Lecanorales,Lecanorales,0.788,1
SH1176084.08FU_AF416460_refs,Lecanorales,Lecanorales,0.877,1
SH1143838.08FU_KU934873_reps,Lecanorales,Lecanorales,0.811,1
SH1213181.08FU_AF455235_reps,Lecanorales,Lecanorales,0.851,1
SH1183952.08FU_KT698254_refs,Lecanorales,Lecanorales,0.886,1
SH1181804.08FU_KM250190_reps,Lecanorales,Lecanorales,0.525,1
SH1176172.08FU_GU992329_reps,Lecanorales,Lecanorales,0.718,1
SH1149388.08FU_UDB0604595_reps,Lecanorales,Lecanorales,0.128,1
SH1176122.08FU_AF410828_reps,Lecanorales,Lecanorales,0.772,1
SH2596204.08FU_MK570487_reps,Lecanorales,Lecanorales,0.644,1
SH1176136.08FU_KU862987_reps,Lecanorales,Lecanorales,0.819,1
SH1176210.08FU_AY251411_reps,Lecanorales,Lecanorales,0.143,1
SH1176112.08FU_DQ279522_reps,Lecanorales,Lecanorales,0.827,1
SH1213227.08FU_JN621935_reps,Lecanorales,Lecanorales,0.886,1
SH1143841.08FU_KY586046_refs,Lecanorales,Lecanorales,0.128,1
SH2595417.08FU_MK352421_reps,Lecanorales,Lecanorales,0.125,1
SH1176330.08FU_JN943844_reps,Lecanorales,Lecanorales,0.848,1
SH1159099.08FU_FR799210_reps,Lecanorales,Lecanorales,0.829,1
SH1159098.08FU_MG554666_reps,Lecanorales,Lecanorales,0.746,1
SH1183983.08FU_KY171867_reps,Lecanorales,Lecanorales,0.125,1
SH1176229.08FU_AB205361_reps,Lecanorales,Lecanorales,0.143,1
SH1184000.08FU_MK812528_reps,Lecanorales,Lecanorales,0.125,1
SH1152090.08FU_KJ162284_reps,Lecanorales,Lecanorales,0.168,1
SH1213175.08FU_MK179542_reps,Lecanorales,Lecanorales,0.857,1
SH1143785.08FU_AF070037_reps,Lecanorales,Lecanorales,0.128,1
SH1174529.08FU_MG677194_reps,Lecanorales,Lecanorales,0.166,1
SH1181828.08FU_KF129435_reps,Lecanorales,Lecanorales,0.8,1
SH1152096.08FU_KX120236_reps,Lecanorales,Lecanorales,0.17,1
SH1143783.08FU_KU934868_reps,Lecanorales,Lecanorales,0.128,1
SH1183995.08FU_MG926038_reps,Lecanorales,Lecanorales,0.125,1
SH2595438.08FU_MK352387_reps,Lecanorales,Lecanorales,0.125,1
SH1176295.08FU_JQ912385_reps,Lecanorales,Lecanorales,0.86,1
SH1181803.08FU_KF017385_reps,Lecanorales,Lecanorales,0.782,1
SH1176277.08FU_JQ837304_reps,Lecanorales,Lecanorales,0.915,1
SH2595184.08FU_MN387098_reps,Lecanorales,Lecanorales,0.121,1
SH2595765.08FU_MK517712_reps,Lecanorales,Lecanorales,0.151,1
SH1176101.08FU_AY036994_reps,Lecanorales,Lecanorales,0.559,1
SH1143850.08FU_KY586044_reps,Lecanorales,Lecanorales,0.128,1
SH1213230.08FU_AF455225_reps,Lecanorales,Lecanorales,0.902,1
SH3566475.08FU_MK672849_reps,Lecanorales,NA,0.0,0
SH3566919.08FU_MK722214_reps,Lecanorales,Lecanorales,0.456,1
SH3567515.08FU_MK946979_reps,Lecanorales,NA,0.0,0
SH1176220.08FU_KC667048_reps,Lecanorales,Lecanorales,0.139,1
SH1183968.08FU_GU827306_reps,Lecanorales,Lecanorales,0.833,1
SH1176261.08FU_KF923784_reps,Lecanorales,Lecanorales,0.848,1
SH1191407.08FU_JQ813815_refs,Lecanorales,Lecanorales,0.142,1
SH1176156.08FU_AF297743_reps,Lecanorales,Lecanorales,0.815,1
SH1143835.08FU_AY762041_reps,Lecanorales,Lecanorales,0.559,1
SH1213209.08FU_MK179726_reps,Lecanorales,Lecanorales,0.768,1
SH1181802.08FU_KY929427_reps,Lecanorales,Lecanorales,0.877,1
SH1175769.08FU_AF282119_reps,Lecanorales,Lecanorales,0.108,1
SH1236079.08FU_GQ919264_reps,Lecanorales,Lecanorales,0.143,1
SH1156552.08FU_AF282078_refs,Lecanorales,Lecanorales,0.125,1
SH1176270.08FU_EF457781_reps,Lecanorales,Lecanorales,0.76,1
SH1213183.08FU_MK179711_reps,Lecanorales,Lecanorales,0.91,1
SH1176129.08FU_KM250194_reps,Lecanorales,Lecanorales,0.803,1
SH1183956.08FU_KF583528_reps,Lecanorales,Lecanorales,0.418,1
SH1213162.08FU_MN906283_reps,Lecanorales,Lecanorales,0.691,1
SH1176099.08FU_AF451750_reps,Lecanorales,Lecanorales,0.933,1
SH1247556.08FU_KF650974_reps,Lecanorales,Lecanorales,0.125,1
SH1177446.08FU_JN943721_reps,Lecanorales,Lecanorales,0.128,1
SH1169780.08FU_MN906267_reps,Lecanorales,Lecanorales,0.115,1
SH1176147.08FU_JQ813553_reps,Lecanorales,Lecanorales,0.828,1
SH1176217.08FU_MN080233_reps,Lecanorales,Lecanorales,0.091,1
SH1183279.08FU_MK680885_reps,Lecanorales,Lecanorales,0.15,1
SH1156669.08FU_AM292706_reps,Lecanorales,Lecanorales,0.172,1
SH1236464.08FU_KF644366_reps,Lecanorales,Lecanorales,0.791,1
SH1176186.08FU_JQ912380_reps,Lecanorales,Lecanorales,0.908,1
SH1176216.08FU_AF451784_reps,Lecanorales,Lecanorales,0.857,1
SH1183976.08FU_MN811432_reps,Lecanorales,Lecanorales,0.598,1
SH1176248.08FU_KF380888_reps,Lecanorales,Lecanorales,0.784,1
SH1148505.08FU_KY929411_reps,Lecanorales,Lecanorales,0.143,1
SH1183974.08FU_AF282076_refs,Lecanorales,Lecanorales,0.125,1
SH1176144.08FU_KF380896_reps,Lecanorales,Lecanorales,0.787,1
SH1185111.08FU_KP224467_reps,Lecanorales,Lecanorales,0.128,1
SH1181805.08FU_HQ335201_reps,Lecanorales,Lecanorales,0.779,1
SH1188595.08FU_KX151762_reps,Lecanorales,Lecanorales,0.125,1
SH1176089.08FU_KX246597_reps,Lecanorales,Lecanorales,0.818,1
SH1148497.08FU_JF756996_reps,Lecanorales,Lecanorales,0.886,1
SH3565442.08FU_MN586973_reps,Lecanorales,NA,0.0,0
SH3567391.08FU_MN931737_reps,Lecanorales,NA,0.0,0
SH3567793.08FU_MN947410_reps,Lecanorales,NA,0.0,0
SH2592383.08FU_MK589344_reps,Lecanorales,Lecanorales,0.807,1
SH1176278.08FU_GU300776_reps,Lecanorales,Lecanorales,0.913,1
SH1149257.08FU_DQ279525_reps,Lecanorales,Lecanorales,0.143,1
SH2593255.08FU_MH048621_refs,Lecanorales,Lecanorales,0.125,1
SH1169789.08FU_KF650969_reps,Lecanorales,Lecanorales,0.125,1
SH1176062.08FU_JN166369_reps,Lecanorales,Lecanorales,0.951,1
SH1156689.08FU_AM504071_reps,Lecanorales,Lecanorales,0.125,1
SH1173928.08FU_KM250184_reps,Lecanorales,Lecanorales,0.143,1
SH2595631.08FU_MK620221_reps,Lecanorales,Lecanorales,0.118,1
SH1176137.08FU_KM369317_reps,Lecanorales,Lecanorales,0.79,1
SH1188388.08FU_KT630244_reps,Lecanorales,Lecanorales,0.128,1
SH1176276.08FU_AB051641_reps,Lecanorales,Lecanorales,0.868,1
SH1151272.08FU_KR024449_reps,Lecanorales,Lecanorales,0.825,1
SH1183971.08FU_MN811241_reps,Lecanorales,Lecanorales,0.898,1
SH1142747.08FU_KJ486574_reps,Lecanorales,Lecanorales,0.143,1
SH2596154.08FU_MK400263_reps,Lecanorales,Lecanorales,0.125,1
SH1151284.08FU_KF712253_reps,Lecanorales,Lecanorales,0.607,1
SH1152617.08FU_AF540492_reps,Caliciales,Caliciales,0.117,1
SH1143664.08FU_HQ650705_reps,Caliciales,Caliciales,0.117,1
SH1185760.08FU_MN103153_reps,Caliciales,Caliciales,0.775,1
SH1231211.08FU_KY611875_reps,Caliciales,Caliciales,0.117,1
SH1231213.08FU_KY611884_reps,Caliciales,Caliciales,0.117,1
SH1203122.08FU_DQ849308_reps,Caliciales,Caliciales,0.123,1
SH1145339.08FU_AY450577_reps,Caliciales,Caliciales,0.117,1
SH1145316.08FU_DQ812129_reps,Caliciales,Caliciales,0.117,1
SH1176511.08FU_DQ534454_reps,Caliciales,Caliciales,0.13,1
SH3567093.08FU_MN615692_reps,Caliciales,NA,0.0,0
SH1185745.08FU_EF594740_refs,Caliciales,Caliciales,0.789,1
SH1185883.08FU_AY368148_reps,Caliciales,Caliciales,0.122,1
SH1185825.08FU_DQ337325_reps,Caliciales,Caliciales,0.123,1
SH1185747.08FU_MK812217_reps,Caliciales,Caliciales,0.812,1
SH1185824.08FU_EU045427_reps,Caliciales,Caliciales,0.123,1
SH1146498.08FU_AF250790_reps,Caliciales,Caliciales,0.0626,1
SH1203104.08FU_GU074409_refs,Caliciales,Caliciales,0.122,1
SH1231293.08FU_AF540514_reps,Caliciales,Caliciales,0.117,1
SH3568174.08FU_MT260864_reps,Caliciales,NA,0.0,0
SH1203111.08FU_MN965786_reps,Caliciales,Caliciales,0.123,1
SH1185826.08FU_KU862954_reps,Caliciales,Caliciales,0.123,1
SH1203100.08FU_MN959976_reps,Caliciales,Caliciales,0.894,1
SH1152616.08FU_GU553286_reps,Caliciales,Caliciales,0.124,1
SH1185768.08FU_KX015692_reps,Caliciales,Caliciales,0.123,1
SH1235939.08FU_DQ789095_reps,Caliciales,Caliciales,0.117,1
SH1225901.08FU_EF551165_reps,Caliciales,Caliciales,0.117,1
SH1188973.08FU_AY450584_reps,Caliciales,Caliciales,0.117,1
SH1203112.08FU_GU553302_reps,Caliciales,Caliciales,0.122,1
SH2595166.08FU_MH979408_reps,Rhizocarpales,Rhizocarpales,0.233,1
SH1151214.08FU_KY680783_reps,Rhizocarpales,Rhizocarpales,0.245,1
SH1151219.08FU_KX079700_refs,Rhizocarpales,Rhizocarpales,0.123,1
SH1154376.08FU_HQ605942_reps,Rhizocarpales,Rhizocarpales,0.123,1
SH2595157.08FU_MH979422_reps,Rhizocarpales,Rhizocarpales,0.123,1
SH1155063.08FU_KC732626_reps,Peltigerales,Peltigerales,0.792,1
SH1155082.08FU_MT132648_reps,Peltigerales,Peltigerales,0.652,1
SH3567899.08FU_MN483104_reps,Peltigerales,NA,0.0,0
SH1181476.08FU_KC618695_reps,Peltigerales,Peltigerales,0.0942,1
SH1154198.08FU_AB245122_reps,Peltigerales,Peltigerales,0.0791,1
SH1155058.08FU_JQ735977_reps,Peltigerales,Peltigerales,0.0791,1
SH1155100.08FU_MN065837_reps,Peltigerales,Peltigerales,0.0471,1
SH1181475.08FU_EU885305_reps,Peltigerales,Peltigerales,0.109,1
SH1181534.08FU_AF351151_reps,Peltigerales,Peltigerales,0.0791,1
SH1154182.08FU_AB239337_reps,Peltigerales,Peltigerales,0.0791,1
SH1183025.08FU_KC618717_reps,Peltigerales,Peltigerales,0.0942,1
SH1175206.08FU_KU862950_reps,Peltigerales,Peltigerales,0.111,1
SH1183040.08FU_KC618737_refs,Peltigerales,Peltigerales,0.106,1
SH1155006.08FU_EU885299_reps,Peltigerales,Peltigerales,0.0942,1
SH1175207.08FU_KC618707_reps,Peltigerales,Peltigerales,0.111,1
SH1181528.08FU_HQ650697_reps,Peltigerales,Peltigerales,0.0791,1
SH1181396.08FU_AF350291_reps,Peltigerales,Peltigerales,0.0942,1
SH1155053.08FU_MG457972_reps,Peltigerales,Peltigerales,0.89,1
SH1213645.08FU_KX397620_reps,Peltigerales,Peltigerales,0.0975,1
SH1181533.08FU_AF351149_reps,Peltigerales,Peltigerales,0.0791,1
SH1213643.08FU_EU982654_reps,Peltigerales,Peltigerales,0.11,1
SH1181405.08FU_EU885297_reps,Peltigerales,Peltigerales,0.0942,1
SH1155049.08FU_KT281722_refs,Peltigerales,Peltigerales,0.584,1
SH1181521.08FU_KC522958_reps,Peltigerales,Peltigerales,0.851,1
SH3568203.08FU_MN065846_reps,Peltigerales,Peltigerales,0.689,1
SH1154173.08FU_KC011063_refs,Peltigerales,Peltigerales,0.777,1
SH1192213.08FU_MH717159_reps,Peltigerales,Peltigerales,0.0367,1
SH1155069.08FU_MT279718_reps,Peltigerales,Peltigerales,0.886,1
SH1155003.08FU_AF429279_reps,Peltigerales,Peltigerales,0.0942,1
SH1154183.08FU_AF524920_reps,Peltigerales,Peltigerales,0.0791,1
SH1154179.08FU_KC011060_refs,Peltigerales,Peltigerales,0.79,1
SH1183814.08FU_JX503824_reps,Peltigerales,Peltigerales,0.0975,1
SH1154186.08FU_KF730790_reps,Peltigerales,Peltigerales,0.0791,1
SH1181519.08FU_GU072747_refs,Peltigerales,Peltigerales,0.906,1
SH1155064.08FU_KJ523057_refs,Peltigerales,Peltigerales,0.0791,1
SH1181524.08FU_EU627001_reps,Peltigerales,Peltigerales,0.789,1
SH1156037.08FU_KJ523059_refs,Peltigerales,Peltigerales,0.0791,1
SH1239195.08FU_KC618738_reps,Peltigerales,Peltigerales,0.0975,1
SH1154175.08FU_KY769447_refs,Peltigerales,Peltigerales,0.81,1
SH1144389.08FU_MK811974_reps,Peltigerales,Peltigerales,0.111,1
SH1155062.08FU_KC732517_reps,Peltigerales,Peltigerales,0.667,1
SH1154869.08FU_MH302514_reps,Umbilicariales,Umbilicariales,0.848,1
SH1154850.08FU_FN185975_refs,Umbilicariales,Umbilicariales,0.854,1
SH1244748.08FU_MK812431_reps,Umbilicariales,Umbilicariales,0.105,1
SH1154855.08FU_AF096203_reps,Umbilicariales,Umbilicariales,0.754,1
SH1154881.08FU_KF360375_reps,Umbilicariales,Umbilicariales,0.0623,1
SH1149126.08FU_EU909467_refs,Umbilicariales,Umbilicariales,0.0958,1
SH1154877.08FU_KY947853_reps,Umbilicariales,Umbilicariales,0.655,1
SH1154880.08FU_KF360372_reps,Umbilicariales,Umbilicariales,0.0512,1
SH1154843.08FU_FR799185_refs,Umbilicariales,Umbilicariales,0.106,1
SH1154841.08FU_EU266088_refs,Umbilicariales,Umbilicariales,0.843,1
SH1215104.08FU_LN810812_reps,Acarosporales,Acarosporales,0.766,1
SH1159995.08FU_EU870640_reps,Acarosporales,Acarosporales,0.0597,1
SH1215113.08FU_KY439882_reps,Acarosporales,Acarosporales,0.222,1
SH1215156.08FU_LN810855_reps,Acarosporales,Acarosporales,0.06,1
SH1215133.08FU_MF138057_reps,Acarosporales,Acarosporales,0.835,1
SH1236644.08FU_JQ906770_refs,Acarosporales,Acarosporales,0.0536,1
SH1215149.08FU_LR585977_reps,Acarosporales,Acarosporales,0.799,1
SH1215110.08FU_MH555418_reps,Acarosporales,Acarosporales,0.763,1
SH1150194.08FU_LN810865_reps,Acarosporales,Acarosporales,0.06,1
SH1215108.08FU_HQ650721_refs,Acarosporales,Acarosporales,0.758,1
SH1215103.08FU_DQ525472_reps,Acarosporales,Acarosporales,0.794,1
SH1215154.08FU_LN810821_reps,Acarosporales,Acarosporales,0.806,1
SH1156941.08FU_MK778626_reps,Pertusariales,Pertusariales,0.229,1
SH1232820.08FU_JQ797544_reps,Pertusariales,Pertusariales,0.408,1
SH1150701.08FU_KR872316_reps,Pertusariales,Pertusariales,0.182,1
SH1178020.08FU_JX476030_refs,Pertusariales,Pertusariales,0.116,1
SH1178021.08FU_KX234703_reps,Pertusariales,Pertusariales,0.219,1
SH1236323.08FU_EU057951_refs,Pertusariales,Pertusariales,0.1,1
SH1177328.08FU_AB623070_reps,Pertusariales,Pertusariales,0.0878,1
SH1191852.08FU_MG947633_reps,Pertusariales,Pertusariales,0.107,1
SH1189184.08FU_KC965169_reps,Pertusariales,Pertusariales,0.588,1
SH1150146.08FU_KT878006_reps,Pertusariales,Pertusariales,0.115,1
SH1232810.08FU_JQ797543_reps,Pertusariales,Pertusariales,0.114,1
SH1190550.08FU_MN989231_reps,Pertusariales,Pertusariales,0.798,1
SH1189188.08FU_MG212681_reps,Pertusariales,Pertusariales,0.108,1
SH1232808.08FU_MH301302_reps,Pertusariales,Pertusariales,0.116,1
SH1232803.08FU_KT456205_refs,Pertusariales,Pertusariales,0.876,1
SH1232812.08FU_LT671469_reps,Pertusariales,Pertusariales,0.101,1
SH1156940.08FU_MH485184_reps,Pertusariales,Pertusariales,0.114,1
SH1232831.08FU_EU057922_reps,Pertusariales,Pertusariales,0.113,1
SH1232809.08FU_JF825525_reps,Pertusariales,Pertusariales,0.101,1
SH1232802.08FU_AF332110_reps,Pertusariales,Pertusariales,0.675,1
SH1151440.08FU_KU894637_reps,Pertusariales,Pertusariales,0.107,1
SH1176011.08FU_EU516914_reps,Pertusariales,Pertusariales,0.0607,1
SH1178019.08FU_KX234706_reps,Pertusariales,Pertusariales,0.116,1
SH1152264.08FU_KY797788_reps,Trapeliales,Trapeliales,0.541,1
SH1152262.08FU_KR017143_reps,Trapeliales,Trapeliales,0.392,1
SH1154664.08FU_KU844726_reps,Trapeliales,Trapeliales,0.604,1
SH1185798.08FU_KR017132_reps,Trapeliales,Trapeliales,0.0723,1
SH1185799.08FU_KR017104_reps,Trapeliales,Trapeliales,0.136,1
SH1152255.08FU_AY600069_reps,Trapeliales,Trapeliales,0.255,1
SH1181901.08FU_KJ462281_reps,Trapeliales,Trapeliales,0.243,1
SH1152257.08FU_KU844704_reps,Trapeliales,Trapeliales,0.789,1
SH1181896.08FU_KJ462325_reps,Trapeliales,Trapeliales,0.803,1
SH1185800.08FU_KJ462329_reps,Trapeliales,Trapeliales,0.0717,1
SH2595331.08FU_UDB0663969_reps,Trapeliales,Trapeliales,0.0725,1
SH1154661.08FU_KU844768_reps,Trapeliales,Trapeliales,0.228,1
SH1237960.08FU_DQ534455_reps,Teloschistales,Teloschistales,0.117,1
SH1174990.08FU_EF093572_reps,Teloschistales,Teloschistales,0.864,1
SH1174741.08FU_AY081161_reps,Teloschistales,Teloschistales,0.117,1
SH1174743.08FU_KJ789967_refs,Teloschistales,Teloschistales,0.608,1
SH1150863.08FU_FJ866800_refs,Teloschistales,Teloschistales,0.92,1
SH1172601.08FU_MH104930_reps,Teloschistales,Teloschistales,0.707,1
SH1144762.08FU_AY233220_reps,Teloschistales,Teloschistales,0.117,1
SH1237955.08FU_KJ133454_reps,Teloschistales,Teloschistales,0.117,1
SH1180125.08FU_KT291455_reps,Teloschistales,Teloschistales,0.117,1
SH1150871.08FU_KT456217_reps,Teloschistales,Teloschistales,0.117,1
SH1150878.08FU_KX793097_reps,Teloschistales,Teloschistales,0.511,1
SH1174657.08FU_EU639653_reps,Teloschistales,Teloschistales,0.117,1
SH1174911.08FU_AM697822_reps,Teloschistales,Teloschistales,0.542,1
SH1175020.08FU_MG954224_reps,Teloschistales,Teloschistales,0.507,1
SH1175025.08FU_KU927008_reps,Teloschistales,Teloschistales,0.774,1
SH1175003.08FU_MG954223_reps,Teloschistales,Teloschistales,0.575,1
SH1175016.08FU_AY762038_reps,Teloschistales,Teloschistales,0.727,1
SH1238660.08FU_KJ021327_reps,Teloschistales,Teloschistales,0.117,1
SH1240146.08FU_JQ301660_reps,Teloschistales,Teloschistales,0.117,1
SH1175000.08FU_KC179474_reps,Teloschistales,Teloschistales,0.832,1
SH1180067.08FU_EU563432_reps,Teloschistales,Teloschistales,0.431,1
SH1160007.08FU_EU639596_reps,Teloschistales,Teloschistales,0.117,1
SH1172596.08FU_MN989250_reps,Teloschistales,Teloschistales,0.708,1
SH1180116.08FU_KC179318_reps,Teloschistales,Teloschistales,0.117,1
SH2594383.08FU_MG652765_reps,Teloschistales,Teloschistales,0.117,1
SH1208085.08FU_EU563398_reps,Teloschistales,Teloschistales,0.895,1
SH1183068.08FU_KJ133480_reps,Teloschistales,Teloschistales,0.117,1
SH1159166.08FU_AM697872_reps,Teloschistales,Teloschistales,0.862,1
SH1238156.08FU_KT804950_reps,Teloschistales,Teloschistales,0.326,1
SH1174910.08FU_AM697853_reps,Teloschistales,Teloschistales,0.887,1
SH1174726.08FU_AY081157_reps,Teloschistales,Teloschistales,0.927,1
SH1179874.08FU_KC179452_reps,Teloschistales,Teloschistales,0.066,1
SH1174728.08FU_MG954187_reps,Teloschistales,Teloschistales,0.116,1
SH1150336.08FU_KJ021235_reps,Teloschistales,Teloschistales,0.117,1
SH1174902.08FU_AM292855_reps,Teloschistales,Teloschistales,0.503,1
SH1174738.08FU_KY614398_refs,Teloschistales,Teloschistales,0.112,1
SH1208082.08FU_EU563453_reps,Teloschistales,Teloschistales,0.888,1
SH1238662.08FU_KJ021317_reps,Teloschistales,Teloschistales,0.117,1
SH1174742.08FU_JN813391_reps,Teloschistales,Teloschistales,0.846,1
SH1174980.08FU_KC346301_refs,Teloschistales,Teloschistales,0.9,1
SH1180079.08FU_KC416109_refs,Teloschistales,Teloschistales,0.422,1
SH1174660.08FU_KT456224_reps,Teloschistales,Teloschistales,0.117,1
SH1174897.08FU_KJ133477_reps,Teloschistales,Teloschistales,0.117,1
SH1152079.08FU_KC179302_reps,Teloschistales,Teloschistales,0.117,1
SH1180070.08FU_KC179384_refs,Teloschistales,Teloschistales,0.117,1
SH2589836.08FU_KT804953_reps,Teloschistales,Teloschistales,0.117,1
SH1183094.08FU_KC179374_refs,Teloschistales,Teloschistales,0.117,1
SH2595400.08FU_MN586938_reps,Teloschistales,Teloschistales,0.0577,1
SH1174656.08FU_KC179328_reps,Teloschistales,Teloschistales,0.117,1
SH1174995.08FU_HM538528_reps,Teloschistales,Teloschistales,0.857,1
SH1150340.08FU_JX036132_reps,Teloschistales,Teloschistales,0.117,1
SH1150873.08FU_MF114803_reps,Teloschistales,Teloschistales,0.803,1
SH1150888.08FU_MF114857_reps,Teloschistales,Teloschistales,0.847,1
SH1174993.08FU_JN641786_reps,Teloschistales,Teloschistales,0.832,1
SH1237950.08FU_KU578078_refs,Teloschistales,Teloschistales,0.117,1
SH1159174.08FU_KC179145_reps,Teloschistales,Teloschistales,0.117,1
SH1175002.08FU_MG954217_reps,Teloschistales,Teloschistales,0.498,1
SH1179139.08FU_KT695389_reps,Lecanoromycetes,NA,0.0,0
SH1151894.08FU_EF110617_reps,Lecanoromycetes,NA,0.0,0
SH3568631.08FU_MN580176_reps,Leprocaulales,NA,0.0,0
SH1181131.08FU_KX674679_refs,Leprocaulales,Leprocaulales,0.25,1
SH1181132.08FU_KC184101_reps,Leprocaulales,Leprocaulales,0.248,1
SH3568628.08FU_MN580186_reps,Leprocaulales,Leprocaulales,0.0772,1
SH2595637.08FU_MK620162_reps,Lecideales,Lecideales,0.832,1
SH1156782.08FU_GU074428_reps,Lecideales,Lecideales,0.586,1
SH1156687.08FU_KF650951_reps,Lecideales,Lecideales,0.0657,1
SH1156790.08FU_MG973068_reps,Lecideales,Lecideales,0.698,1
SH1156792.08FU_MK620077_reps,Lecideales,Lecideales,0.0818,1
SH1151749.08FU_KY123744_reps,Lecideales,Lecideales,0.0818,1
SH2595632.08FU_MK620133_reps,Lecideales,Lecideales,0.491,1
SH1156044.08FU_JQ693546_refs,Lecideales,Lecideales,0.0731,1
SH1156766.08FU_MK990105_reps,Lecideales,Lecideales,0.801,1
SH1175480.08FU_EU263922_reps,Lecideales,Lecideales,0.712,1
SH1156779.08FU_GU074426_reps,Lecideales,Lecideales,0.687,1
SH1156767.08FU_KX120201_reps,Lecideales,Lecideales,0.905,1
SH1149953.08FU_MK812040_reps,Lecideales,Lecideales,0.0818,1
SH3567837.08FU_MH279953_reps,Lecideales,NA,0.0,0
SH3567841.08FU_MH279940_reps,Lecideales,NA,0.0,0
SH1156771.08FU_MK620269_reps,Lecideales,Lecideales,0.833,1
SH2594994.08FU_MN545163_reps,Baeomycetales,Baeomycetales,0.161,1
SH2593379.08FU_MH558059_reps,Baeomycetales,Baeomycetales,0.253,1
SH1149635.08FU_KJ462263_reps,Baeomycetales,Baeomycetales,0.244,1
SH1238450.08FU_MG694271_reps,Candelariales,Candelariales,0.618,1
SH1238443.08FU_EF535158_reps,Candelariales,Candelariales,0.744,1
SH1215208.08FU_MK778596_reps,Candelariales,Candelariales,0.226,1
SH1238456.08FU_EF535217_reps,Candelariales,Candelariales,0.23,1
SH1238437.08FU_EF535219_reps,Candelariales,Candelariales,0.228,1
SH1179364.08FU_FR682371_reps,Candelariales,Candelariales,0.0616,1
SH1215164.08FU_GU967375_refs,Candelariales,Candelariales,0.717,1
SH2606094.08FU_UDB0413318_reps,GS36,NA,0.0,0
SH2607591.08FU_UDB0337245_reps,GS36,NA,0.0,0
SH2607128.08FU_UDB0154930_reps,Orbiliales,NA,0.0,0
SH1240367.08FU_KT215223_reps,Orbiliales,Orbiliales,0.0488,1
SH1189292.08FU_UDB0768505_reps,Orbiliales,Orbiliales,0.391,1
SH1160081.08FU_MT612334_reps,Orbiliales,Orbiliales,0.347,1
SH1191900.08FU_U51967_reps,Orbiliales,Orbiliales,0.0488,1
SH1146562.08FU_KT932064_reps,Orbiliales,Orbiliales,0.0488,1
SH1184032.08FU_KT215259_reps,Orbiliales,Orbiliales,0.0488,1
SH2592672.08FU_MH179708_reps,Orbiliales,Orbiliales,0.331,1
SH1187238.08FU_KT380084_reps,Orbiliales,Orbiliales,0.0488,1
SH1187239.08FU_KT222426_reps,Orbiliales,Orbiliales,0.0488,1
SH2614942.08FU_UDB0599489_reps,Orbiliales,NA,0.0,0
SH1146860.08FU_MH179756_reps,Orbiliales,Orbiliales,0.0488,1
SH1146589.08FU_DQ494355_reps,Orbiliales,Orbiliales,0.0488,1
SH2592669.08FU_MH179713_reps,Orbiliales,Orbiliales,0.489,1
SH1187280.08FU_KT222431_reps,Orbiliales,Orbiliales,0.0488,1
SH1146561.08FU_MF971190_reps,Orbiliales,Orbiliales,0.012,1
SH1143247.08FU_JF748757_reps,Orbiliales,Orbiliales,0.0488,1
SH1187287.08FU_HE977553_reps,Orbiliales,Orbiliales,0.0488,1
SH1142946.08FU_U72601_reps,Orbiliales,Orbiliales,0.0488,1
SH1187327.08FU_UDB035011_reps,Orbiliales,Orbiliales,0.0488,1
SH1144275.08FU_U51964_reps,Orbiliales,Orbiliales,0.0488,1
SH1143246.08FU_HQ711925_reps,Orbiliales,Orbiliales,0.0488,1
SH1169704.08FU_MT644597_reps,Orbiliales,Orbiliales,0.0407,1
SH1146586.08FU_DQ494353_refs,Orbiliales,Orbiliales,0.0488,1
SH1189285.08FU_KX953601_reps,Orbiliales,Orbiliales,0.656,1
SH3217697.08FU_UDB0398302_reps,Orbiliales,NA,0.0,0
SH1242009.08FU_MH179758_reps,Orbiliales,Orbiliales,0.0488,1
SH1245668.08FU_KT215244_reps,Orbiliales,Orbiliales,0.0488,1
SH1240098.08FU_HM215520_reps,Orbiliales,Orbiliales,0.0488,1
SH1157204.08FU_KT215269_reps,Orbiliales,Orbiliales,0.0488,1
SH1169705.08FU_MG593181_reps,Orbiliales,Orbiliales,0.0488,1
SH1157757.08FU_DQ999833_reps,Orbiliales,Orbiliales,0.38,1
SH1153435.08FU_AF492081_refs,Taphrinales,Taphrinales,0.136,1
SH1153423.08FU_AF492115_refs,Taphrinales,Taphrinales,0.504,1
SH1153434.08FU_KU515961_reps,Taphrinales,Taphrinales,0.624,1
SH1153418.08FU_AY239209_refs,Taphrinales,Taphrinales,0.731,1
SH1154986.08FU_AF492106_refs,Taphrinales,Taphrinales,0.151,1
SH1153419.08FU_AF492103_refs,Taphrinales,Taphrinales,0.644,1
SH1153431.08FU_MN540705_reps,Taphrinales,Taphrinales,0.656,1
SH1235961.08FU_DQ497617_refs,Taphrinales,Taphrinales,0.434,1
SH2596296.08FU_MK937059_reps,Taphrinales,Taphrinales,0.327,1
SH1214332.08FU_HQ876042_refs,Saccharomycetales,Saccharomycetales,0.902,1
SH2612792.08FU_UDB0368925_reps,Saccharomycetales,NA,0.0,0
SH1149422.08FU_FJ153218_refs,Saccharomycetales,Saccharomycetales,0.46,1
SH1149431.08FU_JX679239_refs,Saccharomycetales,Saccharomycetales,0.513,1
SH1169386.08FU_AJ539370_reps,Saccharomycetales,Saccharomycetales,0.509,1
SH1169352.08FU_LT547714_refs,Saccharomycetales,Saccharomycetales,0.274,1
SH1172913.08FU_KY103070_refs,Saccharomycetales,Saccharomycetales,0.031,1
SH1234073.08FU_LC317101_reps,Saccharomycetales,Saccharomycetales,0.319,1
SH1189374.08FU_KU128708_refs,Saccharomycetales,Saccharomycetales,0.0381,1
SH1169400.08FU_MN526239_reps,Saccharomycetales,Saccharomycetales,0.348,1
SH1172916.08FU_KM598657_refs,Saccharomycetales,Saccharomycetales,0.0396,1
SH1175895.08FU_KY105700_reps,Saccharomycetales,Saccharomycetales,0.047,1
SH1169389.08FU_KF421588_reps,Saccharomycetales,Saccharomycetales,0.154,1
SH1150852.08FU_KJ707037_reps,Saccharomycetales,Saccharomycetales,0.3,1
SH1148209.08FU_KC148196_reps,Saccharomycetales,Saccharomycetales,0.0303,1
SH1169348.08FU_JN241686_refs,Saccharomycetales,Saccharomycetales,0.328,1
SH1169347.08FU_KY101929_refs,Saccharomycetales,Saccharomycetales,0.317,1
SH1179224.08FU_KY105908_refs,Saccharomycetales,Saccharomycetales,0.0475,1
SH1186229.08FU_DQ911451_refs,Saccharomycetales,Saccharomycetales,0.047,1
SH1148208.08FU_KY102196_refs,Saccharomycetales,Saccharomycetales,0.645,1
SH1189470.08FU_AY645657_refs,Saccharomycetales,Saccharomycetales,0.795,1
SH1172911.08FU_EU307980_refs,Saccharomycetales,Saccharomycetales,0.889,1
SH1150827.08FU_HM461630_reps,Saccharomycetales,Saccharomycetales,0.334,1
SH1169382.08FU_HQ283366_refs,Saccharomycetales,Saccharomycetales,0.572,1
SH1148214.08FU_HM461658_refs,Saccharomycetales,Saccharomycetales,0.55,1
SH1169169.08FU_KY213816_reps,Saccharomycetales,Saccharomycetales,0.0497,1
SH1169392.08FU_KY588337_reps,Saccharomycetales,Saccharomycetales,0.58,1
SH1149423.08FU_FJ153221_refs,Saccharomycetales,Saccharomycetales,0.386,1
SH1191422.08FU_LC384392_reps,Saccharomycetales,Saccharomycetales,0.0287,1
SH1201614.08FU_FJ235128_refs,Saccharomycetales,Saccharomycetales,0.26,1
SH1172914.08FU_HQ267068_reps,Saccharomycetales,Saccharomycetales,0.0376,1
SH1154086.08FU_MH252540_reps,Saccharomycetales,Saccharomycetales,0.0457,1
SH1213298.08FU_FJ623621_refs,Saccharomycetales,Saccharomycetales,0.0349,1
SH1150807.08FU_EU343807_refs,Saccharomycetales,Saccharomycetales,0.573,1
SH1169546.08FU_DQ911455_refs,Saccharomycetales,Saccharomycetales,0.047,1
SH1189320.08FU_AB049123_refs,Saccharomycetales,Saccharomycetales,0.913,1
SH1213294.08FU_FJ623622_refs,Saccharomycetales,Saccharomycetales,0.0357,1
SH1151665.08FU_EF568067_refs,Saccharomycetales,Saccharomycetales,0.855,1
SH1150803.08FU_EU343826_refs,Saccharomycetales,Saccharomycetales,0.813,1
SH1191423.08FU_KJ832072_refs,Saccharomycetales,Saccharomycetales,0.0358,1
SH1175893.08FU_KY101752_refs,Saccharomycetales,Saccharomycetales,0.047,1
SH1150815.08FU_MH043589_reps,Saccharomycetales,Saccharomycetales,0.43,1
SH1169147.08FU_KY103078_refs,Saccharomycetales,Saccharomycetales,0.0484,1
SH1194607.08FU_EF568068_refs,Saccharomycetales,Saccharomycetales,0.714,1
SH1150831.08FU_AB365470_refs,Saccharomycetales,Saccharomycetales,0.0497,1
SH1145589.08FU_UDB0684952_reps,GS34,Helotiales,0.016,0
SH1172228.08FU_HQ021922_reps,GS34,Helotiales,0.129,0
SH1172255.08FU_HQ021884_reps,GS34,NA,0.0,0
SH2605466.08FU_UDB0288098_reps,GS34,NA,0.0,0
SH1232253.08FU_MF594686_refs,Symbiotaphrinales,NA,0.0,0
SH1153621.08FU_AF410676_refs,Coniocybales,Coniocybales,0.506,1
SH1153625.08FU_KX098351_reps,Coniocybales,Coniocybales,0.461,1
SH2606934.08FU_UDB0154039_reps,Geoglossales,NA,0.0,0
SH1150120.08FU_KP690089_refs,Geoglossales,Geoglossales,0.4,1
SH2608716.08FU_UDB0299311_reps,Geoglossales,Geoglossales,0.01,1
SH1179000.08FU_EF434043_reps,Geoglossales,Geoglossales,0.02,1
SH1184352.08FU_UDB0306362_reps,Geoglossales,Geoglossales,0.157,1
SH2606942.08FU_UDB0154084_reps,Geoglossales,NA,0.0,0
SH1184573.08FU_KP657561_reps,Geoglossales,Geoglossales,0.02,1
SH1184340.08FU_MH578541_reps,Geoglossales,Geoglossales,0.317,1
SH1212939.08FU_UDB0207822_reps,Geoglossales,Geoglossales,0.314,1
SH1189044.08FU_MH578528_reps,Geoglossales,Geoglossales,0.261,1
SH1246522.08FU_UDB0616017_reps,Geoglossales,NA,0.0,0
SH1150124.08FU_UDB0586562_reps,Geoglossales,Geoglossales,0.21,1
SH2608481.08FU_UDB0544356_reps,Geoglossales,NA,0.0,0
SH2614895.08FU_UDB0514104_reps,Geoglossales,NA,0.0,0
SH2589588.08FU_MG757820_reps,Laboulbeniales,NA,0.0,0
SH2592677.08FU_MG757831_reps,Laboulbeniales,NA,0.0,0
SH1189977.08FU_HQ022010_reps,Archaeorhizomycetales,NA,0.0,0
SH1149167.08FU_UDB0398035_reps,Archaeorhizomycetales,NA,0.0,0
SH1238340.08FU_KF617893_reps,Archaeorhizomycetales,NA,0.0,0
SH1236500.08FU_AF138816_reps,Arthoniales,Arthoniales,0.0918,1
SH1181415.08FU_KC108027_reps,Arthoniales,Arthoniales,0.579,1
SH1246456.08FU_KF036025_reps,Arthoniales,Arthoniales,0.0704,1
SH1181409.08FU_KC107990_reps,Arthoniales,Arthoniales,0.478,1
SH1243312.08FU_KF036004_reps,Arthoniales,Arthoniales,0.0704,1
SH1229493.08FU_GU137907_reps,Arthoniales,Arthoniales,0.807,1
SH1181419.08FU_KC107875_reps,Arthoniales,Arthoniales,0.0704,1
SH1181431.08FU_KC108011_reps,Arthoniales,Arthoniales,0.0704,1
SH1149642.08FU_AF138821_reps,Arthoniales,Arthoniales,0.0917,1
SH1182901.08FU_KJ152783_refs,Lichenostigmatales,Botryosphaeriales,0.0458,0
SH1180822.08FU_UDB0629685_reps,Lichenostigmatales,Chaetothyriales,0.0358,0
SH1175155.08FU_KM104048_reps,Sareales,dummy_order_Sarea,0.166,0
SH1226134.08FU_JX000110_refs,Lichinales,Lichinales,0.619,1
SH1151877.08FU_UDB0721367_reps,GS05,NA,0.0,0
SH2609377.08FU_UDB0232965_reps,GS05,NA,0.0,0
SH2608480.08FU_UDB0450582_reps,GS05,NA,0.0,0
SH2618780.08FU_UDB0727711_reps,GS05,NA,0.0,0
SH2618814.08FU_UDB0716342_reps,GS05,NA,0.0,0
SH3221761.08FU_UDB0433147_reps,GS05,NA,0.0,0
SH3221759.08FU_UDB0547168_reps,GS05,NA,0.0,0
SH2602315.08FU_UDB0174429_reps,GS05,NA,0.0,0
SH2618762.08FU_UDB0706892_reps,GS08,NA,0.0,0
SH3219984.08FU_UDB0111030_reps,GS08,NA,0.0,0
SH3224300.08FU_UDB0707252_reps,GS08,NA,0.0,0
SH3209171.08FU_UDB0684369_reps,GS08,NA,0.0,0
SH2609683.08FU_UDB0715376_reps,GS07,NA,0.0,0
SH3215469.08FU_UDB0441226_reps,GS07,NA,0.0,0
SH2612892.08FU_UDB0374717_reps,GS03,NA,0.0,0
SH1169194.08FU_UDB014680_reps,GS03,NA,0.0,0
SH1170644.08FU_UDB014877_reps,GS11,NA,0.0,0
SH1170645.08FU_UDB014857_reps,GS11,NA,0.0,0
SH1170643.08FU_UDB014876_reps,GS11,NA,0.0,0
SH1187037.08FU_KC222651_reps,GS11,NA,0.0,0
SH1183300.08FU_JX456658_refs,GS11,NA,0.0,0
SH2602521.08FU_UDB0743630_reps,Branch01,NA,0.0,0
SH3226298.08FU_UDB0527556_reps,GS10,NA,0.0,0
SH3224328.08FU_UDB0545809_reps,GS10,NA,0.0,0
SH3226299.08FU_UDB0451006_reps,GS10,NA,0.0,0
SH1190028.08FU_UDB0581370_reps,GS04,NA,0.0,0
SH2603609.08FU_UDB074203_reps,Spizellomycetales,NA,0.0,0
SH2589001.08FU_KF274118_reps,Spizellomycetales,NA,0.0,0
SH3212969.08FU_UDB0530502_reps,Spizellomycetales,NA,0.0,0
SH3217977.08FU_UDB0545676_reps,Spizellomycetales,NA,0.0,0
SH3214719.08FU_UDB0656507_reps,Spizellomycetales,NA,0.0,0
SH3207390.08FU_UDB0307729_reps,Rhizophydiales,NA,0.0,0
SH2603278.08FU_UDB0674166_reps,Rhizophydiales,NA,0.0,0
SH3211359.08FU_UDB0528889_reps,Rhizophydiales,NA,0.0,0
SH1244133.08FU_EF585637_reps,Rhizophydiales,Rhizophydiales,0.0174,1
SH3218964.08FU_UDB0447252_reps,Rhizophydiales,NA,0.0,0
SH3218966.08FU_UDB0126487_reps,Rhizophydiales,NA,0.0,0
SH3228793.08FU_UDB0554353_reps,Rhizophydiales,NA,0.0,0
SH3218954.08FU_UDB0674070_reps,Rhizophydiales,NA,0.0,0
SH2605433.08FU_UDB0109028_reps,Lobulomycetales,NA,0.0,0
SH2604546.08FU_UDB087915_reps,Lobulomycetales,NA,0.0,0
SH3221263.08FU_UDB0461110_reps,Lobulomycetales,NA,0.0,0
SH3226833.08FU_UDB0333006_reps,Lobulomycetales,NA,0.0,0
SH1244129.08FU_UDB0766814_reps,Rhizophlyctidales,NA,0.0,0
SH1149330.08FU_UDB0511987_reps,Rhizophlyctidales,NA,0.0,0
SH1247468.08FU_MT040968_reps,Synchytriales,NA,0.0,0
SH1143048.08FU_EF392533_refs,Basidiobolales,Basidiobolales,0.247,1
SH1145869.08FU_KC152095_reps,Endogonales,NA,0.0,0
SH3211952.08FU_UDB0256641_reps,Endogonales,NA,0.0,0
SH1145871.08FU_AY997045_refs,Endogonales,NA,0.0,0
SH2602598.08FU_UDB0671996_reps,Endogonales,Russulales,0.0112,0
SH1169183.08FU_UDB014852_reps,GS21,NA,0.0,0
SH2605281.08FU_UDB0120556_reps,GS22,NA,0.0,0
SH1174940.08FU_JN206209_refs,Mucorales,Mucorales,0.452,1
SH1171364.08FU_JN206083_refs,Mucorales,Mucorales,0.245,1
SH1143717.08FU_JN205898_refs,Mucorales,Mucorales,0.713,1
SH1180561.08FU_JN206188_refs,Mucorales,Mucorales,0.292,1
SH1180563.08FU_JN206187_refs,Mucorales,Mucorales,0.375,1
SH1185941.08FU_KY008580_reps,Mucorales,Mucorales,0.165,1
SH1171363.08FU_MH859854_reps,Mucorales,Mucorales,0.0239,1
SH2613993.08FU_UDB0438179_reps,Mucorales,Mucorales,0.41,1
SH1175495.08FU_HM999957_refs,Mucorales,Mucorales,0.618,1
SH1216028.08FU_LN809044_reps,Mucorales,Mucorales,0.751,1
SH1183242.08FU_LC229683_reps,GS23,NA,0.0,0
SH1155119.08FU_HQ630285_refs,Umbelopsidales,Umbelopsidales,0.197,1
SH1155124.08FU_MG190450_reps,Umbelopsidales,Umbelopsidales,0.53,1
SH1181112.08FU_JN206384_refs,Umbelopsidales,Umbelopsidales,0.534,1
SH2615850.08FU_UDB0565474_reps,Umbelopsidales,NA,0.0,0
SH2608542.08FU_MK793816_reps,Mortierellales,NA,0.0,0
SH1238287.08FU_KF743701_reps,Mortierellales,NA,0.0,0
SH2603109.08FU_UDB067430_reps,Mortierellales,NA,0.0,0
SH1224158.08FU_JX976048_refs,Mortierellales,Mortierellales,0.625,1
SH2605828.08FU_UDB0526685_reps,Mortierellales,NA,0.0,0
SH1180655.08FU_UDB007155_reps,Mortierellales,Mortierellales,0.581,1
SH1190018.08FU_KP311434_reps,Mortierellales,NA,0.0,0
SH2601585.08FU_UDB0625047_reps,Mortierellales,NA,0.0,0
SH1180627.08FU_UDB0442889_reps,Mortierellales,NA,0.0,0
SH2605349.08FU_UDB0186369_reps,Mortierellales,NA,0.0,0
SH1238284.08FU_HQ630346_refs,Mortierellales,Mortierellales,0.692,1
SH1210819.08FU_MG230332_reps,Mortierellales,Mortierellales,0.214,1
SH1180612.08FU_UDB0715487_reps,Mortierellales,NA,0.0,0
SH1243066.08FU_UDB0167613_reps,Mortierellales,NA,0.0,0
SH1210822.08FU_FN610903_reps,Mortierellales,Mortierellales,0.287,1
SH1159925.08FU_UDB0450388_reps,Mortierellales,NA,0.0,0
SH1180607.08FU_MT227328_reps,Mortierellales,NA,0.0,0
SH1177444.08FU_JN943794_refs,Mortierellales,NA,0.0,0
SH1178728.08FU_KU318442_reps,Mortierellales,NA,0.0,0
SH1177295.08FU_HQ630302_refs,Mortierellales,Mortierellales,0.0692,1
SH2610136.08FU_UDB0397298_reps,Mortierellales,NA,0.0,0
SH2607200.08FU_UDB0250784_reps,Mortierellales,NA,0.0,0
SH1180601.08FU_HQ630331_refs,Mortierellales,Mortierellales,0.566,1
SH1180982.08FU_UDB0767539_reps,Mortierellales,NA,0.0,0
SH2604503.08FU_UDB0639968_reps,Mortierellales,NA,0.0,0
SH2605653.08FU_UDB0324109_reps,Mortierellales,NA,0.0,0
SH1180637.08FU_MN385501_reps,Mortierellales,NA,0.0,0
SH3567152.08FU_MT085693_reps,Neocallimastigales,NA,0.0,0
SH1218048.08FU_GQ857639_reps,Neocallimastigales,Neocallimastigales,0.365,1
SH2591628.08FU_MK775320_reps,Neocallimastigales,Neocallimastigales,0.144,1
SH3211600.08FU_UDB0632851_reps,GS16,NA,0.0,0
SH1159317.08FU_UDB0339076_reps,Olpidiales,Olpidiales,0.276,1
SH2614685.08FU_UDB0476322_reps,Sanchytriales,NA,0.0,0
SH3224639.08FU_UDB0524832_reps,Zoopagales,NA,0.0,0
SH2595074.08FU_MN522056_reps,Kickxellales,Kickxellales,0.307,1
SH3213539.08FU_UDB0358196_reps,Kickxellales,NA,0.0,0
SH1177472.08FU_UDB0320780_reps,Kickxellales,NA,0.0,0
SH1142621.08FU_KP413067_reps,Entorrhizales,Entorrhizales,0.134,1

Total Accuracy,,,0.4201,0.9054
