SeqID,True_Classification,Protax_Classification,Protax_Probability,Accuracy
SH1189502.08FU_GQ205097_refs,Glomerales,Glomerales,0.627,1
SH1168485.08FU_AM384913_reps,Glomerales,Glomerales,0.72,1
SH1182559.08FU_UDB0604165_reps,Glomerales,Glomerales,0.453,1
SH1215370.08FU_HM159461_reps,Glomerales,Glomerales,0.984,1
SH2607809.08FU_UDB0259249_reps,Glomerales,NA,0.0,0
SH1174370.08FU_UDB0565395_reps,Glomerales,Glomerales,0.972,1
SH1160107.08FU_JX096570_reps,Glomerales,Glomerales,0.473,1
SH1177680.08FU_HQ857201_reps,Glomerales,Glomerales,0.72,1
SH1153917.08FU_KF060328_reps,Glomerales,Glomerales,0.72,1
SH1179598.08FU_KF939980_reps,Glomerales,Glomerales,0.687,1
SH2613580.08FU_UDB0414371_reps,Glomerales,Glomerales,0.873,1
SH1189513.08FU_AF004680_reps,Glomerales,Glomerales,0.524,1
SH1169241.08FU_AJ716313_refs,Glomerales,Glomerales,0.742,1
SH1182372.08FU_GQ205086_reps,Glomerales,Glomerales,0.942,1
SH1175354.08FU_AJ972463_refs,Glomerales,Glomerales,0.72,1
SH1182642.08FU_GQ388385_reps,Glomerales,Glomerales,0.959,1
SH1174390.08FU_AY236259_reps,Glomerales,Glomerales,0.919,1
SH1174387.08FU_GQ388584_reps,Glomerales,Glomerales,0.985,1
SH1174401.08FU_UDB0260639_reps,Glomerales,Glomerales,0.97,1
SH1182681.08FU_GQ388524_reps,Glomerales,Glomerales,0.96,1
SH1189686.08FU_KM041908_reps,Glomerales,Glomerales,0.72,1
SH1175749.08FU_JX096608_reps,Glomerales,Glomerales,0.72,1
SH1169244.08FU_MF589996_reps,Glomerales,Glomerales,0.993,1
SH1189510.08FU_UDB0381253_reps,Glomerales,NA,0.0,0
SH1175748.08FU_HM162333_reps,Glomerales,Glomerales,0.72,1
SH2612607.08FU_MT765710_reps,Glomerales,NA,0.0,0
SH1182570.08FU_UDB0623667_reps,Glomerales,Glomerales,0.866,1
SH3566868.08FU_MT210908_reps,Glomerales,Glomerales,0.987,1
SH1175745.08FU_UDB0532003_reps,Glomerales,Glomerales,0.694,1
SH1182553.08FU_UDB0606629_reps,Glomerales,Glomerales,0.645,1
SH1189742.08FU_KM042014_reps,Glomerales,Glomerales,0.717,1
SH1177686.08FU_JX276903_reps,Glomerales,Glomerales,0.72,1
SH1175355.08FU_HF674813_reps,Glomerales,Glomerales,0.736,1
SH1174367.08FU_GQ388314_reps,Glomerales,Glomerales,0.994,1
SH1215357.08FU_AY236238_reps,Glomerales,Glomerales,0.948,1
SH1182656.08FU_JX042775_reps,Glomerales,Glomerales,0.986,1
SH1238410.08FU_GQ205075_refs,Glomerales,Glomerales,0.738,1
SH1215356.08FU_UDB0154461_reps,Glomerales,Glomerales,0.976,1
SH1189089.08FU_UDB014818_reps,Glomerales,Glomerales,0.561,1
SH1182654.08FU_GQ388525_reps,Glomerales,Glomerales,0.72,1
SH1189633.08FU_FM865613_refs,Glomerales,Glomerales,0.994,1
SH1189573.08FU_FN423697_refs,Glomerales,Glomerales,0.745,1
SH1169233.08FU_UDB0622194_reps,Glomerales,Glomerales,0.962,1
SH1189658.08FU_FM865604_refs,Glomerales,Glomerales,0.964,1
SH2609427.08FU_MT765683_reps,Glomerales,Glomerales,0.363,1
SH1186218.08FU_HQ857198_reps,Glomerales,Glomerales,0.72,1
SH1186216.08FU_MF542276_reps,Glomerales,Glomerales,0.72,1
SH2588224.08FU_AM495139_reps,Glomerales,Glomerales,0.72,1
SH1192146.08FU_JN194497_reps,Glomerales,Glomerales,0.72,1
SH1175750.08FU_KJ484726_reps,Glomerales,Glomerales,0.98,1
SH1153835.08FU_AM495198_reps,Glomerales,Glomerales,0.83,1
SH1189636.08FU_GQ205065_refs,Glomerales,Glomerales,0.988,1
SH2592280.08FU_LC379038_reps,Glomerales,Glomerales,0.72,1
SH1172210.08FU_JN195677_reps,Glomerales,Glomerales,0.861,1
SH2592279.08FU_LC379047_reps,Glomerales,Glomerales,0.72,1
SH1189681.08FU_FJ362314_reps,Glomerales,Glomerales,0.985,1
SH1189666.08FU_HE817875_reps,Glomerales,Glomerales,0.99,1
SH1189680.08FU_KF836937_reps,Glomerales,Glomerales,0.985,1
SH2609850.08FU_UDB0748366_reps,Glomerales,NA,0.0,0
SH1182299.08FU_AY236283_reps,Glomerales,Glomerales,0.715,1
SH2603851.08FU_UDB0517941_reps,Glomerales,Glomerales,0.163,1
SH2606765.08FU_UDB0248922_reps,Glomerales,Glomerales,0.68,1
SH1215360.08FU_JN195684_reps,Glomerales,Glomerales,0.977,1
SH1142503.08FU_KC182038_reps,Glomerales,Glomerales,0.72,1
SH1189664.08FU_FJ008663_reps,Glomerales,Glomerales,0.72,1
SH1168486.08FU_AM384919_reps,Glomerales,Glomerales,0.72,1
SH1182358.08FU_KC965737_reps,Glomerales,Glomerales,0.72,1
SH1174393.08FU_FJ008629_reps,Glomerales,Glomerales,0.945,1
SH2591562.08FU_MK348933_reps,Glomerales,Glomerales,0.72,1
SH1192148.08FU_HG969372_reps,Glomerales,Glomerales,0.72,1
SH1177355.08FU_MN735732_reps,Glomerales,Glomerales,0.72,1
SH1153931.08FU_UDB0359405_reps,Glomerales,Glomerales,0.625,1
SH1177689.08FU_JF276274_reps,Glomerales,Glomerales,0.72,1
SH1182579.08FU_GQ388521_reps,Glomerales,Glomerales,0.98,1
SH3567321.08FU_MT765474_reps,Glomerales,Glomerales,0.407,1
SH3567535.08FU_MK875629_reps,Glomerales,NA,0.0,0
SH1189507.08FU_KP191478_reps,Glomerales,NA,0.0,0
SH1153909.08FU_KF060299_reps,Glomerales,Glomerales,0.942,1
SH1153834.08FU_AJ972465_refs,Glomerales,NA,0.0,0
SH1238858.08FU_KY114641_reps,Glomerales,Glomerales,0.973,1
SH1182641.08FU_KX758120_reps,Glomerales,Glomerales,0.72,1
SH2603830.08FU_UDB0521439_reps,Glomerales,Glomerales,0.551,1
SH1189663.08FU_HM162340_reps,Glomerales,Glomerales,0.993,1
SH1142502.08FU_EF393610_reps,Glomerales,Glomerales,0.72,1
SH1189091.08FU_UDB014851_reps,Glomerales,Glomerales,0.444,1
SH1142541.08FU_JN195695_reps,Glomerales,Glomerales,0.958,1
SH1175364.08FU_KJ701501_reps,Diversisporales,NA,0.0,0
SH1236571.08FU_AM418548_reps,Diversisporales,Diversisporales,0.713,1
SH1175170.08FU_KP756417_reps,Diversisporales,Diversisporales,0.593,1
SH1181703.08FU_HE858431_reps,Diversisporales,Diversisporales,0.593,1
SH1182291.08FU_FJ008612_reps,Diversisporales,Diversisporales,0.982,1
SH1182285.08FU_MG459211_reps,Diversisporales,Diversisporales,0.713,1
SH1143107.08FU_KX345939_reps,Diversisporales,NA,0.0,0
SH1189092.08FU_AJ891113_reps,Diversisporales,Diversisporales,0.859,1
SH3567350.08FU_MT765624_reps,Diversisporales,NA,0.0,0
SH1182304.08FU_HF970246_reps,Diversisporales,Diversisporales,0.958,1
SH1177009.08FU_FR750151_refs,Diversisporales,Diversisporales,0.593,1
SH1175385.08FU_MN735739_reps,Diversisporales,NA,0.0,0
SH1182287.08FU_FR873630_refs,Diversisporales,Diversisporales,0.976,1
SH1175389.08FU_KY362430_reps,Diversisporales,NA,0.0,0
SH1181702.08FU_KP191469_reps,Diversisporales,Diversisporales,0.592,1
SH2588193.08FU_UDB0250567_reps,Diversisporales,NA,0.0,0
SH1181701.08FU_FM876792_refs,Diversisporales,NA,0.0,0
SH1175372.08FU_AM420365_reps,Diversisporales,NA,0.0,0
SH1175387.08FU_LN881566_reps,Diversisporales,NA,0.0,0
SH2589669.08FU_KM057063_reps,Diversisporales,Diversisporales,0.591,1
SH1171697.08FU_MT765496_reps,Gigasporales,Gigasporales,0.757,1
SH1142452.08FU_KP756515_reps,Gigasporales,Gigasporales,0.758,1
SH1171687.08FU_AF162463_reps,Gigasporales,Gigasporales,0.978,1
SH1171700.08FU_MT765695_reps,Gigasporales,Gigasporales,0.692,1
SH1171690.08FU_HF935020_reps,Gigasporales,Gigasporales,0.758,1
SH1171681.08FU_FN547565_refs,Gigasporales,Gigasporales,0.987,1
SH1171696.08FU_JF276259_reps,Gigasporales,Gigasporales,0.879,1
SH2588459.08FU_UDB0129676_reps,Archaeosporales,Archaeosporales,0.391,1
SH2588248.08FU_AJ515175_reps,Archaeosporales,Archaeosporales,0.619,1
SH1168461.08FU_UDB0601833_reps,Archaeosporales,Archaeosporales,0.515,1
SH1182503.08FU_FR750034_reps,Archaeosporales,Archaeosporales,0.434,1
SH1153874.08FU_KF939959_reps,Archaeosporales,Archaeosporales,0.452,1
SH1182502.08FU_GQ388702_reps,Archaeosporales,Archaeosporales,0.633,1
SH1168427.08FU_UDB0400414_reps,Archaeosporales,Archaeosporales,0.92,1
SH1174075.08FU_HF970271_reps,Archaeosporales,Archaeosporales,0.858,1
SH1174070.08FU_UDB072380_reps,Archaeosporales,Archaeosporales,0.893,1
SH1153871.08FU_UDB0492355_reps,Archaeosporales,Archaeosporales,0.438,1
SH1169598.08FU_AB048636_refs,Archaeosporales,Archaeosporales,0.906,1
SH1153870.08FU_AY174701_reps,Archaeosporales,Archaeosporales,0.619,1
SH1168422.08FU_AM420400_refs,Archaeosporales,Archaeosporales,0.411,1
SH1168432.08FU_LS479901_reps,Archaeosporales,Archaeosporales,0.912,1
SH1168424.08FU_JN581956_refs,Archaeosporales,Archaeosporales,0.755,1
SH1236624.08FU_UDB0195112_reps,Archaeosporales,Archaeosporales,0.31,1
SH2608703.08FU_UDB0584434_reps,Paraglomerales,NA,0.0,0
SH2588612.08FU_HM215639_reps,Paraglomerales,NA,0.0,0
SH1238428.08FU_KF849630_reps,Paraglomerales,Glomerales,0.494,0
SH3567364.08FU_MT765476_reps,Paraglomerales,NA,0.0,0
SH1148318.08FU_HM215636_reps,Paraglomerales,NA,0.0,0
SH3567343.08FU_MT765513_reps,Paraglomerales,NA,0.0,0
SH1151007.08FU_KP235696_reps,GS24,NA,0.0,0
SH1151008.08FU_UDB014833_reps,GS24,NA,0.0,0
SH1182563.08FU_UDB014749_reps,GS24,NA,0.0,0
SH1140892.08FU_JF960838_reps,Thelephorales,Thelephorales,0.714,1
SH1140975.08FU_LC035298_reps,Thelephorales,Thelephorales,0.834,1
SH1159499.08FU_UDB0216716_reps,Thelephorales,Thelephorales,0.922,1
SH1159663.08FU_UDB074678_reps,Thelephorales,Thelephorales,0.887,1
SH2598124.08FU_UDB0767877_reps,Thelephorales,Thelephorales,0.825,1
SH1190446.08FU_KX398703_reps,Thelephorales,Thelephorales,0.589,1
SH2618674.08FU_UDB0698571_reps,Thelephorales,Thelephorales,0.447,1
SH1159527.08FU_KX619551_reps,Thelephorales,Thelephorales,0.835,1
SH1140717.08FU_UDB007152_reps,Thelephorales,Thelephorales,0.799,1
SH1141059.08FU_JX625352_reps,Thelephorales,Thelephorales,0.884,1
SH1140508.08FU_AB634264_refs,Thelephorales,Thelephorales,0.623,1
SH1159497.08FU_JF960832_reps,Thelephorales,Thelephorales,0.559,1
SH1234281.08FU_MF162255_refs,Thelephorales,Thelephorales,0.921,1
SH1159493.08FU_UDB004384_reps,Thelephorales,Thelephorales,0.669,1
SH2603398.08FU_UDB0147425_reps,Thelephorales,Thelephorales,0.825,1
SH1140451.08FU_UDB003309_refs,Thelephorales,Thelephorales,0.942,1
SH2606939.08FU_UDB0154064_reps,Thelephorales,Thelephorales,0.648,1
SH1140702.08FU_KT200557_reps,Thelephorales,Thelephorales,0.836,1
SH1141025.08FU_KC791130_reps,Thelephorales,Thelephorales,0.813,1
SH1140668.08FU_UDB0767857_reps,Thelephorales,Thelephorales,0.823,1
SH1141157.08FU_UDB0500597_reps,Thelephorales,Thelephorales,0.0422,1
SH1142937.08FU_UDB0756772_reps,Thelephorales,Thelephorales,0.853,1
SH2605277.08FU_UDB0232035_reps,Thelephorales,Thelephorales,0.0432,1
SH1140558.08FU_KF225802_reps,Thelephorales,Thelephorales,0.752,1
SH1212482.08FU_UDB004752_reps,Thelephorales,Thelephorales,0.715,1
SH1143644.08FU_UDB019690_refs,Thelephorales,Thelephorales,0.693,1
SH1140653.08FU_UDB023366_reps,Thelephorales,Thelephorales,0.841,1
SH1159515.08FU_JQ393129_reps,Thelephorales,Thelephorales,0.876,1
SH1140615.08FU_UDB023362_reps,Thelephorales,Thelephorales,0.872,1
SH2607594.08FU_UDB0468542_reps,Thelephorales,Thelephorales,0.0419,1
SH2605147.08FU_UDB0100414_reps,Thelephorales,Thelephorales,0.0112,1
SH1237731.08FU_UDB004263_reps,Thelephorales,Thelephorales,0.63,1
SH1141024.08FU_EU726319_reps,Thelephorales,Thelephorales,0.852,1
SH1140620.08FU_UDB033252_reps,Thelephorales,Thelephorales,0.882,1
SH1140911.08FU_LC436085_reps,Thelephorales,Thelephorales,0.78,1
SH1141044.08FU_UDB0759278_reps,Thelephorales,Thelephorales,0.887,1
SH1159532.08FU_UDB016761_reps,Thelephorales,Thelephorales,0.835,1
SH1140464.08FU_UDB0335093_reps,Thelephorales,Thelephorales,0.939,1
SH2602393.08FU_UDB054408_reps,Thelephorales,Thelephorales,0.81,1
SH1212510.08FU_UDB0357285_reps,Thelephorales,Thelephorales,0.862,1
SH1140825.08FU_UDB008388_reps,Thelephorales,Thelephorales,0.688,1
SH1140468.08FU_UDB0171555_reps,Thelephorales,Thelephorales,0.94,1
SH1140484.08FU_UDB003342_refs,Thelephorales,Thelephorales,0.843,1
SH1140782.08FU_UDB0349804_reps,Thelephorales,Thelephorales,0.0215,1
SH1233042.08FU_UDB003336_refs,Thelephorales,Thelephorales,0.877,1
SH1212500.08FU_UDB016705_refs,Thelephorales,Thelephorales,0.868,1
SH1188271.08FU_FJ897222_reps,Thelephorales,Thelephorales,0.851,1
SH1159596.08FU_UDB078368_reps,Thelephorales,Thelephorales,0.889,1
SH1140476.08FU_UDB000267_refs,Thelephorales,Thelephorales,0.862,1
SH1212488.08FU_DQ388871_reps,Thelephorales,Thelephorales,0.785,1
SH1140852.08FU_KT800217_reps,Thelephorales,Thelephorales,0.819,1
SH1159421.08FU_UDB003324_refs,Thelephorales,Thelephorales,0.948,1
SH1140772.08FU_KF514708_reps,Thelephorales,Thelephorales,0.903,1
SH1140780.08FU_MN549503_reps,Thelephorales,Thelephorales,0.864,1
SH1140586.08FU_EF635797_reps,Thelephorales,Thelephorales,0.818,1
SH1140555.08FU_UDB0629634_reps,Thelephorales,Thelephorales,0.791,1
SH1140661.08FU_UDB004262_reps,Thelephorales,Thelephorales,0.609,1
SH1233723.08FU_MF611703_reps,Thelephorales,Thelephorales,0.0512,1
SH1140742.08FU_KJ769319_reps,Thelephorales,Thelephorales,0.864,1
SH1140857.08FU_KT032088_refs,Thelephorales,Thelephorales,0.821,1
SH1159689.08FU_UDB0208266_reps,Thelephorales,Thelephorales,0.89,1
SH1140832.08FU_JN129414_reps,Thelephorales,Thelephorales,0.62,1
SH1140859.08FU_AB971281_reps,Thelephorales,Thelephorales,0.726,1
SH1233050.08FU_UDB0642822_reps,Thelephorales,Thelephorales,0.713,1
SH1140452.08FU_UDB0180095_reps,Thelephorales,Thelephorales,0.946,1
SH1185295.08FU_UDB0470034_reps,Thelephorales,Thelephorales,0.831,1
SH1159563.08FU_MK310082_reps,Thelephorales,Thelephorales,0.853,1
SH1159469.08FU_UDB0272825_reps,Thelephorales,Thelephorales,0.939,1
SH1159525.08FU_UDB0138627_reps,Thelephorales,Thelephorales,0.935,1
SH1159581.08FU_UDB004603_reps,Thelephorales,Thelephorales,0.672,1
SH1212478.08FU_UDB000956_refs,Thelephorales,Thelephorales,0.885,1
SH1140708.08FU_UDB018546_refs,Thelephorales,Thelephorales,0.847,1
SH1140472.08FU_UDB016470_refs,Thelephorales,Thelephorales,0.943,1
SH1140794.08FU_FR852156_reps,Thelephorales,Thelephorales,0.868,1
SH1140679.08FU_AY667423_reps,Thelephorales,Thelephorales,0.816,1
SH1212412.08FU_LC271336_reps,Thelephorales,Thelephorales,0.763,1
SH1159528.08FU_MT528017_reps,Thelephorales,Thelephorales,0.892,1
SH1140621.08FU_UDB013202_reps,Thelephorales,Thelephorales,0.829,1
SH1230380.08FU_UDB011895_refs,Thelephorales,Thelephorales,0.527,1
SH1159455.08FU_UDB0777974_refs,Thelephorales,Thelephorales,0.87,1
SH1159451.08FU_LC482523_reps,Thelephorales,Thelephorales,0.336,1
SH1140709.08FU_GQ900539_reps,Thelephorales,Thelephorales,0.878,1
SH1140850.08FU_MG715410_reps,Thelephorales,Thelephorales,0.892,1
SH1159552.08FU_KJ209691_reps,Thelephorales,Thelephorales,0.794,1
SH1140590.08FU_JX474808_reps,Thelephorales,Thelephorales,0.886,1
SH1185288.08FU_UDB012458_reps,Thelephorales,Thelephorales,0.816,1
SH1238829.08FU_UDB016681_refs,Thelephorales,Thelephorales,0.722,1
SH1242311.08FU_MK049937_reps,Thelephorales,Thelephorales,0.0439,1
SH1237730.08FU_UDB004980_reps,Thelephorales,Thelephorales,0.756,1
SH1140520.08FU_JF520432_refs,Thelephorales,Thelephorales,0.729,1
SH1159479.08FU_UDB0355826_reps,Thelephorales,Thelephorales,0.885,1
SH1212902.08FU_UDB000294_refs,Thelephorales,Thelephorales,0.0432,1
SH1159424.08FU_UDB001655_refs,Thelephorales,Thelephorales,0.951,1
SH1190453.08FU_JX548271_reps,Thelephorales,Thelephorales,0.736,1
SH2603919.08FU_UDB0212894_reps,Thelephorales,Thelephorales,0.681,1
SH1159526.08FU_UDB018556_reps,Thelephorales,Thelephorales,0.842,1
SH1141053.08FU_KT224890_reps,Thelephorales,Thelephorales,0.813,1
SH1188270.08FU_UDB0250970_reps,Thelephorales,Thelephorales,0.829,1
SH1212496.08FU_UDB0173740_reps,Thelephorales,Thelephorales,0.914,1
SH1140797.08FU_HE820663_reps,Thelephorales,Thelephorales,0.8,1
SH2602903.08FU_UDB0683636_reps,Thelephorales,Thelephorales,0.783,1
SH1140579.08FU_FJ013083_reps,Thelephorales,Thelephorales,0.865,1
SH1140533.08FU_UDB026932_reps,Thelephorales,Thelephorales,0.937,1
SH1141183.08FU_AB218188_reps,Thelephorales,Thelephorales,0.881,1
SH1140560.08FU_U83483_refs,Thelephorales,Thelephorales,0.944,1
SH2606290.08FU_UDB0267837_reps,Thelephorales,Russulales,0.011,0
SH1145404.08FU_UDB000287_refs,Thelephorales,Thelephorales,0.0432,1
SH1159492.08FU_MF693840_reps,Thelephorales,Thelephorales,0.901,1
SH1156232.08FU_KM406978_reps,Thelephorales,Thelephorales,0.0468,1
SH1159703.08FU_UDB085186_reps,Thelephorales,Thelephorales,0.923,1
SH1140796.08FU_UDB076277_reps,Thelephorales,Thelephorales,0.944,1
SH1212903.08FU_UDB002295_refs,Thelephorales,Thelephorales,0.0432,1
SH1230379.08FU_EU834219_refs,Thelephorales,Thelephorales,0.0531,1
SH2595049.08FU_LC482603_reps,Thelephorales,Thelephorales,0.427,1
SH1159428.08FU_UDB0157968_reps,Thelephorales,Thelephorales,0.938,1
SH1140492.08FU_AY751562_refs,Thelephorales,Thelephorales,0.895,1
SH1140719.08FU_UDB0379892_reps,Thelephorales,Thelephorales,0.921,1
SH2599121.08FU_UDB0768328_reps,Thelephorales,Thelephorales,0.811,1
SH1159417.08FU_UDB016174_refs,Thelephorales,Thelephorales,0.951,1
SH1159433.08FU_UDB0166082_reps,Thelephorales,Thelephorales,0.916,1
SH1159577.08FU_KM576653_reps,Thelephorales,Thelephorales,0.878,1
SH1140798.08FU_EF411126_reps,Thelephorales,Thelephorales,0.83,1
SH1157511.08FU_DQ388815_reps,Thelephorales,Thelephorales,0.692,1
SH1159662.08FU_UDB003319_reps,Thelephorales,Thelephorales,0.795,1
SH1140987.08FU_LC367785_reps,Thelephorales,Thelephorales,0.807,1
SH1140809.08FU_KX398767_reps,Thelephorales,Thelephorales,0.829,1
SH1140645.08FU_GU220644_reps,Thelephorales,Thelephorales,0.898,1
SH1234277.08FU_UDB001617_refs,Thelephorales,Thelephorales,0.943,1
SH2606739.08FU_UDB0610953_reps,Thelephorales,Thelephorales,0.555,1
SH1140741.08FU_GU187873_reps,Thelephorales,Thelephorales,0.692,1
SH1140747.08FU_UDB0506529_reps,Thelephorales,Thelephorales,0.858,1
SH1159514.08FU_EF655698_reps,Thelephorales,Thelephorales,0.822,1
SH1140498.08FU_UDB016389_refs,Thelephorales,Thelephorales,0.92,1
SH1159512.08FU_AM087283_reps,Thelephorales,Thelephorales,0.837,1
SH1159437.08FU_KY245230_refs,Thelephorales,Thelephorales,0.95,1
SH1140746.08FU_AB972839_reps,Thelephorales,Thelephorales,0.86,1
SH1216300.08FU_KX814453_reps,Thelephorales,Thelephorales,0.718,1
SH1140565.08FU_UDB0532629_reps,Thelephorales,Thelephorales,0.909,1
SH1239110.08FU_EF411112_refs,Thelephorales,Thelephorales,0.0432,1
SH1140693.08FU_AM113444_reps,Thelephorales,Thelephorales,0.707,1
SH1159450.08FU_UDB0413379_reps,Thelephorales,Thelephorales,0.942,1
SH1140891.08FU_UDB082088_reps,Thelephorales,Thelephorales,0.891,1
SH1140549.08FU_HQ204732_refs,Thelephorales,Thelephorales,0.864,1
SH1140633.08FU_UDB0517341_reps,Thelephorales,Thelephorales,0.881,1
SH1159578.08FU_KT289944_reps,Thelephorales,Thelephorales,0.697,1
SH1140591.08FU_DQ974771_refs,Thelephorales,Thelephorales,0.884,1
SH1159536.08FU_EF644161_reps,Thelephorales,Thelephorales,0.0406,1
SH1159524.08FU_UDB0556618_reps,Thelephorales,Thelephorales,0.897,1
SH1140972.08FU_UDB014485_reps,Thelephorales,Thelephorales,0.692,1
SH1140666.08FU_KF779449_reps,Thelephorales,Thelephorales,0.85,1
SH1140470.08FU_KT334694_refs,Thelephorales,Thelephorales,0.906,1
SH1140834.08FU_KM247759_reps,Thelephorales,Thelephorales,0.81,1
SH1159430.08FU_JX990026_reps,Thelephorales,Thelephorales,0.929,1
SH1230086.08FU_UDB0413812_reps,Thelephorales,Thelephorales,0.893,1
SH1140518.08FU_UDB003337_refs,Thelephorales,Thelephorales,0.634,1
SH1140660.08FU_UDB0438441_reps,Thelephorales,Thelephorales,0.944,1
SH1187096.08FU_UDB036881_reps,Thelephorales,Thelephorales,0.0468,1
SH2598292.08FU_UDB0620585_reps,Thelephorales,Thelephorales,0.595,1
SH1140696.08FU_LC367944_reps,Thelephorales,Thelephorales,0.849,1
SH1140541.08FU_UDB003311_refs,Thelephorales,Thelephorales,0.885,1
SH1159560.08FU_UDB0234165_reps,Thelephorales,Thelephorales,0.891,1
SH1140545.08FU_EU625829_refs,Thelephorales,Thelephorales,0.8,1
SH1140571.08FU_AB587785_refs,Thelephorales,Thelephorales,0.816,1
SH2614875.08FU_UDB0733883_reps,Thelephorales,Thelephorales,0.875,1
SH1156976.08FU_LC367913_reps,Thelephorales,Thelephorales,0.749,1
SH1213122.08FU_UDB000285_refs,Thelephorales,Thelephorales,0.0432,1
SH1159488.08FU_KT224903_reps,Thelephorales,Thelephorales,0.79,1
SH1140672.08FU_GU184079_reps,Thelephorales,Thelephorales,0.843,1
SH1140609.08FU_UDB0331577_reps,Thelephorales,Thelephorales,0.784,1
SH1140616.08FU_UDB013796_refs,Thelephorales,Thelephorales,0.843,1
SH1140663.08FU_UDB004953_refs,Thelephorales,Thelephorales,0.854,1
SH1212494.08FU_GQ240907_reps,Thelephorales,Thelephorales,0.879,1
SH1159590.08FU_UDB0628984_reps,Thelephorales,Thelephorales,0.813,1
SH1140811.08FU_GU220610_reps,Thelephorales,Thelephorales,0.882,1
SH1228314.08FU_EU846302_reps,Gomphales,Gomphales,0.0835,1
SH3566367.08FU_MT055936_reps,Gomphales,Gomphales,0.0124,1
SH3568382.08FU_MT055919_reps,Gomphales,NA,0.0,0
SH1171820.08FU_KY559349_reps,Gomphales,Gomphales,0.0798,1
SH1182445.08FU_KU973835_reps,Gomphales,Gomphales,0.26,1
SH1169655.08FU_KY626159_refs,Gomphales,Gomphales,0.0835,1
SH2609675.08FU_UDB0238831_reps,Gomphales,NA,0.0,0
SH1232634.08FU_UDB034432_reps,Gomphales,Gomphales,0.0835,1
SH1212636.08FU_KY462308_reps,Gomphales,Gomphales,0.0835,1
SH1212981.08FU_FJ596797_reps,Gomphales,Gomphales,0.0835,1
SH1156984.08FU_KR673634_reps,Gomphales,Gomphales,0.0835,1
SH1235690.08FU_KP658120_reps,Gomphales,Gomphales,0.0835,1
SH1169665.08FU_MH216039_reps,Gomphales,Gomphales,0.0835,1
SH1232626.08FU_EU837238_reps,Gomphales,Gomphales,0.0835,1
SH1169365.08FU_MF564301_reps,Gomphales,Gomphales,0.0835,1
SH1184688.08FU_MH860839_refs,Gomphales,Gomphales,0.577,1
SH1190809.08FU_KY626142_refs,Gomphales,Gomphales,0.0835,1
SH1184691.08FU_MF288925_reps,Gomphales,Gomphales,0.0835,1
SH1148745.08FU_EU837231_reps,Gomphales,Gomphales,0.181,1
SH1171819.08FU_KU870451_reps,Gomphales,Gomphales,0.0405,1
SH1228404.08FU_KP658154_reps,Gomphales,Gomphales,0.201,1
SH1184690.08FU_KT307860_reps,Gomphales,Gomphales,0.536,1
SH1182338.08FU_MH304402_reps,Gomphales,Gomphales,0.0835,1
SH1232697.08FU_KY626153_reps,Gomphales,Gomphales,0.0835,1
SH1151032.08FU_UDB0133685_reps,Gomphales,Gomphales,0.0769,1
SH1228396.08FU_KY626148_reps,Gomphales,Gomphales,0.0835,1
SH3566762.08FU_MK705849_reps,Gomphales,NA,0.0,0
SH3568623.08FU_MT580793_reps,Gomphales,NA,0.0,0
SH1228311.08FU_EU669377_reps,Gomphales,Gomphales,0.0835,1
SH1235691.08FU_UDB034438_reps,Gomphales,Gomphales,0.0835,1
SH1189030.08FU_MT366694_reps,Gomphales,Gomphales,0.0569,1
SH1228407.08FU_MK493046_reps,Gomphales,Gomphales,0.339,1
SH1228206.08FU_EU697271_reps,Gomphales,Gomphales,0.0835,1
SH1184693.08FU_EU644709_reps,Gomphales,Gomphales,0.0797,1
SH1191450.08FU_AF442138_reps,Gomphales,Gomphales,0.0569,1
SH1155025.08FU_MK169343_reps,Gomphales,Gomphales,0.0835,1
SH1228399.08FU_KY626146_refs,Gomphales,Gomphales,0.089,1
SH1148710.08FU_AF377066_refs,Gomphales,Gomphales,0.367,1
SH1153657.08FU_UDB0346291_reps,Gomphales,Gomphales,0.0835,1
SH1190397.08FU_KY861532_reps,Hygrophoraceae,Hygrophoraceae,0.621,1
SH1175410.08FU_KX772666_reps,Hygrophoraceae,Hygrophoraceae,0.886,1
SH1148073.08FU_UDB066165_reps,Hygrophoraceae,Hygrophoraceae,0.656,1
SH2614078.08FU_UDB0443304_reps,Hygrophoraceae,Hygrophoraceae,0.018,1
SH2591714.08FU_MK737049_reps,Hygrophoraceae,Hygrophoraceae,0.702,1
SH2589209.08FU_KJ780452_reps,Hygrophoraceae,Hygrophoraceae,0.71,1
SH1183546.08FU_KJ780675_reps,Hygrophoraceae,Hygrophoraceae,0.838,1
SH1236826.08FU_MK607491_reps,Hygrophoraceae,Hygrophoraceae,0.0907,1
SH1175414.08FU_KJ780520_reps,Hygrophoraceae,Hygrophoraceae,0.894,1
SH1173918.08FU_UDB0576748_reps,Hygrophoraceae,Hygrophoraceae,0.0654,1
SH1175421.08FU_KX772442_reps,Hygrophoraceae,Hygrophoraceae,0.836,1
SH1181058.08FU_KP889772_reps,Hygrophoraceae,Hygrophoraceae,0.0907,1
SH1146926.08FU_HM020683_reps,Hygrophoraceae,Hygrophoraceae,0.0871,1
SH1217428.08FU_DQ420703_reps,Hygrophoraceae,Hygrophoraceae,0.0907,1
SH1194176.08FU_UDB005431_reps,Hygrophoraceae,Hygrophoraceae,0.395,1
SH1175417.08FU_KJ780498_reps,Hygrophoraceae,Hygrophoraceae,0.783,1
SH1237014.08FU_UDB061009_reps,Hygrophoraceae,Hygrophoraceae,0.0281,1
SH1160013.08FU_FM208887_refs,Hygrophoraceae,Hygrophoraceae,0.0907,1
SH1194177.08FU_LC270642_reps,Hygrophoraceae,Hygrophoraceae,0.0907,1
SH1175398.08FU_KX772471_reps,Hygrophoraceae,Hygrophoraceae,0.854,1
SH1148074.08FU_HQ185708_refs,Hygrophoraceae,Hygrophoraceae,0.921,1
SH1173919.08FU_UDB0620855_reps,Hygrophoraceae,Hygrophoraceae,0.0886,1
SH1145036.08FU_JX857294_reps,Hygrophoraceae,Hygrophoraceae,0.798,1
SH1183535.08FU_MK010865_reps,Hygrophoraceae,Hygrophoraceae,0.71,1
SH2595876.08FU_MK840987_reps,Hygrophoraceae,Hygrophoraceae,0.0907,1
SH1189552.08FU_KF291115_refs,Hygrophoraceae,Hygrophoraceae,0.0907,1
SH1217423.08FU_KF306333_refs,Hygrophoraceae,Hygrophoraceae,0.0907,1
SH1175394.08FU_KX772679_reps,Hygrophoraceae,Hygrophoraceae,0.88,1
SH1145031.08FU_DQ097884_refs,Hygrophoraceae,Hygrophoraceae,0.544,1
SH1174212.08FU_MF156252_reps,Hygrophoraceae,Hygrophoraceae,0.0907,1
SH1181126.08FU_KY807666_reps,Hygrophoraceae,Hygrophoraceae,0.0907,1
SH1151016.08FU_LC035177_reps,Hygrophoraceae,Hygrophoraceae,0.0907,1
SH2595722.08FU_MK991851_reps,Hygrophoraceae,Hygrophoraceae,0.0907,1
SH1236825.08FU_AY463486_refs,Hygrophoraceae,Hygrophoraceae,0.0907,1
SH2592993.08FU_MK358147_reps,Hygrophoraceae,Hygrophoraceae,0.0907,1
SH3565979.08FU_MK123937_reps,Hygrophoraceae,,0.0,0
SH1190380.08FU_KY861561_reps,Hygrophoraceae,Hygrophoraceae,0.517,1
SH1237235.08FU_UDB000576_refs,Hygrophoraceae,Hygrophoraceae,0.0907,1
SH1169764.08FU_UDB000567_refs,Hygrophoraceae,Hygrophoraceae,0.663,1
SH1145990.08FU_UDB011709_reps,Hygrophoraceae,Hygrophoraceae,0.0907,1
SH1177080.08FU_EU784441_refs,Hygrophoraceae,Hygrophoraceae,0.0907,1
SH1177577.08FU_HQ185705_refs,Hygrophoraceae,Hygrophoraceae,0.723,1
SH1194182.08FU_MF399436_reps,Hygrophoraceae,Hygrophoraceae,0.0907,1
SH1175404.08FU_KX772723_reps,Hygrophoraceae,Hygrophoraceae,0.906,1
SH2595712.08FU_MK066235_reps,Hygrophoraceae,Hygrophoraceae,0.0907,1
SH1145933.08FU_UDB036830_reps,Hygrophoraceae,Hygrophoraceae,0.0907,1
SH1190098.08FU_DQ490630_refs,Hygrophoraceae,Hygrophoraceae,0.535,1
SH2610925.08FU_UDB0294672_reps,Hygrophoraceae,,0.0,0
SH1158454.08FU_UDB000565_refs,Hygrophoraceae,Hygrophoraceae,0.0907,1
SH1189496.08FU_MT101865_reps,Hygrophoraceae,Hygrophoraceae,0.0907,1
SH1181056.08FU_DQ490625_refs,Hygrophoraceae,Hygrophoraceae,0.0907,1
SH1175409.08FU_KX772494_reps,Hygrophoraceae,Hygrophoraceae,0.838,1
SH1217424.08FU_UDB067435_reps,Hygrophoraceae,Hygrophoraceae,0.0524,1
SH1183544.08FU_KF443230_reps,Hygrophoraceae,Hygrophoraceae,0.777,1
SH1145032.08FU_FJ845409_refs,Hygrophoraceae,Hygrophoraceae,0.908,1
SH1235643.08FU_UDB015837_refs,Hygrophoraceae,Hygrophoraceae,0.0907,1
SH1142014.08FU_KY462582_reps,Cortinariaceae,Cortinariaceae,0.875,1
SH1141981.08FU_MN855047_reps,Cortinariaceae,Cortinariaceae,0.867,1
SH1190173.08FU_HQ843177_refs,Cortinariaceae,Cortinariaceae,0.929,1
SH2593110.08FU_MN855076_reps,Cortinariaceae,Cortinariaceae,0.911,1
SH2593688.08FU_LC175073_reps,Cortinariaceae,Cortinariaceae,0.948,1
SH1142865.08FU_KJ920012_reps,Cortinariaceae,Cortinariaceae,0.525,1
SH1169424.08FU_MG553042_reps,Cortinariaceae,Cortinariaceae,0.107,1
SH1235811.08FU_KM576361_reps,Cortinariaceae,Cortinariaceae,0.917,1
SH1141528.08FU_KY462573_reps,Cortinariaceae,Cortinariaceae,0.924,1
SH1141761.08FU_AF539710_reps,Cortinariaceae,Cortinariaceae,0.858,1
SH2593059.08FU_MF599251_reps,Cortinariaceae,Cortinariaceae,0.695,1
SH1172983.08FU_UDB012342_reps,Cortinariaceae,Cortinariaceae,0.934,1
SH1157641.08FU_KY774072_reps,Cortinariaceae,Cortinariaceae,0.597,1
SH1141586.08FU_KT875189_reps,Cortinariaceae,Cortinariaceae,0.919,1
SH1172936.08FU_UDB001047_refs,Cortinariaceae,Cortinariaceae,0.961,1
SH1142155.08FU_UDB035723_reps,Cortinariaceae,Cortinariaceae,0.927,1
SH1142084.08FU_MN992356_reps,Cortinariaceae,Cortinariaceae,0.911,1
SH1141492.08FU_JX983147_reps,Cortinariaceae,Cortinariaceae,0.912,1
SH1141352.08FU_KF732280_refs,Cortinariaceae,Cortinariaceae,0.821,1
SH1185870.08FU_LC315846_reps,Cortinariaceae,Cortinariaceae,0.698,1
SH1141353.08FU_UDB0165544_reps,Cortinariaceae,Cortinariaceae,0.884,1
SH1141396.08FU_FJ152501_reps,Cortinariaceae,Cortinariaceae,0.916,1
SH1141752.08FU_KF732367_refs,Cortinariaceae,Cortinariaceae,0.929,1
SH1141374.08FU_UDB0352572_reps,Cortinariaceae,Cortinariaceae,0.521,1
SH1141452.08FU_GQ159830_refs,Cortinariaceae,Cortinariaceae,0.478,1
SH1141731.08FU_JX000374_refs,Cortinariaceae,Cortinariaceae,0.879,1
SH1141643.08FU_MH101524_reps,Cortinariaceae,Cortinariaceae,0.864,1
SH1141683.08FU_MW187062_reps,Cortinariaceae,Cortinariaceae,0.886,1
SH1141726.08FU_KY462607_reps,Cortinariaceae,Cortinariaceae,0.925,1
SH1142870.08FU_JX000363_refs,Cortinariaceae,Cortinariaceae,0.904,1
SH1141698.08FU_JX045687_refs,Cortinariaceae,Cortinariaceae,0.947,1
SH1141748.08FU_KY462541_reps,Cortinariaceae,Cortinariaceae,0.913,1
SH1176748.08FU_HQ215751_reps,Cortinariaceae,Cortinariaceae,0.958,1
SH1141751.08FU_KY774142_reps,Cortinariaceae,Cortinariaceae,0.89,1
SH1141728.08FU_MH101527_reps,Cortinariaceae,Cortinariaceae,0.893,1
SH1176756.08FU_KM457005_reps,Cortinariaceae,Cortinariaceae,0.858,1
SH1141688.08FU_KY462362_reps,Cortinariaceae,Cortinariaceae,0.907,1
SH1172958.08FU_UDB0459999_reps,Cortinariaceae,Cortinariaceae,0.924,1
SH1172927.08FU_UDB001768_refs,Cortinariaceae,Cortinariaceae,0.95,1
SH1172982.08FU_UDB005499_reps,Cortinariaceae,Cortinariaceae,0.951,1
SH1213433.08FU_KF732266_refs,Cortinariaceae,Cortinariaceae,0.107,1
SH1190158.08FU_MN197666_reps,Cortinariaceae,Cortinariaceae,0.794,1
SH1141989.08FU_GU233331_refs,Cortinariaceae,Cortinariaceae,0.833,1
SH1141450.08FU_UDB007191_reps,Cortinariaceae,Cortinariaceae,0.918,1
SH1142032.08FU_LC175063_reps,Cortinariaceae,Cortinariaceae,0.925,1
SH1142860.08FU_DQ328121_reps,Cortinariaceae,Cortinariaceae,0.908,1
SH1238055.08FU_MF039253_reps,Cortinariaceae,Strophariaceae,0.633,0
SH1142007.08FU_GQ268608_reps,Cortinariaceae,Cortinariaceae,0.87,1
SH1173031.08FU_GQ166908_reps,Cortinariaceae,Cortinariaceae,0.925,1
SH1141478.08FU_AY174833_refs,Cortinariaceae,Cortinariaceae,0.911,1
SH1169680.08FU_KF732444_refs,Cortinariaceae,Cortinariaceae,0.575,1
SH1141947.08FU_MN846546_reps,Cortinariaceae,Cortinariaceae,0.859,1
SH1141936.08FU_GU233322_refs,Cortinariaceae,Cortinariaceae,0.863,1
SH1213432.08FU_JF907910_reps,Cortinariaceae,Cortinariaceae,0.908,1
SH1213464.08FU_MT196958_reps,Cortinariaceae,Cortinariaceae,0.0678,1
SH1181125.08FU_MN855358_reps,Cortinariaceae,Cortinariaceae,0.107,1
SH1176759.08FU_HQ215755_reps,Cortinariaceae,Cortinariaceae,0.955,1
SH1141739.08FU_EF420146_refs,Cortinariaceae,Cortinariaceae,0.922,1
SH1176747.08FU_HQ215760_reps,Cortinariaceae,Cortinariaceae,0.962,1
SH1190150.08FU_UDB001839_refs,Cortinariaceae,Cortinariaceae,0.918,1
SH1141309.08FU_UDB0349663_reps,Cortinariaceae,Cortinariaceae,0.965,1
SH1141369.08FU_UDB0393819_reps,Cortinariaceae,Cortinariaceae,0.919,1
SH3565643.08FU_MN846543_reps,Cortinariaceae,Cortinariaceae,0.415,1
SH2592357.08FU_MK604787_reps,Cortinariaceae,Cortinariaceae,0.688,1
SH1141740.08FU_KY774096_reps,Cortinariaceae,Cortinariaceae,0.799,1
SH1221827.08FU_KF727401_reps,Cortinariaceae,Cortinariaceae,0.831,1
SH1173104.08FU_MT812280_reps,Cortinariaceae,Cortinariaceae,0.949,1
SH1190156.08FU_MH212024_reps,Cortinariaceae,Cortinariaceae,0.917,1
SH1141878.08FU_MT329605_reps,Cortinariaceae,Cortinariaceae,0.933,1
SH1141964.08FU_GU233338_refs,Cortinariaceae,Cortinariaceae,0.94,1
SH1142859.08FU_MG553184_reps,Cortinariaceae,Cortinariaceae,0.916,1
SH1173022.08FU_JX407292_refs,Cortinariaceae,Cortinariaceae,0.901,1
SH1173025.08FU_KY964812_reps,Cortinariaceae,Cortinariaceae,0.844,1
SH1188318.08FU_AY033125_reps,Cortinariaceae,Cortinariaceae,0.107,1
SH1190176.08FU_KT222911_refs,Cortinariaceae,Cortinariaceae,0.905,1
SH1190153.08FU_KF732561_refs,Cortinariaceae,Cortinariaceae,0.906,1
SH1142089.08FU_MG553178_reps,Cortinariaceae,Cortinariaceae,0.813,1
SH1141305.08FU_KF732364_refs,Cortinariaceae,Cortinariaceae,0.944,1
SH1173049.08FU_UDB012399_reps,Cortinariaceae,Cortinariaceae,0.941,1
SH1141428.08FU_MN855002_reps,Cortinariaceae,Cortinariaceae,0.871,1
SH1245584.08FU_LC219755_reps,Cortinariaceae,Cortinariaceae,0.787,1
SH1142021.08FU_JX000352_refs,Cortinariaceae,Cortinariaceae,0.897,1
SH1190183.08FU_KY964818_reps,Cortinariaceae,Cortinariaceae,0.846,1
SH1173047.08FU_UDB0289648_reps,Cortinariaceae,Cortinariaceae,0.941,1
SH1211657.08FU_FJ157080_reps,Cortinariaceae,Cortinariaceae,0.107,1
SH1211656.08FU_LC367719_reps,Cortinariaceae,Cortinariaceae,0.107,1
SH2614532.08FU_UDB0607087_reps,Cortinariaceae,Cortinariaceae,0.806,1
SH1191961.08FU_GQ165671_reps,Cortinariaceae,Cortinariaceae,0.824,1
SH1213405.08FU_AY281003_refs,Cortinariaceae,Cortinariaceae,0.618,1
SH1141524.08FU_GU233369_reps,Cortinariaceae,Cortinariaceae,0.848,1
SH1141415.08FU_KY315439_reps,Cortinariaceae,Cortinariaceae,0.488,1
SH1141743.08FU_KJ705135_reps,Cortinariaceae,Cortinariaceae,0.867,1
SH1190140.08FU_UDB001837_refs,Cortinariaceae,Cortinariaceae,0.93,1
SH1173024.08FU_JF795387_refs,Cortinariaceae,Cortinariaceae,0.922,1
SH1141314.08FU_KF732249_refs,Cortinariaceae,Cortinariaceae,0.934,1
SH1141598.08FU_AY669653_reps,Cortinariaceae,Cortinariaceae,0.854,1
SH1172993.08FU_KU041734_refs,Cortinariaceae,Cortinariaceae,0.947,1
SH1141498.08FU_LC260429_reps,Cortinariaceae,Cortinariaceae,0.797,1
SH1141657.08FU_MN846545_reps,Cortinariaceae,Cortinariaceae,0.925,1
SH1141753.08FU_KY462294_reps,Cortinariaceae,Cortinariaceae,0.642,1
SH1190138.08FU_UDB001860_refs,Cortinariaceae,Cortinariaceae,0.895,1
SH1172994.08FU_KC608586_refs,Cortinariaceae,Cortinariaceae,0.894,1
SH1141725.08FU_UDB002712_reps,Cortinariaceae,Cortinariaceae,0.908,1
SH2603918.08FU_UDB078494_reps,Cortinariaceae,Cortinariaceae,0.898,1
SH1141620.08FU_AY669648_reps,Cortinariaceae,Cortinariaceae,0.837,1
SH1173013.08FU_KP165560_refs,Cortinariaceae,Cortinariaceae,0.952,1
SH1235486.08FU_EU669359_reps,Cortinariaceae,Cortinariaceae,0.107,1
SH1141458.08FU_KM595024_reps,Cortinariaceae,Cortinariaceae,0.893,1
SH1235796.08FU_KX444283_reps,Cortinariaceae,Cortinariaceae,0.882,1
SH1172924.08FU_UDB0457295_reps,Cortinariaceae,Cortinariaceae,0.949,1
SH2606098.08FU_MT935373_reps,Cortinariaceae,Cortinariaceae,0.891,1
SH1173028.08FU_MK982182_reps,Cortinariaceae,Cortinariaceae,0.938,1
SH1222089.08FU_UDB001022_refs,Cortinariaceae,Cortinariaceae,0.107,1
SH1185868.08FU_KP754043_reps,Cortinariaceae,Cortinariaceae,0.103,1
SH1142119.08FU_KM576378_reps,Cortinariaceae,Cortinariaceae,0.912,1
SH1141637.08FU_JX983158_reps,Cortinariaceae,Cortinariaceae,0.932,1
SH1185867.08FU_LC096907_reps,Cortinariaceae,Cortinariaceae,0.789,1
SH1141399.08FU_JQ282167_refs,Cortinariaceae,Cortinariaceae,0.924,1
SH1235793.08FU_UDB017793_refs,Cortinariaceae,Cortinariaceae,0.805,1
SH1173011.08FU_KP165554_refs,Cortinariaceae,Cortinariaceae,0.946,1
SH1179916.08FU_UDB0393456_reps,Cortinariaceae,Cortinariaceae,0.932,1
SH1222154.08FU_MK358083_reps,Cortinariaceae,Cortinariaceae,0.107,1
SH1141431.08FU_GU233348_refs,Cortinariaceae,Cortinariaceae,0.893,1
SH1173099.08FU_MK020099_reps,Cortinariaceae,Cortinariaceae,0.941,1
SH1181691.08FU_EU821686_reps,Cortinariaceae,Cortinariaceae,0.654,1
SH1172996.08FU_UDB0149824_reps,Cortinariaceae,Cortinariaceae,0.946,1
SH1173053.08FU_AY656956_reps,Cortinariaceae,Cortinariaceae,0.946,1
SH1239051.08FU_MG720069_reps,Cortinariaceae,Cortinariaceae,0.107,1
SH1172964.08FU_KJ206503_refs,Cortinariaceae,Cortinariaceae,0.934,1
SH1141298.08FU_KF732469_refs,Cortinariaceae,Cortinariaceae,0.943,1
SH1172984.08FU_JX407297_refs,Cortinariaceae,Cortinariaceae,0.895,1
SH1141958.08FU_MH016917_reps,Cortinariaceae,Cortinariaceae,0.896,1
SH1141370.08FU_AY174798_refs,Cortinariaceae,Cortinariaceae,0.884,1
SH1141383.08FU_UDB002702_reps,Cortinariaceae,Cortinariaceae,0.924,1
SH1141719.08FU_KY462307_reps,Cortinariaceae,Cortinariaceae,0.896,1
SH1141304.08FU_AF478585_refs,Cortinariaceae,Cortinariaceae,0.923,1
SH1191960.08FU_GQ165690_reps,Cortinariaceae,Cortinariaceae,0.1,1
SH1191947.08FU_EU669235_reps,Cortinariaceae,Cortinariaceae,0.934,1
SH1141459.08FU_AY669637_reps,Cortinariaceae,Cortinariaceae,0.791,1
SH1141326.08FU_FM202139_refs,Cortinariaceae,Cortinariaceae,0.928,1
SH1141689.08FU_FJ656006_reps,Cortinariaceae,Cortinariaceae,0.831,1
SH1141672.08FU_KM595015_reps,Cortinariaceae,Cortinariaceae,0.85,1
SH1141636.08FU_UDB0302148_reps,Cortinariaceae,Cortinariaceae,0.863,1
SH2597358.08FU_UDB0259583_reps,Cortinariaceae,Cortinariaceae,0.896,1
SH1176738.08FU_UDB012529_reps,Cortinariaceae,Cortinariaceae,0.895,1
SH1141718.08FU_MW187059_reps,Cortinariaceae,Cortinariaceae,0.898,1
SH1141564.08FU_MG553134_reps,Cortinariaceae,Cortinariaceae,0.831,1
SH1141704.08FU_MG493229_reps,Cortinariaceae,Cortinariaceae,0.906,1
SH1141711.08FU_JF960722_reps,Cortinariaceae,Cortinariaceae,0.815,1
SH1235789.08FU_UDB017791_refs,Cortinariaceae,Cortinariaceae,0.896,1
SH1235787.08FU_UDB017796_refs,Cortinariaceae,Cortinariaceae,0.645,1
SH1141741.08FU_MF599246_reps,Cortinariaceae,Cortinariaceae,0.723,1
SH1141720.08FU_MG553010_reps,Cortinariaceae,Cortinariaceae,0.873,1
SH1190175.08FU_KR674108_refs,Cortinariaceae,Cortinariaceae,0.92,1
SH1141367.08FU_UDB0558705_reps,Cortinariaceae,Cortinariaceae,0.893,1
SH1141747.08FU_AB848451_reps,Cortinariaceae,Cortinariaceae,0.778,1
SH1172971.08FU_UDB001383_refs,Cortinariaceae,Cortinariaceae,0.883,1
SH1141730.08FU_AY669600_reps,Cortinariaceae,Cortinariaceae,0.905,1
SH1141417.08FU_UDB000926_reps,Cortinariaceae,Cortinariaceae,0.736,1
SH1173002.08FU_JQ906746_refs,Cortinariaceae,Cortinariaceae,0.929,1
SH1152363.08FU_MG553128_reps,Cortinariaceae,Cortinariaceae,0.539,1
SH1141642.08FU_AY669536_reps,Cortinariaceae,Cortinariaceae,0.931,1
SH2597680.08FU_UDB0277241_reps,Cortinariaceae,Cortinariaceae,0.864,1
SH1141345.08FU_UDB0155875_reps,Cortinariaceae,Cortinariaceae,0.789,1
SH2591643.08FU_MK770301_reps,Cortinariaceae,Cortinariaceae,0.855,1
SH1141334.08FU_KF738106_refs,Cortinariaceae,Cortinariaceae,0.91,1
SH1141705.08FU_MH101606_reps,Cortinariaceae,Cortinariaceae,0.887,1
SH1141771.08FU_MN892584_reps,Cortinariaceae,Cortinariaceae,0.907,1
SH1141323.08FU_UDB031684_reps,Cortinariaceae,Cortinariaceae,0.91,1
SH1190179.08FU_MH615054_reps,Cortinariaceae,Cortinariaceae,0.864,1
SH2610460.08FU_UDB0344355_reps,Inocybaceae,Inocybaceae,0.85,1
SH1158554.08FU_UDB034433_reps,Inocybaceae,Inocybaceae,0.0637,1
SH1159879.08FU_JF908216_reps,Inocybaceae,Inocybaceae,0.619,1
SH2606537.08FU_UDB0138816_reps,Inocybaceae,Inocybaceae,0.0641,1
SH1144095.08FU_KM594981_reps,Inocybaceae,Inocybaceae,0.0649,1
SH1222571.08FU_KX444432_reps,Inocybaceae,Inocybaceae,0.578,1
SH1212470.08FU_MT196955_reps,Inocybaceae,Inocybaceae,0.0518,1
SH1158548.08FU_JF908197_reps,Inocybaceae,Inocybaceae,0.0652,1
SH1159883.08FU_UDB0299942_reps,Inocybaceae,Inocybaceae,0.337,1
SH1158368.08FU_UDB0262383_reps,Inocybaceae,Inocybaceae,0.0584,1
SH1232003.08FU_MN047354_reps,Inocybaceae,Inocybaceae,0.63,1
SH1176490.08FU_KT203795_reps,Inocybaceae,Inocybaceae,0.066,1
SH1158942.08FU_UDB0258621_reps,Inocybaceae,Russulaceae,0.022,0
SH2606928.08FU_UDB0633625_reps,Inocybaceae,Inocybaceae,0.465,1
SH1158916.08FU_UDB0390541_reps,Inocybaceae,Inocybaceae,0.066,1
SH2603382.08FU_UDB0475748_reps,Inocybaceae,Inocybaceae,0.066,1
SH1240498.08FU_MN047348_reps,Inocybaceae,Inocybaceae,0.0647,1
SH1171144.08FU_KR149750_reps,Inocybaceae,Inocybaceae,0.402,1
SH1178274.08FU_JF908222_reps,Inocybaceae,Inocybaceae,0.814,1
SH1189127.08FU_HF675553_reps,Inocybaceae,Inocybaceae,0.946,1
SH1159886.08FU_KC965246_reps,Inocybaceae,Inocybaceae,0.475,1
SH1177610.08FU_KY213955_refs,Inocybaceae,Inocybaceae,0.948,1
SH1180255.08FU_UDB0653732_reps,Inocybaceae,Inocybaceae,0.0628,1
SH1144251.08FU_AB244041_reps,Inocybaceae,Inocybaceae,0.246,1
SH1178284.08FU_UDB0274460_reps,Inocybaceae,Inocybaceae,0.953,1
SH2609036.08FU_UDB0577227_reps,Inocybaceae,Inocybaceae,0.697,1
SH2606318.08FU_UDB0131363_reps,Inocybaceae,Inocybaceae,0.875,1
SH1155137.08FU_UDB0552735_reps,Inocybaceae,,0.0,0
SH1158712.08FU_UDB0195159_reps,Inocybaceae,Inocybaceae,0.803,1
SH1158714.08FU_AB369542_reps,Inocybaceae,Inocybaceae,0.461,1
SH1158873.08FU_MN512330_reps,Inocybaceae,Inocybaceae,0.29,1
SH1159840.08FU_MK310011_reps,Inocybaceae,Inocybaceae,0.066,1
SH1159873.08FU_GU180291_reps,Inocybaceae,Inocybaceae,0.794,1
SH1158402.08FU_UDB004683_reps,Inocybaceae,Inocybaceae,0.064,1
SH1158547.08FU_KP012903_reps,Inocybaceae,Inocybaceae,0.065,1
SH1143889.08FU_GQ892987_reps,Inocybaceae,Inocybaceae,0.066,1
SH1149725.08FU_GQ893021_reps,Inocybaceae,Inocybaceae,0.0656,1
SH1183863.08FU_KF977211_reps,Inocybaceae,Inocybaceae,0.0647,1
SH1150494.08FU_JX630957_reps,Inocybaceae,Inocybaceae,0.066,1
SH1184853.08FU_UDB0377952_reps,Inocybaceae,Inocybaceae,0.911,1
SH1188344.08FU_UDB007033_reps,Inocybaceae,Inocybaceae,0.0642,1
SH1237865.08FU_JN129395_reps,Inocybaceae,Inocybaceae,0.066,1
SH2588195.08FU_AM882979_reps,Inocybaceae,Inocybaceae,0.294,1
SH1176494.08FU_FJ403495_reps,Inocybaceae,Inocybaceae,0.581,1
SH1159933.08FU_AM882754_refs,Inocybaceae,Inocybaceae,0.806,1
SH1174113.08FU_JX630907_reps,Inocybaceae,Inocybaceae,0.433,1
SH2603400.08FU_UDB0162850_reps,Inocybaceae,Inocybaceae,0.234,1
SH1190266.08FU_EF634111_reps,Inocybaceae,Inocybaceae,0.721,1
SH1153043.08FU_UDB077192_reps,Inocybaceae,Russulaceae,0.0562,0
SH1168453.08FU_JN887964_reps,Inocybaceae,Inocybaceae,0.646,1
SH1155136.08FU_HE820641_reps,Inocybaceae,Inocybaceae,0.712,1
SH1186872.08FU_AM882815_refs,Inocybaceae,Inocybaceae,0.941,1
SH1186873.08FU_UDB063476_reps,Inocybaceae,Inocybaceae,0.954,1
SH1186828.08FU_HE979005_reps,Inocybaceae,Inocybaceae,0.223,1
SH1239180.08FU_HQ604364_reps,Inocybaceae,Inocybaceae,0.545,1
SH1171138.08FU_KT800066_reps,Inocybaceae,Inocybaceae,0.678,1
SH2595866.08FU_UDB0766804_reps,Inocybaceae,Inocybaceae,0.066,1
SH1174120.08FU_MK627510_reps,Inocybaceae,Inocybaceae,0.856,1
SH1223190.08FU_DQ493587_reps,Inocybaceae,Inocybaceae,0.066,1
SH1169644.08FU_UDB0765160_reps,Inocybaceae,Inocybaceae,0.066,1
SH1212469.08FU_FJ436328_refs,Inocybaceae,Inocybaceae,0.066,1
SH1190794.08FU_KM409423_reps,Inocybaceae,Inocybaceae,0.804,1
SH1236090.08FU_KY440099_reps,Inocybaceae,Inocybaceae,0.0644,1
SH1174091.08FU_KU176280_reps,Inocybaceae,Inocybaceae,0.0641,1
SH1174117.08FU_KC966041_reps,Inocybaceae,Inocybaceae,0.519,1
SH2597263.08FU_UDB047568_reps,Inocybaceae,Inocybaceae,0.803,1
SH1176497.08FU_UDB005581_reps,Inocybaceae,Inocybaceae,0.522,1
SH2606080.08FU_UDB0124663_reps,Inocybaceae,Inocybaceae,0.225,1
SH1181255.08FU_JX630730_reps,Inocybaceae,Inocybaceae,0.0636,1
SH1192199.08FU_UDB0526340_reps,Inocybaceae,Inocybaceae,0.679,1
SH1188334.08FU_KY462695_reps,Inocybaceae,Inocybaceae,0.0644,1
SH1158713.08FU_JX630345_reps,Inocybaceae,Inocybaceae,0.563,1
SH2593330.08FU_MH366579_reps,Inocybaceae,Inocybaceae,0.787,1
SH1223194.08FU_HQ604258_reps,Inocybaceae,Inocybaceae,0.674,1
SH1176492.08FU_UDB0563713_reps,Inocybaceae,Inocybaceae,0.066,1
SH1142323.08FU_KX290780_refs,Inocybaceae,Inocybaceae,0.851,1
SH1212471.08FU_MW031165_reps,Inocybaceae,Inocybaceae,0.0566,1
SH1158703.08FU_UDB0212340_reps,Inocybaceae,Inocybaceae,0.95,1
SH2603923.08FU_UDB0351752_reps,Inocybaceae,Inocybaceae,0.0643,1
SH1158401.08FU_UDB007135_reps,Inocybaceae,Inocybaceae,0.0638,1
SH1191454.08FU_KY496805_reps,Inocybaceae,Inocybaceae,0.066,1
SH2608181.08FU_UDB0190075_reps,Inocybaceae,Inocybaceae,0.854,1
SH1234889.08FU_FJ436331_refs,Inocybaceae,Inocybaceae,0.625,1
SH1190264.08FU_UDB0660153_reps,Inocybaceae,,0.0,0
SH1184830.08FU_UDB0320094_reps,Inocybaceae,Inocybaceae,0.947,1
SH1183896.08FU_UDB0625894_reps,Inocybaceae,Inocybaceae,0.0615,1
SH1212928.08FU_UDB0671666_reps,Inocybaceae,Inocybaceae,0.567,1
SH1184837.08FU_MT095092_refs,Inocybaceae,Inocybaceae,0.847,1
SH1188339.08FU_KJ778839_reps,Inocybaceae,Inocybaceae,0.235,1
SH1212921.08FU_UDB0395548_reps,Inocybaceae,Inocybaceae,0.0621,1
SH1223188.08FU_HQ604260_reps,Inocybaceae,Inocybaceae,0.312,1
SH1186827.08FU_KT958908_refs,Inocybaceae,Inocybaceae,0.439,1
SH1234859.08FU_UDB000098_refs,Inocybaceae,Inocybaceae,0.0656,1
SH1227245.08FU_UDB0586400_reps,Inocybaceae,,0.0,0
SH1189125.08FU_HF675563_reps,Inocybaceae,Inocybaceae,0.953,1
SH1185076.08FU_HQ222006_refs,Inocybaceae,Inocybaceae,0.954,1
SH2588560.08FU_UDB004872_reps,Inocybaceae,Inocybaceae,0.0655,1
SH1178297.08FU_UDB0167334_reps,Inocybaceae,Inocybaceae,0.419,1
SH1158549.08FU_KP171145_reps,Inocybaceae,Inocybaceae,0.065,1
SH2603338.08FU_UDB0447906_reps,Inocybaceae,Inocybaceae,0.354,1
SH2612020.08FU_UDB0335207_reps,Inocybaceae,Inocybaceae,0.388,1
SH2616041.08FU_UDB0545868_reps,Inocybaceae,Inocybaceae,0.0637,1
SH1184847.08FU_KX444431_reps,Inocybaceae,Inocybaceae,0.933,1
SH1230031.08FU_GQ452060_reps,Inocybaceae,Inocybaceae,0.585,1
SH1185078.08FU_UDB0606444_reps,Inocybaceae,,0.0,0
SH1190262.08FU_AM882789_refs,Inocybaceae,Inocybaceae,0.735,1
SH1158365.08FU_UDB0571172_reps,Inocybaceae,Inocybaceae,0.442,1
SH2593471.08FU_MH496014_reps,Inocybaceae,Inocybaceae,0.066,1
SH1190263.08FU_AB848514_reps,Inocybaceae,Inocybaceae,0.722,1
SH1192197.08FU_KX384177_refs,Inocybaceae,Inocybaceae,0.954,1
SH1171631.08FU_JN580806_refs,Inocybaceae,Inocybaceae,0.83,1
SH1232000.08FU_EU816640_reps,Inocybaceae,Cortinariaceae,0.0803,0
SH1174105.08FU_KF617562_reps,Inocybaceae,Inocybaceae,0.0649,1
SH1237840.08FU_JF927149_reps,Inocybaceae,Inocybaceae,0.946,1
SH1234888.08FU_AM882880_refs,Inocybaceae,Inocybaceae,0.949,1
SH1183891.08FU_HF565508_reps,Inocybaceae,Inocybaceae,0.72,1
SH1158358.08FU_UDB0586568_reps,Inocybaceae,Inocybaceae,0.931,1
SH2603836.08FU_UDB077174_reps,Inocybaceae,Inocybaceae,0.0615,1
SH2605128.08FU_UDB0529987_reps,Inocybaceae,Inocybaceae,0.212,1
SH2592352.08FU_MK607032_reps,Inocybaceae,Inocybaceae,0.066,1
SH1183841.08FU_LC271353_reps,Inocybaceae,Inocybaceae,0.066,1
SH1235771.08FU_KU359777_reps,Inocybaceae,Inocybaceae,0.292,1
SH2598069.08FU_UDB0767266_reps,Inocybaceae,Inocybaceae,0.0648,1
SH2599241.08FU_UDB0769110_reps,Inocybaceae,Inocybaceae,0.543,1
SH1146029.08FU_KF477010_reps,Inocybaceae,Inocybaceae,0.066,1
SH1159828.08FU_UDB0151667_reps,Inocybaceae,Inocybaceae,0.0636,1
SH1194345.08FU_FJ755799_refs,Inocybaceae,Inocybaceae,0.0647,1
SH2588046.08FU_DQ182450_reps,Inocybaceae,Inocybaceae,0.066,1
SH2605131.08FU_UDB0212137_reps,Inocybaceae,Inocybaceae,0.0634,1
SH1143189.08FU_UDB0230336_reps,Inocybaceae,Inocybaceae,0.854,1
SH1237842.08FU_UDB0255258_reps,Inocybaceae,Inocybaceae,0.939,1
SH1149948.08FU_UDB0183607_reps,Inocybaceae,Inocybaceae,0.643,1
SH1151038.08FU_KP308772_reps,Inocybaceae,Inocybaceae,0.066,1
SH1233219.08FU_MK607037_reps,Inocybaceae,Inocybaceae,0.464,1
SH1237831.08FU_MT072904_reps,Inocybaceae,Inocybaceae,0.46,1
SH1159911.08FU_UDB0358783_reps,Inocybaceae,Inocybaceae,0.493,1
SH1171632.08FU_JN580823_refs,Inocybaceae,Inocybaceae,0.905,1
SH1171173.08FU_KP171135_reps,Inocybaceae,Inocybaceae,0.0641,1
SH1171641.08FU_EF218775_reps,Inocybaceae,Inocybaceae,0.773,1
SH1158370.08FU_UDB028399_reps,Inocybaceae,Inocybaceae,0.0647,1
SH1178401.08FU_JQ666469_reps,Inocybaceae,Inocybaceae,0.327,1
SH1170913.08FU_JQ711831_reps,Inocybaceae,Inocybaceae,0.576,1
SH1183914.08FU_MN047322_reps,Inocybaceae,Inocybaceae,0.299,1
SH1159808.08FU_KT958925_reps,Inocybaceae,Inocybaceae,0.066,1
SH2592929.08FU_MK327246_reps,Amanitaceae,Amanitaceae,0.265,1
SH3565184.08FU_MN918620_reps,Amanitaceae,,0.0,0
SH3565401.08FU_MK064186_reps,Amanitaceae,,0.0,0
SH1189538.08FU_KY952145_reps,Amanitaceae,Amanitaceae,0.0445,1
SH1151094.08FU_KP137071_reps,Amanitaceae,Amanitaceae,0.0445,1
SH1168536.08FU_KU714565_reps,Amanitaceae,Amanitaceae,0.0445,1
SH1212759.08FU_KF017949_reps,Amanitaceae,Amanitaceae,0.441,1
SH1178174.08FU_UDB004636_reps,Amanitaceae,Amanitaceae,0.615,1
SH1168542.08FU_JX844718_reps,Amanitaceae,Amanitaceae,0.0445,1
SH1241045.08FU_FN557542_reps,Amanitaceae,Amanitaceae,0.449,1
SH2592432.08FU_MK580700_reps,Amanitaceae,Amanitaceae,0.0445,1
SH1185063.08FU_MK580681_reps,Amanitaceae,Amanitaceae,0.0427,1
SH1143596.08FU_GQ925401_reps,Amanitaceae,Amanitaceae,0.0445,1
SH1213071.08FU_MH160011_reps,Amanitaceae,Amanitaceae,0.0445,1
SH1159992.08FU_KY747472_reps,Amanitaceae,Amanitaceae,0.0445,1
SH1184318.08FU_JX844749_reps,Amanitaceae,Amanitaceae,0.0445,1
SH1180703.08FU_UDB032505_reps,Amanitaceae,Amanitaceae,0.0445,1
SH1178169.08FU_KJ466409_refs,Amanitaceae,Amanitaceae,0.729,1
SH1212816.08FU_MH603597_reps,Amanitaceae,Amanitaceae,0.689,1
SH1178232.08FU_AY436476_reps,Amanitaceae,Amanitaceae,0.701,1
SH2591757.08FU_MK569747_reps,Amanitaceae,Amanitaceae,0.716,1
SH1190946.08FU_MH508308_reps,Amanitaceae,Amanitaceae,0.0445,1
SH1154019.08FU_AY325842_reps,Amanitaceae,Amanitaceae,0.0445,1
SH1212747.08FU_JQ347161_reps,Amanitaceae,Amanitaceae,0.605,1
SH1212778.08FU_KY614233_reps,Amanitaceae,Amanitaceae,0.221,1
SH1212820.08FU_KX834248_reps,Amanitaceae,Amanitaceae,0.7,1
SH1181633.08FU_MT511600_reps,Amanitaceae,Amanitaceae,0.627,1
SH1175492.08FU_UDB008100_reps,Amanitaceae,Amanitaceae,0.32,1
SH1178238.08FU_MH508334_reps,Amanitaceae,Amanitaceae,0.478,1
SH1243791.08FU_KU714562_reps,Amanitaceae,Amanitaceae,0.0216,1
SH1184306.08FU_MK966422_reps,Amanitaceae,Amanitaceae,0.0445,1
SH1212781.08FU_MG252699_reps,Amanitaceae,Amanitaceae,0.303,1
SH1178243.08FU_MH016851_reps,Amanitaceae,Amanitaceae,0.559,1
SH1178160.08FU_UDB015173_refs,Amanitaceae,Amanitaceae,0.879,1
SH1178235.08FU_MH508430_refs,Amanitaceae,Amanitaceae,0.333,1
SH1178245.08FU_JX030208_reps,Amanitaceae,Amanitaceae,0.64,1
SH1179809.08FU_KP898379_reps,Amanitaceae,Amanitaceae,0.0445,1
SH1239203.08FU_JX844690_reps,Amanitaceae,Amanitaceae,0.0445,1
SH1169686.08FU_UDB025776_reps,Amanitaceae,Amanitaceae,0.0445,1
SH1178237.08FU_KC222772_reps,Amanitaceae,Amanitaceae,0.658,1
SH1178172.08FU_MK570923_reps,Amanitaceae,Amanitaceae,0.842,1
SH1181624.08FU_JQ616790_reps,Amanitaceae,Amanitaceae,0.63,1
SH1212724.08FU_KX834255_refs,Amanitaceae,Amanitaceae,0.892,1
SH1149773.08FU_AB015684_reps,Amanitaceae,Amanitaceae,0.0445,1
SH1212735.08FU_MK580708_reps,Amanitaceae,Amanitaceae,0.346,1
SH2596432.08FU_KY777485_reps,Lycoperdaceae,Lycoperdaceae,0.428,1
SH1141291.08FU_MN483026_reps,Agaricaceae,Agaricaceae,0.0955,1
SH1190420.08FU_UDB0105884_reps,Agaricaceae,Agaricaceae,0.0947,1
SH1141265.08FU_KU847890_reps,Agaricaceae,Agaricaceae,0.719,1
SH1236562.08FU_KP739805_reps,Agaricaceae,Agaricaceae,0.764,1
SH1202845.08FU_UDB0755239_reps,Agaricaceae,,0.0,0
SH1213277.08FU_KR673500_reps,Agaricaceae,Agaricaceae,0.085,1
SH1141198.08FU_MK685760_reps,Agaricaceae,Agaricaceae,0.948,1
SH1141209.08FU_JX259085_reps,Agaricaceae,Agaricaceae,0.94,1
SH1190825.08FU_MH211832_reps,Agaricaceae,Agaricaceae,0.787,1
SH1189884.08FU_KU518953_reps,Agaricaceae,Agaricaceae,0.0955,1
SH1236564.08FU_MH155967_reps,Agaricaceae,Agaricaceae,0.761,1
SH1190821.08FU_JX179268_refs,Agaricaceae,Agaricaceae,0.0955,1
SH1141201.08FU_GU136189_reps,Agaricaceae,Agaricaceae,0.735,1
SH3566770.08FU_MK651612_reps,Agaricaceae,Agaricaceae,0.0364,1
SH1189895.08FU_MF319226_reps,Agaricaceae,Agaricaceae,0.0917,1
SH1174239.08FU_MH045829_reps,Agaricaceae,Agaricaceae,0.527,1
SH1189877.08FU_KU519076_reps,Agaricaceae,Agaricaceae,0.0955,1
SH1190834.08FU_MK651634_reps,Agaricaceae,Agaricaceae,0.0364,1
SH1236558.08FU_HM436618_reps,Agaricaceae,Agaricaceae,0.722,1
SH1202738.08FU_UDB0767568_reps,Agaricaceae,Agaricaceae,0.092,1
SH2593486.08FU_LC481952_reps,Agaricaceae,Agaricaceae,0.649,1
SH1141205.08FU_GU136179_reps,Agaricaceae,Agaricaceae,0.588,1
SH1189872.08FU_KU519080_reps,Agaricaceae,Agaricaceae,0.0955,1
SH1202699.08FU_KR812262_reps,Agaricaceae,Agaricaceae,0.827,1
SH1153956.08FU_UDB0304950_reps,Agaricaceae,Agaricaceae,0.955,1
SH1190424.08FU_MF773620_reps,Agaricaceae,Agaricaceae,0.0927,1
SH1227394.08FU_MK685777_reps,Agaricaceae,Agaricaceae,0.566,1
SH2594004.08FU_MH979425_reps,Agaricaceae,Agaricaceae,0.0955,1
SH1152145.08FU_AY176482_reps,Agaricaceae,Agaricaceae,0.0955,1
SH1157425.08FU_LC192589_reps,Typhulaceae,Typhulaceae,0.868,1
SH1157426.08FU_LC192553_reps,Typhulaceae,Typhulaceae,0.66,1
SH1189206.08FU_UDB0353310_reps,Typhulaceae,Russulaceae,0.0121,0
SH2611800.08FU_UDB0565002_reps,Clavariaceae,,0.0,0
SH2609619.08FU_UDB0535031_reps,Clavariaceae,,0.0,0
SH1145853.08FU_EU770252_reps,Clavariaceae,Clavariaceae,0.0721,1
SH2607672.08FU_UDB0279457_reps,Clavariaceae,Clavariaceae,0.527,1
SH2612454.08FU_UDB0531417_reps,Clavariaceae,,0.0,0
SH1172846.08FU_UDB036640_reps,Clavariaceae,Clavariaceae,0.0721,1
SH1236664.08FU_GU328545_reps,Clavariaceae,Clavariaceae,0.0721,1
SH1236678.08FU_UDB036492_reps,Clavariaceae,Clavariaceae,0.0721,1
SH2609069.08FU_UDB0269972_reps,Clavariaceae,Clavariaceae,0.0108,1
SH1150148.08FU_GU222315_reps,Clavariaceae,Clavariaceae,0.0721,1
SH1147833.08FU_GQ159941_reps,Clavariaceae,Clavariaceae,0.0721,1
SH1236658.08FU_UDB0596782_reps,Clavariaceae,Clavariaceae,0.527,1
SH1179576.08FU_KU882889_refs,Clavariaceae,Clavariaceae,0.691,1
SH1236677.08FU_UDB0245945_reps,Clavariaceae,Clavariaceae,0.0526,1
SH1147835.08FU_MK607486_reps,Clavariaceae,Clavariaceae,0.12,1
SH2604371.08FU_UDB0315125_reps,Clavariaceae,Clavariaceae,0.0421,1
SH1236656.08FU_HQ260165_reps,Clavariaceae,Clavariaceae,0.467,1
SH1190072.08FU_GQ159938_reps,Clavariaceae,Clavariaceae,0.0721,1
SH1147828.08FU_KC759442_refs,Clavariaceae,Clavariaceae,0.143,1
SH2602718.08FU_UDB061598_reps,Clavariaceae,,0.0,0
SH2606715.08FU_UDB0780268_reps,Clavariaceae,,0.0,0
SH1191420.08FU_MF503242_reps,Clavariaceae,Clavariaceae,0.0721,1
SH1179574.08FU_DQ484066_refs,Clavariaceae,Clavariaceae,0.554,1
SH1172842.08FU_KF617322_reps,Clavariaceae,Clavariaceae,0.0648,1
SH1179350.08FU_JX042683_reps,Clavariaceae,Clavariaceae,0.0659,1
SH1184124.08FU_UDB0173548_reps,Clavariaceae,,0.0,0
SH2604602.08FU_UDB088634_reps,Clavariaceae,,0.0,0
SH1179569.08FU_MF043535_refs,Clavariaceae,Clavariaceae,0.559,1
SH1236666.08FU_KP889479_reps,Clavariaceae,Clavariaceae,0.519,1
SH3565244.08FU_MK607608_reps,Clavariaceae,,0.0,0
SH2592346.08FU_MK607506_reps,Clavariaceae,Clavariaceae,0.0721,1
SH1150149.08FU_UDB066547_reps,Clavariaceae,Clavariaceae,0.0339,1
SH2606914.08FU_UDB0348329_reps,Clavariaceae,Clavariaceae,0.0283,1
SH1179352.08FU_MK427066_reps,Clavariaceae,Clavariaceae,0.0721,1
SH1177810.08FU_MT279229_reps,Hydnangiaceae,Hydnangiaceae,0.682,1
SH1177778.08FU_UDB0580733_reps,Hydnangiaceae,Hydnangiaceae,0.412,1
SH1241308.08FU_KP192540_reps,Tricholomataceae,Tricholomataceae,0.114,1
SH1236369.08FU_JF908731_refs,Tricholomataceae,Tricholomataceae,0.778,1
SH1157851.08FU_UDB0778353_reps,Tricholomataceae,Tricholomataceae,0.478,1
SH1157855.08FU_MK532766_reps,Tricholomataceae,Tricholomataceae,0.869,1
SH1191195.08FU_MG250188_refs,Tricholomataceae,Tricholomataceae,0.12,1
SH1185174.08FU_KT315645_refs,Tricholomataceae,Tricholomataceae,0.12,1
SH1158523.08FU_UDB0304928_reps,Tricholomataceae,Tricholomataceae,0.966,1
SH1236399.08FU_KY488552_refs,Tricholomataceae,Tricholomataceae,0.549,1
SH1177065.08FU_KX058329_reps,Tricholomataceae,Tricholomataceae,0.12,1
SH1144162.08FU_MG717361_reps,Tricholomataceae,Tricholomataceae,0.12,1
SH1206237.08FU_MN007014_reps,Tricholomataceae,Tricholomataceae,0.12,1
SH1190610.08FU_KU355368_refs,Tricholomataceae,Tricholomataceae,0.12,1
SH1170860.08FU_JN847457_reps,Tricholomataceae,Tricholomataceae,0.779,1
SH2611483.08FU_UDB0310768_reps,Tricholomataceae,Tricholomataceae,0.0349,1
SH1170707.08FU_MH216190_reps,Tricholomataceae,Tricholomataceae,0.12,1
SH1149722.08FU_DQ192179_reps,Tricholomataceae,Tricholomataceae,0.785,1
SH1213030.08FU_JF908757_reps,Tricholomataceae,Tricholomataceae,0.12,1
SH1149707.08FU_MN102418_reps,Tricholomataceae,Tricholomataceae,0.0828,1
SH1177850.08FU_UDB015434_refs,Tricholomataceae,Tricholomataceae,0.773,1
SH2596201.08FU_MH704867_reps,Tricholomataceae,Tricholomataceae,0.12,1
SH1180414.08FU_EU186275_reps,Tricholomataceae,Tricholomataceae,0.844,1
SH1236397.08FU_KP311408_reps,Tricholomataceae,Tricholomataceae,0.523,1
SH1189169.08FU_KY010820_reps,Tricholomataceae,Tricholomataceae,0.12,1
SH3567956.08FU_MK733306_reps,Tricholomataceae,,0.0,0
SH1236338.08FU_KX389137_reps,Tricholomataceae,Tricholomataceae,0.12,1
SH1231770.08FU_UDB015396_refs,Tricholomataceae,Tricholomataceae,0.12,1
SH1236371.08FU_LT000138_reps,Tricholomataceae,Tricholomataceae,0.12,1
SH1170706.08FU_MH136828_reps,Tricholomataceae,Tricholomataceae,0.12,1
SH1177027.08FU_UDB011388_refs,Tricholomataceae,Tricholomataceae,0.5,1
SH1236364.08FU_LC277128_reps,Tricholomataceae,Tricholomataceae,0.882,1
SH1186005.08FU_UDB0345216_reps,Tricholomataceae,Tricholomataceae,0.12,1
SH1170840.08FU_AB454384_reps,Tricholomataceae,Tricholomataceae,0.625,1
SH2595201.08FU_MN017179_reps,Tricholomataceae,Tricholomataceae,0.12,1
SH1157835.08FU_KR673630_reps,Tricholomataceae,Tricholomataceae,0.12,1
SH1236400.08FU_LT000001_reps,Tricholomataceae,Tricholomataceae,0.804,1
SH1232759.08FU_L43375_refs,Tricholomataceae,Tricholomataceae,0.379,1
SH1236426.08FU_MN992317_reps,Tricholomataceae,Tricholomataceae,0.361,1
SH1189361.08FU_AY656987_reps,Tricholomataceae,Tricholomataceae,0.114,1
SH1212982.08FU_GU234142_refs,Tricholomataceae,Tricholomataceae,0.12,1
SH1185166.08FU_UDB011623_refs,Tricholomataceae,Tricholomataceae,0.12,1
SH1177566.08FU_AY462034_refs,Tricholomataceae,Tricholomataceae,0.798,1
SH1192039.08FU_UDB015862_refs,Tricholomataceae,Tricholomataceae,0.12,1
SH1190540.08FU_KY654736_reps,Tricholomataceae,Tricholomataceae,0.12,1
SH1213031.08FU_UDB0622927_reps,Tricholomataceae,Tricholomataceae,0.0647,1
SH1184657.08FU_UDB0427137_reps,Tricholomataceae,Tricholomataceae,0.12,1
SH1153786.08FU_AY329597_refs,Tricholomataceae,Tricholomataceae,0.12,1
SH1236339.08FU_AB699629_refs,Tricholomataceae,Tricholomataceae,0.964,1
SH1244265.08FU_UDB0240581_reps,Tricholomataceae,,0.0,0
SH1236404.08FU_HM240543_refs,Tricholomataceae,Tricholomataceae,0.788,1
SH1149706.08FU_KU550977_reps,Tricholomataceae,Tricholomataceae,0.0999,1
SH1177066.08FU_MH414565_reps,Tricholomataceae,Tricholomataceae,0.12,1
SH1170941.08FU_UDB0255255_reps,Tricholomataceae,Tricholomataceae,0.119,1
SH1184297.08FU_KC581353_refs,Tricholomataceae,Tricholomataceae,0.12,1
SH1190609.08FU_KU355378_refs,Tricholomataceae,Tricholomataceae,0.12,1
SH1189360.08FU_LT000082_reps,Tricholomataceae,Tricholomataceae,0.608,1
SH1155193.08FU_LT000063_reps,Tricholomataceae,Tricholomataceae,0.766,1
SH1150949.08FU_KJ417297_refs,Tricholomataceae,Tricholomataceae,0.12,1
SH1236398.08FU_KY488549_refs,Tricholomataceae,Tricholomataceae,0.573,1
SH1213068.08FU_GU234093_reps,Tricholomataceae,Tricholomataceae,0.12,1
SH1170705.08FU_KU861564_reps,Tricholomataceae,Tricholomataceae,0.12,1
SH2607516.08FU_UDB0575066_reps,Tricholomataceae,Tricholomataceae,0.932,1
SH1184040.08FU_KJ417266_reps,Tricholomataceae,Tricholomataceae,0.12,1
SH1182903.08FU_EU643510_reps,Marasmiaceae,Marasmiaceae,0.0886,1
SH1192013.08FU_FJ431279_reps,Marasmiaceae,Marasmiaceae,0.0549,1
SH3565055.08FU_KP635191_reps,Marasmiaceae,Marasmiaceae,0.275,1
SH3565053.08FU_KP635194_reps,Marasmiaceae,,0.0,0
SH2587794.08FU_EU935507_reps,Marasmiaceae,Marasmiaceae,0.141,1
SH1177419.08FU_MN622730_reps,Marasmiaceae,Marasmiaceae,0.0525,1
SH1171578.08FU_EU935533_reps,Marasmiaceae,Marasmiaceae,0.654,1
SH1148460.08FU_MH155964_reps,Psathyrellaceae,Psathyrellaceae,0.808,1
SH1144792.08FU_AY461834_reps,Psathyrellaceae,Psathyrellaceae,0.766,1
SH1148415.08FU_DQ389688_refs,Psathyrellaceae,Psathyrellaceae,0.859,1
SH1176041.08FU_KC992967_refs,Psathyrellaceae,Psathyrellaceae,0.69,1
SH1144812.08FU_MT367259_reps,Psathyrellaceae,Psathyrellaceae,0.79,1
SH1186630.08FU_MK843967_reps,Psathyrellaceae,Psathyrellaceae,0.551,1
SH1148425.08FU_KC992937_refs,Psathyrellaceae,Psathyrellaceae,0.831,1
SH1144821.08FU_FM163178_reps,Psathyrellaceae,Psathyrellaceae,0.853,1
SH2595850.08FU_MK682758_reps,Psathyrellaceae,Psathyrellaceae,0.575,1
SH1186616.08FU_JX118740_refs,Psathyrellaceae,Psathyrellaceae,0.769,1
SH1148385.08FU_HQ846989_refs,Psathyrellaceae,Psathyrellaceae,0.886,1
SH1148435.08FU_MG734717_refs,Psathyrellaceae,Psathyrellaceae,0.835,1
SH1148427.08FU_KC992917_refs,Psathyrellaceae,Psathyrellaceae,0.792,1
SH2592709.08FU_UDB0112398_reps,Psathyrellaceae,Psathyrellaceae,0.815,1
SH1144801.08FU_KC992927_refs,Psathyrellaceae,Psathyrellaceae,0.755,1
SH1148410.08FU_KC992860_refs,Psathyrellaceae,Psathyrellaceae,0.807,1
SH1144788.08FU_DQ389685_refs,Psathyrellaceae,Psathyrellaceae,0.879,1
SH1144780.08FU_DQ389684_refs,Psathyrellaceae,Psathyrellaceae,0.914,1
SH2601609.08FU_UDB044568_reps,Psathyrellaceae,Psathyrellaceae,0.649,1
SH1148409.08FU_FM878023_reps,Psathyrellaceae,Psathyrellaceae,0.743,1
SH1186606.08FU_JX118682_refs,Psathyrellaceae,Psathyrellaceae,0.764,1
SH1148401.08FU_KC992888_refs,Psathyrellaceae,Psathyrellaceae,0.853,1
SH1148465.08FU_KC992911_refs,Psathyrellaceae,Psathyrellaceae,0.818,1
SH1156014.08FU_FM163210_refs,Psathyrellaceae,Psathyrellaceae,0.834,1
SH2596048.08FU_MN017263_reps,Psathyrellaceae,Psathyrellaceae,0.767,1
SH1144793.08FU_UDB083980_reps,Psathyrellaceae,Psathyrellaceae,0.0703,1
SH1150464.08FU_MT622250_reps,Strophariaceae,Strophariaceae,0.678,1
SH1191091.08FU_MN992150_reps,Strophariaceae,Strophariaceae,0.659,1
SH1238024.08FU_MK583317_reps,Strophariaceae,Strophariaceae,0.761,1
SH1185053.08FU_KJ433483_reps,Strophariaceae,Strophariaceae,0.625,1
SH1230658.08FU_MN082025_reps,Strophariaceae,Strophariaceae,0.866,1
SH1150453.08FU_KM975397_reps,Strophariaceae,Strophariaceae,0.0938,1
SH1150462.08FU_KP311449_reps,Strophariaceae,Strophariaceae,0.699,1
SH1191087.08FU_KX100413_reps,Strophariaceae,Strophariaceae,0.614,1
SH1150466.08FU_MT622228_reps,Strophariaceae,Strophariaceae,0.632,1
SH1150458.08FU_MT622205_reps,Strophariaceae,Strophariaceae,0.634,1
SH1238017.08FU_DQ989329_refs,Strophariaceae,Strophariaceae,0.6,1
SH1184980.08FU_HF912349_reps,Strophariaceae,Strophariaceae,0.526,1
SH1191082.08FU_UDB0535392_reps,Strophariaceae,Strophariaceae,0.819,1
SH1238048.08FU_DQ989333_refs,Strophariaceae,Strophariaceae,0.63,1
SH1185010.08FU_KX357880_refs,Strophariaceae,Strophariaceae,0.781,1
SH1230632.08FU_MG735318_reps,Strophariaceae,Strophariaceae,0.544,1
SH1230648.08FU_MW018844_reps,Strophariaceae,Strophariaceae,0.861,1
SH1191019.08FU_KF871788_reps,Strophariaceae,Strophariaceae,0.802,1
SH1237428.08FU_AJ585443_refs,Strophariaceae,Strophariaceae,0.248,1
SH1150470.08FU_KM975408_reps,Strophariaceae,Strophariaceae,0.644,1
SH1230646.08FU_MN209779_reps,Strophariaceae,Strophariaceae,0.639,1
SH3565474.08FU_MN209764_reps,Strophariaceae,Strophariaceae,0.0251,1
SH1230657.08FU_UDB086077_reps,Strophariaceae,Strophariaceae,0.768,1
SH1184968.08FU_KC669300_refs,Strophariaceae,Strophariaceae,0.796,1
SH1185007.08FU_KC669293_reps,Strophariaceae,Strophariaceae,0.817,1
SH1246020.08FU_UDB0593369_reps,Strophariaceae,Strophariaceae,0.0938,1
SH1177773.08FU_UDB0655814_reps,Strophariaceae,Strophariaceae,0.58,1
SH1230651.08FU_AB985291_reps,Strophariaceae,Strophariaceae,0.772,1
SH1237548.08FU_KY654720_reps,Strophariaceae,Strophariaceae,0.0891,1
SH1238018.08FU_UDB015184_refs,Strophariaceae,Strophariaceae,0.409,1
SH1181054.08FU_KR818912_refs,Callistosporiaceae,Catathelasmataceae,0.138,0
SH1170591.08FU_GU369957_reps,Omphalotaceae,Omphalotaceae,0.0767,1
SH1235452.08FU_UDB036706_reps,Omphalotaceae,Omphalotaceae,0.0767,1
SH1145821.08FU_UDB036670_reps,Cyphellaceae,Cyphellaceae,0.053,1
SH1186816.08FU_UDB0468946_reps,Cyphellaceae,Tricholomataceae,0.0331,0
SH2603185.08FU_UDB067230_reps,Entolomataceae,Entolomataceae,0.783,1
SH1218736.08FU_UDB0761815_reps,Entolomataceae,Entolomataceae,0.0897,1
SH2607043.08FU_UDB0622030_reps,Entolomataceae,Entolomataceae,0.19,1
SH2608352.08FU_UDB0679796_reps,Entolomataceae,Entolomataceae,0.492,1
SH1218734.08FU_UDB0277623_reps,Entolomataceae,Entolomataceae,0.0607,1
SH1143757.08FU_MH211875_reps,Entolomataceae,Entolomataceae,0.0921,1
SH1188409.08FU_UDB015208_refs,Entolomataceae,Entolomataceae,0.624,1
SH2609789.08FU_UDB0555053_reps,Entolomataceae,Entolomataceae,0.528,1
SH1183061.08FU_UDB0336640_reps,Entolomataceae,Entolomataceae,0.736,1
SH1218594.08FU_KC710125_refs,Entolomataceae,Entolomataceae,0.0921,1
SH1192125.08FU_UDB090178_reps,Entolomataceae,Entolomataceae,0.0669,1
SH2609223.08FU_UDB0356822_reps,Entolomataceae,Entolomataceae,0.294,1
SH1188433.08FU_KJ720893_reps,Entolomataceae,Entolomataceae,0.846,1
SH1188444.08FU_KY777389_reps,Entolomataceae,Entolomataceae,0.871,1
SH1188417.08FU_LN850560_refs,Entolomataceae,Entolomataceae,0.894,1
SH2589287.08FU_KM576403_reps,Entolomataceae,Entolomataceae,0.791,1
SH1218738.08FU_UDB0116488_reps,Entolomataceae,Entolomataceae,0.0161,1
SH1188443.08FU_JF907992_reps,Entolomataceae,Entolomataceae,0.513,1
SH1212377.08FU_UDB0340501_reps,Entolomataceae,Entolomataceae,0.0909,1
SH3686256.08FU_MN784993_reps,Entolomataceae,,0.0,0
SH1179752.08FU_UDB0538436_reps,Entolomataceae,Entolomataceae,0.0754,1
SH1208929.08FU_MT554402_reps,Entolomataceae,Entolomataceae,0.854,1
SH1179748.08FU_KP191917_reps,Entolomataceae,Entolomataceae,0.457,1
SH1188427.08FU_JX454900_reps,Entolomataceae,Entolomataceae,0.0921,1
SH1212913.08FU_UDB017724_reps,Entolomataceae,Entolomataceae,0.0921,1
SH1208943.08FU_DQ206983_reps,Entolomataceae,Entolomataceae,0.829,1
SH1185682.08FU_MH453494_reps,Entolomataceae,Entolomataceae,0.0921,1
SH1179192.08FU_UDB0267121_reps,Entolomataceae,Entolomataceae,0.087,1
SH1208936.08FU_MH016927_reps,Entolomataceae,Entolomataceae,0.717,1
SH1192119.08FU_KJ461903_refs,Entolomataceae,Entolomataceae,0.821,1
SH1246907.08FU_UDB074407_reps,Entolomataceae,Entolomataceae,0.0767,1
SH2607392.08FU_UDB0526996_reps,Pluteaceae,,0.0,0
SH1173234.08FU_KY352653_reps,Pluteaceae,Pluteaceae,0.731,1
SH1151314.08FU_HM562092_refs,Pluteaceae,Pluteaceae,0.725,1
SH1208649.08FU_HM562177_refs,Pluteaceae,Pluteaceae,0.858,1
SH1177240.08FU_JN086671_reps,Pluteaceae,Pluteaceae,0.835,1
SH1173200.08FU_UDB0284384_reps,Pluteaceae,Pluteaceae,0.061,1
SH1173170.08FU_KX216307_reps,Pluteaceae,Pluteaceae,0.0585,1
SH1208651.08FU_HM562095_refs,Pluteaceae,Pluteaceae,0.823,1
SH1173173.08FU_MG968804_reps,Pluteaceae,Pluteaceae,0.0938,1
SH2593976.08FU_MG968800_reps,Pluteaceae,Pluteaceae,0.453,1
SH1151077.08FU_UDB0233923_reps,Pluteaceae,Pluteaceae,0.0482,1
SH1173228.08FU_HM562158_refs,Pluteaceae,Pluteaceae,0.715,1
SH1182736.08FU_HM562216_refs,Pluteaceae,Pluteaceae,0.681,1
SH2597593.08FU_UDB0134468_reps,Pluteaceae,,0.0,0
SH1236929.08FU_KM983714_reps,Pluteaceae,Pluteaceae,0.061,1
SH1173221.08FU_UDB0360179_reps,Pluteaceae,Pluteaceae,0.459,1
SH1208646.08FU_HM562042_refs,Pluteaceae,Pluteaceae,0.899,1
SH1213400.08FU_KY411961_refs,Lyophyllaceae,Lyophyllaceae,0.0752,1
SH1200323.08FU_LC421541_reps,Lyophyllaceae,Lyophyllaceae,0.847,1
SH1236438.08FU_UDB0283061_reps,Lyophyllaceae,Lyophyllaceae,0.602,1
SH1200332.08FU_JF302824_reps,Lyophyllaceae,Lyophyllaceae,0.875,1
SH1236436.08FU_UDB0605089_reps,Lyophyllaceae,Lyophyllaceae,0.548,1
SH1247575.08FU_UDB0269307_reps,Lyophyllaceae,Lyophyllaceae,0.0544,1
SH1186677.08FU_KP858001_reps,Lyophyllaceae,Lyophyllaceae,0.0752,1
SH1171020.08FU_KY777394_reps,Lyophyllaceae,Lyophyllaceae,0.0752,1
SH1200313.08FU_JF302827_reps,Lyophyllaceae,Lyophyllaceae,0.873,1
SH1236411.08FU_UDB035856_reps,Lyophyllaceae,Lyophyllaceae,0.46,1
SH1213395.08FU_HE649956_refs,Lyophyllaceae,Lyophyllaceae,0.0752,1
SH2592391.08FU_MK583564_reps,Pleurotaceae,Pleurotaceae,0.639,1
SH1239015.08FU_KY124253_refs,Pleurotaceae,Pleurotaceae,0.778,1
SH3567610.08FU_MN546042_reps,Pleurotaceae,Pleurotaceae,0.0727,1
SH1239010.08FU_KY698012_refs,Pleurotaceae,Pleurotaceae,0.596,1
SH1176524.08FU_MG282443_reps,Pleurotaceae,Pleurotaceae,0.048,1
SH1176608.08FU_MK370670_reps,Pleurotaceae,Pleurotaceae,0.852,1
SH2595089.08FU_MN523298_reps,Pterulaceae,Pterulaceae,0.135,1
SH2596422.08FU_MH981969_reps,Bolbitiaceae,Bolbitiaceae,0.126,1
SH1237413.08FU_AY194539_reps,Bolbitiaceae,Bolbitiaceae,0.0919,1
SH1177100.08FU_AY194556_reps,Bolbitiaceae,Bolbitiaceae,0.0902,1
SH1177120.08FU_UDB036416_reps,Bolbitiaceae,Bolbitiaceae,0.129,1
SH1247362.08FU_HQ840656_reps,Bolbitiaceae,Bolbitiaceae,0.0919,1
SH1177112.08FU_UDB0380336_reps,Bolbitiaceae,Bolbitiaceae,0.41,1
SH1148899.08FU_KY462562_reps,Bolbitiaceae,Bolbitiaceae,0.75,1
SH1180132.08FU_KM374340_reps,Bolbitiaceae,Bolbitiaceae,0.0919,1
SH1177129.08FU_UDB0153368_reps,Bolbitiaceae,Bolbitiaceae,0.089,1
SH1145987.08FU_UDB0371687_reps,Bolbitiaceae,Bolbitiaceae,0.0113,1
SH1177122.08FU_UDB0623637_reps,Bolbitiaceae,Bolbitiaceae,0.462,1
SH1191468.08FU_UDB011373_refs,Catathelasmataceae,Catathelasmataceae,0.125,1
SH2596939.08FU_UDB008253_reps,Stephanosporaceae,Stephanosporaceae,0.048,1
SH1179419.08FU_UDB0372263_reps,Stephanosporaceae,Russulaceae,0.0162,0
SH1184754.08FU_KM086837_refs,Stephanosporaceae,Stephanosporaceae,0.371,1
SH1213285.08FU_EU118623_refs,Cystostereaceae,Cystostereaceae,0.155,1
SH1185005.08FU_KR673623_reps,Hymenogastraceae,Hymenogastraceae,0.482,1
SH1185011.08FU_KF412400_reps,Hymenogastraceae,Hymenogastraceae,0.531,1
SH1150966.08FU_UDB0244254_reps,Hymenogastraceae,Hymenogastraceae,0.588,1
SH1150962.08FU_JQ666559_reps,Hymenogastraceae,Hymenogastraceae,0.0644,1
SH1185006.08FU_AY900091_refs,Hymenogastraceae,Cortinariaceae,0.482,0
SH1150967.08FU_KF617392_reps,Hymenogastraceae,Hymenogastraceae,0.677,1
SH1150964.08FU_JQ346825_reps,Hymenogastraceae,Hymenogastraceae,0.0644,1
SH1184996.08FU_UDB0144359_reps,Hymenogastraceae,Hymenogastraceae,0.757,1
SH1235510.08FU_FJ897186_reps,Hymenogastraceae,Hymenogastraceae,0.0644,1
SH1185009.08FU_LC009705_reps,Hymenogastraceae,Hymenogastraceae,0.791,1
SH2590416.08FU_KT715788_reps,Crepidotaceae,Crepidotaceae,0.0614,1
SH1243607.08FU_MN340285_reps,Crepidotaceae,Crepidotaceae,0.0172,1
SH1235571.08FU_KR673425_reps,Crepidotaceae,Crepidotaceae,0.169,1
SH1158960.08FU_AY436436_reps,Physalacriaceae,Physalacriaceae,0.804,1
SH1158963.08FU_AY961001_reps,Physalacriaceae,Physalacriaceae,0.746,1
SH1211749.08FU_MT076088_reps,Physalacriaceae,,0.0,0
SH1185357.08FU_MG050100_refs,Radulomycetaceae,Pterulaceae,0.159,0
SH1172874.08FU_MG321361_refs,Pseudoclitocybaceae,Tricholomataceae,0.0608,0
SH1192097.08FU_KY907683_reps,Hymenochaetales,Hymenochaetales,0.113,1
SH1147286.08FU_DQ873614_refs,Hymenochaetales,Hymenochaetales,0.21,1
SH1155163.08FU_DQ826552_refs,Hymenochaetales,Hymenochaetales,0.121,1
SH1145995.08FU_DQ647444_refs,Hymenochaetales,Hymenochaetales,0.849,1
SH1188662.08FU_KU981311_reps,Hymenochaetales,Hymenochaetales,0.112,1
SH1147291.08FU_JX175044_refs,Hymenochaetales,Hymenochaetales,0.121,1
SH1241360.08FU_KP889808_reps,Hymenochaetales,Hymenochaetales,0.0391,1
SH1143668.08FU_JQ409360_reps,Hymenochaetales,Hymenochaetales,0.326,1
SH1175928.08FU_KP012961_reps,Hymenochaetales,Hymenochaetales,0.112,1
SH1230826.08FU_AY436628_reps,Hymenochaetales,Hymenochaetales,0.108,1
SH1146001.08FU_KP814343_reps,Hymenochaetales,Hymenochaetales,0.721,1
SH1151780.08FU_GQ411524_refs,Hymenochaetales,Hymenochaetales,0.885,1
SH1153519.08FU_LC535810_reps,Hymenochaetales,Hymenochaetales,0.113,1
SH3567454.08FU_MH599101_reps,Hymenochaetales,NA,0.0,0
SH1152053.08FU_UDB028178_refs,Hymenochaetales,Hymenochaetales,0.113,1
SH3567983.08FU_MK693730_reps,Hymenochaetales,NA,0.0,0
SH1172127.08FU_KY800399_reps,Hymenochaetales,Hymenochaetales,0.58,1
SH1146000.08FU_DQ647439_reps,Hymenochaetales,Hymenochaetales,0.125,1
SH1175929.08FU_KR078277_reps,Hymenochaetales,Hymenochaetales,0.113,1
SH1178061.08FU_KR073081_refs,Hymenochaetales,Hymenochaetales,0.808,1
SH1155284.08FU_MT232351_reps,Hymenochaetales,Hymenochaetales,0.0853,1
SH1239521.08FU_DQ873595_reps,Hymenochaetales,Hymenochaetales,0.0853,1
SH2596471.08FU_MH050752_reps,Hymenochaetales,Hymenochaetales,0.113,1
SH1205404.08FU_MG008425_reps,Hymenochaetales,Hymenochaetales,0.113,1
SH1172012.08FU_KR350571_reps,Hymenochaetales,Hymenochaetales,0.113,1
SH1151772.08FU_UDB028164_refs,Hymenochaetales,Hymenochaetales,0.619,1
SH1151764.08FU_AF145586_refs,Hymenochaetales,Hymenochaetales,0.956,1
SH3565105.08FU_MN945976_reps,Hymenochaetales,NA,0.0,0
SH3566991.08FU_MT153875_reps,Hymenochaetales,NA,0.0,0
SH3567763.08FU_MN816710_reps,Hymenochaetales,Hymenochaetales,0.756,1
SH2598799.08FU_UDB0415116_reps,Hymenochaetales,Hymenochaetales,0.0261,1
SH1151787.08FU_UDB031874_refs,Hymenochaetales,Hymenochaetales,0.86,1
SH1191219.08FU_MF860788_reps,Hymenochaetales,Hymenochaetales,0.113,1
SH1151766.08FU_AF145585_refs,Hymenochaetales,Hymenochaetales,0.902,1
SH1205401.08FU_MG008435_reps,Hymenochaetales,Hymenochaetales,0.113,1
SH1178057.08FU_KT862163_reps,Hymenochaetales,Hymenochaetales,0.726,1
SH1239991.08FU_DQ873593_refs,Hymenochaetales,Hymenochaetales,0.0853,1
SH2592525.08FU_MH880209_reps,Hymenochaetales,Hymenochaetales,0.332,1
SH2608336.08FU_UDB0193076_reps,Hymenochaetales,NA,0.0,0
SH1187183.08FU_MN918574_reps,Hymenochaetales,Hymenochaetales,0.615,1
SH2605897.08FU_UDB0119432_reps,Hymenochaetales,Hymenochaetales,0.262,1
SH1159966.08FU_FJ179463_reps,Hymenochaetales,Hymenochaetales,0.0391,1
SH1188663.08FU_KX364802_reps,Hymenochaetales,Hymenochaetales,0.113,1
SH1179070.08FU_KX181297_reps,Hymenochaetales,Hymenochaetales,0.11,1
SH1179696.08FU_JX141453_refs,Polyporales,Polyporales,0.314,1
SH1143622.08FU_KU941840_reps,Polyporales,Polyporales,0.0872,1
SH1153187.08FU_UDB038108_reps,Polyporales,Polyporales,0.101,1
SH3568413.08FU_MT497887_reps,Polyporales,NA,0.0,0
SH1184740.08FU_KJ654618_reps,Polyporales,Polyporales,0.593,1
SH1190334.08FU_KX880631_reps,Polyporales,Polyporales,0.767,1
SH1177882.08FU_EU232184_reps,Polyporales,Polyporales,0.625,1
SH2595870.08FU_MH544275_reps,Polyporales,Polyporales,0.104,1
SH1191567.08FU_MT561708_reps,Polyporales,Polyporales,0.392,1
SH1189544.08FU_KR135353_reps,Polyporales,Polyporales,0.0694,1
SH1179601.08FU_JQ781877_refs,Polyporales,Polyporales,0.866,1
SH1173483.08FU_KY131859_reps,Polyporales,Polyporales,0.0612,1
SH1190302.08FU_KC867352_refs,Polyporales,Polyporales,0.662,1
SH1191435.08FU_GQ851812_reps,Polyporales,Polyporales,0.416,1
SH1191427.08FU_AF479667_refs,Polyporales,Polyporales,0.856,1
SH1179677.08FU_KY449437_refs,Polyporales,Polyporales,0.262,1
SH1184407.08FU_KP134998_reps,Polyporales,Polyporales,0.45,1
SH1190320.08FU_KU981307_reps,Polyporales,Polyporales,0.779,1
SH1237915.08FU_KM609017_refs,Polyporales,Polyporales,0.11,1
SH1238144.08FU_FJ820616_reps,Polyporales,Polyporales,0.0798,1
SH1146330.08FU_UDB016376_refs,Polyporales,Polyporales,0.719,1
SH1190362.08FU_MH347290_reps,Polyporales,Polyporales,0.557,1
SH1154437.08FU_KC585258_reps,Polyporales,Polyporales,0.788,1
SH1152003.08FU_KF699124_refs,Polyporales,Polyporales,0.819,1
SH1152304.08FU_GQ268623_reps,Polyporales,Polyporales,0.109,1
SH1236884.08FU_AF343320_reps,Polyporales,Polyporales,0.127,1
SH1153218.08FU_HM583814_reps,Polyporales,Polyporales,0.668,1
SH2596456.08FU_MK834523_reps,Polyporales,Polyporales,0.256,1
SH1153567.08FU_AF516560_reps,Polyporales,Polyporales,0.103,1
SH1212995.08FU_UDB023522_refs,Polyporales,Polyporales,0.741,1
SH1177885.08FU_MG231820_reps,Polyporales,Polyporales,0.911,1
SH1179600.08FU_JQ781858_refs,Polyporales,Polyporales,0.945,1
SH1186500.08FU_JN645065_reps,Polyporales,Polyporales,0.817,1
SH1188637.08FU_MK119835_reps,Polyporales,Polyporales,0.808,1
SH1153135.08FU_FN907913_refs,Polyporales,Polyporales,0.11,1
SH1145895.08FU_UDB032398_refs,Polyporales,Polyporales,0.11,1
SH1149306.08FU_UDB031310_refs,Polyporales,Polyporales,0.0864,1
SH1153081.08FU_JQ919927_reps,Polyporales,Polyporales,0.564,1
SH1154433.08FU_UDB003344_refs,Polyporales,Polyporales,0.912,1
SH3221496.08FU_UDB0143274_reps,Polyporales,NA,0.0,0
SH1170415.08FU_FN907916_refs,Polyporales,Polyporales,0.902,1
SH1238933.08FU_KP135033_reps,Polyporales,Polyporales,0.0937,1
SH1171805.08FU_KY655336_refs,Polyporales,Polyporales,0.0616,1
SH1172399.08FU_GQ999233_reps,Polyporales,Polyporales,0.836,1
SH1172395.08FU_GQ999511_reps,Polyporales,Polyporales,0.104,1
SH1179628.08FU_AF255098_reps,Polyporales,Polyporales,0.832,1
SH1215524.08FU_UDB0351428_reps,Polyporales,Polyporales,0.811,1
SH1212391.08FU_MT050490_reps,Polyporales,Polyporales,0.748,1
SH1150367.08FU_UDB0780441_reps,Polyporales,NA,0.0,0
SH1188635.08FU_JQ001852_refs,Polyporales,Polyporales,0.0766,1
SH1184134.08FU_KR605769_refs,Polyporales,Polyporales,0.074,1
SH1153069.08FU_JQ700296_refs,Polyporales,Polyporales,0.942,1
SH1153072.08FU_KU866249_refs,Polyporales,Polyporales,0.954,1
SH1235528.08FU_JQ700283_refs,Polyporales,Polyporales,0.11,1
SH1191464.08FU_MH298914_reps,Polyporales,Polyporales,0.0798,1
SH1153565.08FU_JN165003_refs,Polyporales,Polyporales,0.109,1
SH1178757.08FU_MK116484_reps,Polyporales,Polyporales,0.175,1
SH1184404.08FU_KP135016_refs,Polyporales,Polyporales,0.0557,1
SH1179636.08FU_JX243845_reps,Polyporales,Polyporales,0.737,1
SH1186468.08FU_UDB015395_refs,Polyporales,Polyporales,0.91,1
SH1186473.08FU_JX109860_refs,Polyporales,Polyporales,0.955,1
SH1151130.08FU_UDB032573_reps,Polyporales,Polyporales,0.4,1
SH1239625.08FU_UDB038157_reps,Polyporales,Polyporales,0.101,1
SH1179623.08FU_JQ314373_refs,Polyporales,Polyporales,0.194,1
SH1183938.08FU_KX548970_refs,Polyporales,Polyporales,0.55,1
SH1190295.08FU_KP283482_refs,Polyporales,Polyporales,0.921,1
SH1190299.08FU_MN077520_reps,Polyporales,Polyporales,0.578,1
SH1190306.08FU_LC052221_refs,Polyporales,Polyporales,0.767,1
SH1190529.08FU_MF626346_refs,Polyporales,Polyporales,0.742,1
SH1181079.08FU_KT711014_refs,Polyporales,Polyporales,0.505,1
SH1191509.08FU_KX752596_refs,Polyporales,Polyporales,0.489,1
SH1154225.08FU_AF516569_refs,Polyporales,Polyporales,0.109,1
SH1191520.08FU_AY219340_reps,Polyporales,Polyporales,0.504,1
SH1150393.08FU_UDB037836_refs,Polyporales,Polyporales,0.079,1
SH3567393.08FU_MN077532_reps,Polyporales,Polyporales,0.68,1
SH1206159.08FU_UDB0514103_reps,Polyporales,Polyporales,0.834,1
SH1169585.08FU_AJ534259_reps,Polyporales,Polyporales,0.439,1
SH1186489.08FU_JX134278_refs,Polyporales,Polyporales,0.897,1
SH1153085.08FU_KX423689_refs,Polyporales,Polyporales,0.646,1
SH1192186.08FU_MG430347_reps,Polyporales,Polyporales,0.11,1
SH1152001.08FU_HM583849_reps,Polyporales,Polyporales,0.465,1
SH1181163.08FU_MF496146_reps,Polyporales,Polyporales,0.109,1
SH1146339.08FU_JX623944_refs,Polyporales,Polyporales,0.0798,1
SH1237914.08FU_KC344410_refs,Polyporales,Polyporales,0.11,1
SH1191546.08FU_KP135095_refs,Polyporales,Polyporales,0.675,1
SH1180221.08FU_KC414263_reps,Polyporales,Polyporales,0.89,1
SH1181930.08FU_UDB019412_reps,Polyporales,Polyporales,0.11,1
SH1172401.08FU_JQ821319_reps,Polyporales,Polyporales,0.358,1
SH1186484.08FU_MG719299_reps,Polyporales,Polyporales,0.105,1
SH1190323.08FU_MG211674_reps,Polyporales,Polyporales,0.102,1
SH1191499.08FU_UDB024133_refs,Polyporales,Polyporales,0.307,1
SH1189804.08FU_KY646478_reps,Polyporales,Polyporales,0.0839,1
SH1142328.08FU_KT361638_reps,Polyporales,Polyporales,0.109,1
SH1153066.08FU_JQ700272_refs,Polyporales,Polyporales,0.945,1
SH1215527.08FU_KY131871_refs,Polyporales,Polyporales,0.782,1
SH1215491.08FU_MT279492_reps,Polyporales,Polyporales,0.843,1
SH1238615.08FU_DQ491402_reps,Polyporales,Polyporales,0.447,1
SH1151999.08FU_KX900918_reps,Polyporales,Polyporales,0.854,1
SH1177598.08FU_KY630517_reps,Polyporales,Polyporales,0.0766,1
SH1191537.08FU_KP135146_reps,Polyporales,Polyporales,0.732,1
SH1180219.08FU_MG231881_reps,Polyporales,Polyporales,0.903,1
SH1215486.08FU_KR673607_reps,Polyporales,Polyporales,0.747,1
SH2596193.08FU_UDB0173483_reps,Polyporales,Polyporales,0.468,1
SH1184324.08FU_MT372798_reps,Polyporales,Polyporales,0.815,1
SH1206143.08FU_UDB0413838_reps,Polyporales,Thelephorales,0.925,0
SH1190319.08FU_KR014257_reps,Polyporales,Polyporales,0.109,1
SH1190307.08FU_EU232216_refs,Polyporales,Polyporales,0.608,1
SH1188641.08FU_KY968688_reps,Polyporales,Polyporales,0.678,1
SH1179639.08FU_FJ411085_refs,Polyporales,Polyporales,0.612,1
SH1170418.08FU_LC176773_reps,Polyporales,Polyporales,0.11,1
SH1181335.08FU_UDB0272026_reps,Polyporales,Polyporales,0.0233,1
SH1190335.08FU_KY706053_reps,Polyporales,Polyporales,0.109,1
SH1179654.08FU_MG279151_reps,Polyporales,Polyporales,0.869,1
SH1190294.08FU_UDB039614_reps,Polyporales,Polyporales,0.877,1
SH1190316.08FU_MK641481_reps,Polyporales,Polyporales,0.651,1
SH1176916.08FU_MN749591_reps,Polyporales,Polyporales,0.794,1
SH1215404.08FU_UDB0755016_reps,Polyporales,NA,0.0,0
SH1186478.08FU_LN997745_reps,Polyporales,Polyporales,0.847,1
SH1189836.08FU_MK796502_reps,Polyporales,Polyporales,0.068,1
SH1236835.08FU_DQ309071_refs,Polyporales,Polyporales,0.118,1
SH1150169.08FU_JN710585_reps,Polyporales,Polyporales,0.101,1
SH1180539.08FU_KX752606_refs,Polyporales,Polyporales,0.0726,1
SH1179640.08FU_JX310849_reps,Polyporales,Polyporales,0.818,1
SH1215407.08FU_MK659920_reps,Polyporales,Polyporales,0.0979,1
SH1179659.08FU_MK345440_reps,Polyporales,Polyporales,0.84,1
SH1154435.08FU_KT895877_reps,Polyporales,Polyporales,0.828,1
SH1146338.08FU_MG572749_reps,Polyporales,Polyporales,0.0708,1
SH3566423.08FU_MT386396_reps,Polyporales,Polyporales,0.541,1
SH1153219.08FU_KR093908_reps,Polyporales,Polyporales,0.274,1
SH1181710.08FU_UDB016314_refs,Polyporales,Polyporales,0.104,1
SH1212996.08FU_UDB037799_reps,Polyporales,Polyporales,0.444,1
SH1177878.08FU_KY174996_reps,Polyporales,Polyporales,0.513,1
SH1184132.08FU_MH211809_reps,Polyporales,Polyporales,0.121,1
SH1177864.08FU_UDB019683_refs,Polyporales,Polyporales,0.847,1
SH1180683.08FU_EU030134_reps,Polyporales,Polyporales,0.955,1
SH1238598.08FU_KY948711_reps,Polyporales,Polyporales,0.856,1
SH1179652.08FU_KT965500_reps,Polyporales,Polyporales,0.87,1
SH1188785.08FU_MF139552_reps,Polyporales,Polyporales,0.101,1
SH1237912.08FU_KU515851_reps,Polyporales,Polyporales,0.0613,1
SH1185278.08FU_KU360400_reps,Polyporales,Polyporales,0.45,1
SH1188633.08FU_MK531821_reps,Polyporales,Polyporales,0.903,1
SH1184135.08FU_UDB015612_refs,Polyporales,Polyporales,0.954,1
SH1215402.08FU_UDB0755471_reps,Polyporales,Polyporales,0.067,1
SH1206144.08FU_JN592510_refs,Polyporales,Polyporales,0.793,1
SH1206141.08FU_UDB032153_refs,Polyporales,Polyporales,0.936,1
SH1238148.08FU_JX623935_reps,Polyporales,Polyporales,0.0798,1
SH1179649.08FU_GQ337912_refs,Polyporales,Polyporales,0.555,1
SH1168757.08FU_KY273032_reps,Polyporales,Polyporales,0.0809,1
SH1186496.08FU_KT156703_reps,Polyporales,Polyporales,0.824,1
SH1185962.08FU_JN572910_refs,Polyporales,Polyporales,0.066,1
SH1179675.08FU_KX962547_reps,Polyporales,Polyporales,0.468,1
SH1148975.08FU_DQ309069_refs,Polyporales,Polyporales,0.0953,1
SH1150756.08FU_KC585328_reps,Polyporales,Polyporales,0.0856,1
SH1151946.08FU_JX310847_refs,Polyporales,Polyporales,0.653,1
SH1191587.08FU_KF291010_reps,Polyporales,Polyporales,0.706,1
SH1186471.08FU_KC867379_refs,Polyporales,Polyporales,0.902,1
SH1190337.08FU_KM229603_reps,Polyporales,Polyporales,0.869,1
SH1172402.08FU_KU598873_refs,Polyporales,Polyporales,0.751,1
SH2596369.08FU_MK881899_reps,Polyporales,Polyporales,0.0944,1
SH1191561.08FU_KJ668489_reps,Polyporales,Polyporales,0.605,1
SH1192102.08FU_MG572764_reps,Polyporales,Polyporales,0.106,1
SH1190064.08FU_KY969756_reps,Polyporales,Polyporales,0.101,1
SH3567301.08FU_MT782651_reps,Polyporales,NA,0.0,0
SH2595798.08FU_MH475301_reps,Polyporales,Polyporales,0.101,1
SH2595830.08FU_MH631019_reps,Polyporales,Polyporales,0.0872,1
SH2593853.08FU_KX851622_reps,Polyporales,Polyporales,0.103,1
SH1238815.08FU_KM104122_reps,Polyporales,Polyporales,0.068,1
SH1190315.08FU_JQ868745_reps,Polyporales,Polyporales,0.872,1
SH1182869.08FU_JF713081_reps,Polyporales,Polyporales,0.736,1
SH1238132.08FU_KP283496_reps,Polyporales,Polyporales,0.0695,1
SH1191496.08FU_KP135158_reps,Polyporales,Polyporales,0.769,1
SH1179630.08FU_KR816509_reps,Polyporales,Polyporales,0.81,1
SH1179622.08FU_JQ919900_reps,Polyporales,Polyporales,0.497,1
SH1173527.08FU_JQ700274_refs,Polyporales,Polyporales,0.503,1
SH1143406.08FU_JN710531_refs,Polyporales,Polyporales,0.101,1
SH1191576.08FU_MH268059_reps,Polyporales,Polyporales,0.814,1
SH1148972.08FU_EF029226_refs,Polyporales,Polyporales,0.104,1
SH1206146.08FU_JN710562_reps,Polyporales,Polyporales,0.767,1
SH1179617.08FU_MT232636_reps,Polyporales,Polyporales,0.766,1
SH1179653.08FU_JQ861746_refs,Polyporales,Polyporales,0.703,1
SH1237677.08FU_KC848253_reps,Polyporales,Polyporales,0.782,1
SH1191514.08FU_KX752598_refs,Polyporales,Polyporales,0.0583,1
SH1156033.08FU_UDB065913_reps,Polyporales,Polyporales,0.0731,1
SH1205884.08FU_MT076170_reps,Polyporales,Polyporales,0.338,1
SH1184382.08FU_KU941853_refs,Polyporales,Polyporales,0.0872,1
SH1149159.08FU_FJ411090_reps,Polyporales,Polyporales,0.0872,1
SH1182984.08FU_UDB023656_refs,Polyporales,Polyporales,0.124,1
SH1177607.08FU_MN602051_reps,Polyporales,Polyporales,0.391,1
SH1173529.08FU_JQ314350_refs,Polyporales,Polyporales,0.423,1
SH1179700.08FU_MF796661_refs,Polyporales,Polyporales,0.865,1
SH1145094.08FU_FM995549_reps,Boletales,Boletales,0.793,1
SH1169633.08FU_MN984309_reps,Boletales,Boletales,0.771,1
SH3568913.08FU_MN594292_reps,Boletales,NA,0.0,0
SH1152236.08FU_EU569237_reps,Boletales,Boletales,0.0926,1
SH2593206.08FU_MG273867_reps,Boletales,Boletales,0.262,1
SH1144081.08FU_MG912842_reps,Boletales,Boletales,0.0926,1
SH1151360.08FU_JN168780_reps,Boletales,Boletales,0.0926,1
SH1150036.08FU_AM113465_refs,Boletales,Boletales,0.544,1
SH1239476.08FU_MK560098_reps,Boletales,Boletales,0.091,1
SH1226414.08FU_KU144805_reps,Boletales,Boletales,0.0926,1
SH1145100.08FU_DQ974748_reps,Boletales,Boletales,0.746,1
SH1144220.08FU_MN306142_reps,Boletales,Boletales,0.0926,1
SH1157038.08FU_KT290024_reps,Boletales,Boletales,0.0926,1
SH1212840.08FU_UDB013098_reps,Boletales,Boletales,0.0926,1
SH1168571.08FU_AB973721_reps,Boletales,Boletales,0.0926,1
SH1227981.08FU_EU569234_reps,Boletales,Boletales,0.0926,1
SH1150639.08FU_UDB013848_reps,Boletales,Boletales,0.0926,1
SH2593404.08FU_KY271036_reps,Boletales,Boletales,0.0926,1
SH1150647.08FU_AB973816_reps,Boletales,Boletales,0.0926,1
SH1178573.08FU_KC184472_reps,Boletales,Boletales,0.89,1
SH1212667.08FU_KM975485_refs,Boletales,Boletales,0.0926,1
SH1158639.08FU_UDB038094_refs,Boletales,Boletales,0.689,1
SH1184482.08FU_MG018097_reps,Boletales,Boletales,0.0926,1
SH1178150.08FU_AB251818_reps,Boletales,Boletales,0.0926,1
SH1238480.08FU_KP242154_reps,Boletales,Boletales,0.0926,1
SH1181035.08FU_AB807905_reps,Boletales,Boletales,0.0926,1
SH1226757.08FU_KJ951990_refs,Boletales,Boletales,0.828,1
SH2595620.08FU_MN250217_reps,Boletales,Boletales,0.0926,1
SH1238551.08FU_EU819439_refs,Boletales,Boletales,0.426,1
SH1153104.08FU_AF270786_refs,Boletales,Boletales,0.873,1
SH1180332.08FU_MK226543_reps,Boletales,Boletales,0.0926,1
SH1240533.08FU_AY544779_reps,Boletales,Boletales,0.0926,1
SH1238543.08FU_FM213340_refs,Boletales,Boletales,0.912,1
SH1147019.08FU_KC215209_reps,Boletales,Boletales,0.824,1
SH1142632.08FU_AM747520_refs,Boletales,Boletales,0.736,1
SH1226759.08FU_MH885357_reps,Boletales,Boletales,0.777,1
SH1179911.08FU_KX899742_reps,Boletales,Boletales,0.0878,1
SH1181514.08FU_HE817966_reps,Boletales,Boletales,0.0926,1
SH1188532.08FU_KC184466_reps,Boletales,Boletales,0.0926,1
SH1147016.08FU_UDB000436_refs,Boletales,Boletales,0.96,1
SH1239289.08FU_KJ786702_reps,Boletales,Boletales,0.0926,1
SH1143766.08FU_KX899240_reps,Boletales,Boletales,0.0926,1
SH1213291.08FU_UDB024485_reps,Boletales,Boletales,0.0847,1
SH1227978.08FU_KT923676_reps,Boletales,Boletales,0.0926,1
SH2592520.08FU_MH910538_reps,Boletales,Boletales,0.0846,1
SH1145478.08FU_UDB0765167_reps,Boletales,Boletales,0.0926,1
SH1212666.08FU_MT939284_reps,Boletales,Boletales,0.105,1
SH1172107.08FU_MK621187_reps,Boletales,Boletales,0.0926,1
SH1153165.08FU_AF374646_refs,Boletales,Boletales,0.594,1
SH1145222.08FU_DQ377397_reps,Russulales,Russulales,0.913,1
SH1193092.08FU_FJ820714_reps,Russulales,Russulales,0.042,1
SH1151515.08FU_KR364092_reps,Russulales,Russulales,0.0996,1
SH1221398.08FU_KX579784_reps,Russulales,Russulales,0.955,1
SH1226593.08FU_UDB015105_reps,Russulales,Russulales,0.465,1
SH1156916.08FU_MF461611_reps,Russulales,Russulales,0.721,1
SH1168682.08FU_EU597057_reps,Russulales,Russulales,0.926,1
SH1145212.08FU_KC424533_reps,Russulales,Russulales,0.894,1
SH1187339.08FU_UDB004888_reps,Russulales,Russulales,0.0996,1
SH1226587.08FU_MG835429_reps,Russulales,Russulales,0.632,1
SH1143491.08FU_AY606984_refs,Russulales,Russulales,0.0996,1
SH1185627.08FU_JQ902074_reps,Russulales,Russulales,0.0996,1
SH1152866.08FU_FR852036_reps,Russulales,Russulales,0.912,1
SH1168641.08FU_KY574365_reps,Russulales,Russulales,0.869,1
SH1208000.08FU_JQ716931_refs,Russulales,Russulales,0.855,1
SH1172717.08FU_JX266622_reps,Russulales,Russulales,0.0996,1
SH1187337.08FU_KR819089_reps,Russulales,Russulales,0.518,1
SH1151171.08FU_KP347668_refs,Russulales,Russulales,0.0996,1
SH1226638.08FU_KJ705234_reps,Russulales,Russulales,0.795,1
SH1172737.08FU_KR364096_reps,Russulales,Russulales,0.769,1
SH1188907.08FU_KP012859_reps,Russulales,Russulales,0.912,1
SH1142272.08FU_KR819058_reps,Russulales,Russulales,0.0996,1
SH1145218.08FU_LC315884_reps,Russulales,Russulales,0.914,1
SH1145241.08FU_KY582717_reps,Russulales,Russulales,0.908,1
SH1151170.08FU_KC154118_reps,Russulales,Russulales,0.0996,1
SH1226643.08FU_UDB015111_reps,Russulales,Russulales,0.839,1
SH1191314.08FU_MH125231_reps,Russulales,Russulales,0.0996,1
SH1172699.08FU_KR364053_reps,Russulales,Russulales,0.0996,1
SH1172707.08FU_KM073088_reps,Russulales,Russulales,0.0996,1
SH1236545.08FU_LC364246_reps,Russulales,Russulales,0.353,1
SH1186040.08FU_MG722733_reps,Russulales,Russulales,0.441,1
SH1221417.08FU_UDB0766525_reps,Russulales,Russulales,0.0996,1
SH1181452.08FU_KJ769279_reps,Russulales,Russulales,0.934,1
SH1187378.08FU_UDB0756974_reps,Russulales,Russulales,0.0996,1
SH1189862.08FU_KU559351_reps,Russulales,Russulales,0.0871,1
SH1181023.08FU_MN102679_reps,Russulales,Russulales,0.0518,1
SH1212595.08FU_KR135360_reps,Russulales,Russulales,0.754,1
SH1174805.08FU_MT611016_reps,Russulales,Russulales,0.0996,1
SH1172739.08FU_JN388978_refs,Russulales,Russulales,0.81,1
SH1228158.08FU_AY198191_refs,Russulales,Russulales,0.914,1
SH1187353.08FU_UDB013910_reps,Russulales,Russulales,0.794,1
SH1168632.08FU_KX899726_reps,Russulales,Russulales,0.634,1
SH1168861.08FU_MW031163_reps,Russulales,Russulales,0.308,1
SH1187355.08FU_HF675610_reps,Russulales,Russulales,0.966,1
SH1151510.08FU_GU258305_reps,Russulales,Russulales,0.0996,1
SH1145203.08FU_UDB031534_reps,Russulales,Russulales,0.844,1
SH1226628.08FU_HM189948_reps,Russulales,Russulales,0.943,1
SH1145215.08FU_AY239346_reps,Russulales,Russulales,0.859,1
SH1156911.08FU_HQ533045_reps,Russulales,Russulales,0.732,1
SH1168752.08FU_LC008295_reps,Russulales,Russulales,0.0996,1
SH1172680.08FU_EU375718_reps,Russulales,Russulales,0.696,1
SH1156913.08FU_AF454421_refs,Russulales,Russulales,0.706,1
SH1192051.08FU_JQ405657_refs,Russulales,Russulales,0.0996,1
SH1226596.08FU_MT559559_reps,Russulales,Russulales,0.56,1
SH1184430.08FU_UDB0767606_reps,Russulales,NA,0.0,0
SH1185620.08FU_KR819066_reps,Russulales,Russulales,0.0996,1
SH2591953.08FU_MH862332_reps,Russulales,Russulales,0.0761,1
SH1174836.08FU_KR135366_reps,Russulales,Russulales,0.892,1
SH1190636.08FU_MN744655_reps,Russulales,Russulales,0.546,1
SH1145221.08FU_AB807980_reps,Russulales,Russulales,0.823,1
SH1189461.08FU_KR819082_reps,Russulales,Russulales,0.0996,1
SH1211180.08FU_AY878656_reps,Russulales,Russulales,0.0996,1
SH1193059.08FU_UDB017896_refs,Russulales,Russulales,0.945,1
SH1189857.08FU_MH109054_refs,Russulales,Russulales,0.11,1
SH1151517.08FU_GU258230_reps,Russulales,Russulales,0.0996,1
SH1151512.08FU_UDB025291_reps,Russulales,Russulales,0.0996,1
SH1189465.08FU_KC154109_refs,Russulales,Russulales,0.0996,1
SH1152841.08FU_AB922925_reps,Russulales,Russulales,0.874,1
SH3566790.08FU_KY860385_reps,Russulales,Russulales,0.0523,1
SH1157796.08FU_KY353803_reps,Russulales,Russulales,0.0996,1
SH1145191.08FU_MG547648_reps,Russulales,Russulales,0.847,1
SH1156756.08FU_KJ807067_reps,Russulales,Russulales,0.0737,1
SH1174963.08FU_MT345273_reps,Russulales,Russulales,0.65,1
SH1181750.08FU_JX266626_reps,Russulales,Russulales,0.546,1
SH1188847.08FU_AB854698_reps,Russulales,Russulales,0.656,1
SH1212437.08FU_UDB004598_reps,Russulales,Russulales,0.569,1
SH1226636.08FU_MF946269_reps,Russulales,Russulales,0.808,1
SH2591693.08FU_MK748181_reps,Russulales,Russulales,0.696,1
SH1188813.08FU_KP033481_reps,Russulales,Russulales,0.0996,1
SH1191708.08FU_MF496149_reps,Russulales,Russulales,0.114,1
SH1174871.08FU_KF412215_reps,Russulales,Russulales,0.746,1
SH1172684.08FU_HQ318286_refs,Russulales,Russulales,0.0996,1
SH1188895.08FU_EU526008_reps,Russulales,Russulales,0.892,1
SH1168694.08FU_HQ204716_reps,Russulales,Russulales,0.933,1
SH2598025.08FU_UDB0760062_reps,Russulales,Russulales,0.0996,1
SH1190637.08FU_AY513189_reps,Russulales,Russulales,0.771,1
SH2596442.08FU_MK049971_reps,Russulales,Russulales,0.719,1
SH1172682.08FU_AB854676_reps,Russulales,Russulales,0.523,1
SH1183588.08FU_KJ583213_reps,Russulales,Russulales,0.04,1
SH1230260.08FU_UDB001763_reps,Russulales,Russulales,0.0571,1
SH1158829.08FU_KM594914_reps,Russulales,Russulales,0.0996,1
SH2592036.08FU_MH861426_reps,Russulales,Russulales,0.0761,1
SH1193082.08FU_MH858812_reps,Russulales,Russulales,0.0871,1
SH1142273.08FU_LK392607_reps,Russulales,Russulales,0.0996,1
SH1181021.08FU_GU258299_refs,Russulales,Russulales,0.721,1
SH1190633.08FU_MH279682_reps,Russulales,Russulales,0.759,1
SH1226590.08FU_UDB015132_reps,Russulales,Russulales,0.625,1
SH1151172.08FU_UDB033605_reps,Russulales,Russulales,0.0996,1
SH2591678.08FU_MK105627_reps,Russulales,Russulales,0.851,1
SH1226598.08FU_KF412384_reps,Russulales,Russulales,0.578,1
SH1226624.08FU_KR819095_reps,Russulales,Russulales,0.0996,1
SH2597333.08FU_UDB0756774_reps,Russulales,Russulales,0.0996,1
SH1193077.08FU_KF800098_reps,Russulales,Russulales,0.387,1
SH1221397.08FU_KX358053_reps,Russulales,Russulales,0.923,1
SH1159351.08FU_KM269077_refs,Russulales,Russulales,0.886,1
SH1183585.08FU_KJ583215_reps,Russulales,Russulales,0.291,1
SH1187334.08FU_UDB032698_reps,Russulales,Russulales,0.903,1
SH1174834.08FU_AB597706_reps,Russulales,Russulales,0.876,1
SH1188818.08FU_KM594803_reps,Russulales,Russulales,0.658,1
SH1173931.08FU_HE817954_reps,Russulales,Russulales,0.939,1
SH2592750.08FU_LC367973_reps,Russulales,Russulales,0.78,1
SH1193076.08FU_KJ832043_reps,Russulales,Russulales,0.485,1
SH1172696.08FU_JN889996_reps,Russulales,Russulales,0.0996,1
SH1168670.08FU_LC368013_reps,Russulales,Russulales,0.784,1
SH1168627.08FU_AY061731_reps,Russulales,Russulales,0.753,1
SH1193074.08FU_JX136254_reps,Russulales,Russulales,0.383,1
SH1153027.08FU_EU019941_reps,Russulales,Russulales,0.87,1
SH2599103.08FU_UDB0768268_reps,Russulales,Russulales,0.685,1
SH1143490.08FU_KY562731_reps,Russulales,Russulales,0.0996,1
SH1183586.08FU_KJ583205_reps,Russulales,Russulales,0.0831,1
SH1188906.08FU_DQ388821_reps,Russulales,Russulales,0.766,1
SH1169642.08FU_UDB008161_reps,Russulales,Russulales,0.0996,1
SH1168996.08FU_JQ405656_refs,Russulales,Russulales,0.0996,1
SH3565203.08FU_MN908253_reps,Russulales,NA,0.0,0
SH1189859.08FU_KY706204_reps,Russulales,Russulales,0.107,1
SH1246672.08FU_MH861386_reps,Russulales,Russulales,0.0761,1
SH1174835.08FU_MK414597_reps,Russulales,Russulales,0.854,1
SH1168934.08FU_UDB007774_reps,Russulales,Russulales,0.6,1
SH1188888.08FU_UDB0595177_reps,Russulales,Russulales,0.904,1
SH1168645.08FU_KY548899_reps,Russulales,Russulales,0.857,1
SH1172730.08FU_HQ318211_refs,Russulales,Russulales,0.941,1
SH1212594.08FU_GU258277_refs,Russulales,Russulales,0.613,1
SH1230261.08FU_FJ439518_reps,Russulales,Russulales,0.0571,1
SH1168658.08FU_KF002755_reps,Russulales,Russulales,0.932,1
SH1188886.08FU_KX574686_refs,Russulales,Russulales,0.905,1
SH1188304.08FU_MG786054_reps,Russulales,Russulales,0.0996,1
SH1178970.08FU_KT289952_reps,Russulales,Russulales,0.0996,1
SH1226642.08FU_UDB004505_reps,Russulales,Russulales,0.751,1
SH1152825.08FU_EF493293_refs,Russulales,Russulales,0.966,1
SH1174832.08FU_MT329612_reps,Russulales,Russulales,0.83,1
SH1148636.08FU_HQ318223_reps,Russulales,Russulales,0.815,1
SH1187340.08FU_UDB0766930_reps,Russulales,NA,0.0,0
SH1168729.08FU_LC219773_reps,Russulales,Russulales,0.952,1
SH1168634.08FU_UDB036519_reps,Russulales,Russulales,0.839,1
SH1237999.08FU_KY769842_reps,Russulales,Russulales,0.0996,1
SH1189454.08FU_KX499396_reps,Russulales,Russulales,0.0996,1
SH1226610.08FU_KT933963_reps,Russulales,Russulales,0.751,1
SH1236214.08FU_AY239342_reps,Russulales,Russulales,0.918,1
SH1145223.08FU_AB848582_reps,Russulales,Russulales,0.881,1
SH1221408.08FU_DQ061929_reps,Russulales,Russulales,0.796,1
SH1174823.08FU_AB848565_reps,Russulales,Russulales,0.905,1
SH1226656.08FU_LC367742_reps,Russulales,Russulales,0.0996,1
SH1186282.08FU_KP859265_reps,Russulales,Russulales,0.0571,1
SH1172679.08FU_JQ358911_refs,Russulales,Russulales,0.0996,1
SH1168929.08FU_AM113430_reps,Russulales,Russulales,0.47,1
SH2591638.08FU_KX441233_reps,Russulales,Russulales,0.625,1
SH1148634.08FU_HQ318235_refs,Russulales,Russulales,0.763,1
SH1145230.08FU_UDB0343235_reps,Russulales,Russulales,0.931,1
SH1221409.08FU_LC436079_reps,Russulales,Russulales,0.935,1
SH1185626.08FU_UDB013964_reps,Russulales,Russulales,0.751,1
SH1151514.08FU_GU258236_refs,Russulales,Russulales,0.0996,1
SH2592027.08FU_MH861469_reps,Russulales,Russulales,0.0761,1
SH1172704.08FU_HQ318284_reps,Russulales,Russulales,0.0996,1
SH1151260.08FU_KJ807065_reps,Russulales,Russulales,0.0737,1
SH1145233.08FU_UDB0766505_reps,Russulales,Russulales,0.897,1
SH1188802.08FU_AB594955_reps,Russulales,Russulales,0.805,1
SH1228159.08FU_AY963566_reps,Russulales,Russulales,0.87,1
SH1148662.08FU_KP754019_reps,Russulales,Russulales,0.0996,1
SH1171735.08FU_GU258309_reps,Russulales,Russulales,0.0996,1
SH1149924.08FU_AB807973_reps,Russulales,Russulales,0.863,1
SH1159350.08FU_MH168568_reps,Russulales,Russulales,0.786,1
SH1185624.08FU_UDB013989_reps,Russulales,Russulales,0.711,1
SH1208012.08FU_JQ716934_reps,Russulales,Russulales,0.736,1
SH1159352.08FU_JX030246_reps,Russulales,Russulales,0.895,1
SH1178969.08FU_JN168742_reps,Russulales,Russulales,0.0996,1
SH1186278.08FU_KR819070_reps,Russulales,Russulales,0.358,1
SH1147287.08FU_JX857808_reps,Corticiales,Corticiales,0.109,1
SH1220741.08FU_HQ168400_refs,Corticiales,Corticiales,0.071,1
SH1207134.08FU_GQ999391_reps,Corticiales,Cantharellales,0.0399,0
SH1172124.08FU_JX857740_reps,Corticiales,Corticiales,0.417,1
SH1172172.08FU_GU590876_refs,Corticiales,Corticiales,0.071,1
SH1152314.08FU_AY583327_refs,Corticiales,Corticiales,0.071,1
SH1205521.08FU_JN387998_refs,Corticiales,Corticiales,0.561,1
SH1205880.08FU_KF638544_reps,Corticiales,Polyporales,0.0459,0
SH1205523.08FU_KY449404_reps,Corticiales,Corticiales,0.0697,1
SH1183659.08FU_UDB0323061_reps,Corticiales,Agaricales,0.0266,0
SH1152302.08FU_EF635838_reps,Corticiales,Corticiales,0.0544,1
SH1149872.08FU_KJ140694_reps,Corticiales,Corticiales,0.0688,1
SH1213370.08FU_UDB016433_refs,Corticiales,Corticiales,0.234,1
SH2607214.08FU_UDB0471281_reps,Corticiales,NA,0.0,0
SH3210937.08FU_MK098923_reps,Auriculariales,Auriculariales,0.0457,1
SH3566781.08FU_MH178264_reps,Auriculariales,Auriculariales,0.404,1
SH3568420.08FU_MT040871_reps,Auriculariales,NA,0.0,0
SH1191465.08FU_MG857095_reps,Auriculariales,Auriculariales,0.0748,1
SH2609866.08FU_UDB0246535_reps,Auriculariales,Auriculariales,0.0169,1
SH1160513.08FU_UDB0291212_reps,Auriculariales,Auriculariales,0.0661,1
SH2596164.08FU_MK484063_refs,Auriculariales,Auriculariales,0.0469,1
SH1182733.08FU_KC222800_reps,Auriculariales,Auriculariales,0.0457,1
SH1179759.08FU_JX044148_refs,Auriculariales,Auriculariales,0.074,1
SH1179764.08FU_KJ831937_reps,Auriculariales,Auriculariales,0.0457,1
SH1183190.08FU_DQ241776_refs,Auriculariales,Auriculariales,0.0643,1
SH1183196.08FU_UDB0754293_refs,Auriculariales,Auriculariales,0.563,1
SH1179763.08FU_AB871755_reps,Auriculariales,Auriculariales,0.0737,1
SH1179760.08FU_AB871759_reps,Auriculariales,Auriculariales,0.0678,1
SH1183189.08FU_AB871766_reps,Auriculariales,Auriculariales,0.0749,1
SH1182516.08FU_MK737448_reps,Auriculariales,NA,0.0,0
SH1183182.08FU_KU838143_reps,Auriculariales,Auriculariales,0.396,1
SH3568421.08FU_MT040890_reps,Auriculariales,NA,0.0,0
SH1182517.08FU_KX774143_reps,Auriculariales,Auriculariales,0.0457,1
SH1173571.08FU_UDB0764892_reps,Auriculariales,Auriculariales,0.0415,1
SH1183177.08FU_KR336693_refs,Auriculariales,Auriculariales,0.558,1
SH2598469.08FU_UDB0256075_reps,Auriculariales,Auriculariales,0.0238,1
SH1172088.08FU_UDB0764893_reps,Auriculariales,Auriculariales,0.0457,1
SH1183183.08FU_DQ241774_refs,Auriculariales,Auriculariales,0.704,1
SH1181565.08FU_KF617466_reps,Auriculariales,Auriculariales,0.0627,1
SH1212231.08FU_AB432942_reps,Auriculariales,Auriculariales,0.0219,1
SH1144202.08FU_UDB016426_refs,Auriculariales,Auriculariales,0.0746,1
SH1187103.08FU_MG987624_reps,Geastrales,Geastrales,0.0563,1
SH1218067.08FU_KF988359_refs,Geastrales,Geastrales,0.177,1
SH1218071.08FU_KC581967_reps,Geastrales,Geastrales,0.0563,1
SH1217536.08FU_JN845184_reps,Geastrales,Geastrales,0.17,1
SH1156829.08FU_KF988352_refs,Geastrales,Geastrales,0.0563,1
SH1150297.08FU_KF988437_refs,Geastrales,Geastrales,0.199,1
SH1190746.08FU_EU784376_refs,Geastrales,Geastrales,0.181,1
SH1218069.08FU_KP687490_refs,Geastrales,Geastrales,0.462,1
SH3228309.08FU_UDB042640_reps,Geastrales,Geastrales,0.0139,1
SH1218072.08FU_KP687500_refs,Geastrales,Geastrales,0.0563,1
SH1218068.08FU_KF988459_refs,Geastrales,Geastrales,0.429,1
SH2588753.08FU_JN845178_reps,Geastrales,Geastrales,0.0563,1
SH1237852.08FU_KM260664_refs,Geastrales,Geastrales,0.0563,1
SH1218075.08FU_KF988463_refs,Geastrales,Geastrales,0.621,1
SH1187102.08FU_KJ588614_refs,Geastrales,Geastrales,0.14,1
SH1218082.08FU_KF988364_refs,Geastrales,Geastrales,0.508,1
SH1179855.08FU_KF988431_reps,Geastrales,Geastrales,0.0563,1
SH1151652.08FU_UDB0690861_reps,Geastrales,Geastrales,0.0265,1
SH1237857.08FU_KR002890_reps,Geastrales,Geastrales,0.0563,1
SH1217537.08FU_EU784231_reps,Geastrales,Geastrales,0.503,1
SH1217534.08FU_KC582019_reps,Geastrales,Geastrales,0.0563,1
SH1177726.08FU_KF988388_refs,Geastrales,Geastrales,0.0563,1
SH1177023.08FU_UDB011488_refs,Geastrales,Geastrales,0.142,1
SH1242043.08FU_DQ672276_reps,Trechisporales,Trechisporales,0.0584,1
SH1179206.08FU_UDB0251442_reps,Trechisporales,Trechisporales,0.818,1
SH2603087.08FU_UDB066627_reps,Trechisporales,NA,0.0,0
SH1180885.08FU_UDB016421_refs,Trechisporales,Trechisporales,0.061,1
SH1243329.08FU_JX556200_reps,Trechisporales,Trechisporales,0.0273,1
SH1186789.08FU_UDB008220_reps,Trechisporales,Trechisporales,0.061,1
SH1151539.08FU_UDB0768747_reps,Trechisporales,Trechisporales,0.0228,1
SH1173492.08FU_GU054146_refs,Trechisporales,Trechisporales,0.061,1
SH2592793.08FU_MK458776_reps,Trechisporales,Trechisporales,0.061,1
SH1151535.08FU_UDB016406_refs,Trechisporales,Trechisporales,0.061,1
SH3218456.08FU_UDB0562564_reps,Trechisporales,NA,0.0,0
SH2597155.08FU_UDB0754601_reps,Trechisporales,NA,0.0,0
SH1145751.08FU_UDB014091_reps,Trechisporales,Trechisporales,0.061,1
SH2597674.08FU_UDB0179949_reps,Trechisporales,Agaricales,0.012,0
SH1151538.08FU_UDB0415795_reps,Trechisporales,Trechisporales,0.0508,1
SH1173364.08FU_UDB0376101_reps,Trechisporales,Trechisporales,0.0427,1
SH1173367.08FU_MN207056_refs,Trechisporales,Trechisporales,0.162,1
SH2605624.08FU_UDB0179232_reps,Trechisporales,Russulales,0.0321,0
SH1151536.08FU_UDB016467_refs,Trechisporales,Trechisporales,0.061,1
SH1152149.08FU_MF447832_reps,Phallales,Phallales,0.0463,1
SH1183655.08FU_MH620343_reps,Phallales,Phallales,0.0557,1
SH1150989.08FU_AJ878738_refs,Phallales,Phallales,0.0425,1
SH1236330.08FU_AF324169_reps,Phallales,Phallales,0.0463,1
SH1242309.08FU_MF372136_reps,Phallales,Phallales,0.0463,1
SH2595024.08FU_MG678510_reps,Phallales,Phallales,0.0463,1
SH1213278.08FU_DQ404385_refs,Phallales,Phallales,0.0564,1
SH1238247.08FU_KU705382_refs,Phallales,Phallales,0.0463,1
SH1169678.08FU_UDB018842_refs,Phallales,Phallales,0.0463,1
SH2595022.08FU_MG678512_reps,Phallales,Phallales,0.156,1
SH1156965.08FU_AF324171_refs,Phallales,Phallales,0.272,1
SH2595028.08FU_MG678486_reps,Phallales,Phallales,0.246,1
SH1236942.08FU_MT260887_reps,Phallales,Phallales,0.0315,1
SH1142657.08FU_KC505560_reps,Gloeophyllales,Gloeophyllales,0.163,1
SH1185973.08FU_HM536099_reps,Gloeophyllales,Gloeophyllales,0.495,1
SH2615352.08FU_UDB0512872_reps,Sebacinales,Sebacinales,0.0182,1
SH1145408.08FU_UDB004456_refs,Sebacinales,Sebacinales,0.0252,1
SH1146528.08FU_UDB004629_refs,Sebacinales,Sebacinales,0.657,1
SH1183709.08FU_UDB004857_refs,Sebacinales,Sebacinales,0.649,1
SH1145414.08FU_UDB0345188_reps,Sebacinales,Sebacinales,0.878,1
SH3209845.08FU_UDB0173377_reps,Sebacinales,NA,0.0,0
SH1180447.08FU_EF655694_refs,Sebacinales,Sebacinales,0.802,1
SH1193942.08FU_DQ309142_refs,Sebacinales,Sebacinales,0.64,1
SH1145418.08FU_JQ272410_reps,Sebacinales,Sebacinales,0.772,1
SH2597779.08FU_UDB0758020_reps,Sebacinales,Sebacinales,0.729,1
SH1193967.08FU_GQ907085_reps,Sebacinales,Sebacinales,0.52,1
SH1172347.08FU_EU625931_refs,Sebacinales,Sebacinales,0.567,1
SH1215592.08FU_EF655701_refs,Sebacinales,Sebacinales,0.86,1
SH1176706.08FU_JF691210_reps,Sebacinales,Sebacinales,0.013,1
SH2597334.08FU_UDB0755435_reps,Sebacinales,Sebacinales,0.478,1
SH1180451.08FU_FJ196961_refs,Sebacinales,Sebacinales,0.53,1
SH1150318.08FU_JQ665516_refs,Sebacinales,Sebacinales,0.92,1
SH1154460.08FU_HQ154311_refs,Sebacinales,Sebacinales,0.896,1
SH1193990.08FU_UDB0130894_reps,Sebacinales,Sebacinales,0.757,1
SH1171837.08FU_AF384860_refs,Sebacinales,Sebacinales,0.0252,1
SH1179938.08FU_HQ154244_refs,Sebacinales,Sebacinales,0.638,1
SH1183691.08FU_AB444652_refs,Sebacinales,Sebacinales,0.783,1
SH1154472.08FU_JN890531_refs,Sebacinales,Sebacinales,0.649,1
SH1194029.08FU_UDB0429629_reps,Sebacinales,Sebacinales,0.744,1
SH1215624.08FU_KJ701307_reps,Sebacinales,Sebacinales,0.677,1
SH1183715.08FU_UDB004630_reps,Sebacinales,Sebacinales,0.764,1
SH1183765.08FU_UDB0586005_reps,Sebacinales,Sebacinales,0.927,1
SH1172345.08FU_FN663697_refs,Sebacinales,Sebacinales,0.332,1
SH1174542.08FU_DQ411527_refs,Sebacinales,Sebacinales,0.0131,1
SH1183676.08FU_JX316484_refs,Sebacinales,Sebacinales,0.811,1
SH1193956.08FU_EU909218_reps,Sebacinales,Sebacinales,0.61,1
SH1215595.08FU_UDB000774_refs,Sebacinales,Sebacinales,0.923,1
SH1150324.08FU_MK575284_reps,Sebacinales,Sebacinales,0.825,1
SH1183685.08FU_KX619530_reps,Sebacinales,Sebacinales,0.785,1
SH1180453.08FU_UDB004856_refs,Sebacinales,Sebacinales,0.0252,1
SH2612670.08FU_UDB0700086_reps,Sebacinales,NA,0.0,0
SH1193936.08FU_FN663723_refs,Sebacinales,Sebacinales,0.602,1
SH1184586.08FU_UDB0258784_reps,Sebacinales,Sebacinales,0.224,1
SH1193934.08FU_DQ309211_refs,Sebacinales,Sebacinales,0.847,1
SH1193914.08FU_HQ154347_refs,Sebacinales,Sebacinales,0.842,1
SH1183698.08FU_KR819104_reps,Sebacinales,Sebacinales,0.718,1
SH2603459.08FU_UDB0103955_reps,Sebacinales,Sebacinales,0.875,1
SH1193916.08FU_KJ624715_reps,Sebacinales,Sebacinales,0.919,1
SH1193957.08FU_HQ850128_refs,Sebacinales,Sebacinales,0.821,1
SH1193964.08FU_UDB067739_reps,Sebacinales,Sebacinales,0.754,1
SH1190562.08FU_KR819107_reps,Sebacinales,Sebacinales,0.0252,1
SH1149482.08FU_GU452516_refs,Sebacinales,Sebacinales,0.805,1
SH1173777.08FU_HM451831_reps,Sebacinales,Sebacinales,0.0254,1
SH1179944.08FU_FJ788848_refs,Sebacinales,Sebacinales,0.54,1
SH1150323.08FU_UDB0255576_reps,Sebacinales,Sebacinales,0.794,1
SH1193926.08FU_HQ211773_refs,Sebacinales,Sebacinales,0.809,1
SH1150320.08FU_UDB016423_refs,Sebacinales,Sebacinales,0.922,1
SH1171161.08FU_UDB0673842_reps,Sebacinales,Sebacinales,0.464,1
SH1168532.08FU_KF061264_refs,Sebacinales,Sebacinales,0.0252,1
SH2602980.08FU_UDB0674357_reps,Sebacinales,NA,0.0,0
SH1193919.08FU_JQ420944_refs,Sebacinales,Sebacinales,0.919,1
SH1183695.08FU_LC003284_reps,Sebacinales,Sebacinales,0.698,1
SH1193906.08FU_KC456855_refs,Sebacinales,Sebacinales,0.919,1
SH1154466.08FU_GU817065_refs,Sebacinales,Sebacinales,0.691,1
SH2607605.08FU_UDB0652196_reps,Sebacinales,NA,0.0,0
SH1215593.08FU_FN393153_refs,Sebacinales,Sebacinales,0.637,1
SH1174541.08FU_AY634118_refs,Sebacinales,Sebacinales,0.183,1
SH1154467.08FU_KU141304_reps,Sebacinales,NA,0.0,0
SH1177962.08FU_UDB0256035_reps,Sebacinales,Atheliales,0.0185,0
SH1169661.08FU_UDB014113_refs,Sebacinales,Sebacinales,0.0252,1
SH1175954.08FU_UDB0764806_reps,Sebacinales,Sebacinales,0.0616,1
SH1148297.08FU_AY825519_refs,Sebacinales,Sebacinales,0.91,1
SH1193952.08FU_KU144657_reps,Sebacinales,Sebacinales,0.702,1
SH1193972.08FU_AB854710_reps,Sebacinales,Sebacinales,0.798,1
SH1146526.08FU_DQ521410_refs,Sebacinales,Sebacinales,0.899,1
SH1183701.08FU_AB506921_refs,Sebacinales,Sebacinales,0.871,1
SH1193969.08FU_UDB068900_reps,Sebacinales,Sebacinales,0.821,1
SH1193987.08FU_KX022395_reps,Sebacinales,Sebacinales,0.71,1
SH1193921.08FU_FN663753_refs,Sebacinales,Sebacinales,0.747,1
SH1179243.08FU_UDB0580999_reps,Sebacinales,Sebacinales,0.106,1
SH1246017.08FU_UDB0195027_reps,Hysterangiales,NA,0.0,0
SH1157331.08FU_JN845098_reps,Hysterangiales,NA,0.0,0
SH1238711.08FU_KC791142_reps,Hysterangiales,NA,0.0,0
SH1174151.08FU_KP191957_reps,Hysterangiales,NA,0.0,0
SH1189025.08FU_KY462531_reps,Hysterangiales,NA,0.0,0
SH1142345.08FU_JN022512_reps,Hysterangiales,NA,0.0,0
SH1170814.08FU_KC152127_reps,Hysterangiales,Russulales,0.0151,0
SH1172639.08FU_AY702751_reps,Atheliales,Atheliales,0.313,1
SH1172632.08FU_AM161526_reps,Atheliales,Atheliales,0.754,1
SH1172638.08FU_KT220251_reps,Atheliales,Atheliales,0.797,1
SH2604168.08FU_UDB082116_reps,Atheliales,Agaricales,0.0558,0
SH2597138.08FU_UDB0755294_reps,Atheliales,Atheliales,0.0329,1
SH1237717.08FU_KM403045_reps,Atheliales,Atheliales,0.249,1
SH1185977.08FU_UDB024801_reps,Atheliales,Atheliales,0.0334,1
SH1174345.08FU_UDB0756863_reps,Atheliales,Atheliales,0.0309,1
SH1215947.08FU_AY702761_reps,Atheliales,Russulales,0.572,0
SH1236754.08FU_UDB0546943_reps,Atheliales,Atheliales,0.727,1
SH2611278.08FU_UDB0733816_reps,Atheliales,NA,0.0,0
SH1185978.08FU_JN649326_refs,Atheliales,Atheliales,0.0238,1
SH1215958.08FU_UDB0181413_reps,Atheliales,Russulales,0.238,0
SH1160070.08FU_KP889795_reps,Atheliales,Atheliales,0.0313,1
SH1172627.08FU_AB848548_reps,Atheliales,Atheliales,0.881,1
SH2604081.08FU_UDB0581762_reps,Atheliales,NA,0.0,0
SH1172630.08FU_UDB0288144_reps,Atheliales,Atheliales,0.706,1
SH1215956.08FU_FR852330_reps,Atheliales,Russulales,0.0469,0
SH1172614.08FU_UDB001740_refs,Atheliales,Atheliales,0.894,1
SH1236749.08FU_HG796872_reps,Atheliales,Atheliales,0.834,1
SH1183270.08FU_UDB069380_reps,Atheliales,Atheliales,0.489,1
SH1183269.08FU_HM583807_reps,Atheliales,Atheliales,0.624,1
SH1215960.08FU_AM901973_reps,Atheliales,Russulales,0.247,0
SH1149479.08FU_UDB016330_refs,Amylocorticiales,Amylocorticiales,0.226,1
SH1145833.08FU_UDB024822_refs,Amylocorticiales,Amylocorticiales,0.114,1
SH1149481.08FU_DQ144611_refs,Amylocorticiales,Amylocorticiales,0.228,1
SH1149777.08FU_DQ144614_refs,Amylocorticiales,Amylocorticiales,0.251,1
SH2602327.08FU_UDB0551947_reps,Agaricomycetes,dummy_order_Xenasmatella,0.743,0
SH3567985.08FU_MT832960_reps,Agaricomycetes,NA,0.0,0
SH1244719.08FU_MK607537_reps,Agaricomycetes,dummy_order_Dendrothele,0.24,0
SH1178494.08FU_UDB013341_reps,Agaricomycetes,dummy_order_Xenasmatella,0.164,0
SH1189991.08FU_AB848696_reps,Tremellodendropsidales,Russulales,0.0117,0
SH2603262.08FU_UDB0565359_reps,Tremellodendropsidales,NA,0.0,0
SH2608565.08FU_UDB0200311_reps,Tremellodendropsidales,NA,0.0,0
SH2612163.08FU_UDB0417702_reps,Tremellodendropsidales,NA,0.0,0
SH1189988.08FU_UDB008445_refs,Tremellodendropsidales,Russulales,0.0121,0
SH1169192.08FU_UDB014691_reps,GS28,NA,0.0,0
SH1191668.08FU_KX431121_reps,Lepidostromatales,Lepidostromatales,0.167,1
SH1238062.08FU_KC170321_refs,Lepidostromatales,Lepidostromatales,0.226,1
SH1192174.08FU_JX136483_reps,Tremellales,NA,0.0,0
SH1151382.08FU_AF042402_reps,Tremellales,Tremellales,0.0272,1
SH1155940.08FU_AF444472_refs,Tremellales,Tremellales,0.0167,1
SH2605909.08FU_UDB0511390_reps,Tremellales,NA,0.0,0
SH1156440.08FU_KF274209_reps,Tremellales,Tremellales,0.0167,1
SH2614834.08FU_UDB0680020_reps,Tremellales,NA,0.0,0
SH1235374.08FU_EU517056_refs,Tremellales,Tremellales,0.0295,1
SH1155938.08FU_AJ608647_refs,Tremellales,Tremellales,0.0167,1
SH1191727.08FU_KY950297_refs,Tremellales,Tremellales,0.0244,1
SH1159276.08FU_KX514820_reps,Tremellales,Tremellales,0.366,1
SH1185387.08FU_KC965962_reps,Tremellales,Tremellales,0.0233,1
SH1142361.08FU_AY217651_refs,Tremellales,Tremellales,0.0167,1
SH1155942.08FU_AF444477_refs,Tremellales,Tremellales,0.0167,1
SH1150957.08FU_JN053470_reps,Tremellales,Tremellales,0.0244,1
SH1193671.08FU_EU200782_refs,Tremellales,Tremellales,0.461,1
SH1155920.08FU_KY105677_refs,Tremellales,Tremellales,0.0232,1
SH1238695.08FU_AY188360_reps,Tremellales,Tremellales,0.316,1
SH1159265.08FU_UDB0514849_reps,Tremellales,Tremellales,0.77,1
SH1155943.08FU_AF444425_refs,Tremellales,Tremellales,0.0167,1
SH1177283.08FU_UDB0191431_reps,Tremellales,Tremellales,0.0101,1
SH1235380.08FU_AB022935_refs,Tremellales,Tremellales,0.0247,1
SH1242285.08FU_KJ832008_reps,Tremellales,Tremellales,0.0167,1
SH1238863.08FU_KM079158_refs,Tremellales,Tremellales,0.0201,1
SH1235542.08FU_JN053480_reps,Tremellales,Tremellales,0.0244,1
SH2607398.08FU_UDB0164740_reps,Tremellales,NA,0.0,0
SH1155941.08FU_AF444461_refs,Tremellales,Tremellales,0.0167,1
SH1151380.08FU_UDB019411_refs,Tremellales,Tremellales,0.0308,1
SH1157433.08FU_KF800309_reps,Tremellales,Tremellales,0.0216,1
SH1238862.08FU_KM384103_refs,Tremellales,Tremellales,0.022,1
SH1155937.08FU_AB042226_refs,Tremellales,Tremellales,0.0167,1
SH1235373.08FU_KY103323_refs,Tremellales,Tremellales,0.0247,1
SH1159270.08FU_UDB0753132_reps,Tremellales,Tremellales,0.332,1
SH1150955.08FU_JN053510_reps,Tremellales,Tremellales,0.0227,1
SH1238688.08FU_FM178254_refs,Tremellales,Tremellales,0.0244,1
SH1185392.08FU_KT334556_reps,Tremellales,Tremellales,0.0244,1
SH1235370.08FU_AF314971_refs,Tremellales,Tremellales,0.0242,1
SH1155945.08FU_AF444484_refs,Tremellales,Tremellales,0.0167,1
SH1186237.08FU_JN032527_refs,Tremellales,Tremellales,0.302,1
SH1177277.08FU_FR682208_reps,Tremellales,Tremellales,0.0114,1
SH1189807.08FU_KR058780_refs,Tremellales,Tremellales,0.0244,1
SH1183011.08FU_UDB0332631_reps,Tremellales,Tremellales,0.0115,1
SH2605180.08FU_UDB0147011_reps,Tremellales,NA,0.0,0
SH2615109.08FU_UDB0501700_reps,Tremellales,NA,0.0,0
SH1160449.08FU_UDB0127264_reps,Tremellales,NA,0.0,0
SH1172099.08FU_AF444407_refs,Tremellales,Tremellales,0.0247,1
SH1155974.08FU_AF042423_reps,Tremellales,Tremellales,0.0329,1
SH1185541.08FU_KP986508_reps,Tremellales,Tremellales,0.0244,1
SH2591872.08FU_MK659873_reps,Tremellales,Tremellales,0.0283,1
SH1238383.08FU_MH337645_reps,Tremellales,Tremellales,0.0316,1
SH1159264.08FU_AF444469_refs,Tremellales,Tremellales,0.848,1
SH1157709.08FU_UDB0640549_reps,Tremellales,NA,0.0,0
SH1149046.08FU_GQ219830_reps,Tremellales,Tremellales,0.0263,1
SH1192179.08FU_KT161099_reps,Tremellales,Tremellales,0.0241,1
SH1178825.08FU_FJ534879_refs,Tremellales,Tremellales,0.839,1
SH2595813.08FU_MN128413_reps,Tremellales,Tremellales,0.0189,1
SH1192175.08FU_KM216348_reps,Tremellales,Tremellales,0.0216,1
SH1186457.08FU_UDB047561_reps,Tremellales,Tremellales,0.0162,1
SH2594082.08FU_MK050286_reps,Tremellales,Tremellales,0.027,1
SH1155939.08FU_AF444426_refs,Tremellales,Tremellales,0.0167,1
SH1155976.08FU_GU327540_refs,Tremellales,Tremellales,0.0239,1
SH1235372.08FU_AY487565_refs,Tremellales,Tremellales,0.0247,1
SH2596278.08FU_MK050274_reps,Tremellales,Tremellales,0.0167,1
SH1192171.08FU_KF036585_refs,Tremellales,Tremellales,0.0328,1
SH1186299.08FU_UDB0630600_reps,Cystofilobasidiales,NA,0.0,0
SH1168484.08FU_JN637120_reps,Cystofilobasidiales,NA,0.0,0
SH1238125.08FU_AF444400_refs,Cystofilobasidiales,Cystofilobasidiales,0.52,1
SH1238127.08FU_KF036598_refs,Cystofilobasidiales,Cystofilobasidiales,0.219,1
SH1143299.08FU_EF159423_reps,Cystofilobasidiales,Cystofilobasidiales,0.0139,1
SH1188990.08FU_LC325452_reps,Trichosporonales,Trichosporonales,0.0144,1
SH1235540.08FU_UDB0758766_reps,Trichosporonales,Trichosporonales,0.0144,1
SH2609243.08FU_UDB0682813_reps,Trichosporonales,NA,0.0,0
SH3567987.08FU_MT830888_reps,Trichosporonales,Trichosporonales,0.355,1
SH1216560.08FU_MW165513_reps,Trichosporonales,NA,0.0,0
SH1216544.08FU_GQ338074_refs,Trichosporonales,Trichosporonales,0.216,1
SH1216538.08FU_AF444414_refs,Trichosporonales,Trichosporonales,0.761,1
SH1216533.08FU_AF444439_refs,Trichosporonales,Trichosporonales,0.73,1
SH1216549.08FU_KY105751_refs,Trichosporonales,Trichosporonales,0.536,1
SH1216536.08FU_AF414694_refs,Trichosporonales,Trichosporonales,0.828,1
SH1216537.08FU_JF680900_refs,Trichosporonales,Trichosporonales,0.793,1
SH1212341.08FU_KF709568_reps,Holtermanniales,Holtermanniales,0.0768,1
SH2605121.08FU_UDB0662595_reps,Filobasidiales,NA,0.0,0
SH1189306.08FU_LC270817_reps,Filobasidiales,Filobasidiales,0.0103,1
SH2606541.08FU_UDB0658254_reps,Filobasidiales,NA,0.0,0
SH2604199.08FU_UDB0330980_reps,Filobasidiales,NA,0.0,0
SH1225309.08FU_FJ197889_refs,Filobasidiales,Tremellales,0.115,0
SH1192002.08FU_UDB049608_reps,Filobasidiales,NA,0.0,0
SH2607613.08FU_UDB0425960_reps,Filobasidiales,NA,0.0,0
SH1150961.08FU_MF971624_reps,Filobasidiales,NA,0.0,0
SH2606610.08FU_UDB0477698_reps,Filobasidiales,NA,0.0,0
SH1192005.08FU_UDB0653427_reps,Filobasidiales,Filobasidiales,0.0129,1
SH1238534.08FU_HE584881_reps,Erythrobasidiales,NA,0.0,0
SH1214260.08FU_AY335160_refs,Erythrobasidiales,Cystobasidiales,0.011,0
SH1168580.08FU_AB035720_refs,Erythrobasidiales,NA,0.0,0
SH1214259.08FU_AB025999_refs,Erythrobasidiales,Cystobasidiales,0.215,0
SH2601972.08FU_UDB0566928_reps,Erythrobasidiales,NA,0.0,0
SH2590313.08FU_KU948736_reps,Cyphobasidiales,Cyphobasidiales,0.0193,1
SH1151581.08FU_MN654900_reps,Cyphobasidiales,Cyphobasidiales,0.0121,1
SH1143096.08FU_KU948764_reps,Cyphobasidiales,Cyphobasidiales,0.0566,1
SH1214242.08FU_AF444292_refs,Cystobasidiales,Cystobasidiales,0.727,1
SH1236699.08FU_AF444590_refs,Cystobasidiales,Cystobasidiales,0.0376,1
SH2596256.08FU_UDB0549619_reps,Cystobasidiales,Cystobasidiales,0.345,1
SH1214241.08FU_AF444627_refs,Cystobasidiales,Cystobasidiales,0.752,1
SH2605620.08FU_UDB0454851_reps,Cystobasidiales,Cystobasidiales,0.0595,1
SH2596257.08FU_MK050393_reps,Cystobasidiales,Cystobasidiales,0.359,1
SH1181855.08FU_KJ706793_reps,Sporidiobolales,Sporidiobolales,0.797,1
SH2591867.08FU_MK679597_reps,Sporidiobolales,Sporidiobolales,0.541,1
SH1160044.08FU_KF274109_reps,Sporidiobolales,Sporidiobolales,0.0206,1
SH2608757.08FU_UDB0205476_reps,Sporidiobolales,NA,0.0,0
SH1181848.08FU_KJ778638_refs,Sporidiobolales,Sporidiobolales,0.728,1
SH1238514.08FU_UDB0333711_reps,Sporidiobolales,Sporidiobolales,0.0204,1
SH1181845.08FU_AY015433_refs,Sporidiobolales,Sporidiobolales,0.869,1
SH1181850.08FU_MF189945_refs,Sporidiobolales,Sporidiobolales,0.635,1
SH1192589.08FU_AY015439_refs,Sporidiobolales,Sporidiobolales,0.85,1
SH1181866.08FU_KC182125_reps,Sporidiobolales,Sporidiobolales,0.882,1
SH1183638.08FU_UDB0234741_reps,Sporidiobolales,Sporidiobolales,0.0256,1
SH1183636.08FU_UDB068656_reps,Sporidiobolales,Sporidiobolales,0.0157,1
SH2606162.08FU_UDB0367426_reps,Sporidiobolales,NA,0.0,0
SH1157532.08FU_AF045876_reps,Microbotryales,Microbotryales,0.0944,1
SH1237213.08FU_JF449479_reps,Microbotryales,Microbotryales,0.0381,1
SH1157531.08FU_AY800113_reps,Microbotryales,Microbotryales,0.235,1
SH1155488.08FU_AF444524_refs,Microbotryales,Microbotryales,0.0631,1
SH1190514.08FU_DQ238727_reps,Microbotryales,Microbotryales,0.405,1
SH1190505.08FU_KY421500_reps,Microbotryales,Microbotryales,0.399,1
SH1149315.08FU_EF621940_reps,Microbotryales,Microbotryales,0.0889,1
SH1155489.08FU_MT236601_reps,Microbotryales,Microbotryales,0.0514,1
SH1190509.08FU_DQ238734_reps,Microbotryales,Microbotryales,0.0927,1
SH1190512.08FU_KY084374_reps,Microbotryales,Microbotryales,0.298,1
SH2598149.08FU_UDB0507668_reps,Leucosporidiales,NA,0.0,0
SH1239150.08FU_KC884359_reps,Leucosporidiales,NA,0.0,0
SH1239143.08FU_AF444508_refs,Leucosporidiales,Sporidiobolales,0.0107,0
SH1155469.08FU_EU149807_refs,Kriegeriales,Kriegeriales,0.31,1
SH2605401.08FU_UDB0137939_reps,Kriegeriales,NA,0.0,0
SH3565605.08FU_LC514957_reps,Kriegeriales,NA,0.0,0
SH1155470.08FU_AF444529_refs,Kriegeriales,Kriegeriales,0.455,1
SH2608770.08FU_UDB0373953_reps,Kriegeriales,NA,0.0,0
SH2606177.08FU_UDB0306935_reps,Agaricostilbales,NA,0.0,0
SH1178121.08FU_JQ768934_reps,Agaricostilbales,NA,0.0,0
SH1155363.08FU_KC867853_reps,Agaricostilbales,Agaricostilbales,0.165,1
SH2595714.08FU_MN194597_reps,Agaricostilbales,NA,0.0,0
SH1145914.08FU_GQ180106_refs,Agaricostilbales,NA,0.0,0
SH2596265.08FU_UDB0584556_reps,Agaricostilbales,Agaricostilbales,0.022,1
SH1155451.08FU_KJ707159_reps,Agaricostilbales,Agaricostilbales,0.386,1
SH1149132.08FU_HQ267933_reps,Septobasidiales,Septobasidiales,0.155,1
SH2596505.08FU_MK804522_reps,Septobasidiales,Septobasidiales,0.155,1
SH2611125.08FU_UDB0294945_reps,Pucciniales,NA,0.0,0
SH1205059.08FU_AY187091_reps,Pucciniales,Pucciniales,0.711,1
SH1205048.08FU_EU770614_reps,Pucciniales,Pucciniales,0.553,1
SH1237320.08FU_KU950447_reps,Pucciniales,Pucciniales,0.322,1
SH1205033.08FU_EU014028_reps,Pucciniales,Pucciniales,0.903,1
SH1186552.08FU_EF635899_reps,Pucciniales,Pucciniales,0.341,1
SH1227100.08FU_EF185858_reps,Pucciniales,Pucciniales,0.678,1
SH1205036.08FU_HM057122_refs,Pucciniales,Pucciniales,0.851,1
SH1237292.08FU_KX190858_reps,Pucciniales,Pucciniales,0.781,1
SH1175268.08FU_KP729468_refs,Pucciniales,Pucciniales,0.0365,1
SH1205047.08FU_HQ317527_reps,Pucciniales,Pucciniales,0.764,1
SH1205061.08FU_HM131319_refs,Pucciniales,Pucciniales,0.564,1
SH1189604.08FU_KY783689_reps,Pucciniales,Pucciniales,0.096,1
SH1205041.08FU_KM667959_reps,Pucciniales,Pucciniales,0.731,1
SH1149592.08FU_KX225396_refs,Pucciniales,Pucciniales,0.595,1
SH1178610.08FU_JQ777013_reps,Pucciniales,Pucciniales,0.784,1
SH1234013.08FU_KJ852480_reps,Pucciniales,Pucciniales,0.895,1
SH1227097.08FU_JF713708_reps,Pucciniales,Pucciniales,0.0953,1
SH2596438.08FU_MK458697_reps,Pucciniales,Pucciniales,0.089,1
SH1186554.08FU_FJ820692_reps,Pucciniales,Pucciniales,0.0253,1
SH1191399.08FU_GQ146461_reps,Pucciniales,Pucciniales,0.195,1
SH2590483.08FU_MK446718_reps,Pucciniales,NA,0.0,0
SH1149593.08FU_KY211079_reps,Pucciniales,Pucciniales,0.566,1
SH2608449.08FU_UDB0486568_reps,Platygloeales,Platygloeales,0.0566,1
SH2611958.08FU_UDB0489048_reps,Platygloeales,Platygloeales,0.0655,1
SH1150784.08FU_UDB045518_reps,Platygloeales,Platygloeales,0.0789,1
SH1153404.08FU_KY053474_refs,Helicobasidiales,Helicobasidiales,0.678,1
SH1237726.08FU_HE584918_reps,Exobasidiales,Exobasidiales,0.0737,1
SH1149187.08FU_EU692764_reps,Exobasidiales,Exobasidiales,0.407,1
SH1149186.08FU_UDB022814_refs,Exobasidiales,Exobasidiales,0.0619,1
SH1239966.08FU_FJ357790_reps,Exobasidiales,Exobasidiales,0.0177,1
SH1159251.08FU_MF687185_reps,Exobasidiales,Exobasidiales,0.083,1
SH1243120.08FU_AB180369_reps,Exobasidiales,Exobasidiales,0.0142,1
SH1237721.08FU_KJ410154_reps,Exobasidiales,Exobasidiales,0.0785,1
SH1150291.08FU_JX575186_reps,Exobasidiales,Exobasidiales,0.0177,1
SH1237722.08FU_AY158675_refs,Exobasidiales,Exobasidiales,0.0838,1
SH1149199.08FU_AB180335_reps,Exobasidiales,Exobasidiales,0.527,1
SH1236994.08FU_KT160755_reps,Exobasidiales,Exobasidiales,0.136,1
SH1149188.08FU_AB180346_reps,Exobasidiales,Exobasidiales,0.515,1
SH1170377.08FU_AB025690_refs,Entylomatales,Entylomatales,0.259,1
SH1214360.08FU_LC494385_reps,Tilletiales,Tilletiales,0.098,1
SH1168499.08FU_KP322987_reps,Georgefischeriales,Georgefischeriales,0.0495,1
SH1169855.08FU_UDB0532837_reps,Microstromatales,NA,0.0,0
SH2617718.08FU_UDB0672727_reps,Geminibasidiales,Atheliales,0.0101,0
SH1179440.08FU_KC751417_refs,Geminibasidiales,NA,0.0,0
SH1153198.08FU_KY929533_reps,Ustilaginales,Ustilaginales,0.277,1
SH1145434.08FU_LN865133_reps,Ustilaginales,Ustilaginales,0.0783,1
SH1169359.08FU_HQ184179_reps,Ustilaginales,Ustilaginales,0.0783,1
SH1235922.08FU_DQ875348_reps,Urocystidales,Urocystidales,0.0961,1
SH1177343.08FU_DQ839596_reps,Urocystidales,Urocystidales,0.57,1
SH1145904.08FU_UDB033339_refs,Atractiellales,Atractiellales,0.38,1
SH2604363.08FU_UDB0240841_reps,Atractiellales,NA,0.0,0
SH1180211.08FU_JX243797_refs,Atractiellales,Atractiellales,0.475,1
SH1173356.08FU_GU079601_reps,Atractiellales,Atractiellales,0.0122,1
SH1183007.08FU_AF444582_refs,Spiculogloeales,NA,0.0,0
SH3207262.08FU_UDB0112117_reps,Spiculogloeales,NA,0.0,0
SH1168307.08FU_MH930252_reps,Dacrymycetales,Dacrymycetales,0.121,1
SH1184713.08FU_KP013031_reps,Dacrymycetales,NA,0.0,0
SH1143539.08FU_LC131427_reps,Dacrymycetales,Dacrymycetales,0.116,1
SH3568835.08FU_MN595641_reps,Dacrymycetales,NA,0.0,0
SH1178112.08FU_FJ998301_refs,Malasseziales,NA,0.0,0
SH1178113.08FU_AY743656_refs,Malasseziales,NA,0.0,0
SH1190442.08FU_KY751333_refs,Wallemiales,NA,0.0,0
SH1174339.08FU_MH860827_refs,Dothideomycetes,NA,0.0,0
SH1234711.08FU_MH863597_reps,Dothideomycetes,NA,0.0,0
SH1184107.08FU_GU566302_reps,Dothideomycetes,dummy_order_Eremomycetaceae,0.624,0
SH1184106.08FU_AB116533_refs,Dothideomycetes,dummy_order_Eremomycetaceae,0.74,0
SH2595252.08FU_MN161938_reps,Dothideomycetes,NA,0.0,0
SH1152075.08FU_AY598889_reps,Dothideomycetes,NA,0.0,0
SH1191775.08FU_KF309941_refs,Capnodiales,Capnodiales,0.0509,1
SH1154580.08FU_AY692091_refs,Capnodiales,Capnodiales,0.766,1
SH1238742.08FU_AJ244256_refs,Capnodiales,Capnodiales,0.0514,1
SH2613152.08FU_UDB0484778_reps,Capnodiales,NA,0.0,0
SH1154560.08FU_KC535128_reps,Capnodiales,Capnodiales,0.0514,1
SH1160429.08FU_UDB060824_reps,Capnodiales,Capnodiales,0.594,1
SH1174633.08FU_DQ302954_refs,Capnodiales,Capnodiales,0.677,1
SH1189261.08FU_KF901566_reps,Capnodiales,Capnodiales,0.597,1
SH2595575.08FU_MN309703_reps,Capnodiales,Capnodiales,0.0514,1
SH1177264.08FU_KT957806_reps,Capnodiales,Capnodiales,0.0226,1
SH1154569.08FU_KT585742_reps,Capnodiales,Capnodiales,0.573,1
SH1175711.08FU_KR611885_refs,Capnodiales,Capnodiales,0.0514,1
SH1189260.08FU_DQ530222_reps,Capnodiales,Capnodiales,0.584,1
SH1189268.08FU_MH862515_reps,Capnodiales,Capnodiales,0.686,1
SH1189267.08FU_GQ890347_reps,Capnodiales,Capnodiales,0.612,1
SH1234674.08FU_JX901776_refs,Capnodiales,Capnodiales,0.683,1
SH1183795.08FU_AY220612_refs,Capnodiales,Capnodiales,0.0932,1
SH1222419.08FU_FJ008691_reps,Capnodiales,Capnodiales,0.0597,1
SH1181390.08FU_DQ019351_reps,Capnodiales,Capnodiales,0.668,1
SH1150223.08FU_KF309965_refs,Capnodiales,Capnodiales,0.705,1
SH1150224.08FU_KP903341_reps,Capnodiales,Capnodiales,0.0631,1
SH1175708.08FU_KT328605_reps,Capnodiales,Capnodiales,0.567,1
SH1189264.08FU_FJ023539_refs,Capnodiales,Capnodiales,0.708,1
SH1235825.08FU_EU301093_reps,Capnodiales,Capnodiales,0.0884,1
SH3209773.08FU_UDB0527540_reps,Capnodiales,NA,0.0,0
SH1201754.08FU_EU882110_refs,Capnodiales,Capnodiales,0.681,1
SH1223113.08FU_GU072983_reps,Capnodiales,Capnodiales,0.0514,1
SH1222415.08FU_KT328848_reps,Capnodiales,Capnodiales,0.0932,1
SH1154563.08FU_AY692096_refs,Capnodiales,Capnodiales,0.735,1
SH1189255.08FU_FJ493185_reps,Capnodiales,Capnodiales,0.424,1
SH1174625.08FU_EU514295_refs,Capnodiales,Capnodiales,0.743,1
SH1175694.08FU_FJ028709_reps,Capnodiales,Capnodiales,0.0463,1
SH1191786.08FU_MK047453_reps,Capnodiales,Capnodiales,0.0909,1
SH1175691.08FU_KC005778_refs,Capnodiales,Capnodiales,0.347,1
SH1181387.08FU_KF251251_reps,Capnodiales,Capnodiales,0.11,1
SH1234697.08FU_KF777171_refs,Capnodiales,Capnodiales,0.823,1
SH1234715.08FU_KF251294_refs,Capnodiales,Capnodiales,0.768,1
SH1234718.08FU_MF951368_reps,Capnodiales,Capnodiales,0.723,1
SH1234708.08FU_MK210535_reps,Capnodiales,Capnodiales,0.713,1
SH1175722.08FU_HQ599605_refs,Capnodiales,Capnodiales,0.268,1
SH1175693.08FU_KF309984_refs,Capnodiales,Capnodiales,0.0762,1
SH1234685.08FU_EU041796_reps,Capnodiales,Capnodiales,0.677,1
SH1189245.08FU_AF309622_refs,Capnodiales,Capnodiales,0.659,1
SH1189920.08FU_KF901621_refs,Capnodiales,Capnodiales,0.742,1
SH1193174.08FU_DQ029121_reps,Capnodiales,Capnodiales,0.693,1
SH1194051.08FU_KC677913_refs,Capnodiales,Capnodiales,0.11,1
SH1179528.08FU_JF510485_reps,Capnodiales,Capnodiales,0.0932,1
SH1235826.08FU_KT585737_reps,Capnodiales,Capnodiales,0.0815,1
SH3567390.08FU_MT738219_reps,Capnodiales,Capnodiales,0.63,1
SH1236533.08FU_JF342919_reps,Capnodiales,Capnodiales,0.929,1
SH1177324.08FU_AY598856_refs,Capnodiales,Capnodiales,0.829,1
SH1187491.08FU_FJ553951_reps,Capnodiales,Capnodiales,0.0514,1
SH1154572.08FU_AY843140_reps,Capnodiales,Capnodiales,0.345,1
SH1191781.08FU_JX624319_reps,Capnodiales,Capnodiales,0.048,1
SH1175700.08FU_KF309985_refs,Capnodiales,Capnodiales,0.252,1
SH2616923.08FU_MT223840_reps,Capnodiales,Capnodiales,0.783,1
SH1189938.08FU_MH327798_reps,Capnodiales,Capnodiales,0.617,1
SH1194070.08FU_KX287360_reps,Capnodiales,Capnodiales,0.786,1
SH1234668.08FU_DQ530216_refs,Capnodiales,Capnodiales,0.814,1
SH1234748.08FU_KT290147_refs,Capnodiales,Capnodiales,0.844,1
SH1194074.08FU_KX287556_reps,Capnodiales,Capnodiales,0.916,1
SH1190886.08FU_KY979736_refs,Capnodiales,Capnodiales,0.0654,1
SH1234663.08FU_AY843182_refs,Capnodiales,Capnodiales,0.647,1
SH1234670.08FU_EU882132_refs,Capnodiales,Capnodiales,0.384,1
SH1174623.08FU_GQ852842_refs,Capnodiales,Capnodiales,0.909,1
SH1149268.08FU_EU040214_reps,Capnodiales,Capnodiales,0.0932,1
SH1234721.08FU_KJ406765_reps,Capnodiales,Capnodiales,0.0932,1
SH3568297.08FU_MT460403_reps,Capnodiales,Capnodiales,0.522,1
SH1246489.08FU_KM585747_reps,Capnodiales,Capnodiales,0.0932,1
SH1175689.08FU_KC005775_refs,Capnodiales,Capnodiales,0.355,1
SH1189919.08FU_UDB0119703_reps,Capnodiales,Capnodiales,0.551,1
SH1201757.08FU_KF435160_reps,Capnodiales,Capnodiales,0.725,1
SH1157387.08FU_KX287545_refs,Capnodiales,Capnodiales,0.11,1
SH1234716.08FU_MF951319_reps,Capnodiales,Capnodiales,0.109,1
SH1189925.08FU_EU490051_reps,Capnodiales,Capnodiales,0.531,1
SH1175697.08FU_JF819176_reps,Capnodiales,Capnodiales,0.499,1
SH1154540.08FU_JQ904602_refs,Capnodiales,Capnodiales,0.394,1
SH1154548.08FU_AY260101_reps,Capnodiales,Capnodiales,0.65,1
SH1192224.08FU_MF776044_reps,Capnodiales,Capnodiales,0.0665,1
SH1190121.08FU_KT581930_reps,Capnodiales,Capnodiales,0.0823,1
SH1183478.08FU_KF442511_refs,Capnodiales,Capnodiales,0.11,1
SH1190882.08FU_FJ790287_refs,Capnodiales,Capnodiales,0.493,1
SH1234702.08FU_KF251214_refs,Capnodiales,Capnodiales,0.458,1
SH1231843.08FU_UDB0513665_reps,Capnodiales,Capnodiales,0.077,1
SH1201749.08FU_FJ790267_refs,Capnodiales,Capnodiales,0.73,1
SH1145879.08FU_FJ858713_reps,Capnodiales,Capnodiales,0.0683,1
SH1175707.08FU_MK047450_reps,Capnodiales,Capnodiales,0.428,1
SH1154545.08FU_AY128700_refs,Capnodiales,Capnodiales,0.748,1
SH1238347.08FU_AJ244240_reps,Capnodiales,Capnodiales,0.0563,1
SH1175307.08FU_HQ634625_reps,Capnodiales,Capnodiales,0.0735,1
SH1189922.08FU_DQ303008_refs,Capnodiales,Capnodiales,0.504,1
SH1201760.08FU_DQ019349_reps,Capnodiales,Capnodiales,0.62,1
SH1177263.08FU_FJ425205_refs,Capnodiales,Capnodiales,0.0641,1
SH1234709.08FU_KF901650_refs,Capnodiales,Capnodiales,0.667,1
SH1234712.08FU_GU269853_reps,Capnodiales,Capnodiales,0.11,1
SH1223109.08FU_KJ406757_reps,Capnodiales,Capnodiales,0.108,1
SH1150078.08FU_DQ018096_reps,Pleosporales,Pleosporales,0.0565,1
SH2593070.08FU_MK035969_reps,Pleosporales,Pleosporales,0.0189,1
SH3566359.08FU_MN994582_reps,Pleosporales,Pleosporales,0.0155,1
SH1188564.08FU_JQ044429_reps,Pleosporales,Pleosporales,0.0983,1
SH2605157.08FU_UDB0236603_reps,Pleosporales,Pleosporales,0.0506,1
SH2613369.08FU_MT777389_reps,Pleosporales,Pleosporales,0.204,1
SH1158259.08FU_HF934950_reps,Pleosporales,Pleosporales,0.948,1
SH1158578.08FU_LC163508_reps,Pleosporales,Pleosporales,0.0895,1
SH2604989.08FU_UDB096751_reps,Pleosporales,NA,0.0,0
SH2593152.08FU_MK332252_reps,Pleosporales,Pleosporales,0.0717,1
SH1182792.08FU_KM246231_reps,Pleosporales,Pleosporales,0.0613,1
SH2601897.08FU_UDB047044_reps,Pleosporales,NA,0.0,0
SH1158030.08FU_MN688819_reps,Pleosporales,Pleosporales,0.892,1
SH1146960.08FU_JX235700_refs,Pleosporales,Pleosporales,0.715,1
SH1158131.08FU_HG779024_refs,Pleosporales,Pleosporales,0.756,1
SH1157088.08FU_UDB0257241_reps,Pleosporales,Pleosporales,0.318,1
SH2593195.08FU_MT678833_reps,Pleosporales,Pleosporales,0.0535,1
SH1193194.08FU_GU942913_reps,Pleosporales,NA,0.0,0
SH1179384.08FU_MH377060_reps,Pleosporales,Pleosporales,0.0411,1
SH1227793.08FU_UDB0366264_reps,Pleosporales,Pleosporales,0.0852,1
SH2610539.08FU_UDB0273591_reps,Pleosporales,NA,0.0,0
SH2601287.08FU_UDB039973_reps,Pleosporales,Pleosporales,0.0117,1
SH1177174.08FU_DQ914701_reps,Pleosporales,Pleosporales,0.0517,1
SH1142798.08FU_JQ693660_refs,Pleosporales,Pleosporales,0.932,1
SH1158242.08FU_MG727632_reps,Pleosporales,Pleosporales,0.939,1
SH1185561.08FU_AB811456_refs,Pleosporales,Pleosporales,0.0357,1
SH1185545.08FU_KT736085_refs,Pleosporales,Pleosporales,0.0189,1
SH1186120.08FU_LC194478_refs,Pleosporales,Pleosporales,0.0913,1
SH2592674.08FU_MK508872_reps,Pleosporales,Pleosporales,0.752,1
SH1186119.08FU_KY039164_reps,Pleosporales,Pleosporales,0.0344,1
SH1193185.08FU_GU395503_reps,Pleosporales,Pleosporales,0.0563,1
SH1186123.08FU_LC194474_refs,Pleosporales,Pleosporales,0.0189,1
SH1233342.08FU_JX136302_reps,Pleosporales,Pleosporales,0.195,1
SH2595498.08FU_MN356455_reps,Pleosporales,Pleosporales,0.296,1
SH1188668.08FU_KX228265_refs,Pleosporales,Pleosporales,0.0418,1
SH1158006.08FU_KX066032_reps,Pleosporales,Pleosporales,0.85,1
SH1193552.08FU_KY984329_reps,Pleosporales,Pleosporales,0.0639,1
SH1158196.08FU_KT265256_reps,Pleosporales,Pleosporales,0.683,1
SH1144160.08FU_MH025953_reps,Pleosporales,Pleosporales,0.0189,1
SH1191642.08FU_MG828885_refs,Pleosporales,Pleosporales,0.0442,1
SH1192930.08FU_MG065775_reps,Pleosporales,Pleosporales,0.128,1
SH1237457.08FU_KJ463535_reps,Pleosporales,Pleosporales,0.0884,1
SH1158082.08FU_JN006775_reps,Pleosporales,Pleosporales,0.917,1
SH2609590.08FU_UDB0507444_reps,Pleosporales,Pleosporales,0.0228,1
SH2603504.08FU_UDB0425111_reps,Pleosporales,Pleosporales,0.214,1
SH1240040.08FU_AJ972834_reps,Pleosporales,Pleosporales,0.0285,1
SH1177182.08FU_AF250820_reps,Pleosporales,Pleosporales,0.0717,1
SH1188505.08FU_KT328639_reps,Pleosporales,Pleosporales,0.0235,1
SH1145372.08FU_KF015670_refs,Pleosporales,Pleosporales,0.118,1
SH1158074.08FU_HE861854_refs,Pleosporales,Pleosporales,0.932,1
SH1158174.08FU_LC568857_reps,Pleosporales,Pleosporales,0.884,1
SH1158169.08FU_HE792934_refs,Pleosporales,Pleosporales,0.818,1
SH1237728.08FU_JN846715_refs,Pleosporales,Pleosporales,0.0189,1
SH2618817.08FU_MN758892_reps,Pleosporales,Pleosporales,0.243,1
SH1177614.08FU_AF502622_reps,Pleosporales,Pleosporales,0.0138,1
SH1196718.08FU_FJ237236_reps,Pleosporales,Pleosporales,0.0189,1
SH1146967.08FU_GQ203757_refs,Pleosporales,Pleosporales,0.0652,1
SH1156425.08FU_KT207757_reps,Pleosporales,Pleosporales,0.0867,1
SH1185643.08FU_KR873240_refs,Pleosporales,Pleosporales,0.0611,1
SH1237456.08FU_MK732149_reps,Pleosporales,Pleosporales,0.0369,1
SH1175136.08FU_JN192386_refs,Pleosporales,Pleosporales,0.685,1
SH1170486.08FU_GQ203793_refs,Pleosporales,Pleosporales,0.0652,1
SH1158161.08FU_MH864487_reps,Pleosporales,Pleosporales,0.781,1
SH1235052.08FU_JQ846062_reps,Pleosporales,Pleosporales,0.0367,1
SH1151489.08FU_KX765296_refs,Pleosporales,Pleosporales,0.0717,1
SH2592605.08FU_MT310603_reps,Pleosporales,Pleosporales,0.14,1
SH1186539.08FU_JX442033_refs,Pleosporales,Pleosporales,0.0665,1
SH1237089.08FU_MT627705_reps,Pleosporales,Pleosporales,0.0168,1
SH1180377.08FU_JN859342_reps,Pleosporales,Pleosporales,0.0189,1
SH1214976.08FU_KT804096_reps,Pleosporales,Pleosporales,0.0717,1
SH1174057.08FU_KT160777_reps,Pleosporales,Pleosporales,0.841,1
SH2595502.08FU_MK356325_reps,Pleosporales,Pleosporales,0.523,1
SH1179385.08FU_MG828905_refs,Pleosporales,Hypocreales,0.0662,0
SH1228910.08FU_KU314953_reps,Pleosporales,Pleosporales,0.025,1
SH1173768.08FU_KF800274_reps,Pleosporales,Pleosporales,0.0424,1
SH1174588.08FU_MF980969_reps,Pleosporales,Pleosporales,0.0461,1
SH1177192.08FU_MT569907_reps,Pleosporales,Pleosporales,0.164,1
SH2619488.08FU_MN756639_reps,Pleosporales,NA,0.0,0
SH1216105.08FU_UDB0496127_reps,Pleosporales,Pleosporales,0.0527,1
SH1235042.08FU_MH389783_reps,Pleosporales,Pleosporales,0.0519,1
SH1235045.08FU_UDB067201_reps,Pleosporales,Pleosporales,0.332,1
SH1157060.08FU_UDB0450202_reps,Pleosporales,Pleosporales,0.849,1
SH1213454.08FU_KP769975_refs,Pleosporales,Pleosporales,0.0338,1
SH1236955.08FU_MH040810_reps,Pleosporales,Pleosporales,0.047,1
SH1179870.08FU_KF015668_refs,Pleosporales,Pleosporales,0.117,1
SH1150066.08FU_MF948623_reps,Pleosporales,Pleosporales,0.118,1
SH1235004.08FU_JX998689_reps,Pleosporales,Pleosporales,0.0372,1
SH2604922.08FU_UDB094724_reps,Pleosporales,NA,0.0,0
SH1177181.08FU_DQ240000_reps,Pleosporales,Pleosporales,0.0499,1
SH2608434.08FU_UDB0370019_reps,Pleosporales,NA,0.0,0
SH1180028.08FU_MN977832_reps,Pleosporales,Pleosporales,0.0153,1
SH1237458.08FU_KT220666_reps,Pleosporales,Pleosporales,0.0802,1
SH1158103.08FU_MT735236_reps,Pleosporales,Pleosporales,0.881,1
SH1158087.08FU_KP340050_reps,Pleosporales,Pleosporales,0.929,1
SH1192924.08FU_MH399499_reps,Pleosporales,Pleosporales,0.701,1
SH2595288.08FU_MK539958_reps,Pleosporales,Pleosporales,0.0716,1
SH1150061.08FU_DQ018094_reps,Pleosporales,Pleosporales,0.066,1
SH1214907.08FU_KX228260_refs,Pleosporales,Pleosporales,0.0571,1
SH1158000.08FU_EF175940_refs,Pleosporales,Pleosporales,0.863,1
SH2592657.08FU_MK098195_reps,Pleosporales,Pleosporales,0.0189,1
SH1235296.08FU_JF819146_reps,Pleosporales,Pleosporales,0.361,1
SH1190707.08FU_UDB0719574_reps,Pleosporales,Pleosporales,0.0636,1
SH1157054.08FU_KF251164_refs,Pleosporales,Pleosporales,0.759,1
SH1158017.08FU_MK304397_reps,Pleosporales,Pleosporales,0.876,1
SH1156429.08FU_KF638538_reps,Pleosporales,Pleosporales,0.0811,1
SH1179160.08FU_KJ629169_reps,Pleosporales,Pleosporales,0.0189,1
SH1142805.08FU_KX500109_refs,Pleosporales,Pleosporales,0.0867,1
SH2608808.08FU_UDB0541319_reps,Pleosporales,NA,0.0,0
SH1150077.08FU_DQ018091_reps,Pleosporales,Pleosporales,0.0189,1
SH1158132.08FU_MT229267_reps,Pleosporales,Pleosporales,0.877,1
SH1213618.08FU_MT627683_reps,Pleosporales,NA,0.0,0
SH1182789.08FU_MT663379_reps,Pleosporales,Pleosporales,0.503,1
SH1228907.08FU_KX788209_reps,Pleosporales,Pleosporales,0.103,1
SH1158005.08FU_JQ724509_reps,Pleosporales,Pleosporales,0.823,1
SH1193551.08FU_AF163089_reps,Pleosporales,Pleosporales,0.687,1
SH1186121.08FU_MF976060_reps,Pleosporales,Pleosporales,0.0258,1
SH2610257.08FU_UDB0579740_reps,Pleosporales,NA,0.0,0
SH1182958.08FU_MN507400_reps,Pleosporales,Pleosporales,0.0349,1
SH1182959.08FU_MF034135_refs,Pleosporales,dummy_order_Rutola,0.104,0
SH1191131.08FU_MT079315_reps,Pleosporales,Pleosporales,0.365,1
SH1171034.08FU_GU721359_refs,Pleosporales,Pleosporales,0.948,1
SH1191127.08FU_KY794701_refs,Pleosporales,Pleosporales,0.0684,1
SH1193189.08FU_MT236970_reps,Pleosporales,Pleosporales,0.0576,1
SH1235310.08FU_KF251267_reps,Pleosporales,Pleosporales,0.0524,1
SH1191123.08FU_KY597591_reps,Pleosporales,Capnodiales,0.0278,0
SH1146627.08FU_JX875919_reps,Pleosporales,Pleosporales,0.0189,1
SH1190708.08FU_FJ427023_refs,Pleosporales,Pleosporales,0.0562,1
SH1157119.08FU_JQ238617_reps,Pleosporales,Pleosporales,0.0994,1
SH1240237.08FU_KF015656_refs,Pleosporales,Pleosporales,0.0189,1
SH1195436.08FU_KT443907_refs,Pleosporales,Pleosporales,0.0263,1
SH1235761.08FU_EU480212_reps,Pleosporales,Pleosporales,0.0173,1
SH1214908.08FU_KY090635_reps,Pleosporales,Pleosporales,0.0606,1
SH1204519.08FU_UDB0422888_reps,Pleosporales,Pleosporales,0.411,1
SH1187746.08FU_HM101048_reps,Pleosporales,Pleosporales,0.385,1
SH1186116.08FU_KX893378_reps,Pleosporales,Pleosporales,0.0982,1
SH1158044.08FU_MK799997_reps,Pleosporales,Pleosporales,0.925,1
SH1235232.08FU_EU489928_reps,Pleosporales,Pleosporales,0.0189,1
SH1174018.08FU_KC857274_reps,Pleosporales,Pleosporales,0.803,1
SH1237090.08FU_KC506234_reps,Pleosporales,Pleosporales,0.0154,1
SH1227788.08FU_JX893023_reps,Pleosporales,Pleosporales,0.735,1
SH1196721.08FU_KY940765_reps,Pleosporales,Pleosporales,0.0426,1
SH1187747.08FU_UDB0757753_reps,Pleosporales,Pleosporales,0.443,1
SH1150071.08FU_UDB0189432_reps,Pleosporales,Pleosporales,0.0458,1
SH1183338.08FU_MG828940_refs,Pleosporales,Pleosporales,0.081,1
SH1170495.08FU_MF971563_reps,Pleosporales,Pleosporales,0.0578,1
SH1235033.08FU_UDB0158982_reps,Pleosporales,Pleosporales,0.0193,1
SH1150275.08FU_LC061592_refs,Pleosporales,Pleosporales,0.0276,1
SH1178679.08FU_KY929149_refs,Pleosporales,Pleosporales,0.0845,1
SH2592236.08FU_MK522508_reps,Pleosporales,Pleosporales,0.575,1
SH1171152.08FU_UDB0363488_reps,Pleosporales,Pleosporales,0.0176,1
SH1156445.08FU_FJ237088_reps,Pleosporales,Pleosporales,0.0285,1
SH2601547.08FU_UDB0714124_reps,Pleosporales,NA,0.0,0
SH1178687.08FU_JX043147_reps,Pleosporales,Pleosporales,0.201,1
SH1204517.08FU_KU325404_reps,Pleosporales,Pleosporales,0.0517,1
SH3568816.08FU_MW209056_reps,Pleosporales,NA,0.0,0
SH1188487.08FU_MG828972_refs,Pleosporales,Pleosporales,0.564,1
SH1157072.08FU_UDB0300137_reps,Pleosporales,Pleosporales,0.645,1
SH1193195.08FU_UDB0174717_reps,Pleosporales,Pleosporales,0.85,1
SH1186537.08FU_KX430910_reps,Pleosporales,Pleosporales,0.0142,1
SH1179409.08FU_LC014600_reps,Pleosporales,Pleosporales,0.177,1
SH1238079.08FU_KU986785_reps,Pleosporales,Pleosporales,0.0189,1
SH1233339.08FU_AB725392_reps,Pleosporales,Pleosporales,0.623,1
SH1184578.08FU_KT270084_reps,Pleosporales,Pleosporales,0.0189,1
SH1186118.08FU_LS398289_reps,Pleosporales,Pleosporales,0.108,1
SH1229621.08FU_AB811451_refs,Pleosporales,Pleosporales,0.0303,1
SH1227791.08FU_KY064027_refs,Pleosporales,Pleosporales,0.0717,1
SH1228905.08FU_KX228261_refs,Pleosporales,Pleosporales,0.111,1
SH1178702.08FU_KF777142_refs,Pleosporales,Pleosporales,0.405,1
SH1158003.08FU_KX066036_reps,Pleosporales,Pleosporales,0.906,1
SH1192928.08FU_MK540000_reps,Pleosporales,Pleosporales,0.0867,1
SH1231344.08FU_MF971559_reps,Pleosporales,NA,0.0,0
SH2593453.08FU_MK192899_reps,Pleosporales,Pleosporales,0.358,1
SH1182598.08FU_EU480266_reps,Pleosporales,Pleosporales,0.055,1
SH1157094.08FU_KT269537_reps,Pleosporales,Pleosporales,0.0685,1
SH1150689.08FU_JX974735_reps,Pleosporales,Pleosporales,0.0524,1
SH1157075.08FU_KT383824_reps,Pleosporales,Pleosporales,0.831,1
SH1195437.08FU_JN195800_reps,Pleosporales,Pleosporales,0.0286,1
SH1170491.08FU_FJ571483_reps,Pleosporales,Pleosporales,0.0652,1
SH1157079.08FU_MH260445_reps,Pleosporales,Pleosporales,0.554,1
SH1142800.08FU_KJ718127_refs,Pleosporales,Pleosporales,0.938,1
SH1157078.08FU_KC594286_refs,Pleosporales,Pleosporales,0.536,1
SH1186538.08FU_KU940120_refs,Pleosporales,Pleosporales,0.0808,1
SH1193180.08FU_KY979758_refs,Pleosporales,Pleosporales,0.882,1
SH1237879.08FU_UDB0304322_reps,Pleosporales,Pleosporales,0.0127,1
SH1185543.08FU_KT736083_refs,Pleosporales,Pleosporales,0.0415,1
SH1214966.08FU_KY554204_refs,Pleosporales,Pleosporales,0.571,1
SH1183328.08FU_KJ474833_refs,Pleosporales,Pleosporales,0.321,1
SH1191709.08FU_KX228257_refs,Pleosporales,Pleosporales,0.0867,1
SH1191137.08FU_UDB0464936_reps,Pleosporales,Pleosporales,0.0837,1
SH1195446.08FU_UDB0541089_reps,Pleosporales,Pleosporales,0.0247,1
SH1237815.08FU_JX624315_reps,Pleosporales,Pleosporales,0.0464,1
SH1185563.08FU_LC014564_reps,Pleosporales,Pleosporales,0.0357,1
SH1174010.08FU_UDB0258673_reps,Pleosporales,Pleosporales,0.836,1
SH1151641.08FU_KX263820_reps,Pleosporales,Pleosporales,0.0717,1
SH2606511.08FU_UDB0137940_reps,Pleosporales,NA,0.0,0
SH1214979.08FU_MT214375_reps,Pleosporales,NA,0.0,0
SH1172110.08FU_AF502625_reps,Pleosporales,Pleosporales,0.017,1
SH1175134.08FU_HF934917_refs,Pleosporales,Pleosporales,0.0867,1
SH1158254.08FU_MG727612_reps,Pleosporales,Pleosporales,0.927,1
SH1193182.08FU_KU999072_refs,Pleosporales,Pleosporales,0.877,1
SH1157997.08FU_KC584210_refs,Pleosporales,Pleosporales,0.825,1
SH1183327.08FU_JQ905797_reps,Pleosporales,Pleosporales,0.0529,1
SH1192216.08FU_MK753049_reps,Pleosporales,Pleosporales,0.0385,1
SH1176722.08FU_MG747498_refs,Pleosporales,Pleosporales,0.0189,1
SH1157095.08FU_JX517282_reps,Pleosporales,Pleosporales,0.0716,1
SH1143516.08FU_KX013190_reps,Pleosporales,Pleosporales,0.0867,1
SH1180393.08FU_LC228668_reps,Pleosporales,Pleosporales,0.0537,1
SH1240087.08FU_UDB067213_reps,Pleosporales,Pleosporales,0.23,1
SH1238885.08FU_UDB0676965_reps,Acrospermales,NA,0.0,0
SH1149794.08FU_MH558810_reps,Tubeufiales,Tubeufiales,0.14,1
SH1151151.08FU_KY873627_reps,Tubeufiales,Tubeufiales,0.0425,1
SH2591636.08FU_MH033849_reps,Tubeufiales,Tubeufiales,0.0425,1
SH1149793.08FU_KT581841_reps,Tubeufiales,Tubeufiales,0.129,1
SH1149803.08FU_DQ124135_reps,Tubeufiales,Tubeufiales,0.138,1
SH2593959.08FU_MH558731_refs,Tubeufiales,Tubeufiales,0.0425,1
SH1191850.08FU_MH558786_refs,Tubeufiales,Tubeufiales,0.298,1
SH1149791.08FU_UDB0763434_reps,Tubeufiales,Tubeufiales,0.147,1
SH1173383.08FU_EU490000_reps,Tubeufiales,Tubeufiales,0.0424,1
SH1245687.08FU_KR822216_reps,Tubeufiales,Tubeufiales,0.0424,1
SH1191843.08FU_KY092413_refs,Tubeufiales,Tubeufiales,0.273,1
SH1236897.08FU_KU535727_reps,Tubeufiales,Tubeufiales,0.166,1
SH1149795.08FU_MH275073_reps,Tubeufiales,Tubeufiales,0.159,1
SH1151805.08FU_KY320534_reps,Tubeufiales,Tubeufiales,0.0425,1
SH1143984.08FU_KF777137_refs,Botryosphaeriales,Botryosphaeriales,0.565,1
SH1230744.08FU_FJ538368_refs,Botryosphaeriales,Botryosphaeriales,0.0566,1
SH1143980.08FU_KX379674_refs,Botryosphaeriales,Botryosphaeriales,0.847,1
SH1230812.08FU_KJ847426_refs,Botryosphaeriales,Botryosphaeriales,0.0566,1
SH1143987.08FU_KY173472_refs,Botryosphaeriales,Botryosphaeriales,0.0464,1
SH1230811.08FU_JQ397131_reps,Botryosphaeriales,Botryosphaeriales,0.902,1
SH1230754.08FU_KF206173_refs,Botryosphaeriales,Botryosphaeriales,0.806,1
SH1230764.08FU_JQ397022_reps,Botryosphaeriales,Botryosphaeriales,0.915,1
SH1143985.08FU_KM108378_refs,Botryosphaeriales,Botryosphaeriales,0.557,1
SH1230749.08FU_JN692538_refs,Botryosphaeriales,Botryosphaeriales,0.478,1
SH1230767.08FU_MG545069_reps,Botryosphaeriales,Botryosphaeriales,0.276,1
SH1230734.08FU_JN692543_refs,Botryosphaeriales,Botryosphaeriales,0.839,1
SH1143977.08FU_EF591924_refs,Botryosphaeriales,Botryosphaeriales,0.785,1
SH1143976.08FU_FJ919672_refs,Botryosphaeriales,Botryosphaeriales,0.914,1
SH1230770.08FU_KJ847428_refs,Botryosphaeriales,Botryosphaeriales,0.66,1
SH1208736.08FU_HQ874740_reps,Botryosphaeriales,Botryosphaeriales,0.781,1
SH1151617.08FU_JX517281_refs,Botryosphaeriales,Botryosphaeriales,0.0331,1
SH1182890.08FU_KF516946_reps,Botryosphaeriales,Abrothallales,0.127,0
SH1143975.08FU_HQ199221_refs,Botryosphaeriales,Botryosphaeriales,0.737,1
SH1230745.08FU_KJ847424_refs,Botryosphaeriales,Botryosphaeriales,0.815,1
SH1230746.08FU_JF343572_refs,Botryosphaeriales,Botryosphaeriales,0.541,1
SH1149681.08FU_KJ406831_reps,Dothideales,Dothideales,0.307,1
SH1157932.08FU_MK793237_reps,Dothideales,Dothideales,0.458,1
SH1171329.08FU_MG461212_reps,Dothideales,Dothideales,0.47,1
SH1149663.08FU_AY220610_refs,Dothideales,Dothideales,0.498,1
SH1171332.08FU_AB476477_reps,Dothideales,Dothideales,0.416,1
SH1149661.08FU_AJ244232_refs,Dothideales,Dothideales,0.489,1
SH1154533.08FU_AJ238468_refs,Dothideales,Dothideales,0.528,1
SH1156469.08FU_AJ244276_refs,Dothideales,Dothideales,0.0817,1
SH1152027.08FU_MK810907_reps,Venturiales,Venturiales,0.0631,1
SH1175353.08FU_KT581925_reps,Venturiales,Venturiales,0.0699,1
SH1151087.08FU_UDB0769646_reps,Venturiales,Venturiales,0.0609,1
SH1152026.08FU_KX228282_refs,Venturiales,Venturiales,0.0699,1
SH1222298.08FU_KF359588_reps,Venturiales,Venturiales,0.519,1
SH1238722.08FU_UDB0290675_reps,Venturiales,Venturiales,0.0699,1
SH1222293.08FU_MN958667_reps,Venturiales,Venturiales,0.539,1
SH1151751.08FU_KX908442_reps,Venturiales,Venturiales,0.0699,1
SH1188369.08FU_MK442628_reps,Venturiales,Venturiales,0.0699,1
SH2614225.08FU_UDB0450759_reps,Venturiales,NA,0.0,0
SH1236576.08FU_HQ228298_reps,Venturiales,Venturiales,0.0463,1
SH1172566.08FU_HQ667524_refs,Venturiales,Venturiales,0.0699,1
SH1222288.08FU_MK810997_reps,Venturiales,Venturiales,0.689,1
SH1151387.08FU_KP798632_refs,Venturiales,Venturiales,0.0699,1
SH2602151.08FU_UDB0195582_reps,Venturiales,Venturiales,0.336,1
SH1148842.08FU_UDB061967_reps,Venturiales,Venturiales,0.0189,1
SH1143580.08FU_KY173404_refs,Myriangiales,Myriangiales,0.0167,1
SH1214424.08FU_KX887283_refs,Myriangiales,Myriangiales,0.606,1
SH1157424.08FU_KX216700_reps,Strigulales,Strigulales,0.0529,1
SH1156500.08FU_KF816168_reps,Abrothallales,Abrothallales,0.187,1
SH2607530.08FU_UDB0263417_reps,Patellariales,Patellariales,0.0111,1
SH2607753.08FU_UDB0175740_reps,Patellariales,NA,0.0,0
SH1238784.08FU_KU728518_refs,Mytilinidiales,Mytilinidiales,0.173,1
SH2603783.08FU_UDB076433_reps,Mytilinidiales,NA,0.0,0
SH2592214.08FU_MH855535_refs,Mytilinidiales,Mytilinidiales,0.0443,1
SH1142712.08FU_AB753049_reps,Trypetheliales,Trypetheliales,0.206,1
SH1157200.08FU_LC034179_reps,Trypetheliales,Trypetheliales,0.121,1
SH1235845.08FU_KU377559_refs,Hysteriales,Hysteriales,0.136,1
SH2592886.08FU_MT712758_reps,Hysteriales,Hysteriales,0.0545,1
SH1238508.08FU_KU377561_refs,Hysteriales,Hysteriales,0.211,1
SH1177509.08FU_JN942350_reps,Jahnulales,Jahnulales,0.133,1
SH1238669.08FU_JX474875_reps,Minutisphaerales,Pleosporales,0.0248,0
SH1231492.08FU_LT158456_reps,Helotiales,Helotiales,0.108,1
SH1143006.08FU_KX899419_reps,Helotiales,Helotiales,0.348,1
SH1192225.08FU_MH862701_reps,Helotiales,Helotiales,0.0933,1
SH2591896.08FU_UDB058850_reps,Helotiales,Helotiales,0.406,1
SH1155738.08FU_MK584937_reps,Helotiales,Helotiales,0.702,1
SH1172245.08FU_KY774220_reps,Helotiales,Helotiales,0.0379,1
SH1145606.08FU_UDB004143_reps,Helotiales,Helotiales,0.0366,1
SH1145571.08FU_KP889874_reps,Helotiales,Helotiales,0.453,1
SH3566338.08FU_MT156094_reps,Helotiales,Helotiales,0.427,1
SH1239176.08FU_KM677206_reps,Helotiales,Helotiales,0.0924,1
SH2602145.08FU_UDB050044_reps,Helotiales,Helotiales,0.307,1
SH1155650.08FU_FJ552955_refs,Helotiales,Helotiales,0.812,1
SH1237468.08FU_JN943466_reps,Helotiales,Helotiales,0.0852,1
SH1155646.08FU_KT380831_reps,Helotiales,Helotiales,0.791,1
SH1155858.08FU_LC085220_reps,Helotiales,Helotiales,0.539,1
SH2611500.08FU_UDB0311297_reps,Helotiales,Helotiales,0.0257,1
SH1235447.08FU_EU543254_reps,Helotiales,Helotiales,0.0459,1
SH1155618.08FU_KU728517_refs,Helotiales,Helotiales,0.825,1
SH1185478.08FU_FN812813_reps,Helotiales,Helotiales,0.538,1
SH1170927.08FU_UDB002688_refs,Helotiales,Helotiales,0.0259,1
SH2592270.08FU_MH872998_reps,Helotiales,Helotiales,0.746,1
SH2604802.08FU_UDB0637394_reps,Helotiales,Helotiales,0.437,1
SH1235472.08FU_HM044633_reps,Helotiales,Helotiales,0.331,1
SH2588961.08FU_KC768101_reps,Helotiales,Helotiales,0.38,1
SH1156148.08FU_JN033423_reps,Helotiales,Helotiales,0.759,1
SH1235513.08FU_UDB0201972_reps,Helotiales,Helotiales,0.0342,1
SH1145530.08FU_JQ759637_reps,Helotiales,Helotiales,0.459,1
SH2602440.08FU_UDB0688937_reps,Helotiales,Helotiales,0.171,1
SH1171385.08FU_MH858769_refs,Helotiales,Helotiales,0.725,1
SH1155706.08FU_AF505515_reps,Helotiales,Helotiales,0.0837,1
SH1156120.08FU_JN033426_reps,Helotiales,Helotiales,0.78,1
SH1185439.08FU_JN890211_reps,Helotiales,Helotiales,0.0252,1
SH1155319.08FU_KP195079_reps,Helotiales,Helotiales,0.414,1
SH1236920.08FU_UDB0244168_reps,Helotiales,Helotiales,0.0986,1
SH1190231.08FU_MK314564_reps,Helotiales,Helotiales,0.739,1
SH1145893.08FU_UDB004117_reps,Helotiales,Helotiales,0.57,1
SH1152490.08FU_MH855221_refs,Helotiales,Helotiales,0.0743,1
SH1185492.08FU_GQ268567_reps,Helotiales,Helotiales,0.307,1
SH1158854.08FU_UDB0778207_reps,Helotiales,Helotiales,0.262,1
SH2595233.08FU_LC426342_reps,Helotiales,Helotiales,0.644,1
SH1180724.08FU_KF617246_reps,Helotiales,Thelebolales,0.0983,0
SH2613710.08FU_UDB0421352_reps,Helotiales,Helotiales,0.0503,1
SH1185470.08FU_UDB0680999_reps,Helotiales,Helotiales,0.319,1
SH1155696.08FU_KR859273_reps,Helotiales,Helotiales,0.814,1
SH1173899.08FU_JQ256414_reps,Helotiales,Helotiales,0.0847,1
SH1143007.08FU_UDB0348255_reps,Helotiales,Helotiales,0.0964,1
SH1185450.08FU_UDB0762207_reps,Helotiales,Helotiales,0.268,1
SH1145568.08FU_AM999587_reps,Helotiales,Helotiales,0.333,1
SH2602216.08FU_UDB050939_reps,Helotiales,Helotiales,0.286,1
SH1236865.08FU_KX664706_reps,Helotiales,Helotiales,0.0645,1
SH1237758.08FU_MG195518_reps,Helotiales,Helotiales,0.688,1
SH1186913.08FU_KC412001_reps,Helotiales,Helotiales,0.707,1
SH1155725.08FU_KT224962_reps,Helotiales,Helotiales,0.83,1
SH1155679.08FU_UDB026012_reps,Helotiales,Helotiales,0.713,1
SH1156227.08FU_JQ754001_reps,Helotiales,Helotiales,0.0512,1
SH1156254.08FU_JQ759938_reps,Helotiales,Helotiales,0.324,1
SH1156866.08FU_MT026404_reps,Helotiales,Helotiales,0.554,1
SH1156121.08FU_KF823601_reps,Helotiales,Helotiales,0.798,1
SH1171384.08FU_GU586876_refs,Helotiales,Helotiales,0.937,1
SH1171459.08FU_KT005452_reps,Helotiales,Helotiales,0.0999,1
SH1143004.08FU_MH578551_reps,Helotiales,Helotiales,0.0608,1
SH1142688.08FU_DQ202520_refs,Helotiales,Helotiales,0.246,1
SH1155890.08FU_UDB0611636_reps,Helotiales,Helotiales,0.888,1
SH1187599.08FU_MT435017_reps,Helotiales,Helotiales,0.391,1
SH1171464.08FU_KT160797_reps,Helotiales,Helotiales,0.852,1
SH1151809.08FU_UDB0778919_refs,Helotiales,Helotiales,0.0799,1
SH1155697.08FU_MN562116_reps,Helotiales,Helotiales,0.55,1
SH1152464.08FU_KF499365_reps,Helotiales,Helotiales,0.393,1
SH1156107.08FU_UDB0214982_reps,Helotiales,Helotiales,0.693,1
SH1237109.08FU_KM374407_reps,Helotiales,Helotiales,0.0771,1
SH1237135.08FU_UDB0724929_reps,Helotiales,Helotiales,0.0337,1
SH1152480.08FU_AB026167_reps,Helotiales,Helotiales,0.0743,1
SH1155670.08FU_AF141157_reps,Helotiales,Helotiales,0.749,1
SH1185446.08FU_KP889933_reps,Helotiales,Helotiales,0.884,1
SH1155891.08FU_KF274312_reps,Helotiales,Helotiales,0.265,1
SH1235430.08FU_UDB004131_reps,Helotiales,Helotiales,0.1,1
SH1236029.08FU_MH860088_reps,Helotiales,Helotiales,0.253,1
SH1236005.08FU_MG195498_reps,Helotiales,Helotiales,0.0912,1
SH1244189.08FU_MH703903_reps,Helotiales,Helotiales,0.0861,1
SH1145615.08FU_KT264343_reps,Helotiales,Helotiales,0.836,1
SH1236006.08FU_UDB060966_reps,Helotiales,Helotiales,0.221,1
SH1155844.08FU_JX984680_reps,Helotiales,Helotiales,0.368,1
SH1156079.08FU_JN890137_reps,Helotiales,Helotiales,0.101,1
SH1185510.08FU_KT161041_reps,Helotiales,Helotiales,0.353,1
SH1237169.08FU_UDB0229297_reps,Helotiales,Helotiales,0.343,1
SH1150191.08FU_JN655649_reps,Helotiales,Helotiales,0.0259,1
SH2604814.08FU_UDB0445474_reps,Helotiales,Helotiales,0.381,1
SH2611856.08FU_UDB0405350_reps,Helotiales,Helotiales,0.445,1
SH1156128.08FU_UDB0736585_reps,Helotiales,Helotiales,0.791,1
SH1180053.08FU_KJ941081_reps,Helotiales,Helotiales,0.0686,1
SH1151129.08FU_AY789294_refs,Helotiales,Helotiales,0.0741,1
SH1185451.08FU_UDB004120_refs,Helotiales,Helotiales,0.709,1
SH1143071.08FU_JX377282_reps,Helotiales,Helotiales,0.314,1
SH1151138.08FU_KT585746_reps,Helotiales,Helotiales,0.138,1
SH1171424.08FU_AB481264_reps,Helotiales,Helotiales,0.606,1
SH1171521.08FU_KP714595_reps,Helotiales,NA,0.0,0
SH2593233.08FU_MH327805_refs,Helotiales,Helotiales,0.378,1
SH1156867.08FU_MT026413_reps,Helotiales,Helotiales,0.497,1
SH1150097.08FU_KP857998_reps,Helotiales,Helotiales,0.936,1
SH1173306.08FU_UDB0467084_reps,Helotiales,Helotiales,0.533,1
SH1152430.08FU_KC965295_reps,Helotiales,Helotiales,0.0258,1
SH1236905.08FU_AB481242_reps,Helotiales,Helotiales,0.685,1
SH1171394.08FU_KC164649_refs,Helotiales,Helotiales,0.627,1
SH1171421.08FU_AY348586_reps,Helotiales,Helotiales,0.74,1
SH1235431.08FU_DQ914730_reps,Helotiales,Helotiales,0.082,1
SH1237117.08FU_JX029129_reps,Helotiales,Helotiales,0.409,1
SH1171417.08FU_KM114525_reps,Helotiales,Helotiales,0.774,1
SH1239392.08FU_MF976772_reps,Helotiales,Helotiales,0.0252,1
SH1236061.08FU_FJ903312_reps,Helotiales,Helotiales,0.491,1
SH1179986.08FU_UDB0566377_reps,Helotiales,Helotiales,0.181,1
SH1143002.08FU_AY746344_refs,Helotiales,Helotiales,0.502,1
SH1182963.08FU_KU559792_reps,Helotiales,Helotiales,0.534,1
SH1186160.08FU_FN812824_reps,Helotiales,Helotiales,0.051,1
SH1180736.08FU_KC834064_refs,Helotiales,Helotiales,0.356,1
SH1185442.08FU_MH578459_reps,Helotiales,Helotiales,0.28,1
SH2606607.08FU_UDB0141977_reps,Helotiales,Helotiales,0.364,1
SH2605378.08FU_UDB0107513_reps,Helotiales,Helotiales,0.0851,1
SH1181926.08FU_UDB0478928_reps,Helotiales,Helotiales,0.0129,1
SH1191875.08FU_MH107921_refs,Helotiales,Helotiales,0.0703,1
SH1190224.08FU_JX219379_refs,Helotiales,Helotiales,0.082,1
SH1155637.08FU_DQ497946_refs,Helotiales,Helotiales,0.807,1
SH1236054.08FU_MT026443_reps,Helotiales,Helotiales,0.488,1
SH1237125.08FU_UDB0513506_reps,Helotiales,Helotiales,0.538,1
SH1155308.08FU_KU059911_reps,Helotiales,Helotiales,0.377,1
SH1155804.08FU_JX981510_reps,Helotiales,Helotiales,0.783,1
SH1171390.08FU_KJ472296_refs,Helotiales,Helotiales,0.871,1
SH1184631.08FU_KX058334_reps,Helotiales,Helotiales,0.864,1
SH1155619.08FU_KX988288_reps,Helotiales,Helotiales,0.818,1
SH1155633.08FU_JX535102_reps,Helotiales,Helotiales,0.69,1
SH1145605.08FU_UDB0762079_reps,Helotiales,Helotiales,0.0551,1
SH1177217.08FU_UDB0365898_reps,Helotiales,Helotiales,0.364,1
SH1235511.08FU_MH063617_reps,Helotiales,Helotiales,0.0839,1
SH1145887.08FU_UDB0488152_reps,Helotiales,Helotiales,0.912,1
SH1152424.08FU_LT158413_refs,Helotiales,Helotiales,0.602,1
SH1184532.08FU_AB481260_refs,Helotiales,Helotiales,0.873,1
SH2591871.08FU_UDB0183684_reps,Helotiales,Helotiales,0.0258,1
SH1155876.08FU_UDB0205848_reps,Helotiales,Helotiales,0.569,1
SH2597699.08FU_UDB0496692_reps,Helotiales,Helotiales,0.559,1
SH1177219.08FU_JN225942_reps,Helotiales,Helotiales,0.083,1
SH1155745.08FU_AY706328_refs,Helotiales,Helotiales,0.307,1
SH1152429.08FU_AY236424_reps,Helotiales,Helotiales,0.761,1
SH1191883.08FU_UDB031068_refs,Helotiales,Helotiales,0.0625,1
SH2609709.08FU_UDB0240080_reps,Helotiales,Helotiales,0.0775,1
SH1155730.08FU_FN298770_reps,Helotiales,Helotiales,0.853,1
SH2617474.08FU_UDB0616863_reps,Helotiales,Helotiales,0.0256,1
SH1155729.08FU_UDB0308904_reps,Helotiales,Helotiales,0.811,1
SH1180043.08FU_KF545331_reps,Helotiales,Helotiales,0.114,1
SH1155625.08FU_AB671505_refs,Helotiales,Helotiales,0.205,1
SH1235464.08FU_AF141168_refs,Helotiales,Helotiales,0.367,1
SH3567225.08FU_MT028112_reps,Helotiales,Helotiales,0.448,1
SH3568511.08FU_MW138781_reps,Helotiales,Helotiales,0.943,1
SH1155672.08FU_UDB004135_reps,Helotiales,Helotiales,0.782,1
SH1191874.08FU_JN032492_refs,Helotiales,Helotiales,0.572,1
SH1237122.08FU_GU586842_reps,Helotiales,Helotiales,0.0851,1
SH1155674.08FU_UDB0410264_reps,Helotiales,Helotiales,0.354,1
SH1155585.08FU_AY699664_refs,Helotiales,Helotiales,0.459,1
SH1181238.08FU_HQ211917_reps,Helotiales,Helotiales,0.0253,1
SH1156122.08FU_UDB0553228_reps,Helotiales,Helotiales,0.828,1
SH1183057.08FU_KM216324_reps,Helotiales,Helotiales,0.115,1
SH1145510.08FU_KC834063_refs,Helotiales,Helotiales,0.556,1
SH1177230.08FU_UDB0690476_reps,Helotiales,Helotiales,0.573,1
SH2605448.08FU_UDB0246058_reps,Helotiales,Helotiales,0.0673,1
SH1174689.08FU_MH578484_reps,Helotiales,Helotiales,0.22,1
SH1155591.08FU_LC427957_reps,Helotiales,Helotiales,0.929,1
SH1185424.08FU_KT160855_reps,Helotiales,Helotiales,0.482,1
SH1191877.08FU_LT158481_reps,Helotiales,Helotiales,0.0994,1
SH2607250.08FU_UDB0158384_reps,Helotiales,Helotiales,0.0257,1
SH1236635.08FU_KF296994_reps,Helotiales,Helotiales,0.026,1
SH1151737.08FU_JX843710_refs,Helotiales,Helotiales,0.0843,1
SH2592160.08FU_MK314573_reps,Helotiales,Helotiales,0.718,1
SH1171412.08FU_UDB0689602_reps,Helotiales,Helotiales,0.863,1
SH1185568.08FU_UDB002709_refs,Helotiales,Helotiales,0.0829,1
SH1143298.08FU_MH752070_reps,Helotiales,Helotiales,0.0847,1
SH1145536.08FU_AJ133432_refs,Helotiales,Helotiales,0.672,1
SH2608460.08FU_UDB0196766_reps,Helotiales,Helotiales,0.0252,1
SH1185429.08FU_AB824016_reps,Helotiales,Helotiales,0.49,1
SH1149248.08FU_UDB0502829_reps,Helotiales,Helotiales,0.819,1
SH1186142.08FU_MH037298_reps,Helotiales,Helotiales,0.545,1
SH1236017.08FU_MG195538_reps,Helotiales,Helotiales,0.7,1
SH1171422.08FU_AB481235_refs,Helotiales,Helotiales,0.386,1
SH1236019.08FU_MG195546_reps,Helotiales,Helotiales,0.0891,1
SH1150159.08FU_AB598095_reps,Helotiales,Helotiales,0.0254,1
SH2598164.08FU_UDB0761426_reps,Helotiales,Helotiales,0.211,1
SH1155704.08FU_GU174275_reps,Helotiales,Helotiales,0.417,1
SH1152426.08FU_AB926112_reps,Helotiales,Helotiales,0.1,1
SH1237754.08FU_KT958773_reps,Helotiales,Helotiales,0.81,1
SH1155673.08FU_AF461628_reps,Helotiales,Helotiales,0.589,1
SH1186915.08FU_JN655585_refs,Helotiales,Helotiales,0.527,1
SH1235999.08FU_EU434836_refs,Helotiales,Helotiales,0.708,1
SH2594340.08FU_MG592740_reps,Helotiales,Helotiales,0.832,1
SH1155645.08FU_HQ211559_reps,Helotiales,Helotiales,0.804,1
SH2619299.08FU_UDB0745799_reps,Helotiales,Helotiales,0.026,1
SH1145508.08FU_KC412000_refs,Helotiales,Helotiales,0.507,1
SH1229292.08FU_MK585004_reps,Helotiales,Helotiales,0.836,1
SH1185436.08FU_DQ914726_reps,Helotiales,Helotiales,0.032,1
SH1237162.08FU_HG937145_reps,Helotiales,Helotiales,0.0698,1
SH1185474.08FU_GQ272624_refs,Helotiales,Helotiales,0.446,1
SH1171425.08FU_AB481289_reps,Helotiales,Helotiales,0.422,1
SH1152436.08FU_MH861053_reps,Helotiales,Helotiales,0.106,1
SH1142259.08FU_MF161306_reps,Helotiales,Helotiales,0.142,1
SH1186906.08FU_KT160819_reps,Helotiales,Helotiales,0.544,1
SH1145553.08FU_HQ211627_reps,Helotiales,Helotiales,0.357,1
SH1171416.08FU_AB481287_reps,Helotiales,Helotiales,0.55,1
SH1155634.08FU_GQ303279_refs,Helotiales,Helotiales,0.637,1
SH1212367.08FU_FN995636_refs,Helotiales,Helotiales,0.1,1
SH1145526.08FU_KF274067_reps,Helotiales,Helotiales,0.0539,1
SH2602262.08FU_UDB0690074_reps,Helotiales,NA,0.0,0
SH1236021.08FU_AB986444_reps,Helotiales,Helotiales,0.714,1
SH1186693.08FU_EU516748_reps,Helotiales,Helotiales,0.0697,1
SH2596984.08FU_UDB0280952_reps,Helotiales,Helotiales,0.0983,1
SH1180045.08FU_KC533547_reps,Helotiales,Helotiales,0.119,1
SH1189365.08FU_LC108842_reps,Erysiphales,Erysiphales,0.0978,1
SH3568370.08FU_MW071173_reps,Erysiphales,NA,0.0,0
SH1184262.08FU_AB257437_refs,Erysiphales,Erysiphales,0.832,1
SH2595010.08FU_MW079022_reps,Erysiphales,Erysiphales,0.929,1
SH1159065.08FU_KY910120_reps,Erysiphales,Erysiphales,0.62,1
SH1210307.08FU_AB077622_refs,Erysiphales,Erysiphales,0.945,1
SH1184272.08FU_LC028953_reps,Erysiphales,Erysiphales,0.398,1
SH1185345.08FU_LC060725_reps,Erysiphales,Erysiphales,0.0978,1
SH1159059.08FU_LC260191_reps,Erysiphales,Erysiphales,0.728,1
SH1184270.08FU_AB015928_reps,Erysiphales,Erysiphales,0.635,1
SH1159220.08FU_AB498940_refs,Erysiphales,Erysiphales,0.945,1
SH1184280.08FU_AB252465_refs,Erysiphales,Erysiphales,0.518,1
SH1159407.08FU_AY961412_reps,Erysiphales,Erysiphales,0.407,1
SH1235936.08FU_GQ255473_refs,Erysiphales,Erysiphales,0.339,1
SH1184267.08FU_AB015914_reps,Erysiphales,Erysiphales,0.672,1
SH2609400.08FU_UDB0228726_reps,Erysiphales,Helotiales,0.523,0
SH1210310.08FU_AB077625_refs,Erysiphales,Erysiphales,0.78,1
SH1159376.08FU_AB273565_refs,Erysiphales,Erysiphales,0.841,1
SH1184255.08FU_AY452802_refs,Erysiphales,Erysiphales,0.895,1
SH1157360.08FU_KT221624_reps,Erysiphales,Erysiphales,0.826,1
SH1184275.08FU_UDB074009_reps,Erysiphales,Erysiphales,0.0799,1
SH1144829.08FU_JQ517296_refs,Erysiphales,Erysiphales,0.789,1
SH1210313.08FU_KP642015_reps,Erysiphales,Erysiphales,0.527,1
SH1159378.08FU_AB000935_refs,Erysiphales,Erysiphales,0.88,1
SH1186063.08FU_LC222314_refs,Erysiphales,Erysiphales,0.0915,1
SH1208733.08FU_UDB018804_refs,Rhytismatales,Rhytismatales,0.0731,1
SH1142381.08FU_UDB063137_reps,Rhytismatales,Rhytismatales,0.0541,1
SH1199790.08FU_HQ535929_reps,Rhytismatales,Rhytismatales,0.0734,1
SH1184175.08FU_KF797435_reps,Rhytismatales,Rhytismatales,0.0734,1
SH1150746.08FU_AY465473_reps,Rhytismatales,Rhytismatales,0.784,1
SH1189154.08FU_KP322576_reps,Rhytismatales,Rhytismatales,0.0731,1
SH1150743.08FU_UDB035391_reps,Rhytismatales,Rhytismatales,0.0553,1
SH1178637.08FU_GU138707_reps,Rhytismatales,Rhytismatales,0.531,1
SH1236124.08FU_HQ260170_reps,Rhytismatales,Rhytismatales,0.666,1
SH1142369.08FU_KX908779_reps,Rhytismatales,Rhytismatales,0.851,1
SH1178635.08FU_EF191243_refs,Rhytismatales,Rhytismatales,0.825,1
SH1142375.08FU_AJ293880_reps,Rhytismatales,Rhytismatales,0.0728,1
SH2592835.08FU_KP739933_reps,Rhytismatales,Rhytismatales,0.0734,1
SH2594968.08FU_MN558946_reps,Rhytismatales,Rhytismatales,0.0734,1
SH1236244.08FU_GU910528_reps,Thelebolales,Thelebolales,0.424,1
SH1180708.08FU_DQ117451_refs,Thelebolales,Thelebolales,0.873,1
SH1244250.08FU_GU910336_reps,Thelebolales,Thelebolales,0.0215,1
SH1236238.08FU_MH859938_refs,Thelebolales,Thelebolales,0.482,1
SH1190221.08FU_AY700138_reps,Thelebolales,Thelebolales,0.014,1
SH1166177.08FU_UDB0753508_reps,Aspergillaceae,Aspergillaceae,0.933,1
SH1160963.08FU_MN533862_reps,Aspergillaceae,Aspergillaceae,0.88,1
SH1162140.08FU_MW217426_reps,Aspergillaceae,Aspergillaceae,0.912,1
SH1162505.08FU_EF661430_refs,Aspergillaceae,Aspergillaceae,0.93,1
SH1163809.08FU_JQ647894_reps,Aspergillaceae,Aspergillaceae,0.862,1
SH1167759.08FU_MN999752_reps,Aspergillaceae,Aspergillaceae,0.919,1
SH1161929.08FU_KY114900_reps,Aspergillaceae,Aspergillaceae,0.92,1
SH1166473.08FU_MN153930_reps,Aspergillaceae,Aspergillaceae,0.902,1
SH1167252.08FU_MT666208_reps,Aspergillaceae,Aspergillaceae,0.924,1
SH1164297.08FU_AJ280006_reps,Aspergillaceae,Aspergillaceae,0.931,1
SH1160875.08FU_JF826001_reps,Aspergillaceae,Aspergillaceae,0.939,1
SH1161923.08FU_MH109740_reps,Aspergillaceae,Aspergillaceae,0.93,1
SH1160689.08FU_MH374555_reps,Aspergillaceae,Aspergillaceae,0.92,1
SH1162386.08FU_KJ948639_reps,Aspergillaceae,Aspergillaceae,0.931,1
SH1164839.08FU_KC478548_reps,Aspergillaceae,Aspergillaceae,0.908,1
SH1162421.08FU_MT089958_reps,Aspergillaceae,Aspergillaceae,0.866,1
SH1162454.08FU_AJ001335_reps,Aspergillaceae,Aspergillaceae,0.92,1
SH1162858.08FU_MT883285_reps,Aspergillaceae,Aspergillaceae,0.767,1
SH1160702.08FU_MH509429_reps,Aspergillaceae,Aspergillaceae,0.94,1
SH1160867.08FU_MN559650_reps,Aspergillaceae,Aspergillaceae,0.938,1
SH1163264.08FU_MT000960_reps,Aspergillaceae,Aspergillaceae,0.92,1
SH1164584.08FU_MT729954_reps,Aspergillaceae,Aspergillaceae,0.917,1
SH1166831.08FU_MH789995_reps,Aspergillaceae,Aspergillaceae,0.92,1
SH1166307.08FU_MT611216_reps,Aspergillaceae,Aspergillaceae,0.909,1
SH1167840.08FU_MT199218_reps,Aspergillaceae,Aspergillaceae,0.928,1
SH1167861.08FU_KF432846_reps,Aspergillaceae,Aspergillaceae,0.903,1
SH1161150.08FU_KM066544_reps,Aspergillaceae,Aspergillaceae,0.92,1
SH1161457.08FU_KJ775556_reps,Aspergillaceae,Aspergillaceae,0.937,1
SH1162512.08FU_KR867688_reps,Aspergillaceae,Aspergillaceae,0.938,1
SH1167657.08FU_MF093896_reps,Aspergillaceae,Aspergillaceae,0.906,1
SH1162309.08FU_GQ870630_reps,Aspergillaceae,Aspergillaceae,0.912,1
SH1162303.08FU_KJ775440_refs,Aspergillaceae,Aspergillaceae,0.932,1
SH1162510.08FU_MK764882_reps,Aspergillaceae,Aspergillaceae,0.902,1
SH1162659.08FU_HQ285579_reps,Aspergillaceae,Aspergillaceae,0.938,1
SH1163106.08FU_EF661399_reps,Aspergillaceae,Aspergillaceae,0.921,1
SH1163933.08FU_EU821328_reps,Aspergillaceae,Aspergillaceae,0.939,1
SH1164462.08FU_KF303657_reps,Aspergillaceae,Aspergillaceae,0.903,1
SH1164512.08FU_KP890465_reps,Aspergillaceae,Aspergillaceae,0.919,1
SH1165286.08FU_MH270561_reps,Aspergillaceae,Aspergillaceae,0.91,1
SH1167828.08FU_KM460906_reps,Aspergillaceae,Aspergillaceae,0.903,1
SH1165695.08FU_KX640667_reps,Aspergillaceae,Aspergillaceae,0.938,1
SH1166610.08FU_KY087757_reps,Aspergillaceae,Aspergillaceae,0.917,1
SH1166607.08FU_KU702297_reps,Aspergillaceae,Aspergillaceae,0.938,1
SH1168063.08FU_KJ406892_reps,Aspergillaceae,Aspergillaceae,0.629,1
SH1161853.08FU_DQ336711_reps,Aspergillaceae,Aspergillaceae,0.872,1
SH1161213.08FU_MN634487_reps,Aspergillaceae,Aspergillaceae,0.885,1
SH1161372.08FU_GU595033_reps,Aspergillaceae,Aspergillaceae,0.936,1
SH1161146.08FU_MT023715_reps,Aspergillaceae,Aspergillaceae,0.899,1
SH1161695.08FU_MN559675_reps,Aspergillaceae,Aspergillaceae,0.903,1
SH1162602.08FU_MT528861_reps,Aspergillaceae,Aspergillaceae,0.934,1
SH1164652.08FU_GQ359408_reps,Aspergillaceae,Aspergillaceae,0.919,1
SH1166343.08FU_MW193245_reps,Aspergillaceae,Aspergillaceae,0.928,1
SH1166279.08FU_HQ891658_reps,Aspergillaceae,Aspergillaceae,0.92,1
SH1166293.08FU_MT887403_reps,Aspergillaceae,Aspergillaceae,0.91,1
SH1166987.08FU_MT102701_reps,Aspergillaceae,Aspergillaceae,0.921,1
SH1167438.08FU_MT373491_reps,Aspergillaceae,Aspergillaceae,0.0651,1
SH1168126.08FU_KJ729485_reps,Aspergillaceae,Aspergillaceae,0.92,1
SH1168184.08FU_MT672535_reps,Aspergillaceae,Aspergillaceae,0.921,1
SH1166709.08FU_GU092938_reps,Aspergillaceae,Aspergillaceae,0.914,1
SH1160590.08FU_MN634648_reps,Aspergillaceae,Aspergillaceae,0.78,1
SH1161154.08FU_MK612109_reps,Aspergillaceae,Aspergillaceae,0.921,1
SH1162576.08FU_MN818770_reps,Aspergillaceae,Aspergillaceae,0.902,1
SH1149356.08FU_EF661544_refs,Aspergillaceae,Aspergillaceae,0.353,1
SH1161750.08FU_KJ775549_reps,Aspergillaceae,Aspergillaceae,0.934,1
SH1163162.08FU_MT990725_reps,Aspergillaceae,Aspergillaceae,0.921,1
SH1166651.08FU_KC460883_reps,Aspergillaceae,Aspergillaceae,0.914,1
SH1161281.08FU_KJ569519_reps,Aspergillaceae,Aspergillaceae,0.933,1
SH1160635.08FU_MK204299_reps,Aspergillaceae,Aspergillaceae,0.851,1
SH1161567.08FU_HM560054_reps,Aspergillaceae,Aspergillaceae,0.866,1
SH1162358.08FU_KX944180_reps,Aspergillaceae,Aspergillaceae,0.877,1
SH1165430.08FU_MH279450_reps,Aspergillaceae,Aspergillaceae,0.902,1
SH1164107.08FU_KM977888_reps,Aspergillaceae,Aspergillaceae,0.919,1
SH1163313.08FU_MK952340_reps,Aspergillaceae,Aspergillaceae,0.902,1
SH1164936.08FU_JN227024_reps,Aspergillaceae,Aspergillaceae,0.928,1
SH1166433.08FU_MG098771_reps,Aspergillaceae,Aspergillaceae,0.898,1
SH1166208.08FU_KF803355_refs,Aspergillaceae,Aspergillaceae,0.854,1
SH1167308.08FU_KC506251_reps,Aspergillaceae,Aspergillaceae,0.92,1
SH1164398.08FU_KR261388_reps,Aspergillaceae,Aspergillaceae,0.916,1
SH1163856.08FU_DQ834378_reps,Aspergillaceae,Aspergillaceae,0.919,1
SH1165151.08FU_KF434090_reps,Aspergillaceae,Aspergillaceae,0.906,1
SH1160932.08FU_KJ775478_reps,Aspergillaceae,Aspergillaceae,0.923,1
SH1161958.08FU_KP175271_reps,Aspergillaceae,Aspergillaceae,0.92,1
SH1162347.08FU_MG991651_reps,Aspergillaceae,Aspergillaceae,0.938,1
SH1162557.08FU_AF109327_reps,Aspergillaceae,Aspergillaceae,0.938,1
SH1163383.08FU_KP131634_reps,Aspergillaceae,Aspergillaceae,0.934,1
SH1165851.08FU_KF317635_reps,Aspergillaceae,Aspergillaceae,0.0696,1
SH1162463.08FU_HQ285616_reps,Aspergillaceae,Aspergillaceae,0.938,1
SH1160569.08FU_MK332585_reps,Aspergillaceae,Aspergillaceae,0.94,1
SH1164981.08FU_MH892831_reps,Aspergillaceae,Aspergillaceae,0.918,1
SH1162770.08FU_MK358979_reps,Aspergillaceae,Aspergillaceae,0.909,1
SH1160736.08FU_MN022625_reps,Aspergillaceae,Aspergillaceae,0.94,1
SH1163803.08FU_JN246071_reps,Aspergillaceae,Aspergillaceae,0.927,1
SH1161338.08FU_MK387975_reps,Aspergillaceae,Aspergillaceae,0.936,1
SH1162113.08FU_MN634536_reps,Aspergillaceae,Aspergillaceae,0.938,1
SH1167752.08FU_MT775457_reps,Aspergillaceae,Aspergillaceae,0.911,1
SH1167784.08FU_KY587452_reps,Aspergillaceae,Aspergillaceae,0.749,1
SH1167716.08FU_MG022178_reps,Aspergillaceae,Aspergillaceae,0.903,1
SH1162672.08FU_MH858471_refs,Aspergillaceae,Aspergillaceae,0.936,1
SH1166348.08FU_MH784951_reps,Aspergillaceae,Aspergillaceae,0.936,1
SH1162803.08FU_MH032751_reps,Aspergillaceae,Aspergillaceae,0.934,1
SH1164360.08FU_EU821305_reps,Aspergillaceae,Aspergillaceae,0.817,1
SH1164805.08FU_MT165896_reps,Aspergillaceae,Aspergillaceae,0.921,1
SH1165638.08FU_MT729840_reps,Aspergillaceae,Aspergillaceae,0.922,1
SH1160623.08FU_KR181982_reps,Aspergillaceae,Aspergillaceae,0.912,1
SH1160986.08FU_FR727123_reps,Aspergillaceae,Aspergillaceae,0.92,1
SH1161230.08FU_AY157488_reps,Aspergillaceae,Aspergillaceae,0.766,1
SH1161335.08FU_KJ432863_reps,Aspergillaceae,Aspergillaceae,0.938,1
SH1161459.08FU_MN911437_reps,Aspergillaceae,Aspergillaceae,0.92,1
SH1161991.08FU_MG551279_reps,Aspergillaceae,Aspergillaceae,0.92,1
SH1162531.08FU_MT492459_reps,Aspergillaceae,Aspergillaceae,0.933,1
SH1162663.08FU_MN533721_reps,Aspergillaceae,Aspergillaceae,0.933,1
SH1163223.08FU_MH189407_reps,Aspergillaceae,Aspergillaceae,0.923,1
SH1163222.08FU_KJ175439_reps,Aspergillaceae,Aspergillaceae,0.911,1
SH1163260.08FU_KT355493_reps,Aspergillaceae,Aspergillaceae,0.938,1
SH1164045.08FU_AF459736_reps,Aspergillaceae,Aspergillaceae,0.867,1
SH1164276.08FU_MN533813_reps,Aspergillaceae,Aspergillaceae,0.897,1
SH1164592.08FU_MH591450_reps,Aspergillaceae,Aspergillaceae,0.919,1
SH1165729.08FU_MG659626_reps,Aspergillaceae,Aspergillaceae,0.889,1
SH1165745.08FU_MN431402_reps,Aspergillaceae,Aspergillaceae,0.751,1
SH1166227.08FU_MN782328_reps,Aspergillaceae,Aspergillaceae,0.915,1
SH1166547.08FU_MT322425_reps,Aspergillaceae,Aspergillaceae,0.897,1
SH1167431.08FU_FJ624385_reps,Aspergillaceae,Aspergillaceae,0.823,1
SH1167706.08FU_MW193275_reps,Aspergillaceae,Aspergillaceae,0.929,1
SH1168214.08FU_AF257793_reps,Aspergillaceae,Aspergillaceae,0.914,1
SH1170769.08FU_KP401918_reps,Aspergillaceae,Aspergillaceae,0.883,1
SH1160946.08FU_KY006844_reps,Aspergillaceae,Aspergillaceae,0.939,1
SH1161911.08FU_KY053132_reps,Aspergillaceae,Aspergillaceae,0.92,1
SH1161935.08FU_HQ844702_reps,Aspergillaceae,Aspergillaceae,0.927,1
SH1163379.08FU_KC473936_reps,Aspergillaceae,Aspergillaceae,0.92,1
SH1237356.08FU_KY087770_refs,Aspergillaceae,Aspergillaceae,0.324,1
SH1164223.08FU_EF661414_reps,Aspergillaceae,Aspergillaceae,0.867,1
SH1164961.08FU_MT729934_reps,Aspergillaceae,Aspergillaceae,0.936,1
SH1165299.08FU_MG857643_reps,Aspergillaceae,Aspergillaceae,0.902,1
SH1165308.08FU_MG659648_reps,Aspergillaceae,Aspergillaceae,0.91,1
SH1167285.08FU_MK168605_reps,Aspergillaceae,Aspergillaceae,0.902,1
SH1165955.08FU_MH279445_reps,Aspergillaceae,Aspergillaceae,0.927,1
SH1165975.08FU_MG662399_reps,Aspergillaceae,Aspergillaceae,0.573,1
SH1163054.08FU_FR733807_reps,Aspergillaceae,Aspergillaceae,0.938,1
SH1167448.08FU_KT283665_reps,Aspergillaceae,Aspergillaceae,0.906,1
SH1167496.08FU_KJ742820_reps,Aspergillaceae,Aspergillaceae,0.908,1
SH1162293.08FU_KC456174_reps,Aspergillaceae,Aspergillaceae,0.934,1
SH1166867.08FU_MF565414_reps,Aspergillaceae,Aspergillaceae,0.846,1
SH1162076.08FU_MG878384_reps,Aspergillaceae,Aspergillaceae,0.933,1
SH1245778.08FU_MN093308_reps,Aspergillaceae,Aspergillaceae,0.839,1
SH1162542.08FU_MG991605_reps,Aspergillaceae,Aspergillaceae,0.938,1
SH1163477.08FU_MH374592_reps,Aspergillaceae,Aspergillaceae,0.919,1
SH1167333.08FU_KX839404_reps,Aspergillaceae,Aspergillaceae,0.919,1
SH1161403.08FU_MH137913_reps,Aspergillaceae,Aspergillaceae,0.917,1
SH1163913.08FU_FJ590570_reps,Aspergillaceae,Aspergillaceae,0.931,1
SH1160535.08FU_AF125937_refs,Aspergillaceae,Aspergillaceae,0.801,1
SH1160525.08FU_JN617674_refs,Aspergillaceae,Aspergillaceae,0.927,1
SH1160695.08FU_KY980635_reps,Aspergillaceae,Aspergillaceae,0.0617,1
SH1160692.08FU_KY980637_reps,Aspergillaceae,Aspergillaceae,0.0622,1
SH1161040.08FU_KP243128_reps,Aspergillaceae,Aspergillaceae,0.917,1
SH1161738.08FU_KC480519_reps,Aspergillaceae,Aspergillaceae,0.94,1
SH1161851.08FU_AF078897_reps,Aspergillaceae,Aspergillaceae,0.92,1
SH1162731.08FU_MG589537_reps,Aspergillaceae,Aspergillaceae,0.92,1
SH1163130.08FU_AF338627_reps,Aspergillaceae,Aspergillaceae,0.931,1
SH1163181.08FU_MN423326_reps,Aspergillaceae,Aspergillaceae,0.609,1
SH1163118.08FU_EF205326_reps,Aspergillaceae,Aspergillaceae,0.938,1
SH1163328.08FU_MT729834_reps,Aspergillaceae,Aspergillaceae,0.927,1
SH1163502.08FU_KJ175443_reps,Aspergillaceae,Aspergillaceae,0.938,1
SH1163587.08FU_AB000533_reps,Aspergillaceae,Aspergillaceae,0.938,1
SH1163973.08FU_KJ775609_reps,Aspergillaceae,Aspergillaceae,0.764,1
SH1164393.08FU_KC710972_reps,Aspergillaceae,Aspergillaceae,0.931,1
SH1164714.08FU_EF661193_refs,Aspergillaceae,Aspergillaceae,0.933,1
SH1165081.08FU_FJ878674_reps,Aspergillaceae,Aspergillaceae,0.906,1
SH1165221.08FU_KU729080_reps,Aspergillaceae,Aspergillaceae,0.902,1
SH1165411.08FU_MW186671_reps,Aspergillaceae,Aspergillaceae,0.928,1
SH1165652.08FU_HG915901_reps,Aspergillaceae,Aspergillaceae,0.929,1
SH1165993.08FU_JN246072_reps,Aspergillaceae,Aspergillaceae,0.938,1
SH1166522.08FU_KX225472_reps,Aspergillaceae,Aspergillaceae,0.936,1
SH1166520.08FU_KX462776_reps,Aspergillaceae,Aspergillaceae,0.902,1
SH1166603.08FU_KU508400_reps,Aspergillaceae,Aspergillaceae,0.919,1
SH1167062.08FU_KP764914_reps,Aspergillaceae,Aspergillaceae,0.885,1
SH1167099.08FU_MT393897_reps,Aspergillaceae,Aspergillaceae,0.911,1
SH1167865.08FU_EU159216_refs,Aspergillaceae,Aspergillaceae,0.909,1
SH1164631.08FU_MG734751_reps,Aspergillaceae,Aspergillaceae,0.919,1
SH1168203.08FU_KY941101_reps,Aspergillaceae,Aspergillaceae,0.922,1
SH1168132.08FU_AY609223_reps,Aspergillaceae,Aspergillaceae,0.933,1
SH1162821.08FU_AF454078_reps,Aspergillaceae,Aspergillaceae,0.619,1
SH1166334.08FU_KX063852_reps,Aspergillaceae,Aspergillaceae,0.937,1
SH1165842.08FU_MK721932_reps,Aspergillaceae,Aspergillaceae,0.928,1
SH1165642.08FU_MH858156_reps,Aspergillaceae,Aspergillaceae,0.589,1
SH1167772.08FU_AF128860_refs,Aspergillaceae,Aspergillaceae,0.849,1
SH1166316.08FU_EF652141_refs,Aspergillaceae,Aspergillaceae,0.758,1
SH1163997.08FU_MT573498_reps,Aspergillaceae,Aspergillaceae,0.902,1
SH1162784.08FU_MN533857_reps,Aspergillaceae,Aspergillaceae,0.895,1
SH1161462.08FU_KT358869_reps,Aspergillaceae,Aspergillaceae,0.923,1
SH1162020.08FU_MT279641_reps,Aspergillaceae,Aspergillaceae,0.92,1
SH1160621.08FU_MT774567_reps,Aspergillaceae,Aspergillaceae,0.919,1
SH1167578.08FU_MK450254_reps,Aspergillaceae,Aspergillaceae,0.937,1
SH1162346.08FU_MG991654_reps,Aspergillaceae,Aspergillaceae,0.938,1
SH1162895.08FU_MG458684_reps,Aspergillaceae,Aspergillaceae,0.903,1
SH1163159.08FU_LT899497_reps,Aspergillaceae,Aspergillaceae,0.922,1
SH1163275.08FU_KU687809_reps,Aspergillaceae,Aspergillaceae,0.92,1
SH1161589.08FU_KJ775545_refs,Aspergillaceae,Aspergillaceae,0.929,1
SH1150552.08FU_JQ724450_reps,Aspergillaceae,Trichocomaceae,0.784,0
SH1150544.08FU_FJ491806_reps,Aspergillaceae,Aspergillaceae,0.248,1
SH1163917.08FU_FR733808_refs,Aspergillaceae,Aspergillaceae,0.929,1
SH1161831.08FU_MK850352_reps,Aspergillaceae,Aspergillaceae,0.884,1
SH1164465.08FU_UDB0216394_reps,Aspergillaceae,,0.0,0
SH1164351.08FU_FJ668837_reps,Aspergillaceae,Aspergillaceae,0.931,1
SH1165306.08FU_MK391953_reps,Aspergillaceae,Aspergillaceae,0.922,1
SH1166881.08FU_MK541554_reps,Aspergillaceae,Aspergillaceae,0.922,1
SH1175814.08FU_FJ531158_refs,Aspergillaceae,Aspergillaceae,0.511,1
SH1164391.08FU_KC142125_reps,Aspergillaceae,Aspergillaceae,0.938,1
SH1164760.08FU_MH517369_reps,Aspergillaceae,Aspergillaceae,0.938,1
SH1164826.08FU_JX502763_reps,Aspergillaceae,Aspergillaceae,0.902,1
SH1165110.08FU_MT541868_reps,Aspergillaceae,Aspergillaceae,0.906,1
SH1166029.08FU_UDB0766281_reps,Aspergillaceae,Aspergillaceae,0.848,1
SH1165284.08FU_MH270571_reps,Aspergillaceae,Aspergillaceae,0.911,1
SH1165313.08FU_MT729910_reps,Aspergillaceae,Aspergillaceae,0.89,1
SH1165719.08FU_MH270550_reps,Aspergillaceae,Aspergillaceae,0.912,1
SH1165739.08FU_MG576107_reps,Aspergillaceae,Aspergillaceae,0.917,1
SH1164511.08FU_KP890470_reps,Aspergillaceae,Aspergillaceae,0.919,1
SH1165735.08FU_MW081913_reps,Aspergillaceae,Aspergillaceae,0.926,1
SH1165918.08FU_KU904478_reps,Aspergillaceae,Aspergillaceae,0.887,1
SH1167296.08FU_MT903466_reps,Aspergillaceae,Aspergillaceae,0.906,1
SH1163390.08FU_KP131603_reps,Aspergillaceae,Aspergillaceae,0.938,1
SH1161961.08FU_EF694624_reps,Aspergillaceae,Aspergillaceae,0.808,1
SH1164198.08FU_LN482582_reps,Aspergillaceae,Aspergillaceae,0.894,1
SH1166376.08FU_MT316360_reps,Aspergillaceae,Aspergillaceae,0.915,1
SH1166319.08FU_EF661427_refs,Aspergillaceae,Aspergillaceae,0.933,1
SH1163072.08FU_FJ441640_reps,Aspergillaceae,Aspergillaceae,0.938,1
SH1166465.08FU_JN686433_refs,Aspergillaceae,Aspergillaceae,0.849,1
SH1159336.08FU_MH859150_refs,Aspergillaceae,Aspergillaceae,0.255,1
SH1166685.08FU_KY978247_reps,Aspergillaceae,Aspergillaceae,0.924,1
SH1166864.08FU_MT560700_reps,Aspergillaceae,Aspergillaceae,0.918,1
SH1165998.08FU_JX291192_reps,Aspergillaceae,Aspergillaceae,0.918,1
SH1162682.08FU_KF303648_reps,Aspergillaceae,Aspergillaceae,0.588,1
SH1162847.08FU_KF669506_reps,Aspergillaceae,Aspergillaceae,0.915,1
SH1167429.08FU_MT908848_reps,Aspergillaceae,Aspergillaceae,0.902,1
SH1163284.08FU_LT604466_reps,Aspergillaceae,Aspergillaceae,0.929,1
SH1167449.08FU_KT377215_reps,Aspergillaceae,Aspergillaceae,0.882,1
SH1163676.08FU_MK719932_reps,Aspergillaceae,Aspergillaceae,0.933,1
SH1166444.08FU_MF668185_reps,Aspergillaceae,Aspergillaceae,0.902,1
SH1167442.08FU_KJ194466_reps,Aspergillaceae,Aspergillaceae,0.92,1
SH1167973.08FU_KX621181_reps,Aspergillaceae,Aspergillaceae,0.9,1
SH1165322.08FU_AJ876879_refs,Aspergillaceae,Aspergillaceae,0.817,1
SH1157688.08FU_MT312826_reps,Aspergillaceae,Aspergillaceae,0.371,1
SH1161704.08FU_MN947599_reps,Aspergillaceae,Aspergillaceae,0.92,1
SH1160810.08FU_MT459414_reps,Aspergillaceae,Aspergillaceae,0.656,1
SH1160850.08FU_EU314996_reps,Aspergillaceae,Aspergillaceae,0.936,1
SH1161214.08FU_MN559651_reps,Aspergillaceae,Aspergillaceae,0.902,1
SH1161568.08FU_MT821796_reps,Aspergillaceae,Aspergillaceae,0.778,1
SH1162053.08FU_JX174057_reps,Aspergillaceae,Aspergillaceae,0.915,1
SH1162030.08FU_KP050651_reps,Aspergillaceae,Aspergillaceae,0.938,1
SH1162007.08FU_MW158761_reps,Aspergillaceae,Aspergillaceae,0.919,1
SH1162094.08FU_MT268535_reps,Aspergillaceae,Aspergillaceae,0.936,1
SH1162613.08FU_MN718216_reps,Aspergillaceae,Aspergillaceae,0.938,1
SH1163063.08FU_MN588082_reps,Aspergillaceae,Aspergillaceae,0.92,1
SH1163642.08FU_MK530502_reps,Aspergillaceae,Aspergillaceae,0.935,1
SH1163839.08FU_EF661416_reps,Aspergillaceae,Aspergillaceae,0.839,1
SH1165883.08FU_MT089984_reps,Aspergillaceae,Aspergillaceae,0.896,1
SH1164948.08FU_JX501356_reps,Aspergillaceae,Aspergillaceae,0.899,1
SH1165822.08FU_MT729928_reps,Aspergillaceae,Aspergillaceae,0.911,1
SH1166530.08FU_MT306011_reps,Aspergillaceae,Aspergillaceae,0.904,1
SH1166853.08FU_KJ191583_reps,Aspergillaceae,Aspergillaceae,0.912,1
SH1167413.08FU_KY038627_reps,Aspergillaceae,Aspergillaceae,0.921,1
SH1163094.08FU_EU515150_reps,Aspergillaceae,Aspergillaceae,0.92,1
SH1162729.08FU_MT279489_reps,Aspergillaceae,Aspergillaceae,0.92,1
SH1164925.08FU_FJ491583_refs,Aspergillaceae,Aspergillaceae,0.907,1
SH1162061.08FU_KF669469_reps,Aspergillaceae,Aspergillaceae,0.936,1
SH1164743.08FU_KR709194_reps,Aspergillaceae,Aspergillaceae,0.874,1
SH1165041.08FU_MG659683_reps,Aspergillaceae,Aspergillaceae,0.925,1
SH1168179.08FU_FJ531192_refs,Aspergillaceae,Aspergillaceae,0.919,1
SH1162804.08FU_MT635198_reps,Aspergillaceae,Aspergillaceae,0.927,1
SH1163410.08FU_KP401895_reps,Aspergillaceae,Aspergillaceae,0.658,1
SH1166024.08FU_KJ888834_reps,Aspergillaceae,Aspergillaceae,0.928,1
SH1211473.08FU_KU708544_refs,Aspergillaceae,Aspergillaceae,0.266,1
SH1162941.08FU_KF562205_reps,Aspergillaceae,Aspergillaceae,0.938,1
SH1162494.08FU_KF198066_reps,Aspergillaceae,Aspergillaceae,0.938,1
SH1162989.08FU_KU296260_reps,Aspergillaceae,Aspergillaceae,0.927,1
SH1164354.08FU_FJ629350_reps,Aspergillaceae,Aspergillaceae,0.931,1
SH1165009.08FU_KY549808_reps,Aspergillaceae,Aspergillaceae,0.915,1
SH1166804.08FU_MK696345_reps,Aspergillaceae,Aspergillaceae,0.772,1
SH1166389.08FU_MT476353_reps,Aspergillaceae,Aspergillaceae,0.913,1
SH1166681.08FU_MH997882_reps,Aspergillaceae,Aspergillaceae,0.937,1
SH1165404.08FU_MK120598_reps,Aspergillaceae,Aspergillaceae,0.869,1
SH1160536.08FU_EF626961_refs,Aspergillaceae,Aspergillaceae,0.562,1
SH1160870.08FU_KX463034_reps,Aspergillaceae,Aspergillaceae,0.939,1
SH1161912.08FU_KY053128_reps,Aspergillaceae,Aspergillaceae,0.92,1
SH1162840.08FU_KC113303_reps,Aspergillaceae,Aspergillaceae,0.922,1
SH1162963.08FU_KP329696_reps,Aspergillaceae,Aspergillaceae,0.938,1
SH1164180.08FU_JX156354_reps,Aspergillaceae,Aspergillaceae,0.922,1
SH1164912.08FU_MT306000_reps,Aspergillaceae,Aspergillaceae,0.91,1
SH1165317.08FU_MT529446_reps,Aspergillaceae,Aspergillaceae,0.863,1
SH1166463.08FU_JN686442_reps,Aspergillaceae,Aspergillaceae,0.928,1
SH1166636.08FU_GU092952_refs,Aspergillaceae,Aspergillaceae,0.777,1
SH1166993.08FU_JX518273_reps,Aspergillaceae,Aspergillaceae,0.922,1
SH1167835.08FU_LT798904_reps,Aspergillaceae,Aspergillaceae,0.935,1
SH1165621.08FU_JN226905_reps,Aspergillaceae,Aspergillaceae,0.903,1
SH1164464.08FU_KF303654_refs,Aspergillaceae,Aspergillaceae,0.898,1
SH1164658.08FU_MK108404_reps,Aspergillaceae,Aspergillaceae,0.935,1
SH1162380.08FU_KF589305_reps,Aspergillaceae,Aspergillaceae,0.938,1
SH1164871.08FU_UDB0755650_reps,Aspergillaceae,Aspergillaceae,0.935,1
SH1160831.08FU_MK036521_reps,Aspergillaceae,Aspergillaceae,0.911,1
SH1163482.08FU_MH511123_reps,Aspergillaceae,Aspergillaceae,0.922,1
SH1164979.08FU_KT310949_reps,Aspergillaceae,Aspergillaceae,0.905,1
SH1165046.08FU_MW193242_reps,Aspergillaceae,Aspergillaceae,0.922,1
SH1166081.08FU_MT584272_reps,Aspergillaceae,Aspergillaceae,0.906,1
SH1166338.08FU_KX421457_reps,Aspergillaceae,Aspergillaceae,0.849,1
SH1166186.08FU_JF318957_reps,Aspergillaceae,Aspergillaceae,0.934,1
SH1163946.08FU_KC790403_refs,Aspergillaceae,Aspergillaceae,0.318,1
SH1164698.08FU_EU543987_reps,Aspergillaceae,Aspergillaceae,0.923,1
SH1166454.08FU_FJ537091_reps,Aspergillaceae,Aspergillaceae,0.902,1
SH2592893.08FU_MK418813_reps,Aspergillaceae,Aspergillaceae,0.834,1
SH1165094.08FU_MW181690_reps,Aspergillaceae,Aspergillaceae,0.733,1
SH1160559.08FU_MN161142_reps,Aspergillaceae,Aspergillaceae,0.911,1
SH1166863.08FU_MN423342_reps,Aspergillaceae,Aspergillaceae,0.891,1
SH1167282.08FU_AY313611_refs,Aspergillaceae,Aspergillaceae,0.717,1
SH1164243.08FU_MW193227_reps,Aspergillaceae,Aspergillaceae,0.917,1
SH1162593.08FU_MT476349_reps,Aspergillaceae,Aspergillaceae,0.915,1
SH1166261.08FU_MK312270_reps,Aspergillaceae,Aspergillaceae,0.919,1
SH1160610.08FU_MH577053_reps,Aspergillaceae,Aspergillaceae,0.938,1
SH1161685.08FU_MH986806_reps,Aspergillaceae,Aspergillaceae,0.938,1
SH1166019.08FU_MG962382_reps,Aspergillaceae,Aspergillaceae,0.903,1
SH1165616.08FU_MT645136_reps,Aspergillaceae,Aspergillaceae,0.183,1
SH1163754.08FU_KX495179_reps,Aspergillaceae,Aspergillaceae,0.924,1
SH1161004.08FU_MN533852_reps,Aspergillaceae,Aspergillaceae,0.934,1
SH1166217.08FU_MG972740_reps,Aspergillaceae,Aspergillaceae,0.917,1
SH1165309.08FU_MG211073_reps,Aspergillaceae,Aspergillaceae,0.928,1
SH1166877.08FU_EF422852_refs,Aspergillaceae,Aspergillaceae,0.53,1
SH1165330.08FU_HQ270471_reps,Aspergillaceae,Aspergillaceae,0.882,1
SH1163648.08FU_MN537784_reps,Aspergillaceae,Aspergillaceae,0.906,1
SH1166362.08FU_UDB0103214_reps,Aspergillaceae,Aspergillaceae,0.803,1
SH1175837.08FU_EF652476_refs,Aspergillaceae,Aspergillaceae,0.293,1
SH1163681.08FU_FR733881_reps,Aspergillaceae,Aspergillaceae,0.92,1
SH1168086.08FU_KU945946_reps,Aspergillaceae,Aspergillaceae,0.903,1
SH1166929.08FU_JX852612_reps,Aspergillaceae,Aspergillaceae,0.885,1
SH1161551.08FU_FM201284_reps,Aspergillaceae,Aspergillaceae,0.869,1
SH1162833.08FU_JF754468_reps,Aspergillaceae,Aspergillaceae,0.938,1
SH1165514.08FU_GU092949_refs,Aspergillaceae,Aspergillaceae,0.916,1
SH1164969.08FU_MK226293_reps,Aspergillaceae,Aspergillaceae,0.916,1
SH1161054.08FU_MK541019_reps,Aspergillaceae,Aspergillaceae,0.92,1
SH1164959.08FU_JX238727_reps,Aspergillaceae,Aspergillaceae,0.93,1
SH1167109.08FU_KC818302_reps,Aspergillaceae,Aspergillaceae,0.774,1
SH1166527.08FU_MH517572_reps,Aspergillaceae,Aspergillaceae,0.938,1
SH1161426.08FU_AJ223852_refs,Aspergillaceae,Aspergillaceae,0.907,1
SH1167585.08FU_MK590317_reps,Aspergillaceae,Aspergillaceae,0.919,1
SH1166559.08FU_JN030991_reps,Aspergillaceae,Aspergillaceae,0.92,1
SH2613121.08FU_UDB0387179_reps,Aspergillaceae,Aspergillaceae,0.274,1
SH1168182.08FU_AF257801_refs,Aspergillaceae,Aspergillaceae,0.839,1
SH1162349.08FU_MK165707_reps,Aspergillaceae,Aspergillaceae,0.938,1
SH1163793.08FU_FR733811_reps,Aspergillaceae,Aspergillaceae,0.936,1
SH1161729.08FU_GQ338244_reps,Aspergillaceae,Aspergillaceae,0.912,1
SH1164889.08FU_UDB0757130_reps,Aspergillaceae,Aspergillaceae,0.769,1
SH1162482.08FU_MK952313_reps,Aspergillaceae,Aspergillaceae,0.896,1
SH1164233.08FU_MN533892_reps,Aspergillaceae,Aspergillaceae,0.92,1
SH1162671.08FU_MK649922_reps,Aspergillaceae,Aspergillaceae,0.873,1
SH1165133.08FU_KC964102_reps,Aspergillaceae,Aspergillaceae,0.902,1
SH1159335.08FU_KJ834517_refs,Aspergillaceae,Aspergillaceae,0.0695,1
SH1163982.08FU_MN792832_reps,Aspergillaceae,Aspergillaceae,0.931,1
SH1166969.08FU_KX225466_reps,Aspergillaceae,Aspergillaceae,0.931,1
SH1175807.08FU_FJ531164_refs,Aspergillaceae,Aspergillaceae,0.063,1
SH1167290.08FU_UDB0766686_reps,Aspergillaceae,Aspergillaceae,0.937,1
SH1175809.08FU_FJ531161_refs,Aspergillaceae,Aspergillaceae,0.725,1
SH1160572.08FU_MT835244_reps,Aspergillaceae,Aspergillaceae,0.667,1
SH1191934.08FU_KY980650_refs,Aspergillaceae,Aspergillaceae,0.582,1
SH1162588.08FU_MN493104_reps,Aspergillaceae,Aspergillaceae,0.926,1
SH1165985.08FU_HQ288050_reps,Aspergillaceae,Aspergillaceae,0.902,1
SH1164696.08FU_KP131553_reps,Aspergillaceae,Aspergillaceae,0.938,1
SH1167403.08FU_JX239023_reps,Aspergillaceae,Aspergillaceae,0.891,1
SH1161878.08FU_KJ919953_reps,Aspergillaceae,Aspergillaceae,0.917,1
SH1161566.08FU_MT509715_reps,Aspergillaceae,Aspergillaceae,0.927,1
SH1164331.08FU_GQ129209_reps,Aspergillaceae,Aspergillaceae,0.919,1
SH1161639.08FU_MK644175_reps,Aspergillaceae,Aspergillaceae,0.929,1
SH1166203.08FU_MK951935_reps,Aspergillaceae,Aspergillaceae,0.71,1
SH1164556.08FU_MN684207_reps,Aspergillaceae,Aspergillaceae,0.915,1
SH1164190.08FU_KC491422_reps,Aspergillaceae,Aspergillaceae,0.882,1
SH1160863.08FU_MN839777_reps,Aspergillaceae,Aspergillaceae,0.912,1
SH1162817.08FU_MF945553_reps,Aspergillaceae,Aspergillaceae,0.938,1
SH1163171.08FU_MH865150_reps,Aspergillaceae,Aspergillaceae,0.934,1
SH1166755.08FU_MK450364_reps,Aspergillaceae,Aspergillaceae,0.898,1
SH1167719.08FU_FJ624388_reps,Aspergillaceae,Aspergillaceae,0.906,1
SH2595100.08FU_MN519498_reps,Aspergillaceae,Aspergillaceae,0.898,1
SH1161973.08FU_MN518426_reps,Aspergillaceae,Aspergillaceae,0.923,1
SH1163805.08FU_JN617708_reps,Aspergillaceae,Aspergillaceae,0.884,1
SH1165840.08FU_MH035990_reps,Aspergillaceae,Aspergillaceae,0.902,1
SH1161361.08FU_MN537769_reps,Aspergillaceae,Aspergillaceae,0.937,1
SH1188519.08FU_FM986321_refs,Aspergillaceae,Aspergillaceae,0.914,1
SH1167383.08FU_FJ531194_reps,Aspergillaceae,Aspergillaceae,0.918,1
SH1160553.08FU_MT560310_reps,Aspergillaceae,,0.0,0
SH1166727.08FU_MK621320_reps,Aspergillaceae,Aspergillaceae,0.925,1
SH1175838.08FU_EF652448_refs,Aspergillaceae,Aspergillaceae,0.656,1
SH1166912.08FU_MG098728_reps,Aspergillaceae,Aspergillaceae,0.924,1
SH1160728.08FU_GU973716_reps,Aspergillaceae,Aspergillaceae,0.921,1
SH1162639.08FU_MG991622_reps,Aspergillaceae,Aspergillaceae,0.938,1
SH1164935.08FU_JN227039_reps,Aspergillaceae,Aspergillaceae,0.928,1
SH1162666.08FU_JF766673_reps,Aspergillaceae,Aspergillaceae,0.938,1
SH1160523.08FU_AF033420_refs,Aspergillaceae,Aspergillaceae,0.906,1
SH1167447.08FU_KU218460_reps,Aspergillaceae,Aspergillaceae,0.938,1
SH1167924.08FU_MT903396_reps,Aspergillaceae,Aspergillaceae,0.92,1
SH1160993.08FU_MN759314_reps,Aspergillaceae,Aspergillaceae,0.919,1
SH1161384.08FU_MK811422_reps,Aspergillaceae,Aspergillaceae,0.925,1
SH1161160.08FU_MN533878_reps,Aspergillaceae,Aspergillaceae,0.939,1
SH1162800.08FU_MW040820_reps,Aspergillaceae,Aspergillaceae,0.918,1
SH1164141.08FU_MG991574_reps,Aspergillaceae,Aspergillaceae,0.927,1
SH1167165.08FU_MK046880_reps,Aspergillaceae,Aspergillaceae,0.922,1
SH1166528.08FU_MH244421_reps,Aspergillaceae,Aspergillaceae,0.898,1
SH1175819.08FU_EF661208_refs,Aspergillaceae,Aspergillaceae,0.0671,1
SH1163179.08FU_HQ649883_reps,Aspergillaceae,Aspergillaceae,0.0693,1
SH1161322.08FU_MK356543_reps,Aspergillaceae,Aspergillaceae,0.938,1
SH1165417.08FU_JX135954_reps,Aspergillaceae,Aspergillaceae,0.903,1
SH1167124.08FU_KT283667_reps,Aspergillaceae,Aspergillaceae,0.922,1
SH1162393.08FU_KJ482655_reps,Aspergillaceae,Aspergillaceae,0.927,1
SH1164927.08FU_MT079143_reps,Aspergillaceae,Aspergillaceae,0.92,1
SH1165321.08FU_MN533829_reps,Aspergillaceae,Aspergillaceae,0.902,1
SH1167483.08FU_JF436881_reps,Aspergillaceae,Aspergillaceae,0.906,1
SH1163273.08FU_MT279448_reps,Aspergillaceae,Aspergillaceae,0.907,1
SH1166246.08FU_UDB0756072_reps,Aspergillaceae,Aspergillaceae,0.854,1
SH1161657.08FU_MH237631_reps,Aspergillaceae,Aspergillaceae,0.94,1
SH1162185.08FU_MG991596_reps,Aspergillaceae,Aspergillaceae,0.938,1
SH1160570.08FU_MT560289_reps,Aspergillaceae,,0.0,0
SH2593601.08FU_MK103009_reps,Aspergillaceae,Aspergillaceae,0.844,1
SH1165076.08FU_MT757804_reps,Aspergillaceae,Aspergillaceae,0.91,1
SH1166438.08FU_MN031596_reps,Aspergillaceae,Aspergillaceae,0.906,1
SH1167011.08FU_KY469030_reps,Aspergillaceae,Aspergillaceae,0.832,1
SH1161142.08FU_MG976323_reps,Aspergillaceae,Aspergillaceae,0.915,1
SH1160754.08FU_MH374559_reps,Aspergillaceae,Aspergillaceae,0.919,1
SH1163786.08FU_FJ553845_reps,Trichocomaceae,Trichocomaceae,0.0645,1
SH1150534.08FU_JN899400_refs,Trichocomaceae,Trichocomaceae,0.515,1
SH1161674.08FU_KT365223_reps,Trichocomaceae,Trichocomaceae,0.926,1
SH2595119.08FU_MN511803_reps,Trichocomaceae,Trichocomaceae,0.582,1
SH1162200.08FU_JF417478_refs,Trichocomaceae,Trichocomaceae,0.745,1
SH1150526.08FU_JN899359_refs,Trichocomaceae,Trichocomaceae,0.855,1
SH1150584.08FU_AF285782_refs,Trichocomaceae,Trichocomaceae,0.718,1
SH1150546.08FU_JQ965038_reps,Trichocomaceae,Trichocomaceae,0.775,1
SH1150522.08FU_L37406_refs,Trichocomaceae,Trichocomaceae,0.899,1
SH1161625.08FU_MN944454_reps,Trichocomaceae,Trichocomaceae,0.921,1
SH1166073.08FU_MH305214_reps,Trichocomaceae,Trichocomaceae,0.924,1
SH1160823.08FU_JN659438_reps,Trichocomaceae,Trichocomaceae,0.926,1
SH1150551.08FU_JN899351_refs,Trichocomaceae,Trichocomaceae,0.596,1
SH1150540.08FU_KX657353_refs,Trichocomaceae,Trichocomaceae,0.84,1
SH1160758.08FU_HG518526_reps,Trichocomaceae,Trichocomaceae,0.926,1
SH1150542.08FU_GU396547_reps,Trichocomaceae,Trichocomaceae,0.774,1
SH1161383.08FU_KF728887_reps,Trichocomaceae,Trichocomaceae,0.829,1
SH1150538.08FU_JN899328_refs,Trichocomaceae,Trichocomaceae,0.628,1
SH1161323.08FU_MH857768_refs,Trichocomaceae,Trichocomaceae,0.81,1
SH1150532.08FU_KJ865740_refs,Trichocomaceae,Trichocomaceae,0.672,1
SH3567720.08FU_MT543124_reps,Trichocomaceae,,0.0,0
SH1191939.08FU_JX869562_reps,Trichocomaceae,Aspergillaceae,0.357,0
SH1161552.08FU_AM711520_reps,Trichocomaceae,Trichocomaceae,0.651,1
SH1150536.08FU_JN899329_refs,Trichocomaceae,Trichocomaceae,0.625,1
SH1161121.08FU_EU553343_refs,Trichocomaceae,Aspergillaceae,0.627,0
SH1161633.08FU_GU441538_reps,Trichocomaceae,Trichocomaceae,0.926,1
SH1162743.08FU_MH305232_reps,Trichocomaceae,Trichocomaceae,0.596,1
SH1162141.08FU_MT359239_reps,Thermoascaceae,Thermoascaceae,0.6,1
SH1163147.08FU_MH171488_reps,Thermoascaceae,Thermoascaceae,0.671,1
SH1161628.08FU_MH855854_reps,Thermoascaceae,Thermoascaceae,0.469,1
SH1161172.08FU_MK268033_reps,Thermoascaceae,Thermoascaceae,0.589,1
SH1161764.08FU_DQ464363_reps,Thermoascaceae,Thermoascaceae,0.45,1
SH1162970.08FU_EU037051_refs,Thermoascaceae,Thermoascaceae,0.512,1
SH1163654.08FU_DQ322217_reps,Thermoascaceae,Thermoascaceae,0.479,1
SH1160969.08FU_MK465185_reps,Thermoascaceae,Clavicipitaceae,0.482,0
SH1168798.08FU_JF907988_reps,Elaphomycetaceae,Elaphomycetaceae,0.0433,1
SH1151859.08FU_MH212074_reps,Elaphomycetaceae,Elaphomycetaceae,0.0427,1
SH1213086.08FU_UDB0476972_reps,Elaphomycetaceae,Elaphomycetaceae,0.0433,1
SH1168801.08FU_KR029776_reps,Elaphomycetaceae,Elaphomycetaceae,0.0433,1
SH1168802.08FU_KX238806_reps,Elaphomycetaceae,Elaphomycetaceae,0.0433,1
SH1240467.08FU_KX238860_reps,Elaphomycetaceae,Elaphomycetaceae,0.0433,1
SH1213088.08FU_UDB0337501_reps,Elaphomycetaceae,Elaphomycetaceae,0.0433,1
SH1212969.08FU_MF074833_reps,Elaphomycetaceae,Elaphomycetaceae,0.0433,1
SH1168800.08FU_KF412263_reps,Elaphomycetaceae,Elaphomycetaceae,0.0433,1
SH3217619.08FU_UDB0275678_reps,Onygenales,NA,0.0,0
SH1169726.08FU_AJ271572_refs,Onygenales,Onygenales,0.0502,1
SH1150241.08FU_AY970123_reps,Onygenales,Onygenales,0.0235,1
SH1157617.08FU_U68327_refs,Onygenales,Onygenales,0.0261,1
SH1169154.08FU_AJ970152_refs,Onygenales,Onygenales,0.0401,1
SH1178420.08FU_KT155800_refs,Onygenales,Onygenales,0.754,1
SH2592107.08FU_MH859181_reps,Onygenales,Onygenales,0.496,1
SH1182215.08FU_MH857258_refs,Onygenales,Onygenales,0.0361,1
SH1178833.08FU_JN889993_reps,Onygenales,Onygenales,0.0263,1
SH1171795.08FU_KC008978_reps,Onygenales,Onygenales,0.0319,1
SH1238320.08FU_AJ877211_refs,Onygenales,Onygenales,0.748,1
SH1171792.08FU_AY177298_refs,Onygenales,Onygenales,0.0301,1
SH1175443.08FU_AJ271562_reps,Onygenales,Onygenales,0.0491,1
SH1169156.08FU_AJ877219_refs,Onygenales,Onygenales,0.354,1
SH1181119.08FU_KF477239_refs,Onygenales,Onygenales,0.0426,1
SH1238682.08FU_AJ007842_refs,Onygenales,Onygenales,0.0488,1
SH2592135.08FU_MT312737_reps,Onygenales,Onygenales,0.441,1
SH3565037.08FU_MK329090_reps,Onygenales,NA,0.0,0
SH1177458.08FU_U68316_refs,Onygenales,Onygenales,0.0261,1
SH1157668.08FU_KP691484_reps,Onygenales,Onygenales,0.036,1
SH1180328.08FU_KU746667_reps,Onygenales,Onygenales,0.0404,1
SH1188607.08FU_KT155853_reps,Onygenales,Onygenales,0.0262,1
SH1169718.08FU_KY014424_reps,Onygenales,Onygenales,0.0399,1
SH2606265.08FU_UDB0129587_reps,Onygenales,NA,0.0,0
SH2607481.08FU_UDB0349474_reps,Onygenales,NA,0.0,0
SH1178305.08FU_GQ376102_refs,Onygenales,Onygenales,0.0546,1
SH1169715.08FU_AY177303_refs,Onygenales,Onygenales,0.0503,1
SH1238795.08FU_UDB0112484_reps,Onygenales,Onygenales,0.0271,1
SH1182974.08FU_Z98017_refs,Onygenales,Onygenales,0.898,1
SH1157614.08FU_U68323_reps,Onygenales,Onygenales,0.0262,1
SH2604774.08FU_UDB0616464_reps,Onygenales,NA,0.0,0
SH3565969.08FU_MK794584_reps,Onygenales,NA,0.0,0
SH1169878.08FU_AJ005368_refs,Onygenales,Onygenales,0.404,1
SH1188658.08FU_AJ439439_refs,Onygenales,Onygenales,0.639,1
SH1173534.08FU_U68326_refs,Onygenales,Onygenales,0.0262,1
SH2601541.08FU_UDB048952_reps,Onygenales,Thelebolales,0.347,0
SH1237616.08FU_HG518404_refs,Onygenales,Onygenales,0.658,1
SH2591807.08FU_MH793454_reps,Onygenales,Onygenales,0.0377,1
SH1188653.08FU_U18360_refs,Onygenales,Onygenales,0.443,1
SH1188654.08FU_KT155898_refs,Onygenales,Onygenales,0.872,1
SH1245449.08FU_KF477238_refs,Onygenales,Onygenales,0.0461,1
SH1169720.08FU_AB861775_reps,Onygenales,Onygenales,0.023,1
SH1188602.08FU_AJ315840_refs,Onygenales,Onygenales,0.0416,1
SH1188601.08FU_KT155798_refs,Onygenales,Onygenales,0.0274,1
SH2606078.08FU_UDB0551994_reps,Onygenales,NA,0.0,0
SH1179161.08FU_KU560576_reps,Onygenales,Onygenales,0.0311,1
SH1238193.08FU_KP278211_reps,Onygenales,Onygenales,0.046,1
SH1238558.08FU_KF477215_refs,Onygenales,Onygenales,0.817,1
SH1182975.08FU_Z97993_refs,Onygenales,Onygenales,0.93,1
SH1168557.08FU_HM991265_refs,Onygenales,Onygenales,0.411,1
SH1169191.08FU_MH858352_reps,Onygenales,Onygenales,0.0356,1
SH1155283.08FU_AF038352_refs,Onygenales,Onygenales,0.0422,1
SH1238243.08FU_KF477224_refs,Onygenales,Onygenales,0.0524,1
SH1184807.08FU_AB986347_reps,Chaetothyriales,Chaetothyriales,0.031,1
SH1172798.08FU_HQ260228_reps,Chaetothyriales,Chaetothyriales,0.0223,1
SH2610599.08FU_UDB0275902_reps,Chaetothyriales,Chaetothyriales,0.115,1
SH1185366.08FU_UDB0507928_reps,Chaetothyriales,Chaetothyriales,0.897,1
SH1144929.08FU_GQ426960_reps,Chaetothyriales,Chaetothyriales,0.727,1
SH1176020.08FU_UDB0344580_reps,Chaetothyriales,Chaetothyriales,0.021,1
SH1180815.08FU_HG325818_reps,Chaetothyriales,Chaetothyriales,0.0155,1
SH2612441.08FU_UDB0408075_reps,Chaetothyriales,Chaetothyriales,0.0818,1
SH2608381.08FU_UDB0194417_reps,Chaetothyriales,Capnodiales,0.0136,0
SH1192661.08FU_EF551461_refs,Chaetothyriales,Chaetothyriales,0.89,1
SH1182895.08FU_MF971128_reps,Chaetothyriales,Chaetothyriales,0.0185,1
SH1150401.08FU_UDB0528771_reps,Chaetothyriales,Chaetothyriales,0.0204,1
SH1228275.08FU_MN537651_reps,Chaetothyriales,Chaetothyriales,0.449,1
SH1226131.08FU_FJ265769_reps,Chaetothyriales,Capnodiales,0.0918,0
SH1160343.08FU_UDB0763097_reps,Chaetothyriales,Chaetothyriales,0.285,1
SH1226136.08FU_GU072988_reps,Chaetothyriales,Capnodiales,0.0899,0
SH1186381.08FU_GU581246_reps,Chaetothyriales,Chaetothyriales,0.0167,1
SH1186372.08FU_JX857220_reps,Chaetothyriales,Chaetothyriales,0.0194,1
SH1171731.08FU_KT588601_refs,Chaetothyriales,Chaetothyriales,0.0391,1
SH1245220.08FU_FJ197959_reps,Chaetothyriales,Chaetothyriales,0.0261,1
SH1184083.08FU_KF614840_reps,Chaetothyriales,Chaetothyriales,0.146,1
SH1160224.08FU_AY366914_refs,Chaetothyriales,Chaetothyriales,0.912,1
SH1188693.08FU_KP324928_reps,Chaetothyriales,Chaetothyriales,0.0333,1
SH1160365.08FU_AY265339_reps,Chaetothyriales,Chaetothyriales,0.361,1
SH1160222.08FU_HM239911_reps,Chaetothyriales,Chaetothyriales,0.0261,1
SH1204846.08FU_UDB0750592_reps,Chaetothyriales,Chaetothyriales,0.287,1
SH1160286.08FU_EU035402_reps,Chaetothyriales,Chaetothyriales,0.336,1
SH1228285.08FU_HG003670_reps,Chaetothyriales,Chaetothyriales,0.698,1
SH1180820.08FU_FJ265756_reps,Chaetothyriales,Chaetothyriales,0.157,1
SH1160326.08FU_FJ385270_reps,Chaetothyriales,Chaetothyriales,0.481,1
SH1184084.08FU_KF614822_reps,Chaetothyriales,Chaetothyriales,0.0805,1
SH1216246.08FU_UDB0312239_reps,Chaetothyriales,Chaetothyriales,0.46,1
SH1235783.08FU_UDB0755608_reps,Chaetothyriales,Chaetothyriales,0.0261,1
SH1182992.08FU_AB712023_reps,Chaetothyriales,Chaetothyriales,0.38,1
SH1228074.08FU_UDB0401072_reps,Chaetothyriales,Chaetothyriales,0.0768,1
SH1173868.08FU_AB190378_reps,Chaetothyriales,Chaetothyriales,0.031,1
SH2602606.08FU_UDB0595837_reps,Chaetothyriales,NA,0.0,0
SH1186387.08FU_KF297101_reps,Chaetothyriales,Chaetothyriales,0.16,1
SH3218663.08FU_UDB0493911_reps,Chaetothyriales,NA,0.0,0
SH1160299.08FU_UDB0102831_reps,Chaetothyriales,Chaetothyriales,0.628,1
SH1186378.08FU_EU139158_reps,Chaetothyriales,Chaetothyriales,0.0309,1
SH1180823.08FU_KT337438_refs,Chaetothyriales,Chaetothyriales,0.276,1
SH1160280.08FU_JF747108_refs,Chaetothyriales,Chaetothyriales,0.203,1
SH1228068.08FU_KR215608_refs,Chaetothyriales,Chaetothyriales,0.0922,1
SH2593155.08FU_MG934444_reps,Chaetothyriales,Chaetothyriales,0.031,1
SH1194485.08FU_KF060234_reps,Chaetothyriales,Chaetothyriales,0.0163,1
SH1186439.08FU_UDB0324650_reps,Chaetothyriales,Chaetothyriales,0.231,1
SH1180797.08FU_EU730589_refs,Chaetothyriales,Chaetothyriales,0.893,1
SH1236590.08FU_AY559333_reps,Chaetothyriales,Chaetothyriales,0.02,1
SH1149561.08FU_AF393718_reps,Chaetothyriales,Chaetothyriales,0.031,1
SH1151204.08FU_EU856533_reps,Chaetothyriales,Chaetothyriales,0.0261,1
SH1160298.08FU_AB986418_reps,Chaetothyriales,Chaetothyriales,0.587,1
SH1245393.08FU_HE605268_reps,Chaetothyriales,Chaetothyriales,0.031,1
SH1180671.08FU_KC455237_refs,Chaetothyriales,Chaetothyriales,0.042,1
SH1174281.08FU_UDB0622113_reps,Chaetothyriales,Chaetothyriales,0.0215,1
SH1237401.08FU_UDB0512341_reps,Chaetothyriales,NA,0.0,0
SH1231661.08FU_KC455241_refs,Chaetothyriales,Chaetothyriales,0.0412,1
SH1182896.08FU_HG793052_refs,Chaetothyriales,Chaetothyriales,0.0416,1
SH1160251.08FU_GQ426976_reps,Chaetothyriales,Chaetothyriales,0.513,1
SH1204833.08FU_HQ634608_reps,Chaetothyriales,Chaetothyriales,0.156,1
SH1226133.08FU_KF800103_reps,Chaetothyriales,Lichinales,0.128,0
SH1228048.08FU_EU041814_refs,Chaetothyriales,Chaetothyriales,0.324,1
SH1237025.08FU_UDB065706_reps,Chaetothyriales,Chaetothyriales,0.0167,1
SH1160246.08FU_FJ265747_reps,Chaetothyriales,Chaetothyriales,0.0289,1
SH2593402.08FU_MG976297_reps,Chaetothyriales,Chaetothyriales,0.498,1
SH1180838.08FU_UDB062360_reps,Chaetothyriales,Chaetothyriales,0.193,1
SH1160250.08FU_EU103986_refs,Chaetothyriales,Chaetothyriales,0.502,1
SH2604063.08FU_UDB080692_reps,Chaetothyriales,Chaetothyriales,0.0116,1
SH1160274.08FU_HE605235_reps,Chaetothyriales,Chaetothyriales,0.507,1
SH2601796.08FU_UDB0459769_reps,Chaetothyriales,Chaetothyriales,0.0812,1
SH2614472.08FU_UDB0464353_reps,Chaetothyriales,Chaetothyriales,0.117,1
SH2606886.08FU_UDB0152866_reps,Chaetothyriales,Chaetothyriales,0.0147,1
SH2604539.08FU_UDB0135837_reps,Chaetothyriales,Chaetothyriales,0.0148,1
SH1204832.08FU_KF614792_reps,Chaetothyriales,Chaetothyriales,0.205,1
SH1180829.08FU_AY843067_reps,Chaetothyriales,Chaetothyriales,0.218,1
SH2610438.08FU_UDB0269647_reps,Chaetothyriales,Capnodiales,0.0248,0
SH1176018.08FU_MG670420_reps,Chaetothyriales,Chaetothyriales,0.0206,1
SH1180812.08FU_KC951251_reps,Chaetothyriales,Chaetothyriales,0.0199,1
SH1160333.08FU_UDB0758162_reps,Chaetothyriales,Chaetothyriales,0.0271,1
SH1147971.08FU_DQ420752_reps,Chaetothyriales,Chaetothyriales,0.0223,1
SH1160300.08FU_AB986346_reps,Chaetothyriales,Chaetothyriales,0.566,1
SH1160272.08FU_JF691445_reps,Chaetothyriales,Chaetothyriales,0.68,1
SH1237018.08FU_MF066330_reps,Chaetothyriales,Chaetothyriales,0.532,1
SH1228276.08FU_KX778685_reps,Chaetothyriales,Chaetothyriales,0.0306,1
SH1180521.08FU_AF050247_refs,Chaetothyriales,Chaetothyriales,0.436,1
SH1192663.08FU_JN625231_refs,Chaetothyriales,Chaetothyriales,0.156,1
SH2602643.08FU_UDB066746_reps,Chaetothyriales,NA,0.0,0
SH1151731.08FU_KP132553_reps,Chaetothyriales,Chaetothyriales,0.031,1
SH1160301.08FU_KU747843_reps,Chaetothyriales,Chaetothyriales,0.667,1
SH1216217.08FU_UDB0512269_reps,Chaetothyriales,Chaetothyriales,0.491,1
SH1192659.08FU_DQ182587_refs,Chaetothyriales,Chaetothyriales,0.924,1
SH2603011.08FU_UDB066171_reps,Chaetothyriales,Chaetothyriales,0.461,1
SH1155493.08FU_FJ385273_refs,Chaetothyriales,Chaetothyriales,0.527,1
SH1186421.08FU_UDB0666040_reps,Chaetothyriales,Chaetothyriales,0.0177,1
SH1204842.08FU_UDB0437625_reps,Chaetothyriales,Chaetothyriales,0.018,1
SH2606931.08FU_UDB0154024_reps,Chaetothyriales,NA,0.0,0
SH1186377.08FU_KU550114_reps,Chaetothyriales,Chaetothyriales,0.505,1
SH1160285.08FU_KY305141_reps,Chaetothyriales,Chaetothyriales,0.031,1
SH1184806.08FU_AB986336_reps,Chaetothyriales,Chaetothyriales,0.031,1
SH1184810.08FU_UDB0137183_reps,Chaetothyriales,Chaetothyriales,0.031,1
SH1192297.08FU_JX848567_reps,Verrucariales,Verrucariales,0.679,1
SH1159989.08FU_KM371424_reps,Verrucariales,Verrucariales,0.0822,1
SH1193429.08FU_MT229725_reps,Verrucariales,Verrucariales,0.0215,1
SH1192262.08FU_JF693318_reps,Verrucariales,Verrucariales,0.384,1
SH1192268.08FU_FJ664837_reps,Verrucariales,Verrucariales,0.0822,1
SH1192336.08FU_KF296796_reps,Verrucariales,Verrucariales,0.436,1
SH1192318.08FU_JF737807_reps,Verrucariales,Verrucariales,0.077,1
SH1192279.08FU_KF959781_reps,Verrucariales,Verrucariales,0.0822,1
SH1192289.08FU_KM243184_reps,Verrucariales,Verrucariales,0.733,1
SH1192296.08FU_EU249487_reps,Verrucariales,Verrucariales,0.611,1
SH1192280.08FU_GQ344603_reps,Verrucariales,Verrucariales,0.0822,1
SH1237742.08FU_GU228957_reps,Verrucariales,Verrucariales,0.0822,1
SH1184454.08FU_FJ479636_reps,Verrucariales,Verrucariales,0.41,1
SH1192333.08FU_MN103145_reps,Verrucariales,Verrucariales,0.153,1
SH1150901.08FU_KF959783_reps,Verrucariales,Verrucariales,0.0822,1
SH1177406.08FU_JN638264_refs,Verrucariales,Verrucariales,0.0822,1
SH1184456.08FU_KF959776_reps,Verrucariales,Verrucariales,0.514,1
SH1192277.08FU_KF297058_reps,Verrucariales,Verrucariales,0.48,1
SH1192284.08FU_UDB0324749_reps,Verrucariales,Verrucariales,0.561,1
SH1192259.08FU_JX848561_refs,Verrucariales,Verrucariales,0.701,1
SH1192351.08FU_KX538747_refs,Verrucariales,Verrucariales,0.687,1
SH1192231.08FU_KF296875_reps,Verrucariales,Verrucariales,0.734,1
SH1192286.08FU_MK773877_reps,Verrucariales,Verrucariales,0.0822,1
SH1223447.08FU_EU697678_reps,Verrucariales,Verrucariales,0.31,1
SH1192236.08FU_KF296922_reps,Verrucariales,Verrucariales,0.723,1
SH1192245.08FU_JX848573_refs,Verrucariales,Verrucariales,0.689,1
SH1193419.08FU_MT127211_reps,Verrucariales,Verrucariales,0.0654,1
SH1193421.08FU_EU249470_reps,Verrucariales,Verrucariales,0.0822,1
SH1223451.08FU_KT983416_reps,Verrucariales,Verrucariales,0.582,1
SH1179154.08FU_GU228990_reps,Verrucariales,Verrucariales,0.0822,1
SH1192252.08FU_KY769540_reps,Verrucariales,Verrucariales,0.0822,1
SH3565867.08FU_MK138798_reps,Verrucariales,Verrucariales,0.198,1
SH1192246.08FU_KM243212_reps,Verrucariales,Verrucariales,0.722,1
SH1238948.08FU_EF014168_refs,Verrucariales,Verrucariales,0.698,1
SH1193432.08FU_MT127199_reps,Verrucariales,Verrucariales,0.0357,1
SH1192288.08FU_DQ826742_reps,Verrucariales,Verrucariales,0.0822,1
SH1192271.08FU_HM239900_reps,Verrucariales,Verrucariales,0.605,1
SH3567451.08FU_MT674813_reps,Verrucariales,Verrucariales,0.0183,1
SH3568481.08FU_MT229763_reps,Verrucariales,NA,0.0,0
SH1223446.08FU_KP259842_refs,Verrucariales,Verrucariales,0.633,1
SH1172434.08FU_GQ344607_reps,Verrucariales,Verrucariales,0.0818,1
SH1223452.08FU_EU697677_reps,Verrucariales,Verrucariales,0.666,1
SH1179153.08FU_GU228967_reps,Verrucariales,Verrucariales,0.0822,1
SH1193498.08FU_JQ088042_reps,Verrucariales,Verrucariales,0.0856,1
SH1192229.08FU_KM243211_reps,Verrucariales,Verrucariales,0.667,1
SH1172435.08FU_GQ344612_reps,Verrucariales,Verrucariales,0.0822,1
SH1192273.08FU_KX538762_reps,Verrucariales,Verrucariales,0.549,1
SH1193427.08FU_EU249475_reps,Verrucariales,Verrucariales,0.0822,1
SH1191610.08FU_UDB0667883_reps,Phaeomoniellales,Phaeomoniellales,0.0103,1
SH1215320.08FU_AY971710_reps,Phaeomoniellales,Phaeomoniellales,0.0768,1
SH1155250.08FU_AY254051_refs,Phaeomoniellales,NA,0.0,0
SH1168504.08FU_GU229890_refs,Phaeomoniellales,Phaeomoniellales,0.0104,1
SH1215318.08FU_KP992094_reps,Phaeomoniellales,Phaeomoniellales,0.223,1
SH1194490.08FU_MT791080_reps,Phaeomoniellales,Helotiales,0.0476,0
SH1151105.08FU_AY795855_reps,Mycocaliciales,Mycocaliciales,0.0637,1
SH1151045.08FU_AY795865_reps,Mycocaliciales,Mycocaliciales,0.0637,1
SH1236149.08FU_AY795854_reps,Mycocaliciales,Mycocaliciales,0.0637,1
SH1160099.08FU_FR682259_reps,Mycocaliciales,Mycocaliciales,0.0634,1
SH1177460.08FU_KR920004_reps,Mycocaliciales,Mycocaliciales,0.154,1
SH2593400.08FU_MH718442_reps,Sclerococcales,Sclerococcales,0.0885,1
SH2612177.08FU_UDB0651091_reps,Coryneliales,NA,0.0,0
SH2595539.08FU_MK876394_reps,Coryneliales,NA,0.0,0
SH2605397.08FU_UDB0107951_reps,Coryneliales,NA,0.0,0
SH1185154.08FU_KC592275_reps,Pyrenulales,Pyrenulales,0.0482,1
SH1142249.08FU_KT820097_reps,Pyrenulales,Pyrenulales,0.131,1
SH1185145.08FU_KT820163_reps,Pyrenulales,Pyrenulales,0.145,1
SH1142253.08FU_MN387117_reps,Pyrenulales,Pyrenulales,0.143,1
SH2595124.08FU_MK878374_reps,Glomerellales,Glomerellales,0.044,1
SH1152216.08FU_UDB0503137_reps,Glomerellales,Glomerellales,0.023,1
SH1176851.08FU_MK794566_reps,Glomerellales,Glomerellales,0.0241,1
SH1171885.08FU_HM751815_refs,Glomerellales,Glomerellales,0.534,1
SH1171900.08FU_MG978346_reps,Glomerellales,Glomerellales,0.868,1
SH1171932.08FU_JQ948480_refs,Glomerellales,Glomerellales,0.57,1
SH1171906.08FU_MF153475_reps,Glomerellales,Glomerellales,0.0286,1
SH1171884.08FU_JQ005771_refs,Glomerellales,Glomerellales,0.938,1
SH2603176.08FU_UDB0535580_reps,Glomerellales,NA,0.0,0
SH1143773.08FU_GQ485607_refs,Glomerellales,Glomerellales,0.934,1
SH2588060.08FU_DQ126180_reps,Glomerellales,Glomerellales,0.929,1
SH1234048.08FU_KC287235_refs,Glomerellales,Hypocreales,0.444,0
SH1152214.08FU_AB540579_refs,Glomerellales,Hypocreales,0.0259,0
SH1171886.08FU_GU227812_refs,Glomerellales,Glomerellales,0.739,1
SH1234028.08FU_JQ647448_refs,Glomerellales,Glomerellales,0.369,1
SH1234034.08FU_UDB0112995_reps,Glomerellales,Glomerellales,0.565,1
SH3568364.08FU_MW081540_reps,Sordariomycetes,NA,0.0,0
SH1237306.08FU_KY931789_refs,Sordariomycetes,dummy_order_Lentomitella,0.186,0
SH1144187.08FU_MH457172_reps,Sordariomycetes,NA,0.0,0
SH3568624.08FU_MT118235_reps,Sordariomycetes,NA,0.0,0
SH1151854.08FU_MT232712_reps,Sordariomycetes,NA,0.0,0
SH1144194.08FU_MF077545_reps,Sordariomycetes,Togniniales,0.0189,0
SH1243092.08FU_MN172412_reps,Sordariomycetes,NA,0.0,0
SH1151257.08FU_EF070421_reps,Microascales,Microascales,0.0642,1
SH1190590.08FU_KF285535_refs,Microascales,Microascales,0.035,1
SH1192861.08FU_LN850994_refs,Microascales,Microascales,0.845,1
SH1192744.08FU_HQ185354_refs,Microascales,Microascales,0.923,1
SH1238485.08FU_DQ520637_refs,Microascales,Microascales,0.828,1
SH2608162.08FU_UDB0268548_reps,Microascales,NA,0.0,0
SH1238489.08FU_MH687347_reps,Microascales,Microascales,0.845,1
SH1146116.08FU_LM652421_refs,Microascales,Microascales,0.0652,1
SH1193348.08FU_JQ747734_reps,Microascales,Boliniales,0.209,0
SH3223554.08FU_UDB044932_reps,Microascales,NA,0.0,0
SH1153142.08FU_JQ838021_reps,Microascales,Microascales,0.0738,1
SH1238486.08FU_EF070422_reps,Microascales,Microascales,0.0644,1
SH1238483.08FU_FJ236723_refs,Microascales,Microascales,0.916,1
SH1192749.08FU_MH859407_refs,Microascales,Microascales,0.622,1
SH1192867.08FU_LM652411_refs,Microascales,Microascales,0.84,1
SH1148156.08FU_AB038427_refs,Microascales,Microascales,0.89,1
SH1185950.08FU_FJ411345_reps,Microascales,Microascales,0.385,1
SH1192863.08FU_KY852473_refs,Microascales,Microascales,0.331,1
SH1238191.08FU_MK329129_reps,Microascales,Microascales,0.0418,1
SH1148165.08FU_AM267264_reps,Microascales,Microascales,0.0374,1
SH1193370.08FU_KF297140_reps,Microascales,Boliniales,0.445,0
SH1146123.08FU_LM652453_refs,Microascales,Microascales,0.0652,1
SH2601300.08FU_UDB040089_reps,Microascales,NA,0.0,0
SH1150912.08FU_AY879799_refs,Microascales,Microascales,0.0472,1
SH1227625.08FU_KF060719_reps,Microascales,Microascales,0.208,1
SH1148162.08FU_GQ266162_reps,Microascales,Microascales,0.48,1
SH1178340.08FU_KF495033_refs,Diaporthales,Diaporthales,0.061,1
SH2592873.08FU_MK432676_reps,Diaporthales,Diaporthales,0.0291,1
SH1204280.08FU_FJ025332_reps,Diaporthales,Diaporthales,0.699,1
SH2596132.08FU_MK799950_reps,Diaporthales,Diaporthales,0.0832,1
SH1169963.08FU_KP208847_refs,Diaporthales,Diaporthales,0.506,1
SH1235711.08FU_JX438621_reps,Diaporthales,Diaporthales,0.815,1
SH1152292.08FU_KY852494_reps,Diaporthales,Diaporthales,0.0291,1
SH1169930.08FU_AY347374_refs,Diaporthales,Diaporthales,0.884,1
SH1235751.08FU_KY051829_reps,Diaporthales,Diaporthales,0.823,1
SH1169906.08FU_GQ281791_refs,Diaporthales,Diaporthales,0.64,1
SH1204298.08FU_KX611045_reps,Diaporthales,Diaporthales,0.53,1
SH1215698.08FU_KY427150_refs,Diaporthales,Diaporthales,0.583,1
SH1204297.08FU_EU254801_refs,Diaporthales,Diaporthales,0.604,1
SH1235736.08FU_AY347339_reps,Diaporthales,Diaporthales,0.585,1
SH1204262.08FU_JQ414237_refs,Diaporthales,Diaporthales,0.836,1
SH1191688.08FU_MH469163_reps,Diaporthales,Diaporthales,0.0266,1
SH1204304.08FU_MF190117_refs,Diaporthales,Diaporthales,0.388,1
SH2595852.08FU_MH465618_reps,Diaporthales,Diaporthales,0.0391,1
SH1235728.08FU_HM122966_reps,Diaporthales,Diaporthales,0.868,1
SH1169988.08FU_MF190124_refs,Diaporthales,Diaporthales,0.889,1
SH1169961.08FU_MH267904_reps,Diaporthales,Diaporthales,0.476,1
SH1204305.08FU_JQ414265_refs,Diaporthales,Diaporthales,0.737,1
SH1235703.08FU_DQ996040_refs,Diaporthales,Diaporthales,0.869,1
SH1169933.08FU_KC343220_refs,Diaporthales,Diaporthales,0.473,1
SH1169943.08FU_MT974123_reps,Diaporthales,Diaporthales,0.399,1
SH1178336.08FU_AY339317_refs,Diaporthales,Diaporthales,0.479,1
SH1173878.08FU_MF190149_refs,Diaporthales,Diaporthales,0.513,1
SH1235700.08FU_KY051786_refs,Diaporthales,Diaporthales,0.892,1
SH1191684.08FU_MG605066_refs,Diaporthales,Diaporthales,0.0291,1
SH1237443.08FU_KF570164_refs,Diaporthales,Diaporthales,0.0926,1
SH1178366.08FU_DQ368755_refs,Diaporthales,Diaporthales,0.0234,1
SH1169967.08FU_KM669931_reps,Diaporthales,Diaporthales,0.615,1
SH1178354.08FU_GQ303276_refs,Diaporthales,Diaporthales,0.0234,1
SH1178328.08FU_MG585741_refs,Diaporthales,Diaporthales,0.827,1
SH2610970.08FU_UDB0398349_reps,Diaporthales,Diaporthales,0.335,1
SH1235740.08FU_UDB0225933_reps,Diaporthales,Diaporthales,0.525,1
SH1204272.08FU_EU254797_refs,Diaporthales,Diaporthales,0.559,1
SH1204275.08FU_KJ509958_reps,Diaporthales,Diaporthales,0.546,1
SH1235718.08FU_DQ996044_reps,Diaporthales,Diaporthales,0.426,1
SH1215701.08FU_MF190151_refs,Diaporthales,Diaporthales,0.772,1
SH1237441.08FU_EU039982_refs,Diaporthales,Diaporthales,0.0887,1
SH2592876.08FU_MK432669_reps,Diaporthales,Diaporthales,0.635,1
SH2592220.08FU_MH855393_reps,Diaporthales,Diaporthales,0.15,1
SH1191683.08FU_MH860062_refs,Diaporthales,Diaporthales,0.0291,1
SH1176627.08FU_KF496203_reps,Diaporthales,Diaporthales,0.0481,1
SH1178337.08FU_KJ027494_reps,Diaporthales,Diaporthales,0.0217,1
SH2593989.08FU_KY051842_reps,Diaporthales,Diaporthales,0.816,1
SH1204261.08FU_JQ414229_refs,Diaporthales,Diaporthales,0.725,1
SH1215700.08FU_GU320820_refs,Diaporthales,Diaporthales,0.649,1
SH3566277.08FU_MK673075_reps,Diaporthales,Diaporthales,0.525,1
SH1169946.08FU_JN225879_reps,Diaporthales,Diaporthales,0.0272,1
SH1169941.08FU_MF495369_reps,Diaporthales,Diaporthales,0.515,1
SH1169932.08FU_KX986784_reps,Diaporthales,Diaporthales,0.35,1
SH1179789.08FU_MH863731_reps,Diaporthales,Diaporthales,0.0927,1
SH1204263.08FU_KM585751_reps,Diaporthales,Diaporthales,0.808,1
SH1204273.08FU_EU255054_reps,Diaporthales,Diaporthales,0.57,1
SH1179785.08FU_JQ926256_refs,Diaporthales,Diaporthales,0.0945,1
SH1142720.08FU_MK524440_reps,Diaporthales,Diaporthales,0.0893,1
SH1178375.08FU_UDB0765858_reps,Diaporthales,Diaporthales,0.0101,1
SH1178343.08FU_DQ923532_reps,Diaporthales,Diaporthales,0.138,1
SH3566562.08FU_MT360042_reps,Diaporthales,Diaporthales,0.801,1
SH1235727.08FU_KR045651_refs,Diaporthales,Diaporthales,0.869,1
SH1235708.08FU_JX534244_reps,Diaporthales,Diaporthales,0.716,1
SH1178371.08FU_JQ862871_refs,Diaporthales,Diaporthales,0.24,1
SH1142719.08FU_KY523486_refs,Diaporthales,Diaporthales,0.0596,1
SH1178341.08FU_EU442650_reps,Diaporthales,Diaporthales,0.0437,1
SH1170043.08FU_KJ490633_refs,Diaporthales,Diaporthales,0.453,1
SH1235723.08FU_KR045628_refs,Diaporthales,Diaporthales,0.763,1
SH1186028.08FU_KR081251_reps,Diaporthales,Diaporthales,0.0798,1
SH1169923.08FU_AY347368_refs,Diaporthales,Diaporthales,0.686,1
SH1169916.08FU_JN053092_reps,Diaporthales,Diaporthales,0.879,1
SH1234488.08FU_JX481775_refs,Coniochaetales,Coniochaetales,0.585,1
SH1143592.08FU_EF433986_reps,Coniochaetales,Coniochaetales,0.0184,1
SH1234470.08FU_MG828880_refs,Coniochaetales,Coniochaetales,0.574,1
SH1143284.08FU_MH305502_reps,Coniochaetales,Coniochaetales,0.0767,1
SH1234503.08FU_KX611018_reps,Coniochaetales,Coniochaetales,0.515,1
SH1234466.08FU_HE610336_refs,Coniochaetales,Coniochaetales,0.759,1
SH1234482.08FU_KX908962_reps,Coniochaetales,Coniochaetales,0.491,1
SH1234489.08FU_JQ692166_reps,Coniochaetales,Coniochaetales,0.566,1
SH1215799.08FU_KU728307_reps,Sordariales,Sordariales,0.243,1
SH2612317.08FU_UDB0350045_reps,Sordariales,Sordariales,0.0203,1
SH1187776.08FU_AY515357_reps,Sordariales,Sordariales,0.557,1
SH1144349.08FU_KF412337_reps,Sordariales,Sordariales,0.0694,1
SH1215890.08FU_JF714250_reps,Sordariales,Sordariales,0.0527,1
SH1187771.08FU_KF618062_reps,Sordariales,Sordariales,0.418,1
SH1179144.08FU_MK304293_reps,Sordariales,Sordariales,0.0604,1
SH1173140.08FU_KJ699117_reps,Sordariales,Sordariales,0.0626,1
SH1247168.08FU_MH863030_reps,Sordariales,Sordariales,0.0604,1
SH1173136.08FU_HE610367_refs,Sordariales,Sordariales,0.0728,1
SH1173853.08FU_HM239884_reps,Sordariales,Sordariales,0.0313,1
SH1178595.08FU_AB572295_reps,Sordariales,Sordariales,0.0432,1
SH2602672.08FU_UDB0218403_reps,Sordariales,Sordariales,0.0314,1
SH1189390.08FU_JN936995_refs,Sordariales,Sordariales,0.0697,1
SH1189389.08FU_KX886204_reps,Sordariales,Sordariales,0.0682,1
SH2592961.08FU_MN956795_reps,Sordariales,Sordariales,0.0217,1
SH1178131.08FU_KY574383_reps,Sordariales,Sordariales,0.0315,1
SH1156374.08FU_MN533950_reps,Sordariales,Sordariales,0.0311,1
SH1215785.08FU_KU931475_reps,Sordariales,Sordariales,0.0387,1
SH1215796.08FU_JX280829_refs,Sordariales,Sordariales,0.776,1
SH2603548.08FU_UDB0232244_reps,Sordariales,NA,0.0,0
SH1236172.08FU_EF635832_reps,Sordariales,Sordariales,0.0315,1
SH1244313.08FU_JN936994_refs,Sordariales,Sordariales,0.0315,1
SH1178592.08FU_GU078649_reps,Sordariales,Sordariales,0.0539,1
SH2593682.08FU_LC175667_reps,Sordariales,Sordariales,0.0315,1
SH1173135.08FU_HE610364_refs,Sordariales,Sordariales,0.793,1
SH2607698.08FU_UDB0174585_reps,Sordariales,NA,0.0,0
SH1237075.08FU_UDB0646258_reps,Sordariales,Sordariales,0.421,1
SH1238678.08FU_JX556175_reps,Sordariales,Sordariales,0.0289,1
SH1215780.08FU_KM247662_reps,Sordariales,Sordariales,0.0192,1
SH1215795.08FU_UDB0519484_reps,Sordariales,Sordariales,0.411,1
SH2611251.08FU_UDB0300895_reps,Sordariales,Sordariales,0.349,1
SH1215779.08FU_UDB0122298_reps,Sordariales,Sordariales,0.525,1
SH1247283.08FU_DQ273346_reps,Sordariales,Sordariales,0.0313,1
SH1215771.08FU_AB625580_refs,Sordariales,Sordariales,0.553,1
SH1215825.08FU_UDB0769293_reps,Sordariales,Sordariales,0.0313,1
SH1173141.08FU_HE599387_reps,Sordariales,Sordariales,0.0471,1
SH1173138.08FU_HE610365_refs,Sordariales,Sordariales,0.0713,1
SH2595284.08FU_MN429285_reps,Sordariales,Sordariales,0.0503,1
SH1215818.08FU_KU746672_reps,Sordariales,Sordariales,0.418,1
SH1215827.08FU_HQ832982_reps,Sordariales,Sordariales,0.0579,1
SH2592021.08FU_UDB0670811_reps,Sordariales,Sordariales,0.0352,1
SH1215741.08FU_AB625592_refs,Sordariales,Sordariales,0.935,1
SH1171184.08FU_HM162187_reps,Sordariales,Sordariales,0.0549,1
SH2592013.08FU_MH855940_reps,Sordariales,Sordariales,0.0353,1
SH1215835.08FU_KU612338_reps,Sordariales,Sordariales,0.699,1
SH1215740.08FU_KF981440_refs,Sordariales,Sordariales,0.0579,1
SH1194555.08FU_UDB0239810_reps,Sordariales,Sordariales,0.0318,1
SH1194534.08FU_GQ924000_reps,Sordariales,Sordariales,0.0335,1
SH1150907.08FU_KJ767125_reps,Sordariales,Sordariales,0.0579,1
SH2607361.08FU_UDB0579739_reps,Sordariales,NA,0.0,0
SH1155276.08FU_MF374359_refs,Sordariales,Sordariales,0.0315,1
SH1245626.08FU_KT581882_reps,Sordariales,Sordariales,0.0469,1
SH1179249.08FU_KF730829_reps,Sordariales,Sordariales,0.0315,1
SH1178125.08FU_UDB005281_reps,Sordariales,Sordariales,0.0315,1
SH1187954.08FU_AY941822_refs,Hypocreales,Hypocreales,0.879,1
SH1151013.08FU_UDB0271543_reps,Hypocreales,Hypocreales,0.0377,1
SH1168797.08FU_KM652158_reps,Hypocreales,Hypocreales,0.0744,1
SH3686647.08FU_LC474615_reps,Hypocreales,NA,0.0,0
SH3567759.08FU_MT000705_reps,Hypocreales,NA,0.0,0
SH1237491.08FU_MF074839_reps,Hypocreales,Hypocreales,0.79,1
SH2597008.08FU_UDB039478_reps,Hypocreales,Hypocreales,0.808,1
SH1155544.08FU_AF210668_refs,Hypocreales,Hypocreales,0.307,1
SH1162567.08FU_FJ389951_refs,Hypocreales,Eurotiales,0.479,0
SH1191914.08FU_MF681488_reps,Hypocreales,Hypocreales,0.0617,1
SH2611042.08FU_UDB0409891_reps,Hypocreales,Hypocreales,0.212,1
SH1194452.08FU_KT946848_reps,Hypocreales,Hypocreales,0.235,1
SH1168445.08FU_UDB0396724_reps,Hypocreales,Hypocreales,0.0209,1
SH1194434.08FU_FJ904634_refs,Hypocreales,Hypocreales,0.892,1
SH1143438.08FU_KM231748_reps,Hypocreales,Hypocreales,0.503,1
SH1163337.08FU_LC317710_reps,Hypocreales,Hypocreales,0.494,1
SH1188059.08FU_FJ860764_refs,Hypocreales,Hypocreales,0.816,1
SH1144398.08FU_KY415577_reps,Hypocreales,Hypocreales,0.0744,1
SH1169328.08FU_EU081846_reps,Hypocreales,Hypocreales,0.0733,1
SH2596932.08FU_UDB0778742_reps,Hypocreales,Hypocreales,0.349,1
SH1188012.08FU_FJ860720_refs,Hypocreales,Hypocreales,0.75,1
SH1156616.08FU_AJ786589_reps,Hypocreales,Hypocreales,0.05,1
SH1156641.08FU_MT887564_reps,Hypocreales,Hypocreales,0.555,1
SH1187988.08FU_FJ860750_refs,Hypocreales,Hypocreales,0.675,1
SH1188241.08FU_MH726097_reps,Hypocreales,Hypocreales,0.56,1
SH1237515.08FU_UDB0309985_reps,Hypocreales,Hypocreales,0.0581,1
SH1177429.08FU_KU729716_refs,Hypocreales,Hypocreales,0.326,1
SH1177433.08FU_AJ243773_reps,Hypocreales,Hypocreales,0.266,1
SH1183126.08FU_KF669512_reps,Hypocreales,Hypocreales,0.0284,1
SH1182829.08FU_HE798150_refs,Hypocreales,Hypocreales,0.0657,1
SH1181282.08FU_KU845988_refs,Hypocreales,Hypocreales,0.736,1
SH1143515.08FU_UDB0757984_reps,Hypocreales,Hypocreales,0.0437,1
SH1190976.08FU_KC965330_reps,Hypocreales,Hypocreales,0.181,1
SH1187860.08FU_AY737759_refs,Hypocreales,Hypocreales,0.877,1
SH1237489.08FU_KY432349_reps,Hypocreales,Hypocreales,0.545,1
SH1188105.08FU_MH864424_reps,Hypocreales,Hypocreales,0.458,1
SH1181299.08FU_KX306748_refs,Hypocreales,Hypocreales,0.595,1
SH1156615.08FU_KF373544_reps,Hypocreales,Hypocreales,0.0567,1
SH1174680.08FU_UDB0221306_reps,Hypocreales,Hypocreales,0.046,1
SH1157885.08FU_KC561835_reps,Hypocreales,Hypocreales,0.0698,1
SH1176900.08FU_JF735259_reps,Hypocreales,Hypocreales,0.736,1
SH1191912.08FU_MG826917_reps,Hypocreales,Hypocreales,0.0459,1
SH1209352.08FU_KP306955_reps,Hypocreales,Hypocreales,0.0677,1
SH1156605.08FU_AJ536563_reps,Hypocreales,Hypocreales,0.345,1
SH1161419.08FU_MH268016_reps,Hypocreales,Hypocreales,0.704,1
SH1162235.08FU_EU037050_refs,Hypocreales,Eurotiales,0.414,0
SH1186852.08FU_KU999977_reps,Hypocreales,Hypocreales,0.0231,1
SH1185589.08FU_KM265751_reps,Hypocreales,Hypocreales,0.0619,1
SH1166914.08FU_MF176004_reps,Hypocreales,Hypocreales,0.61,1
SH1187864.08FU_AB257268_reps,Hypocreales,Hypocreales,0.918,1
SH1194462.08FU_UDB0630465_reps,Hypocreales,Polyporales,0.083,0
SH1237673.08FU_AJ786598_refs,Hypocreales,Hypocreales,0.0744,1
SH1156624.08FU_MT000695_reps,Hypocreales,Hypocreales,0.608,1
SH1157459.08FU_AJ292415_refs,Hypocreales,Hypocreales,0.0676,1
SH1186851.08FU_MG835711_reps,Hypocreales,Hypocreales,0.0672,1
SH1173594.08FU_EU926229_refs,Hypocreales,Hypocreales,0.952,1
SH1194455.08FU_JN093257_reps,Hypocreales,Hypocreales,0.0644,1
SH1177522.08FU_UDB0575691_reps,Hypocreales,Hypocreales,0.934,1
SH1170553.08FU_FN691451_refs,Hypocreales,Hypocreales,0.83,1
SH1156591.08FU_MK329096_reps,Hypocreales,Hypocreales,0.737,1
SH1173627.08FU_JQ434585_refs,Hypocreales,Hypocreales,0.643,1
SH1237987.08FU_FJ860791_refs,Hypocreales,Hypocreales,0.876,1
SH1142349.08FU_LC428827_reps,Hypocreales,Hypocreales,0.0878,1
SH1238881.08FU_KM231771_refs,Hypocreales,Hypocreales,0.305,1
SH1183432.08FU_MH858851_reps,Hypocreales,Hypocreales,0.91,1
SH1177378.08FU_HM195305_refs,Hypocreales,Hypocreales,0.659,1
SH2602384.08FU_UDB054177_reps,Hypocreales,NA,0.0,0
SH1184607.08FU_MH866012_reps,Hypocreales,Hypocreales,0.603,1
SH1188015.08FU_MH268138_reps,Hypocreales,Hypocreales,0.885,1
SH2604619.08FU_UDB0348295_reps,Hypocreales,Hypocreales,0.031,1
SH1168507.08FU_KF466233_reps,Hypocreales,Hypocreales,0.0455,1
SH1143474.08FU_UDB0400661_reps,Hypocreales,Hypocreales,0.0368,1
SH1173643.08FU_FJ474076_reps,Hypocreales,Hypocreales,0.63,1
SH1235907.08FU_AB065424_reps,Hypocreales,Hypocreales,0.0698,1
SH1157006.08FU_KP899627_reps,Hypocreales,Hypocreales,0.0899,1
SH1177392.08FU_HQ165702_reps,Hypocreales,Hypocreales,0.0651,1
SH1182438.08FU_KM817110_reps,Hypocreales,Hypocreales,0.899,1
SH1182747.08FU_MG827022_refs,Hypocreales,Hypocreales,0.0529,1
SH1183107.08FU_MG386077_refs,Hypocreales,Hypocreales,0.335,1
SH1188058.08FU_FJ860765_reps,Hypocreales,Hypocreales,0.816,1
SH1179839.08FU_JX042890_reps,Hypocreales,Hypocreales,0.299,1
SH2606136.08FU_UDB0127083_reps,Hypocreales,NA,0.0,0
SH1183454.08FU_KU382205_refs,Hypocreales,Hypocreales,0.0433,1
SH1238087.08FU_HF546232_reps,Hypocreales,Hypocreales,0.0664,1
SH1194451.08FU_KU382158_refs,Hypocreales,Hypocreales,0.643,1
SH1197563.08FU_AJ292394_refs,Hypocreales,Hypocreales,0.886,1
SH1200372.08FU_JN049860_reps,Hypocreales,Hypocreales,0.0637,1
SH1170558.08FU_HG965034_refs,Hypocreales,Hypocreales,0.432,1
SH2607455.08FU_UDB0166406_reps,Hypocreales,NA,0.0,0
SH1152951.08FU_KP131521_refs,Hypocreales,Hypocreales,0.0237,1
SH3567386.08FU_MN947220_reps,Hypocreales,NA,0.0,0
SH1177377.08FU_KC603897_reps,Hypocreales,Hypocreales,0.652,1
SH1188071.08FU_FJ860782_refs,Hypocreales,Hypocreales,0.916,1
SH1188238.08FU_GU219469_reps,Hypocreales,Hypocreales,0.0868,1
SH1191910.08FU_MG827014_refs,Hypocreales,Hypocreales,0.0655,1
SH1173588.08FU_AB587028_refs,Hypocreales,Hypocreales,0.937,1
SH1237487.08FU_MH633945_reps,Hypocreales,Hypocreales,0.78,1
SH1182750.08FU_KU059879_reps,Hypocreales,Hypocreales,0.0899,1
SH1229414.08FU_AB925948_reps,Hypocreales,Hypocreales,0.694,1
SH1246454.08FU_MG431982_reps,Hypocreales,Hypocreales,0.0878,1
SH1157468.08FU_AJ292416_refs,Hypocreales,Hypocreales,0.0598,1
SH1187412.08FU_EU409584_reps,Hypocreales,Hypocreales,0.0698,1
SH1177371.08FU_AY624197_refs,Hypocreales,Hypocreales,0.199,1
SH2597071.08FU_UDB0778310_reps,Hypocreales,Hypocreales,0.0784,1
SH1175586.08FU_KC291746_refs,Hypocreales,Hypocreales,0.885,1
SH1184603.08FU_JQ403327_reps,Hypocreales,Hypocreales,0.52,1
SH2596393.08FU_MK861081_reps,Hypocreales,Hypocreales,0.442,1
SH1171264.08FU_JN942612_reps,Hypocreales,Hypocreales,0.0698,1
SH1156598.08FU_EU284721_reps,Hypocreales,Hypocreales,0.496,1
SH1170563.08FU_MK541537_reps,Hypocreales,Hypocreales,0.742,1
SH2593225.08FU_MH327817_refs,Hypocreales,Hypocreales,0.0219,1
SH1202955.08FU_MT757841_reps,Hypocreales,Hypocreales,0.0497,1
SH1184523.08FU_KM492887_refs,Hypocreales,Hypocreales,0.109,1
SH1158747.08FU_AB925942_reps,Hypocreales,Hypocreales,0.0744,1
SH1181375.08FU_JN890389_reps,Hypocreales,Hypocreales,0.493,1
SH1177917.08FU_KC167175_reps,Hypocreales,Hypocreales,0.795,1
SH1155548.08FU_KU382183_reps,Hypocreales,Hypocreales,0.522,1
SH1175197.08FU_MF408439_reps,Hypocreales,Hypocreales,0.9,1
SH1246473.08FU_JX192720_reps,Hypocreales,Hypocreales,0.0569,1
SH1173619.08FU_JX179209_reps,Hypocreales,Hypocreales,0.862,1
SH1148347.08FU_KM278109_reps,Hypocreales,Hypocreales,0.0635,1
SH1156647.08FU_KC111884_reps,Hypocreales,Hypocreales,0.87,1
SH1169509.08FU_FN859417_refs,Hypocreales,Hypocreales,0.77,1
SH1184601.08FU_KJ022003_reps,Hypocreales,Hypocreales,0.662,1
SH1188234.08FU_HE584874_reps,Hypocreales,Hypocreales,0.654,1
SH1237432.08FU_KY415575_reps,Hypocreales,Hypocreales,0.0744,1
SH1143437.08FU_HQ211715_reps,Hypocreales,Hypocreales,0.0226,1
SH1212042.08FU_JX179196_reps,Hypocreales,Hypocreales,0.864,1
SH2592864.08FU_MK432773_reps,Hypocreales,Hypocreales,0.0698,1
SH1156619.08FU_MK312308_reps,Hypocreales,Hypocreales,0.0505,1
SH1182708.08FU_KJ783296_refs,Hypocreales,Hypocreales,0.536,1
SH1188173.08FU_GQ255692_reps,Hypocreales,Hypocreales,0.72,1
SH2592049.08FU_UDB0273796_reps,Hypocreales,Hypocreales,0.0778,1
SH2595121.08FU_MN503521_reps,Hypocreales,Hypocreales,0.898,1
SH2597005.08FU_UDB0468077_reps,Hypocreales,Hypocreales,0.0899,1
SH1188225.08FU_UDB0755708_reps,Hypocreales,Hypocreales,0.728,1
SH1173649.08FU_MW215865_reps,Hypocreales,Hypocreales,0.0793,1
SH3566982.08FU_MT153958_reps,Hypocreales,NA,0.0,0
SH3568007.08FU_MT356078_reps,Hypocreales,Hypocreales,0.54,1
SH1235932.08FU_MG826983_reps,Hypocreales,Hypocreales,0.0888,1
SH1156593.08FU_AB712266_refs,Hypocreales,Hypocreales,0.671,1
SH1169232.08FU_KT447319_reps,Hypocreales,Hypocreales,0.0744,1
SH1212050.08FU_KP903473_reps,Hypocreales,Hypocreales,0.934,1
SH1188033.08FU_JF439479_reps,Hypocreales,Hypocreales,0.0899,1
SH2595736.08FU_MN176345_reps,Hypocreales,Hypocreales,0.691,1
SH1183430.08FU_AF502641_reps,Hypocreales,Hypocreales,0.728,1
SH1169513.08FU_JQ814696_refs,Hypocreales,Hypocreales,0.0579,1
SH1181303.08FU_AF081473_reps,Hypocreales,Hypocreales,0.31,1
SH1148339.08FU_AB540575_refs,Hypocreales,Hypocreales,0.802,1
SH1229412.08FU_KU898845_reps,Hypocreales,Hypocreales,0.853,1
SH1188107.08FU_AB742527_reps,Hypocreales,Hypocreales,0.458,1
SH1188095.08FU_KY687952_reps,Hypocreales,Hypocreales,0.893,1
SH1194438.08FU_AF054863_refs,Hypocreales,Hypocreales,0.574,1
SH1155427.08FU_UDB0584274_reps,Hypocreales,Hypocreales,0.0869,1
SH1239000.08FU_KM231856_reps,Hypocreales,Hypocreales,0.023,1
SH1183647.08FU_KM231741_refs,Hypocreales,Hypocreales,0.0878,1
SH1155540.08FU_AF502660_reps,Hypocreales,Hypocreales,0.771,1
SH1237476.08FU_JN049844_refs,Hypocreales,Hypocreales,0.857,1
SH1184597.08FU_JQ403308_refs,Hypocreales,Hypocreales,0.652,1
SH1182841.08FU_UDB0752836_reps,Hypocreales,Hypocreales,0.06,1
SH1173625.08FU_DQ366707_refs,Hypocreales,Hypocreales,0.681,1
SH1194461.08FU_UDB0780968_reps,Hypocreales,Hypocreales,0.0825,1
SH1194456.08FU_UDB0778309_reps,Hypocreales,Hypocreales,0.542,1
SH1143412.08FU_MG595222_reps,Hypocreales,Hypocreales,0.023,1
SH1197567.08FU_KC008871_reps,Hypocreales,Hypocreales,0.685,1
SH1177380.08FU_MN781901_reps,Hypocreales,Hypocreales,0.0644,1
SH2593320.08FU_MH795091_refs,Hypocreales,Hypocreales,0.147,1
SH1187136.08FU_UDB035118_refs,Hypocreales,Hypocreales,0.0276,1
SH1170555.08FU_FN706540_refs,Hypocreales,Hypocreales,0.813,1
SH2601293.08FU_UDB0128774_reps,Hypocreales,Hypocreales,0.166,1
SH1189383.08FU_KU382150_refs,Hypocreales,Hypocreales,0.0508,1
SH1159953.08FU_AM947668_refs,Hypocreales,Hypocreales,0.899,1
SH1237479.08FU_KF412321_reps,Hypocreales,Hypocreales,0.698,1
SH1168588.08FU_JN049819_reps,Hypocreales,Hypocreales,0.0744,1
SH1169512.08FU_KJ524677_reps,Hypocreales,Hypocreales,0.0627,1
SH3566661.08FU_MT293602_reps,Hypocreales,Hypocreales,0.782,1
SH3567857.08FU_MN781915_reps,Hypocreales,Hypocreales,0.123,1
SH1173604.08FU_AB586997_refs,Hypocreales,Hypocreales,0.905,1
SH1143432.08FU_FJ224113_reps,Hypocreales,Hypocreales,0.0662,1
SH1143434.08FU_KF767353_refs,Hypocreales,Hypocreales,0.845,1
SH1187898.08FU_KJ729480_reps,Hypocreales,Hypocreales,0.938,1
SH1183367.08FU_AY624193_refs,Hypocreales,Hypocreales,0.708,1
SH3216593.08FU_UDB0626135_reps,Hypocreales,NA,0.0,0
SH1188979.08FU_HF680236_refs,Hypocreales,Hypocreales,0.0549,1
SH1234026.08FU_JQ647430_refs,Hypocreales,Glomerellales,0.769,0
SH2609617.08FU_UDB0236617_reps,Hypocreales,NA,0.0,0
SH1234329.08FU_KP235253_reps,Hypocreales,Hypocreales,0.152,1
SH1209343.08FU_KC506283_reps,Hypocreales,Hypocreales,0.0826,1
SH1184527.08FU_KM492889_reps,Hypocreales,Hypocreales,0.0989,1
SH1237001.08FU_KX022396_reps,Hypocreales,Hypocreales,0.0612,1
SH1182754.08FU_JX155888_reps,Hypocreales,Hypocreales,0.0878,1
SH1156595.08FU_KF417583_reps,Hypocreales,Hypocreales,0.829,1
SH1194441.08FU_KU382208_refs,Hypocreales,Hypocreales,0.135,1
SH1202973.08FU_AM421087_reps,Hypocreales,Hypocreales,0.775,1
SH1155542.08FU_AF210669_refs,Hypocreales,Hypocreales,0.0674,1
SH1188167.08FU_JN039040_reps,Hypocreales,Hypocreales,0.92,1
SH1170635.08FU_KY554959_reps,Hypocreales,Hypocreales,0.586,1
SH1148348.08FU_MH859410_refs,Hypocreales,Hypocreales,0.355,1
SH1180422.08FU_DQ365850_reps,Hypocreales,Hypocreales,0.0698,1
SH1202975.08FU_AM746019_reps,Hypocreales,Hypocreales,0.788,1
SH1183127.08FU_KU846291_refs,Hypocreales,Hypocreales,0.863,1
SH1173660.08FU_UDB0387706_reps,Hypocreales,Hypocreales,0.062,1
SH1177379.08FU_MT078877_reps,Hypocreales,Hypocreales,0.531,1
SH1194445.08FU_AF054860_refs,Hypocreales,Hypocreales,0.765,1
SH1197573.08FU_UDB0755165_reps,Hypocreales,Hypocreales,0.921,1
SH1168966.08FU_KR611883_refs,Hypocreales,Hypocreales,0.0231,1
SH1184888.08FU_KF435344_reps,Xylariales,Xylariales,0.344,1
SH1149229.08FU_DQ201124_refs,Xylariales,Xylariales,0.0732,1
SH1170111.08FU_FN812846_reps,Xylariales,Xylariales,0.856,1
SH2587881.08FU_FJ820776_reps,Xylariales,Xylariales,0.0276,1
SH3565297.08FU_MN562110_reps,Xylariales,NA,0.0,0
SH3568303.08FU_MT882157_reps,Xylariales,NA,0.0,0
SH1168516.08FU_MH425293_reps,Xylariales,Xylariales,0.0732,1
SH1144684.08FU_MT772299_reps,Xylariales,Xylariales,0.0538,1
SH1198307.08FU_JQ759951_reps,Xylariales,Xylariales,0.155,1
SH2604241.08FU_UDB082875_reps,Xylariales,NA,0.0,0
SH1143899.08FU_KY250373_reps,Xylariales,Xylariales,0.0732,1
SH1149883.08FU_HM595552_reps,Xylariales,Xylariales,0.284,1
SH1144314.08FU_JF773673_reps,Xylariales,Xylariales,0.891,1
SH1151404.08FU_AB934118_reps,Xylariales,Xylariales,0.0732,1
SH1144311.08FU_KY069246_reps,Xylariales,Xylariales,0.617,1
SH1192155.08FU_KP133204_reps,Xylariales,Xylariales,0.0732,1
SH1214781.08FU_KC405563_reps,Xylariales,Xylariales,0.949,1
SH1194251.08FU_JN903537_reps,Xylariales,Xylariales,0.0732,1
SH2606356.08FU_UDB0419761_reps,Xylariales,NA,0.0,0
SH1184184.08FU_GU174383_reps,Xylariales,Xylariales,0.0598,1
SH1187546.08FU_UDB0479520_reps,Xylariales,Xylariales,0.0369,1
SH1179978.08FU_KP747691_reps,Xylariales,Xylariales,0.0732,1
SH1189064.08FU_MG592688_reps,Xylariales,NA,0.0,0
SH1214999.08FU_AB274813_reps,Xylariales,Xylariales,0.0732,1
SH1149384.08FU_KM610281_reps,Xylariales,Xylariales,0.0732,1
SH1177632.08FU_KJ710460_refs,Xylariales,Xylariales,0.464,1
SH2593656.08FU_MH003367_reps,Xylariales,Xylariales,0.0732,1
SH1232350.08FU_KC774593_refs,Xylariales,Xylariales,0.0732,1
SH1179108.08FU_KT289624_reps,Xylariales,Xylariales,0.0732,1
SH1241577.08FU_MG386042_refs,Xylariales,Xylariales,0.0279,1
SH1177644.08FU_KJ921926_reps,Xylariales,Xylariales,0.0442,1
SH1144305.08FU_KY610395_refs,Xylariales,Xylariales,0.893,1
SH1178475.08FU_JQ760548_reps,Xylariales,Xylariales,0.053,1
SH1170225.08FU_MG768835_reps,Xylariales,Xylariales,0.346,1
SH1213421.08FU_JX139580_reps,Xylariales,Xylariales,0.0589,1
SH1179485.08FU_KP858999_refs,Xylariales,Xylariales,0.342,1
SH1143743.08FU_KU683892_reps,Xylariales,Xylariales,0.0732,1
SH1169474.08FU_KF144911_refs,Xylariales,Xylariales,0.897,1
SH1170355.08FU_KC774584_refs,Xylariales,Xylariales,0.0567,1
SH1192152.08FU_AJ390434_reps,Xylariales,Xylariales,0.0732,1
SH1214789.08FU_MN634086_reps,Xylariales,Xylariales,0.898,1
SH1172555.08FU_KP859048_refs,Xylariales,Xylariales,0.0279,1
SH1190041.08FU_FR715522_refs,Xylariales,Diaporthales,0.0212,0
SH1183444.08FU_MN194623_reps,Xylariales,Xylariales,0.0732,1
SH1179121.08FU_MT183988_reps,Xylariales,Xylariales,0.0688,1
SH1179097.08FU_KP991978_reps,Xylariales,Xylariales,0.313,1
SH1170170.08FU_KP133320_reps,Xylariales,Xylariales,0.0666,1
SH1177647.08FU_MG828961_refs,Xylariales,Xylariales,0.445,1
SH1170212.08FU_KC771489_reps,Xylariales,Xylariales,0.782,1
SH1142303.08FU_KT366012_reps,Xylariales,Xylariales,0.0652,1
SH1179477.08FU_KP859009_refs,Xylariales,Xylariales,0.207,1
SH1170277.08FU_MN655980_reps,Xylariales,Xylariales,0.0362,1
SH1194836.08FU_KY364641_reps,Xylariales,Xylariales,0.754,1
SH1179492.08FU_KP859053_refs,Xylariales,Xylariales,0.0222,1
SH1186266.08FU_MH854724_refs,Xylariales,Xylariales,0.0907,1
SH1143210.08FU_KR092787_refs,Xylariales,Xylariales,0.0279,1
SH1190469.08FU_FJ746656_reps,Xylariales,Xylariales,0.845,1
SH1144320.08FU_JX658475_reps,Xylariales,Xylariales,0.864,1
SH1142300.08FU_JQ862660_reps,Xylariales,Xylariales,0.0732,1
SH1173558.08FU_UDB0763370_reps,Xylariales,Xylariales,0.038,1
SH1169484.08FU_KF144910_refs,Xylariales,Xylariales,0.656,1
SH1194829.08FU_MN534840_reps,Xylariales,Xylariales,0.0652,1
SH3565789.08FU_MT757790_reps,Xylariales,Xylariales,0.87,1
SH3567383.08FU_MT756621_reps,Xylariales,NA,0.0,0
SH1184882.08FU_MF615004_reps,Xylariales,Xylariales,0.72,1
SH1213414.08FU_AY616703_refs,Xylariales,Xylariales,0.0732,1
SH1213410.08FU_FJ185308_refs,Xylariales,Xylariales,0.93,1
SH1151057.08FU_MT772094_reps,Xylariales,Xylariales,0.606,1
SH1155442.08FU_KU516688_reps,Xylariales,Xylariales,0.632,1
SH1170303.08FU_MT146476_reps,Xylariales,Xylariales,0.711,1
SH1170214.08FU_AY971716_reps,Xylariales,Xylariales,0.0724,1
SH1213420.08FU_DQ223741_refs,Xylariales,Xylariales,0.0732,1
SH2592692.08FU_MH822986_reps,Xylariales,Xylariales,0.375,1
SH1178529.08FU_JQ761022_reps,Xylariales,Xylariales,0.0732,1
SH1175104.08FU_JN890355_reps,Xylariales,Xylariales,0.244,1
SH1150141.08FU_JN851017_reps,Xylariales,Xylariales,0.0732,1
SH1237184.08FU_DQ278919_refs,Xylariales,Xylariales,0.646,1
SH1177213.08FU_HM585020_reps,Xylariales,Xylariales,0.0732,1
SH1179107.08FU_KJ542314_reps,Xylariales,Xylariales,0.0725,1
SH1237626.08FU_AJ390431_refs,Xylariales,Xylariales,0.427,1
SH1184890.08FU_KT949902_refs,Xylariales,Xylariales,0.0782,1
SH2593265.08FU_MK247958_reps,Xylariales,Xylariales,0.0719,1
SH1191715.08FU_MH374414_reps,Xylariales,Xylariales,0.0512,1
SH1184885.08FU_KX789680_refs,Xylariales,Xylariales,0.486,1
SH1170263.08FU_AF432179_reps,Xylariales,Xylariales,0.668,1
SH1183042.08FU_MN523323_reps,Xylariales,Xylariales,0.0732,1
SH1181950.08FU_AB670712_reps,Xylariales,Xylariales,0.0685,1
SH1156905.08FU_MG192320_refs,Xylariales,Xylariales,0.047,1
SH1173378.08FU_EU178738_refs,Xylariales,Xylariales,0.0732,1
SH1149844.08FU_UDB0269804_reps,Xylariales,Xylariales,0.0732,1
SH1237192.08FU_KR072673_refs,Xylariales,Xylariales,0.54,1
SH1213415.08FU_FJ185307_refs,Xylariales,Xylariales,0.628,1
SH1178845.08FU_UDB004156_reps,Xylariales,Xylariales,0.0279,1
SH2608506.08FU_UDB0393071_reps,Xylariales,NA,0.0,0
SH1171676.08FU_EU179869_reps,Xylariales,Xylariales,0.0732,1
SH2611708.08FU_UDB0482296_reps,Xylariales,NA,0.0,0
SH1235911.08FU_DQ322096_refs,Xylariales,Xylariales,0.0732,1
SH1237185.08FU_AB683953_refs,Xylariales,Xylariales,0.65,1
SH1172068.08FU_AM749923_refs,Xylariales,Xylariales,0.481,1
SH1170143.08FU_KJ411549_reps,Xylariales,Xylariales,0.664,1
SH1170139.08FU_KR534679_reps,Xylariales,Xylariales,0.0732,1
SH1182484.08FU_FJ172294_refs,Xylariales,Xylariales,0.811,1
SH1238210.08FU_JN903549_reps,Xylariales,NA,0.0,0
SH1181083.08FU_KY752761_reps,Xylariales,Xylariales,0.899,1
SH1170129.08FU_KR534687_reps,Xylariales,Xylariales,0.0725,1
SH1190484.08FU_FJ172277_reps,Xylariales,Xylariales,0.832,1
SH1144301.08FU_DQ631938_refs,Xylariales,Xylariales,0.944,1
SH1179138.08FU_MG748590_reps,Xylariales,Xylariales,0.0732,1
SH2605453.08FU_UDB0125479_reps,Xylariales,NA,0.0,0
SH1192150.08FU_GU300080_reps,Xylariales,Xylariales,0.0732,1
SH1173554.08FU_UDB035051_refs,Xylariales,Xylariales,0.0559,1
SH3565511.08FU_MK503821_reps,Xylariales,NA,0.0,0
SH1190464.08FU_MF959501_refs,Xylariales,Xylariales,0.891,1
SH1171210.08FU_FN252429_refs,Xylariales,Xylariales,0.0732,1
SH1148253.08FU_KM244744_reps,Xylariales,Xylariales,0.0279,1
SH1143510.08FU_KR069112_reps,Xylariales,Xylariales,0.0412,1
SH1236180.08FU_KF435590_reps,Xylariales,Xylariales,0.0147,1
SH1170116.08FU_HQ023067_reps,Xylariales,Xylariales,0.875,1
SH1186805.08FU_MN128880_reps,Xylariales,Xylariales,0.0732,1
SH1223314.08FU_KM396646_reps,Xylariales,Xylariales,0.0652,1
SH1191714.08FU_MH374419_reps,Xylariales,Xylariales,0.0732,1
SH1223315.08FU_KF964565_refs,Xylariales,Xylariales,0.0652,1
SH1188366.08FU_KX228289_refs,Xylariales,Xylariales,0.0279,1
SH1170404.08FU_AB462498_reps,Xylariales,Xylariales,0.717,1
SH2608268.08FU_UDB0387776_reps,Xylariales,NA,0.0,0
SH1150398.08FU_KU683763_reps,Xylariales,Xylariales,0.0868,1
SH2588655.08FU_MH857366_refs,Xylariales,Xylariales,0.509,1
SH2613779.08FU_UDB0584060_reps,Xylariales,Xylariales,0.312,1
SH1170122.08FU_AF502743_reps,Xylariales,Xylariales,0.522,1
SH1170184.08FU_KP218905_refs,Xylariales,Xylariales,0.836,1
SH1170158.08FU_DQ322163_reps,Xylariales,Xylariales,0.571,1
SH1177640.08FU_UDB0547385_reps,Xylariales,Xylariales,0.0276,1
SH1184864.08FU_KC537804_refs,Xylariales,Xylariales,0.484,1
SH1153152.08FU_UDB033665_reps,Xylariales,Xylariales,0.0732,1
SH1158526.08FU_MN622767_reps,Xylariales,Xylariales,0.0732,1
SH1170183.08FU_EU686918_reps,Xylariales,Xylariales,0.0716,1
SH1179119.08FU_DQ322082_reps,Xylariales,Xylariales,0.0732,1
SH1171212.08FU_MK614770_reps,Xylariales,Xylariales,0.0732,1
SH1169490.08FU_KF435797_reps,Xylariales,Xylariales,0.0809,1
SH1170140.08FU_GU054166_reps,Xylariales,Xylariales,0.0376,1
SH1170230.08FU_KY250410_reps,Xylariales,Xylariales,0.0732,1
SH1169485.08FU_JQ246355_refs,Xylariales,Xylariales,0.0412,1
SH1179109.08FU_UDB035332_reps,Xylariales,Xylariales,0.0732,1
SH1177646.08FU_KU500020_reps,Xylariales,Xylariales,0.306,1
SH1213315.08FU_DQ322119_reps,Xylariales,Xylariales,0.0732,1
SH1179102.08FU_HG934112_reps,Xylariales,Xylariales,0.0694,1
SH1170206.08FU_KF719196_reps,Xylariales,Xylariales,0.431,1
SH1189564.08FU_MH268154_reps,Xylariales,Xylariales,0.0682,1
SH1170326.08FU_KM357295_reps,Xylariales,Xylariales,0.749,1
SH1173943.08FU_KM077162_reps,Xylariales,Xylariales,0.0729,1
SH1170149.08FU_KP133497_reps,Xylariales,Xylariales,0.521,1
SH1235384.08FU_KY206773_refs,Xylariales,Xylariales,0.0279,1
SH2602553.08FU_UDB058892_reps,Xylariales,Xylariales,0.0772,1
SH1237650.08FU_KF269181_reps,Xylariales,Xylariales,0.0732,1
SH1184865.08FU_KJ869128_refs,Xylariales,Xylariales,0.516,1
SH1172064.08FU_KX271310_reps,Xylariales,Xylariales,0.69,1
SH1169477.08FU_KR011352_refs,Xylariales,Xylariales,0.0356,1
SH1184879.08FU_KR476723_refs,Xylariales,Xylariales,0.0426,1
SH1142428.08FU_KP133530_reps,Xylariales,Xylariales,0.0732,1
SH1173555.08FU_KY463491_reps,Xylariales,Xylariales,0.0728,1
SH1171206.08FU_JQ009321_refs,Xylariales,Xylariales,0.0732,1
SH1184869.08FU_KP859050_refs,Xylariales,Xylariales,0.311,1
SH1211583.08FU_KY421940_reps,Magnaporthales,Magnaporthales,0.0474,1
SH1190077.08FU_AY265325_reps,Magnaporthales,Magnaporthales,0.0474,1
SH1187164.08FU_AY265328_reps,Magnaporthales,Magnaporthales,0.0474,1
SH1187174.08FU_JF951153_reps,Magnaporthales,Magnaporthales,0.0474,1
SH1211591.08FU_MF971509_reps,Magnaporthales,Magnaporthales,0.0314,1
SH1187162.08FU_KF436089_reps,Magnaporthales,Magnaporthales,0.0371,1
SH2601856.08FU_MT645140_reps,Magnaporthales,NA,0.0,0
SH1228780.08FU_KY940500_reps,Magnaporthales,Magnaporthales,0.0237,1
SH1187160.08FU_KM484876_refs,Magnaporthales,Magnaporthales,0.0474,1
SH1185605.08FU_AF178548_reps,Chaetosphaeriales,Chaetosphaeriales,0.0419,1
SH2606810.08FU_UDB0166351_reps,Chaetosphaeriales,NA,0.0,0
SH1153685.08FU_FJ612704_reps,Chaetosphaeriales,Chaetosphaeriales,0.0277,1
SH1178094.08FU_JQ889277_refs,Chaetosphaeriales,Chaetosphaeriales,0.401,1
SH1150503.08FU_EU037892_refs,Chaetosphaeriales,Chaetosphaeriales,0.0419,1
SH1153686.08FU_KP004465_refs,Chaetosphaeriales,Chaetosphaeriales,0.116,1
SH1172055.08FU_KY173408_refs,Chaetosphaeriales,Chaetosphaeriales,0.0419,1
SH1185611.08FU_AF178557_reps,Chaetosphaeriales,Chaetosphaeriales,0.0419,1
SH1185697.08FU_UDB0174447_reps,Chaetosphaeriales,Chaetosphaeriales,0.0115,1
SH1185618.08FU_AF178551_reps,Chaetosphaeriales,Chaetosphaeriales,0.0419,1
SH1153680.08FU_KX609956_refs,Chaetosphaeriales,Chaetosphaeriales,0.0419,1
SH1149172.08FU_AF178546_reps,Chaetosphaeriales,Chaetosphaeriales,0.0419,1
SH1153690.08FU_AB934076_refs,Chaetosphaeriales,Chaetosphaeriales,0.151,1
SH1190689.08FU_MK878378_reps,Pleurotheciales,Sordariales,0.0129,0
SH1187422.08FU_JQ074237_refs,Pleurotheciales,NA,0.0,0
SH2614674.08FU_MN699406_reps,Pleurotheciales,Helotiales,0.021,0
SH1242199.08FU_UDB0568331_reps,Pleurotheciales,NA,0.0,0
SH1241396.08FU_KT278721_refs,Pleurotheciales,NA,0.0,0
SH1150363.08FU_JQ429159_refs,Pleurotheciales,NA,0.0,0
SH2607270.08FU_UDB0314046_reps,Myrmecridiales,NA,0.0,0
SH1158482.08FU_KT991669_refs,Myrmecridiales,Myrmecridiales,0.0516,1
SH2609309.08FU_UDB0224707_reps,Myrmecridiales,NA,0.0,0
SH2595129.08FU_MK828697_reps,Myrmecridiales,Myrmecridiales,0.112,1
SH1169126.08FU_KF777169_refs,Myrmecridiales,Myrmecridiales,0.461,1
SH2607534.08FU_UDB0248435_reps,Myrmecridiales,NA,0.0,0
SH2596056.08FU_MN014058_reps,Myrmecridiales,Myrmecridiales,0.021,1
SH2603843.08FU_UDB0260051_reps,Myrmecridiales,NA,0.0,0
SH1238623.08FU_UDB0769910_reps,Branch06,Diaporthales,0.0226,0
SH1188864.08FU_KR051115_refs,Ophiostomatales,Ophiostomatales,0.0466,1
SH1177314.08FU_MK794503_reps,Ophiostomatales,NA,0.0,0
SH1154276.08FU_FJ804490_refs,Ophiostomatales,Ophiostomatales,0.906,1
SH1246581.08FU_KT192602_refs,Ophiostomatales,Ophiostomatales,0.0466,1
SH1143201.08FU_EF127890_refs,Ophiostomatales,Ophiostomatales,0.0466,1
SH1154297.08FU_HM031502_reps,Ophiostomatales,Ophiostomatales,0.0466,1
SH1224633.08FU_EU913701_reps,Ophiostomatales,Ophiostomatales,0.0466,1
SH1151694.08FU_AJ538335_refs,Ophiostomatales,Ophiostomatales,0.827,1
SH1225770.08FU_EU660453_refs,Ophiostomatales,Ophiostomatales,0.759,1
SH1151695.08FU_EU879124_reps,Ophiostomatales,Ophiostomatales,0.7,1
SH1245207.08FU_MG205646_reps,Ophiostomatales,Ophiostomatales,0.0466,1
SH1177312.08FU_KX590826_refs,Ophiostomatales,Ophiostomatales,0.0466,1
SH1173873.08FU_EU913719_reps,Ophiostomatales,Ophiostomatales,0.0466,1
SH2591681.08FU_MH555897_reps,Ophiostomatales,Ophiostomatales,0.913,1
SH1224526.08FU_EU913713_refs,Ophiostomatales,Ophiostomatales,0.0466,1
SH1177310.08FU_KR476721_refs,Ophiostomatales,Ophiostomatales,0.0466,1
SH1174580.08FU_MG205656_refs,Ophiostomatales,Ophiostomatales,0.0466,1
SH1177311.08FU_KT362254_reps,Ophiostomatales,Ophiostomatales,0.0466,1
SH1146363.08FU_GU129997_reps,Ophiostomatales,Ophiostomatales,0.0466,1
SH1225775.08FU_EU913721_refs,Ophiostomatales,Ophiostomatales,0.607,1
SH1146364.08FU_AM944644_reps,Ophiostomatales,Ophiostomatales,0.652,1
SH1236137.08FU_AY280489_refs,Ophiostomatales,Ophiostomatales,0.0466,1
SH1173822.08FU_HE866703_reps,Ophiostomatales,Ophiostomatales,0.0461,1
SH1225769.08FU_KP723457_reps,Ophiostomatales,Ophiostomatales,0.0463,1
SH3566872.08FU_MK748201_reps,Ophiostomatales,NA,0.0,0
SH2592172.08FU_MH857027_reps,Ophiostomatales,Ophiostomatales,0.367,1
SH1177309.08FU_HM051412_refs,Ophiostomatales,Ophiostomatales,0.0466,1
SH1143207.08FU_KX396549_refs,Ophiostomatales,Ophiostomatales,0.0466,1
SH2591964.08FU_MH862160_reps,Ophiostomatales,Ophiostomatales,0.0466,1
SH1156093.08FU_JX444631_reps,Ophiostomatales,Ophiostomatales,0.0466,1
SH1224631.08FU_DQ268608_reps,Ophiostomatales,Ophiostomatales,0.0466,1
SH2595123.08FU_MK878383_reps,Conioscyphales,NA,0.0,0
SH2592984.08FU_MW215778_reps,Conioscyphales,NA,0.0,0
SH2595940.08FU_MW133887_reps,Conioscyphales,NA,0.0,0
SH3234354.08FU_MN905829_reps,Hypoceales,NA,0.0,0
SH1144564.08FU_HQ889706_reps,Boliniales,Boliniales,0.126,1
SH1144573.08FU_EU686069_reps,Boliniales,NA,0.0,0
SH1144558.08FU_JX460988_refs,Boliniales,Boliniales,0.208,1
SH1186858.08FU_KU999962_reps,Boliniales,Boliniales,0.166,1
SH2608521.08FU_UDB0198735_reps,Boliniales,NA,0.0,0
SH1229108.08FU_KU747643_reps,Boliniales,Boliniales,0.0569,1
SH1229547.08FU_EU367446_refs,Calosphaeriales,Calosphaeriales,0.182,1
SH1143585.08FU_MH856788_reps,Annulatascales,Annulatascales,0.2,1
SH1196093.08FU_EU128052_refs,Togniniales,Togniniales,0.796,1
SH1149913.08FU_GQ303283_reps,Coronophorales,Coronophorales,0.181,1
SH1175617.08FU_GU721331_reps,Trichosphaeriales,NA,0.0,0
SH1152380.08FU_AY581919_reps,Lulworthiales,Lulworthiales,0.201,1
SH1185060.08FU_KP114313_reps,Lulworthiales,Lulworthiales,0.0411,1
SH1186581.08FU_KX013214_reps,Lulworthiales,Lulworthiales,0.0958,1
SH1239383.08FU_UDB014784_reps,Lulworthiales,Lulworthiales,0.0444,1
SH1190058.08FU_KT347216_reps,Lulworthiales,Lulworthiales,0.0482,1
SH1190060.08FU_KT347211_reps,Lulworthiales,Lulworthiales,0.166,1
SH1186583.08FU_JQ801456_reps,Lulworthiales,Lulworthiales,0.0411,1
SH1245735.08FU_KX549455_refs,Phomatosporales,Phomatosporales,0.188,1
SH1246318.08FU_HQ446342_reps,Savoryellales,Savoryellales,0.0345,1
SH1239630.08FU_AF177148_reps,Savoryellales,Savoryellales,0.0345,1
SH1153189.08FU_MN061351_reps,Savoryellales,Savoryellales,0.187,1
SH2595894.08FU_MT310654_reps,Ostropales,Ostropales,0.0944,1
SH1159984.08FU_FJ588710_refs,Ostropales,Ostropales,0.119,1
SH1243142.08FU_MK808092_reps,Ostropales,Ostropales,0.0955,1
SH1236482.08FU_AF228316_refs,Ostropales,Ostropales,0.123,1
SH1148986.08FU_AJ877182_reps,Ostropales,Ostropales,0.119,1
SH1156509.08FU_AF282110_reps,Lecanorales,Lecanorales,0.125,1
SH3565449.08FU_MN586961_reps,Lecanorales,Lecanorales,0.0323,1
SH3565439.08FU_MN586976_reps,Lecanorales,NA,0.0,0
SH3568280.08FU_MN811295_reps,Lecanorales,Lecanorales,0.044,1
SH3568415.08FU_MT465429_reps,Lecanorales,NA,0.0,0
SH2595156.08FU_MK348527_reps,Lecanorales,Lecanorales,0.0849,1
SH1176257.08FU_AY037002_reps,Lecanorales,Lecanorales,0.143,1
SH1143787.08FU_MK970662_reps,Lecanorales,Lecanorales,0.128,1
SH2607067.08FU_UDB0154633_reps,Lecanorales,NA,0.0,0
SH1176120.08FU_KT625496_reps,Lecanorales,Lecanorales,0.143,1
SH1176249.08FU_GU992338_reps,Lecanorales,Lecanorales,0.817,1
SH1148502.08FU_AF297738_reps,Lecanorales,Lecanorales,0.747,1
SH1175783.08FU_MN483121_reps,Lecanorales,Lecanorales,0.0545,1
SH1143110.08FU_KX660735_reps,Lecanorales,Lecanorales,0.158,1
SH1149259.08FU_GQ919277_reps,Lecanorales,Lecanorales,0.143,1
SH1152289.08FU_AY541241_reps,Lecanorales,Lecanorales,0.128,1
SH1186044.08FU_KR303629_reps,Lecanorales,Lecanorales,0.136,1
SH1176073.08FU_AB051643_refs,Lecanorales,Lecanorales,0.904,1
SH1176212.08FU_DQ167465_reps,Lecanorales,Lecanorales,0.142,1
SH1192031.08FU_KX239019_reps,Lecanorales,Lecanorales,0.125,1
SH1175989.08FU_MG695518_reps,Lecanorales,Lecanorales,0.718,1
SH1176240.08FU_AF072236_reps,Lecanorales,Lecanorales,0.854,1
SH1175856.08FU_EF524325_reps,Lecanorales,Lecanorales,0.14,1
SH1175766.08FU_MG926032_reps,Lecanorales,Lecanorales,0.0323,1
SH1152344.08FU_AF227513_reps,Lecanorales,Lecanorales,0.76,1
SH2595368.08FU_MK811720_reps,Lecanorales,Lecanorales,0.9,1
SH1176435.08FU_HM017056_reps,Lecanorales,Lecanorales,0.849,1
SH1156530.08FU_KX239029_reps,Lecanorales,Lecanorales,0.169,1
SH2595597.08FU_MN095791_reps,Lecanorales,Lecanorales,0.166,1
SH1143413.08FU_KM250236_reps,Lecanorales,Lecanorales,0.143,1
SH1176234.08FU_JQ673441_reps,Lecanorales,Lecanorales,0.728,1
SH1183961.08FU_KM369731_reps,Lecanorales,Lecanorales,0.125,1
SH1241228.08FU_KF683091_reps,Lecanorales,Lecanorales,0.116,1
SH2596306.08FU_MK454942_reps,Lecanorales,Lecanorales,0.16,1
SH1152099.08FU_KY509528_reps,Lecanorales,Lecanorales,0.151,1
SH1176192.08FU_AY036976_reps,Lecanorales,Lecanorales,0.892,1
SH1183958.08FU_DQ001299_reps,Lecanorales,Lecanorales,0.125,1
SH1176215.08FU_KX457801_reps,Lecanorales,Lecanorales,0.875,1
SH1176251.08FU_KU862982_reps,Lecanorales,Lecanorales,0.857,1
SH1176317.08FU_MK811831_reps,Lecanorales,Lecanorales,0.149,1
SH1152093.08FU_AY679138_reps,Lecanorales,Lecanorales,0.486,1
SH1181809.08FU_KY929415_reps,Lecanorales,Lecanorales,0.758,1
SH1156529.08FU_MG925950_reps,Lecanorales,Lecanorales,0.125,1
SH1176078.08FU_KX160147_reps,Lecanorales,Lecanorales,0.793,1
SH1143836.08FU_GU480115_reps,Lecanorales,Lecanorales,0.127,1
SH1143833.08FU_MN764272_reps,Lecanorales,Lecanorales,0.909,1
SH1143790.08FU_KP314319_reps,Lecanorales,Lecanorales,0.6,1
SH1213169.08FU_GU207230_reps,Lecanorales,Lecanorales,0.879,1
SH2591045.08FU_MN387222_reps,Lecanorales,Lecanorales,0.119,1
SH1156520.08FU_EU516945_reps,Lecanorales,Lecanorales,0.171,1
SH1176223.08FU_FJ494926_reps,Lecanorales,Lecanorales,0.803,1
SH1145827.08FU_KR303666_reps,Lecanorales,Lecanorales,0.0568,1
SH1150130.08FU_JF744967_reps,Lecanorales,Lecanorales,0.0635,1
SH1152098.08FU_KJ162280_reps,Lecanorales,Lecanorales,0.168,1
SH1242080.08FU_AM292674_reps,Lecanorales,Lecanorales,0.125,1
SH1183984.08FU_DQ001297_reps,Lecanorales,Lecanorales,0.89,1
SH1142746.08FU_AB205356_reps,Lecanorales,Lecanorales,0.143,1
SH1181339.08FU_AF282069_reps,Lecanorales,Lecanorales,0.125,1
SH1213188.08FU_AF457881_reps,Lecanorales,Lecanorales,0.858,1
SH1143844.08FU_AF189718_reps,Lecanorales,Lecanorales,0.603,1
SH1176219.08FU_HM125754_reps,Lecanorales,Lecanorales,0.893,1
SH1179534.08FU_KJ486584_reps,Lecanorales,Lecanorales,0.143,1
SH1181944.08FU_JN115300_reps,Lecanorales,Lecanorales,0.801,1
SH1183964.08FU_MN811427_reps,Lecanorales,Lecanorales,0.125,1
SH1176058.08FU_JN943520_refs,Lecanorales,Lecanorales,0.921,1
SH1176074.08FU_EU401775_refs,Lecanorales,Lecanorales,0.906,1
SH1176076.08FU_DQ004575_reps,Lecanorales,Lecanorales,0.907,1
SH3566406.08FU_MK778056_reps,Lecanorales,NA,0.0,0
SH1176075.08FU_MH992571_reps,Lecanorales,Lecanorales,0.91,1
SH1149365.08FU_KP822312_reps,Lecanorales,Lecanorales,0.128,1
SH1182498.08FU_JN943715_reps,Lecanorales,Lecanorales,0.128,1
SH1156528.08FU_KX239036_reps,Lecanorales,Lecanorales,0.125,1
SH1152341.08FU_AY611109_reps,Lecanorales,Lecanorales,0.752,1
SH1236469.08FU_MK570482_reps,Lecanorales,Lecanorales,0.67,1
SH2595626.08FU_MK620254_reps,Lecanorales,Lecanorales,0.536,1
SH1144378.08FU_MG677182_reps,Lecanorales,Lecanorales,0.148,1
SH1151288.08FU_LC547488_reps,Lecanorales,Lecanorales,0.111,1
SH1156685.08FU_AM504057_reps,Lecanorales,Lecanorales,0.124,1
SH1246486.08FU_KF650977_refs,Lecanorales,Lecanorales,0.125,1
SH1175471.08FU_MN387033_reps,Lecanorales,Lecanorales,0.128,1
SH2592384.08FU_MK589337_reps,Lecanorales,Lecanorales,0.787,1
SH1175459.08FU_KX132993_reps,Lecanorales,Lecanorales,0.128,1
SH2595189.08FU_MN387056_reps,Lecanorales,Lecanorales,0.158,1
SH1247572.08FU_KP001178_reps,Lecanorales,Lecanorales,0.123,1
SH1143843.08FU_MN931725_reps,Lecanorales,Lecanorales,0.0746,1
SH1156553.08FU_AF282091_reps,Lecanorales,Lecanorales,0.125,1
SH1211814.08FU_EF619581_reps,Lecanorales,Lecanorales,0.693,1
SH2596207.08FU_MK570477_reps,Lecanorales,Lecanorales,0.695,1
SH2593411.08FU_MH029831_reps,Lecanorales,Lecanorales,0.135,1
SH2595641.08FU_MK620132_reps,Lecanorales,Lecanorales,0.116,1
SH1151319.08FU_AY756488_reps,Lecanorales,Lecanorales,0.0924,1
SH1211812.08FU_EF619564_reps,Lecanorales,Lecanorales,0.161,1
SH1213176.08FU_MK811717_reps,Lecanorales,Lecanorales,0.523,1
SH1213215.08FU_AF455243_reps,Lecanorales,Lecanorales,0.733,1
SH1238808.08FU_JN943723_reps,Lecanorales,Lecanorales,0.128,1
SH1156525.08FU_AF282109_refs,Lecanorales,Lecanorales,0.125,1
SH1213146.08FU_JN621927_reps,Lecanorales,Lecanorales,0.892,1
SH1237696.08FU_MK629284_reps,Lecanorales,Lecanorales,0.549,1
SH2592411.08FU_MF669907_reps,Lecanorales,Lecanorales,0.868,1
SH1150732.08FU_KR995299_reps,Lecanorales,Lecanorales,0.406,1
SH1176063.08FU_KJ396453_refs,Lecanorales,Lecanorales,0.955,1
SH1143782.08FU_KU934651_reps,Lecanorales,Lecanorales,0.645,1
SH1156522.08FU_JN972446_refs,Lecanorales,Lecanorales,0.17,1
SH1175460.08FU_KT453746_reps,Lecanorales,Lecanorales,0.128,1
SH1175776.08FU_AY251423_reps,Lecanorales,Lecanorales,0.802,1
SH1238734.08FU_AJ247524_refs,Lecanorales,Lecanorales,0.125,1
SH1176275.08FU_KY929421_reps,Lecanorales,Lecanorales,0.814,1
SH1176134.08FU_DQ394389_reps,Lecanorales,Lecanorales,0.143,1
SH1150985.08FU_KP822280_reps,Lecanorales,Lecanorales,0.143,1
SH1175481.08FU_KJ162324_reps,Lecanorales,Lecanorales,0.337,1
SH1155271.08FU_AF282114_reps,Lecanorales,Lecanorales,0.125,1
SH1236471.08FU_MK812053_reps,Lecanorales,Lecanorales,0.406,1
SH1178040.08FU_JN873878_reps,Lecanorales,Lecanorales,0.128,1
SH1186034.08FU_JN009708_reps,Lecanorales,Lecanorales,0.142,1
SH1213190.08FU_JF288801_reps,Lecanorales,Lecanorales,0.882,1
SH1213154.08FU_KR019397_reps,Lecanorales,Lecanorales,0.811,1
SH1175483.08FU_KJ162332_refs,Lecanorales,Lecanorales,0.308,1
SH1176415.08FU_MH258919_reps,Lecanorales,Lecanorales,0.143,1
SH1236457.08FU_MH415063_reps,Lecanorales,Lecanorales,0.0927,1
SH1213158.08FU_GU207246_reps,Lecanorales,Lecanorales,0.867,1
SH1157027.08FU_KR094860_refs,Lecanorales,Lecanorales,0.128,1
SH1176272.08FU_EU788033_reps,Lecanorales,Lecanorales,0.873,1
SH1176136.08FU_KU862987_reps,Lecanorales,Lecanorales,0.819,1
SH1176227.08FU_KJ406290_reps,Lecanorales,Lecanorales,0.886,1
SH1160112.08FU_MK812318_reps,Lecanorales,Lecanorales,0.108,1
SH1176376.08FU_MK811980_reps,Lecanorales,Lecanorales,0.143,1
SH1176224.08FU_MK812711_reps,Lecanorales,Lecanorales,0.681,1
SH1149603.08FU_AF453267_reps,Lecanorales,Lecanorales,0.123,1
SH1213149.08FU_KP257423_reps,Lecanorales,Lecanorales,0.833,1
SH1144375.08FU_MG677184_reps,Lecanorales,Lecanorales,0.157,1
SH2595417.08FU_MK352421_reps,Lecanorales,Lecanorales,0.125,1
SH1151276.08FU_HQ287871_refs,Lecanorales,Lecanorales,0.869,1
SH1156688.08FU_AM504059_reps,Lecanorales,Lecanorales,0.125,1
SH1176330.08FU_JN943844_reps,Lecanorales,Lecanorales,0.848,1
SH1148514.08FU_MH258926_reps,Lecanorales,Lecanorales,0.143,1
SH1189402.08FU_KF712202_reps,Lecanorales,Lecanorales,0.272,1
SH1159093.08FU_JQ993747_reps,Lecanorales,Lecanorales,0.816,1
SH1236458.08FU_MH415022_reps,Lecanorales,Lecanorales,0.7,1
SH1156539.08FU_KX132992_reps,Lecanorales,Lecanorales,0.157,1
SH1176295.08FU_JQ912385_reps,Lecanorales,Lecanorales,0.86,1
SH1181803.08FU_KF017385_reps,Lecanorales,Lecanorales,0.782,1
SH1176207.08FU_KX254124_reps,Lecanorales,Lecanorales,0.895,1
SH2592410.08FU_MF669937_reps,Lecanorales,Lecanorales,0.903,1
SH1176176.08FU_KU496938_reps,Lecanorales,Lecanorales,0.142,1
SH1213230.08FU_AF455225_reps,Lecanorales,Lecanorales,0.902,1
SH3566407.08FU_MK778046_reps,Lecanorales,Lecanorales,0.559,1
SH3566475.08FU_MK672849_reps,Lecanorales,NA,0.0,0
SH3567186.08FU_MN654599_reps,Lecanorales,NA,0.0,0
SH3567783.08FU_MN954847_reps,Lecanorales,Lecanorales,0.0165,1
SH1183968.08FU_GU827306_reps,Lecanorales,Lecanorales,0.833,1
SH1176261.08FU_KF923784_reps,Lecanorales,Lecanorales,0.848,1
SH2605885.08FU_UDB0119167_reps,Lecanorales,NA,0.0,0
SH1176156.08FU_AF297743_reps,Lecanorales,Lecanorales,0.815,1
SH1213192.08FU_MN726351_reps,Lecanorales,Lecanorales,0.0857,1
SH1176391.08FU_MH310883_reps,Lecanorales,Lecanorales,0.881,1
SH1169787.08FU_KX389589_refs,Lecanorales,Lecanorales,0.123,1
SH1189400.08FU_KF712241_reps,Lecanorales,Lecanorales,0.655,1
SH1183956.08FU_KF583528_reps,Lecanorales,Lecanorales,0.418,1
SH1178038.08FU_MK970653_reps,Lecanorales,Lecanorales,0.141,1
SH2596157.08FU_MK400258_reps,Lecanorales,Lecanorales,0.125,1
SH1156551.08FU_AF282083_refs,Lecanorales,Lecanorales,0.125,1
SH1247556.08FU_KF650974_reps,Lecanorales,Lecanorales,0.125,1
SH1176226.08FU_KX685842_reps,Lecanorales,Lecanorales,0.789,1
SH1169780.08FU_MN906267_reps,Lecanorales,Lecanorales,0.115,1
SH1145824.08FU_JF744972_reps,Lecanorales,Lecanorales,0.143,1
SH2595181.08FU_MN387185_reps,Lecanorales,Lecanorales,0.125,1
SH1148498.08FU_MG975867_reps,Lecanorales,Lecanorales,0.143,1
SH1189399.08FU_KF712225_reps,Lecanorales,Lecanorales,0.159,1
SH1245342.08FU_MK812176_reps,Lecanorales,Lecanorales,0.168,1
SH1152339.08FU_MK812120_reps,Lecanorales,Lecanorales,0.91,1
SH1176173.08FU_DQ985192_reps,Lecanorales,Lecanorales,0.875,1
SH1155270.08FU_AF282115_reps,Lecanorales,Lecanorales,0.119,1
SH2593589.08FU_MG838200_reps,Lecanorales,Lecanorales,0.125,1
SH1152100.08FU_KJ162304_reps,Lecanorales,Lecanorales,0.163,1
SH1211808.08FU_MG554672_reps,Lecanorales,Lecanorales,0.826,1
SH1183974.08FU_AF282076_refs,Lecanorales,Lecanorales,0.125,1
SH1176266.08FU_MK589339_reps,Lecanorales,Lecanorales,0.776,1
SH1213166.08FU_AF453843_reps,Lecanorales,Lecanorales,0.904,1
SH1176125.08FU_KY021928_refs,Lecanorales,Lecanorales,0.8,1
SH1176130.08FU_EU761210_refs,Lecanorales,Lecanorales,0.885,1
SH1175859.08FU_KF297089_reps,Lecanorales,Lecanorales,0.0391,1
SH1176056.08FU_HM578954_refs,Lecanorales,Lecanorales,0.941,1
SH2596037.08FU_MK343775_reps,Lecanorales,Lecanorales,0.442,1
SH1181805.08FU_HQ335201_reps,Lecanorales,Lecanorales,0.779,1
SH1188595.08FU_KX151762_reps,Lecanorales,Lecanorales,0.125,1
SH3566910.08FU_MK722216_reps,Lecanorales,Lecanorales,0.85,1
SH3567391.08FU_MN931737_reps,Lecanorales,NA,0.0,0
SH3567522.08FU_MK946971_reps,Lecanorales,NA,0.0,0
SH3567528.08FU_MK946964_reps,Lecanorales,NA,0.0,0
SH1149261.08FU_DQ279509_reps,Lecanorales,Lecanorales,0.142,1
SH3568278.08FU_MN811345_reps,Lecanorales,Lecanorales,0.0216,1
SH2596035.08FU_MK343783_reps,Lecanorales,Lecanorales,0.349,1
SH2594257.08FU_MG773669_reps,Lecanorales,Lecanorales,0.123,1
SH1176283.08FU_DQ279513_reps,Lecanorales,Lecanorales,0.772,1
SH2593255.08FU_MH048621_refs,Lecanorales,Lecanorales,0.125,1
SH1187101.08FU_KT962181_reps,Lecanorales,Lecanorales,0.127,1
SH1177663.08FU_KY066270_reps,Lecanorales,Lecanorales,0.142,1
SH1150414.08FU_AY256771_reps,Lecanorales,Lecanorales,0.17,1
SH1236461.08FU_DQ396961_reps,Lecanorales,Lecanorales,0.644,1
SH1156689.08FU_AM504071_reps,Lecanorales,Lecanorales,0.125,1
SH2591606.08FU_MK446224_reps,Lecanorales,Lecanorales,0.125,1
SH1156521.08FU_JN972440_reps,Lecanorales,Lecanorales,0.166,1
SH1152346.08FU_AB051652_reps,Lecanorales,Lecanorales,0.895,1
SH1184370.08FU_MK672837_reps,Lecanorales,Lecanorales,0.73,1
SH2595411.08FU_MK352432_reps,Lecanorales,Lecanorales,0.124,1
SH1213157.08FU_DQ782832_reps,Lecanorales,Lecanorales,0.792,1
SH1213155.08FU_AF453273_reps,Lecanorales,Lecanorales,0.733,1
SH1176137.08FU_KM369317_reps,Lecanorales,Lecanorales,0.79,1
SH1176276.08FU_AB051641_reps,Lecanorales,Lecanorales,0.868,1
SH1185110.08FU_MK573929_reps,Lecanorales,Lecanorales,0.128,1
SH1183960.08FU_MT465435_reps,Lecanorales,Lecanorales,0.125,1
SH1159104.08FU_AY398700_reps,Lecanorales,Lecanorales,0.655,1
SH1213177.08FU_MK508926_reps,Lecanorales,Lecanorales,0.886,1
SH1211820.08FU_EF619541_reps,Lecanorales,Lecanorales,0.485,1
SH1175778.08FU_FJ425881_refs,Lecanorales,Lecanorales,0.714,1
SH1191406.08FU_JQ813812_refs,Lecanorales,Lecanorales,0.143,1
SH1236311.08FU_EU516696_reps,Lecanorales,Lecanorales,0.101,1
SH2593185.08FU_MF398999_reps,Caliciales,Caliciales,0.117,1
SH1152617.08FU_AF540492_reps,Caliciales,Caliciales,0.117,1
SH2593184.08FU_MF399001_refs,Caliciales,Caliciales,0.117,1
SH1146496.08FU_KC965634_reps,Caliciales,Caliciales,0.034,1
SH1173995.08FU_MF398995_reps,Caliciales,Caliciales,0.117,1
SH1231213.08FU_KY611884_reps,Caliciales,Caliciales,0.117,1
SH1185737.08FU_GU553291_reps,Caliciales,Caliciales,0.123,1
SH1185753.08FU_LS483188_reps,Caliciales,Caliciales,0.849,1
SH1146502.08FU_KX512939_reps,Caliciales,Caliciales,0.0836,1
SH1203101.08FU_JQ004683_reps,Caliciales,Caliciales,0.71,1
SH1157726.08FU_MH121317_reps,Caliciales,Caliciales,0.123,1
SH1185822.08FU_DQ337313_reps,Caliciales,Caliciales,0.123,1
SH1176508.08FU_AF281307_reps,Caliciales,Caliciales,0.131,1
SH1151898.08FU_KY611879_reps,Caliciales,Caliciales,0.117,1
SH1231291.08FU_MK028174_reps,Caliciales,Caliciales,0.13,1
SH3567093.08FU_MN615692_reps,Caliciales,NA,0.0,0
SH1188972.08FU_KX512946_reps,Caliciales,Caliciales,0.122,1
SH3567098.08FU_MN615673_reps,Caliciales,NA,0.0,0
SH1203110.08FU_AF250808_reps,Caliciales,Caliciales,0.123,1
SH1185736.08FU_AF540521_reps,Caliciales,Caliciales,0.123,1
SH1225903.08FU_EU635981_reps,Caliciales,Caliciales,0.117,1
SH2595325.08FU_MK812438_reps,Caliciales,Caliciales,0.533,1
SH1185826.08FU_KU862954_reps,Caliciales,Caliciales,0.123,1
SH1203109.08FU_AY860559_reps,Caliciales,Caliciales,0.87,1
SH1145338.08FU_AF532168_reps,Caliciales,Caliciales,0.117,1
SH1185751.08FU_EF582752_reps,Caliciales,Caliciales,0.768,1
SH1185768.08FU_KX015692_reps,Caliciales,Caliciales,0.123,1
SH1235939.08FU_DQ789095_reps,Caliciales,Caliciales,0.117,1
SH1185733.08FU_LS483113_reps,Caliciales,Caliciales,0.129,1
SH1151233.08FU_KU687458_reps,Rhizocarpales,Rhizocarpales,0.123,1
SH3568360.08FU_MN511002_reps,Rhizocarpales,NA,0.0,0
SH2595165.08FU_MH979409_reps,Rhizocarpales,Rhizocarpales,0.123,1
SH1151214.08FU_KY680783_reps,Rhizocarpales,Rhizocarpales,0.245,1
SH1240879.08FU_AF483612_reps,Rhizocarpales,Rhizocarpales,0.123,1
SH1151219.08FU_KX079700_refs,Rhizocarpales,Rhizocarpales,0.123,1
SH1151226.08FU_KU687453_reps,Rhizocarpales,Rhizocarpales,0.123,1
SH1151220.08FU_AF483613_reps,Rhizocarpales,Rhizocarpales,0.123,1
SH1155063.08FU_KC732626_reps,Peltigerales,Peltigerales,0.792,1
SH1154198.08FU_AB245122_reps,Peltigerales,Peltigerales,0.0791,1
SH1155087.08FU_MN065890_reps,Peltigerales,Peltigerales,0.847,1
SH1181398.08FU_MG786563_reps,Peltigerales,Peltigerales,0.0942,1
SH1155058.08FU_JQ735977_reps,Peltigerales,Peltigerales,0.0791,1
SH1155099.08FU_AF524905_reps,Peltigerales,Peltigerales,0.712,1
SH1155100.08FU_MN065837_reps,Peltigerales,Peltigerales,0.0471,1
SH1181474.08FU_EU885312_reps,Peltigerales,Peltigerales,0.109,1
SH1181477.08FU_GQ927291_reps,Peltigerales,Peltigerales,0.109,1
SH1183041.08FU_KF297046_reps,Peltigerales,Peltigerales,0.0591,1
SH1175210.08FU_KC618713_reps,Peltigerales,Peltigerales,0.109,1
SH3567757.08FU_MT110075_reps,Peltigerales,NA,0.0,0
SH1181522.08FU_KY266932_reps,Peltigerales,Peltigerales,0.0791,1
SH1181472.08FU_EU885314_reps,Peltigerales,Peltigerales,0.0942,1
SH1181536.08FU_KC522964_reps,Peltigerales,Peltigerales,0.813,1
SH1172016.08FU_EU885304_reps,Peltigerales,Peltigerales,0.0938,1
SH1155076.08FU_HQ149044_reps,Peltigerales,Peltigerales,0.869,1
SH1239194.08FU_KC618739_reps,Peltigerales,Peltigerales,0.112,1
SH1155053.08FU_MG457972_reps,Peltigerales,Peltigerales,0.89,1
SH1213645.08FU_KX397620_reps,Peltigerales,Peltigerales,0.0975,1
SH1181540.08FU_MK812692_reps,Peltigerales,Peltigerales,0.0791,1
SH1155042.08FU_MN483081_reps,Peltigerales,Peltigerales,0.893,1
SH1213643.08FU_EU982654_reps,Peltigerales,Peltigerales,0.11,1
SH1181521.08FU_KC522958_reps,Peltigerales,Peltigerales,0.851,1
SH3568203.08FU_MN065846_reps,Peltigerales,Peltigerales,0.689,1
SH1154173.08FU_KC011063_refs,Peltigerales,Peltigerales,0.777,1
SH1155056.08FU_MH374895_reps,Peltigerales,Peltigerales,0.695,1
SH1154179.08FU_KC011060_refs,Peltigerales,Peltigerales,0.79,1
SH1181518.08FU_MK812005_reps,Peltigerales,Peltigerales,0.896,1
SH1154186.08FU_KF730790_reps,Peltigerales,Peltigerales,0.0791,1
SH1181530.08FU_EU558724_reps,Peltigerales,Peltigerales,0.0791,1
SH1155057.08FU_EU558734_reps,Peltigerales,Peltigerales,0.869,1
SH1154180.08FU_KX385131_reps,Peltigerales,Peltigerales,0.0791,1
SH1156037.08FU_KJ523059_refs,Peltigerales,Peltigerales,0.0791,1
SH1156815.08FU_EU558710_reps,Peltigerales,Peltigerales,0.0791,1
SH1181473.08FU_KC618731_reps,Peltigerales,Peltigerales,0.108,1
SH1155046.08FU_MG458035_reps,Peltigerales,Peltigerales,0.909,1
SH1156814.08FU_AF524913_reps,Peltigerales,Peltigerales,0.0791,1
SH1154175.08FU_KY769447_refs,Peltigerales,Peltigerales,0.81,1
SH1241056.08FU_UDB0571098_reps,Umbilicariales,NA,0.0,0
SH2595182.08FU_MN387183_reps,Umbilicariales,Umbilicariales,0.09,1
SH1154879.08FU_KF360388_reps,Umbilicariales,Umbilicariales,0.655,1
SH1154870.08FU_KY947825_reps,Umbilicariales,Umbilicariales,0.852,1
SH1154850.08FU_FN185975_refs,Umbilicariales,Umbilicariales,0.854,1
SH1244748.08FU_MK812431_reps,Umbilicariales,Umbilicariales,0.105,1
SH1154878.08FU_AF096219_refs,Umbilicariales,Umbilicariales,0.691,1
SH1191188.08FU_KY874025_reps,Umbilicariales,Umbilicariales,0.932,1
SH1154881.08FU_KF360375_reps,Umbilicariales,Umbilicariales,0.0623,1
SH1181890.08FU_KF360410_refs,Umbilicariales,Umbilicariales,0.0986,1
SH1154843.08FU_FR799185_refs,Umbilicariales,Umbilicariales,0.106,1
SH1172898.08FU_HM161507_refs,Umbilicariales,Umbilicariales,0.714,1
SH1154844.08FU_KY947787_reps,Umbilicariales,Umbilicariales,0.87,1
SH1154860.08FU_KF360403_refs,Umbilicariales,Umbilicariales,0.721,1
SH1181889.08FU_KY131767_refs,Umbilicariales,Umbilicariales,0.0846,1
SH2593759.08FU_MG926020_reps,Umbilicariales,Umbilicariales,0.105,1
SH1215131.08FU_KF024741_reps,Acarosporales,Acarosporales,0.728,1
SH1215152.08FU_LN810815_reps,Acarosporales,Acarosporales,0.0596,1
SH1215199.08FU_LN810787_reps,Acarosporales,Acarosporales,0.782,1
SH1215156.08FU_LN810855_reps,Acarosporales,Acarosporales,0.06,1
SH1215124.08FU_DQ525524_reps,Acarosporales,Acarosporales,0.732,1
SH1191200.08FU_LN810832_reps,Acarosporales,Acarosporales,0.822,1
SH1215140.08FU_MK129269_reps,Acarosporales,Acarosporales,0.506,1
SH1191201.08FU_MH555369_reps,Acarosporales,Acarosporales,0.821,1
SH1215151.08FU_DQ842014_refs,Acarosporales,Acarosporales,0.612,1
SH2591853.08FU_MK494182_reps,Acarosporales,Acarosporales,0.214,1
SH1215197.08FU_LN836018_reps,Acarosporales,Acarosporales,0.213,1
SH1215108.08FU_HQ650721_refs,Acarosporales,Acarosporales,0.758,1
SH1215123.08FU_MK494180_reps,Acarosporales,Acarosporales,0.621,1
SH1191197.08FU_DQ525504_reps,Acarosporales,Acarosporales,0.693,1
SH1215138.08FU_AY853393_reps,Acarosporales,Acarosporales,0.0597,1
SH1232835.08FU_JQ797513_reps,Pertusariales,Pertusariales,0.18,1
SH1177327.08FU_KP759337_reps,Pertusariales,Pertusariales,0.0878,1
SH2595327.08FU_MK812496_reps,Pertusariales,Pertusariales,0.107,1
SH1232825.08FU_HQ406803_reps,Pertusariales,Pertusariales,0.738,1
SH1150703.08FU_KP219719_refs,Pertusariales,Pertusariales,0.101,1
SH1156942.08FU_AF329174_reps,Pertusariales,Pertusariales,0.116,1
SH1232820.08FU_JQ797544_reps,Pertusariales,Pertusariales,0.408,1
SH1178018.08FU_FJ532372_reps,Pertusariales,Pertusariales,0.101,1
SH1178015.08FU_JX476028_refs,Pertusariales,Pertusariales,0.201,1
SH1189352.08FU_LT671464_reps,Pertusariales,Pertusariales,0.101,1
SH1190546.08FU_KY596010_refs,Pertusariales,Pertusariales,0.884,1
SH1190550.08FU_MN989231_reps,Pertusariales,Pertusariales,0.798,1
SH1156952.08FU_AF329167_reps,Pertusariales,Pertusariales,0.0548,1
SH1232814.08FU_JQ797554_reps,Pertusariales,Pertusariales,0.212,1
SH1232812.08FU_LT671469_reps,Pertusariales,Pertusariales,0.101,1
SH3566742.08FU_MN906264_reps,Pertusariales,Pertusariales,0.046,1
SH1232815.08FU_HQ259266_reps,Pertusariales,Pertusariales,0.115,1
SH1232813.08FU_MG733136_reps,Pertusariales,Pertusariales,0.101,1
SH1236324.08FU_EU057915_reps,Pertusariales,Pertusariales,0.115,1
SH1152264.08FU_KY797788_reps,Trapeliales,Trapeliales,0.541,1
SH1152260.08FU_HQ650634_refs,Trapeliales,Trapeliales,0.494,1
SH1152278.08FU_MH481921_reps,Trapeliales,Trapeliales,0.443,1
SH1190788.08FU_KR017116_reps,Trapeliales,Trapeliales,0.0724,1
SH1154659.08FU_AY212814_reps,Trapeliales,Trapeliales,0.0728,1
SH1185799.08FU_KR017104_reps,Trapeliales,Trapeliales,0.136,1
SH1192100.08FU_MF625079_refs,Trapeliales,Trapeliales,0.0592,1
SH1152267.08FU_KR017144_reps,Trapeliales,Trapeliales,0.231,1
SH1154651.08FU_HQ650709_refs,Trapeliales,Trapeliales,0.554,1
SH1152257.08FU_KU844704_reps,Trapeliales,Trapeliales,0.789,1
SH1181899.08FU_KJ462276_reps,Trapeliales,Trapeliales,0.69,1
SH1181906.08FU_MN906297_reps,Trapeliales,Trapeliales,0.736,1
SH2593576.08FU_MN483114_reps,Trapeliales,Trapeliales,0.0724,1
SH1185800.08FU_KJ462329_reps,Trapeliales,Trapeliales,0.0717,1
SH1154661.08FU_KU844768_reps,Trapeliales,Trapeliales,0.228,1
SH1185797.08FU_KJ462270_reps,Trapeliales,Trapeliales,0.0725,1
SH3565451.08FU_MN586948_reps,Teloschistales,Teloschistales,0.367,1
SH3567241.08FU_MH497059_reps,Teloschistales,NA,0.0,0
SH1144764.08FU_HQ644197_reps,Teloschistales,Teloschistales,0.117,1
SH1150881.08FU_KT804983_reps,Teloschistales,Teloschistales,0.763,1
SH1237960.08FU_DQ534455_reps,Teloschistales,Teloschistales,0.117,1
SH1237951.08FU_KF264655_reps,Teloschistales,Teloschistales,0.117,1
SH1175033.08FU_MH104934_reps,Teloschistales,Teloschistales,0.485,1
SH1175057.08FU_MN483095_reps,Teloschistales,Teloschistales,0.0727,1
SH1174741.08FU_AY081161_reps,Teloschistales,Teloschistales,0.117,1
SH1182273.08FU_KF264623_reps,Teloschistales,Teloschistales,0.118,1
SH1183069.08FU_MK499351_reps,Teloschistales,Teloschistales,0.117,1
SH1237952.08FU_KC179324_reps,Teloschistales,Teloschistales,0.117,1
SH1150863.08FU_FJ866800_refs,Teloschistales,Teloschistales,0.92,1
SH1237958.08FU_AM697883_reps,Teloschistales,Teloschistales,0.117,1
SH1150869.08FU_KC179416_reps,Teloschistales,Teloschistales,0.79,1
SH1174740.08FU_HQ699660_refs,Teloschistales,Teloschistales,0.812,1
SH1172598.08FU_MG954132_reps,Teloschistales,Teloschistales,0.117,1
SH1180102.08FU_KF657314_refs,Teloschistales,Teloschistales,0.117,1
SH1174888.08FU_KC179410_refs,Teloschistales,Teloschistales,0.955,1
SH1174989.08FU_JN641768_reps,Teloschistales,Teloschistales,0.805,1
SH1183096.08FU_LC490368_reps,Teloschistales,Teloschistales,0.117,1
SH1174755.08FU_AM697878_reps,Teloschistales,Teloschistales,0.932,1
SH1175020.08FU_MG954224_reps,Teloschistales,Teloschistales,0.507,1
SH1179873.08FU_JQ301673_reps,Teloschistales,Teloschistales,0.066,1
SH1183072.08FU_KR902661_reps,Teloschistales,Teloschistales,0.797,1
SH1180065.08FU_KJ133450_reps,Teloschistales,Teloschistales,0.62,1
SH1182265.08FU_KT456213_reps,Teloschistales,Teloschistales,0.117,1
SH1183075.08FU_MG954170_reps,Teloschistales,Teloschistales,0.765,1
SH1180069.08FU_AY081163_reps,Teloschistales,Teloschistales,0.115,1
SH1180078.08FU_KR902692_reps,Teloschistales,Teloschistales,0.516,1
SH1180067.08FU_EU563432_reps,Teloschistales,Teloschistales,0.431,1
SH1172596.08FU_MN989250_reps,Teloschistales,Teloschistales,0.708,1
SH1172600.08FU_KC179427_reps,Teloschistales,Teloschistales,0.782,1
SH1150875.08FU_MF114718_reps,Teloschistales,Teloschistales,0.874,1
SH1175005.08FU_EU639613_reps,Teloschistales,Teloschistales,0.751,1
SH1174900.08FU_EU681339_reps,Teloschistales,Teloschistales,0.796,1
SH1236879.08FU_MN586955_reps,Teloschistales,Teloschistales,0.109,1
SH1183077.08FU_UDB0538231_reps,Teloschistales,Teloschistales,0.828,1
SH1175008.08FU_KC884514_reps,Teloschistales,Teloschistales,0.873,1
SH1174746.08FU_JX036091_reps,Teloschistales,Teloschistales,0.414,1
SH1179726.08FU_MG811842_reps,Teloschistales,Teloschistales,0.117,1
SH1238156.08FU_KT804950_reps,Teloschistales,Teloschistales,0.326,1
SH1238160.08FU_KT220201_reps,Teloschistales,Teloschistales,0.117,1
SH1174910.08FU_AM697853_reps,Teloschistales,Teloschistales,0.887,1
SH1175190.08FU_DQ888717_refs,Teloschistales,Teloschistales,0.117,1
SH1174978.08FU_HM538516_reps,Teloschistales,Teloschistales,0.891,1
SH1174898.08FU_JN984130_reps,Teloschistales,Teloschistales,0.313,1
SH1175022.08FU_AY313967_reps,Teloschistales,Teloschistales,0.853,1
SH1175193.08FU_EU639586_reps,Teloschistales,Teloschistales,0.662,1
SH1182260.08FU_KF264651_reps,Teloschistales,Teloschistales,0.117,1
SH1174889.08FU_KR902678_reps,Teloschistales,Teloschistales,0.904,1
SH1175014.08FU_MG954129_reps,Teloschistales,Teloschistales,0.6,1
SH1150876.08FU_KT804992_reps,Teloschistales,Teloschistales,0.727,1
SH1175006.08FU_MG954220_reps,Teloschistales,Teloschistales,0.727,1
SH3565454.08FU_MN586942_reps,Teloschistales,Teloschistales,0.453,1
SH1187088.08FU_MH155287_reps,Teloschistales,Teloschistales,0.117,1
SH1181219.08FU_KC179459_reps,Teloschistales,Teloschistales,0.117,1
SH1174908.08FU_KC179339_reps,Teloschistales,Teloschistales,0.817,1
SH1172591.08FU_MN305807_reps,Teloschistales,Teloschistales,0.791,1
SH1175019.08FU_MG954127_reps,Teloschistales,Teloschistales,0.874,1
SH1174656.08FU_KC179328_reps,Teloschistales,Teloschistales,0.117,1
SH1174739.08FU_MG954172_reps,Teloschistales,Teloschistales,0.563,1
SH1150867.08FU_MF114648_reps,Teloschistales,Teloschistales,0.873,1
SH2595278.08FU_MK095921_reps,Lecanoromycetes,NA,0.0,0
SH3568630.08FU_MN580182_reps,Leprocaulales,Lecanorales,0.013,0
SH1181134.08FU_KC184112_reps,Leprocaulales,Leprocaulales,0.242,1
SH1181131.08FU_KX674679_refs,Leprocaulales,Leprocaulales,0.25,1
SH1181132.08FU_KC184101_reps,Leprocaulales,Leprocaulales,0.248,1
SH3568628.08FU_MN580186_reps,Leprocaulales,Leprocaulales,0.0772,1
SH1156764.08FU_MK620177_reps,Lecideales,Lecideales,0.842,1
SH1156773.08FU_EU259902_reps,Lecideales,Lecideales,0.79,1
SH2592379.08FU_MK590967_reps,Lecideales,Lecideales,0.654,1
SH1156779.08FU_GU074426_reps,Lecideales,Lecideales,0.687,1
SH1175487.08FU_MK620267_reps,Lecideales,Lecideales,0.674,1
SH1156780.08FU_MG968261_reps,Lecideales,Lecideales,0.773,1
SH1156797.08FU_UDB022805_reps,Lecideales,Lecideales,0.786,1
SH2594992.08FU_MN545170_reps,Baeomycetales,Baeomycetales,0.227,1
SH2593379.08FU_MH558059_reps,Baeomycetales,Baeomycetales,0.253,1
SH1238447.08FU_MG271785_reps,Candelariales,Candelariales,0.735,1
SH1238446.08FU_EF535166_reps,Candelariales,Candelariales,0.205,1
SH1238441.08FU_EF535177_reps,Candelariales,Candelariales,0.527,1
SH1215122.08FU_KR052104_reps,Candelariales,Candelariales,0.234,1
SH1215214.08FU_MK811713_reps,Candelariales,Candelariales,0.728,1
SH1180495.08FU_MG694269_reps,Candelariales,Candelariales,0.0558,1
SH1238443.08FU_EF535158_reps,Candelariales,Candelariales,0.744,1
SH1238435.08FU_EF535210_reps,Candelariales,Candelariales,0.709,1
SH1215208.08FU_MK778596_reps,Candelariales,Candelariales,0.226,1
SH2592905.08FU_MG694275_reps,Candelariales,Candelariales,0.173,1
SH1215112.08FU_AJ640084_reps,Candelariales,Candelariales,0.229,1
SH1189292.08FU_UDB0768505_reps,Orbiliales,Orbiliales,0.391,1
SH1160081.08FU_MT612334_reps,Orbiliales,Orbiliales,0.347,1
SH1187240.08FU_KT215261_refs,Orbiliales,Orbiliales,0.0488,1
SH1146562.08FU_KT932064_reps,Orbiliales,Orbiliales,0.0488,1
SH1151468.08FU_KT215241_reps,Orbiliales,Orbiliales,0.0488,1
SH2602377.08FU_UDB0155919_reps,Orbiliales,NA,0.0,0
SH1184388.08FU_KY659207_reps,Orbiliales,Orbiliales,0.0483,1
SH1143252.08FU_MH179750_reps,Orbiliales,Orbiliales,0.0488,1
SH1143231.08FU_AF106527_refs,Orbiliales,Orbiliales,0.299,1
SH2614942.08FU_UDB0599489_reps,Orbiliales,NA,0.0,0
SH1146860.08FU_MH179756_reps,Orbiliales,Orbiliales,0.0488,1
SH1189283.08FU_KP036623_reps,Orbiliales,Orbiliales,0.405,1
SH1143254.08FU_MK493143_reps,Orbiliales,Orbiliales,0.0488,1
SH1151475.08FU_MK493123_reps,Orbiliales,Orbiliales,0.0275,1
SH1146862.08FU_U72607_reps,Orbiliales,Orbiliales,0.0488,1
SH1187288.08FU_KT222372_reps,Orbiliales,Orbiliales,0.0488,1
SH3565027.08FU_MK493139_reps,Orbiliales,NA,0.0,0
SH1188995.08FU_GU178821_refs,Orbiliales,Orbiliales,0.407,1
SH1150042.08FU_MH855840_refs,Orbiliales,Orbiliales,0.0488,1
SH1175449.08FU_KT215224_reps,Orbiliales,Orbiliales,0.0488,1
SH1143247.08FU_JF748757_reps,Orbiliales,Orbiliales,0.0488,1
SH1145908.08FU_UDB034366_reps,Orbiliales,Orbiliales,0.0488,1
SH1144264.08FU_KT932082_reps,Orbiliales,Orbiliales,0.477,1
SH1157201.08FU_KT215280_reps,Orbiliales,Orbiliales,0.0329,1
SH1189278.08FU_EF445993_refs,Orbiliales,Orbiliales,0.367,1
SH1189004.08FU_MH179761_reps,Orbiliales,Orbiliales,0.706,1
SH1246497.08FU_KM248770_reps,Orbiliales,Orbiliales,0.0488,1
SH1144261.08FU_UDB0155744_reps,Orbiliales,Orbiliales,0.329,1
SH1143249.08FU_KT222361_reps,Orbiliales,Orbiliales,0.0488,1
SH2593729.08FU_MH221072_reps,Orbiliales,Orbiliales,0.0488,1
SH1146861.08FU_MH179755_reps,Orbiliales,Orbiliales,0.0488,1
SH1187282.08FU_KT222446_reps,Orbiliales,Orbiliales,0.0488,1
SH2592666.08FU_MH179716_reps,Orbiliales,Orbiliales,0.163,1
SH1144260.08FU_KT932078_reps,Orbiliales,Orbiliales,0.502,1
SH1189295.08FU_MK537299_reps,Orbiliales,Orbiliales,0.538,1
SH1187323.08FU_KT215266_reps,Orbiliales,Orbiliales,0.0488,1
SH1242009.08FU_MH179758_reps,Orbiliales,Orbiliales,0.0488,1
SH1189275.08FU_UDB0592913_reps,Orbiliales,Orbiliales,0.712,1
SH1157204.08FU_KT215269_reps,Orbiliales,Orbiliales,0.0488,1
SH1142928.08FU_MH221041_reps,Orbiliales,Orbiliales,0.0488,1
SH1169690.08FU_MG742405_reps,Orbiliales,Orbiliales,0.0488,1
SH1153425.08FU_AF492091_refs,Taphrinales,Taphrinales,0.487,1
SH1189234.08FU_JN161162_refs,Taphrinales,Taphrinales,0.0473,1
SH1153427.08FU_AB505448_reps,Taphrinales,Taphrinales,0.589,1
SH1153430.08FU_AF492079_reps,Taphrinales,Taphrinales,0.456,1
SH1153424.08FU_AF492124_refs,Taphrinales,Taphrinales,0.0429,1
SH1153431.08FU_MN540705_reps,Taphrinales,Taphrinales,0.656,1
SH1150821.08FU_FM178354_refs,Saccharomycetales,Saccharomycetales,0.31,1
SH1234070.08FU_EF658662_refs,Saccharomycetales,Saccharomycetales,0.037,1
SH1149425.08FU_HM156504_refs,Saccharomycetales,Saccharomycetales,0.0484,1
SH1144523.08FU_DQ911444_refs,Saccharomycetales,Saccharomycetales,0.0619,1
SH1172913.08FU_KY103070_refs,Saccharomycetales,Saccharomycetales,0.031,1
SH2601424.08FU_UDB0301253_reps,Saccharomycetales,NA,0.0,0
SH1148207.08FU_KY102223_refs,Saccharomycetales,Saccharomycetales,0.832,1
SH1175115.08FU_HQ876041_refs,Saccharomycetales,Saccharomycetales,0.0497,1
SH1150833.08FU_AY580316_refs,Saccharomycetales,Saccharomycetales,0.388,1
SH1149389.08FU_DQ911443_refs,Saccharomycetales,Saccharomycetales,0.047,1
SH1188400.08FU_KU883293_refs,Saccharomycetales,Saccharomycetales,0.047,1
SH1201613.08FU_FJ623607_refs,Saccharomycetales,Saccharomycetales,0.636,1
SH1143367.08FU_KY104263_refs,Saccharomycetales,Saccharomycetales,0.0161,1
SH1236158.08FU_EF568066_refs,Saccharomycetales,Saccharomycetales,0.0161,1
SH1238911.08FU_HM461646_refs,Saccharomycetales,Saccharomycetales,0.047,1
SH1148219.08FU_HM461688_refs,Saccharomycetales,Saccharomycetales,0.424,1
SH3566465.08FU_MK782301_reps,Saccharomycetales,NA,0.0,0
SH3567552.08FU_MT636878_reps,Saccharomycetales,NA,0.0,0
SH1149239.08FU_FJ623626_refs,Saccharomycetales,Saccharomycetales,0.0381,1
SH1150857.08FU_MT813901_reps,Saccharomycetales,Saccharomycetales,0.315,1
SH1189229.08FU_KY352042_reps,Saccharomycetales,Saccharomycetales,0.0647,1
SH1183051.08FU_EF621563_refs,Saccharomycetales,Saccharomycetales,0.612,1
SH1194613.08FU_MH844420_reps,Saccharomycetales,Saccharomycetales,0.0294,1
SH1178034.08FU_JQ901903_reps,Saccharomycetales,Saccharomycetales,0.0279,1
SH1201616.08FU_HQ283374_refs,Saccharomycetales,Saccharomycetales,0.262,1
SH1150811.08FU_LN870268_refs,Saccharomycetales,Saccharomycetales,0.117,1
SH1178037.08FU_HQ623537_reps,Saccharomycetales,Saccharomycetales,0.037,1
SH1172914.08FU_HQ267068_reps,Saccharomycetales,Saccharomycetales,0.0376,1
SH1213294.08FU_FJ623622_refs,Saccharomycetales,Saccharomycetales,0.0357,1
SH1213297.08FU_AB696987_refs,Saccharomycetales,Saccharomycetales,0.0356,1
SH1179221.08FU_AY790540_refs,Saccharomycetales,Saccharomycetales,0.315,1
SH1160493.08FU_UDB0260931_reps,Saccharomycetales,Saccharomycetales,0.026,1
SH1150813.08FU_AJ853767_refs,Saccharomycetales,Saccharomycetales,0.579,1
SH1175114.08FU_JN099271_refs,Saccharomycetales,Saccharomycetales,0.0446,1
SH1169391.08FU_MK794109_reps,Saccharomycetales,Saccharomycetales,0.555,1
SH1201609.08FU_FJ172251_refs,Saccharomycetales,Saccharomycetales,0.0291,1
SH1142673.08FU_KC959474_refs,Saccharomycetales,Saccharomycetales,0.0497,1
SH1150796.08FU_AY553846_refs,Saccharomycetales,Saccharomycetales,0.79,1
SH3226133.08FU_UDB0604836_reps,Saccharomycetales,NA,0.0,0
SH1149428.08FU_FR670785_refs,Saccharomycetales,Saccharomycetales,0.546,1
SH1236157.08FU_FJ824640_reps,Saccharomycetales,Saccharomycetales,0.0161,1
SH1150155.08FU_KF617560_reps,GS34,NA,0.0,0
SH2603083.08FU_UDB066570_reps,GS34,NA,0.0,0
SH1150154.08FU_UDB065358_reps,GS34,NA,0.0,0
SH1232252.08FU_MH862405_refs,Symbiotaphrinales,Capnodiales,0.0261,0
SH1237970.08FU_MH861058_refs,Symbiotaphrinales,NA,0.0,0
SH1143315.08FU_AF297964_reps,Coniocybales,Coniocybales,0.082,1
SH1150116.08FU_FJ553832_reps,Geoglossales,Geoglossales,0.278,1
SH1150119.08FU_KC222128_reps,Geoglossales,Geoglossales,0.164,1
SH1189046.08FU_UDB0292077_reps,Geoglossales,Geoglossales,0.157,1
SH2608716.08FU_UDB0299311_reps,Geoglossales,Geoglossales,0.01,1
SH1179000.08FU_EF434043_reps,Geoglossales,Geoglossales,0.02,1
SH2608905.08FU_UDB0666637_reps,Geoglossales,NA,0.0,0
SH1212941.08FU_DQ491494_refs,Geoglossales,Geoglossales,0.473,1
SH1184574.08FU_KP657560_reps,Geoglossales,Geoglossales,0.02,1
SH1150118.08FU_KP690096_refs,Geoglossales,Geoglossales,0.418,1
SH1184568.08FU_UDB064201_reps,Geoglossales,Geoglossales,0.161,1
SH2612494.08FU_UDB0607709_reps,Geoglossales,NA,0.0,0
SH1212940.08FU_KC222133_reps,Geoglossales,Geoglossales,0.02,1
SH2607185.08FU_UDB0155574_reps,Geoglossales,NA,0.0,0
SH2603064.08FU_UDB066432_reps,Geoglossales,NA,0.0,0
SH1184340.08FU_MH578541_reps,Geoglossales,Geoglossales,0.317,1
SH1184342.08FU_KP144098_refs,Geoglossales,Geoglossales,0.02,1
SH1212938.08FU_UDB0560631_reps,Geoglossales,Geoglossales,0.465,1
SH1184346.08FU_KP144093_reps,Geoglossales,Geoglossales,0.276,1
SH2604968.08FU_UDB0350688_reps,Geoglossales,NA,0.0,0
SH3566605.08FU_MN597428_reps,Laboulbeniales,NA,0.0,0
SH2603346.08FU_UDB071891_reps,Pyxidiophorales,NA,0.0,0
SH1149170.08FU_UDB004160_reps,Archaeorhizomycetales,NA,0.0,0
SH1189866.08FU_GQ160010_reps,Archaeorhizomycetales,NA,0.0,0
SH1149911.08FU_HM239696_reps,Archaeorhizomycetales,NA,0.0,0
SH1189948.08FU_GQ160003_refs,Archaeorhizomycetales,NA,0.0,0
SH1189950.08FU_GQ160001_reps,Archaeorhizomycetales,NA,0.0,0
SH1147621.08FU_JX042821_reps,Archaeorhizomycetales,NA,0.0,0
SH1246680.08FU_UDB014875_reps,GS31,NA,0.0,0
SH1239381.08FU_UDB014843_reps,GS31,NA,0.0,0
SH1246682.08FU_UDB0758224_reps,GS31,NA,0.0,0
SH1181429.08FU_KC107870_reps,Arthoniales,Arthoniales,0.0704,1
SH1236774.08FU_GU137904_reps,Arthoniales,Arthoniales,0.0704,1
SH1181413.08FU_KC107839_refs,Arthoniales,Arthoniales,0.351,1
SH1181428.08FU_KC107963_reps,Arthoniales,Arthoniales,0.734,1
SH1229495.08FU_EU449904_reps,Arthoniales,Arthoniales,0.833,1
SH1181419.08FU_KC107875_reps,Arthoniales,Arthoniales,0.0704,1
SH1229504.08FU_AF110354_reps,Arthoniales,Arthoniales,0.718,1
SH1181427.08FU_KC107882_reps,Arthoniales,Arthoniales,0.461,1
SH1238583.08FU_KF036013_reps,Arthoniales,Arthoniales,0.0704,1
SH1181417.08FU_KC107952_reps,Arthoniales,Arthoniales,0.568,1
SH1155989.08FU_JN040513_refs,Lichenostigmatales,Lichenostigmatales,0.102,1
SH1175155.08FU_KM104048_reps,Sareales,dummy_order_Sarea,0.166,0
SH1175154.08FU_KF274105_reps,Sareales,dummy_order_Sarea,0.21,0
SH1190592.08FU_KX984101_reps,Lichinales,Lichinales,0.648,1
SH1189385.08FU_KY270468_reps,Lichinales,Lichinales,0.153,1
SH2618628.08FU_UDB0721568_reps,GS05,NA,0.0,0
SH2611777.08FU_UDB0324991_reps,GS05,NA,0.0,0
SH2619192.08FU_UDB0731443_reps,GS05,NA,0.0,0
SH2608287.08FU_UDB0192176_reps,GS05,NA,0.0,0
SH3227016.08FU_UDB047933_reps,GS05,NA,0.0,0
SH3228700.08FU_UDB0715736_reps,GS05,NA,0.0,0
SH3219621.08FU_UDB0600377_reps,GS05,NA,0.0,0
SH2618668.08FU_UDB0724784_reps,GS05,NA,0.0,0
SH2615968.08FU_UDB0541840_reps,GS05,NA,0.0,0
SH3221757.08FU_MN821072_reps,GS05,NA,0.0,0
SH2603991.08FU_UDB0349578_reps,GS08,NA,0.0,0
SH2603466.08FU_UDB0415758_reps,GS08,NA,0.0,0
SH3215474.08FU_UDB0532264_reps,GS08,NA,0.0,0
SH2612892.08FU_UDB0374717_reps,GS03,NA,0.0,0
SH2611598.08FU_UDB0316404_reps,GS03,NA,0.0,0
SH2604376.08FU_UDB0338843_reps,GS11,NA,0.0,0
SH1170644.08FU_UDB014877_reps,GS11,NA,0.0,0
SH2602459.08FU_UDB0234162_reps,Branch01,NA,0.0,0
SH3208593.08FU_UDB0381256_reps,GS10,NA,0.0,0
SH3226297.08FU_UDB0406853_reps,GS10,NA,0.0,0
SH3226299.08FU_UDB0451006_reps,GS10,NA,0.0,0
SH3217884.08FU_UDB0579310_reps,Spizellomycetales,NA,0.0,0
SH3212969.08FU_UDB0530502_reps,Spizellomycetales,NA,0.0,0
SH2603413.08FU_UDB0482271_reps,Spizellomycetales,NA,0.0,0
SH1239313.08FU_UDB0586430_reps,Spizellomycetales,NA,0.0,0
SH1244198.08FU_UDB0677452_reps,Spizellomycetales,NA,0.0,0
SH3214890.08FU_UDB0459450_reps,Spizellomycetales,NA,0.0,0
SH3207016.08FU_UDB0576988_reps,Spizellomycetales,NA,0.0,0
SH3213954.08FU_UDB0443484_reps,Spizellomycetales,NA,0.0,0
SH2598485.08FU_UDB0728148_reps,Rhizophydiales,NA,0.0,0
SH3228818.08FU_UDB0249906_reps,Rhizophydiales,NA,0.0,0
SH2603278.08FU_UDB0674166_reps,Rhizophydiales,NA,0.0,0
SH1155106.08FU_EF585632_reps,Rhizophydiales,Rhizophydiales,0.0229,1
SH1244133.08FU_EF585637_reps,Rhizophydiales,Rhizophydiales,0.0174,1
SH3218966.08FU_UDB0126487_reps,Rhizophydiales,NA,0.0,0
SH2603364.08FU_UDB0492198_reps,Rhizophydiales,NA,0.0,0
SH3207388.08FU_UDB0401781_reps,Rhizophydiales,NA,0.0,0
SH2615563.08FU_UDB0604348_reps,Rhizophydiales,NA,0.0,0
SH2605433.08FU_UDB0109028_reps,Lobulomycetales,NA,0.0,0
SH3229194.08FU_UDB0567169_reps,Lobulomycetales,NA,0.0,0
SH3212895.08FU_UDB0271875_reps,Lobulomycetales,NA,0.0,0
SH3217553.08FU_UDB0145928_reps,Lobulomycetales,NA,0.0,0
SH2601718.08FU_UDB0268889_reps,Lobulomycetales,NA,0.0,0
SH2605367.08FU_UDB0194844_reps,Lobulomycetales,NA,0.0,0
SH1241001.08FU_EU379209_reps,Rhizophlyctidales,NA,0.0,0
SH2618694.08FU_UDB0700153_reps,Synchytriales,NA,0.0,0
SH3569878.08FU_UDB0155927_reps,Basidiobolales,NA,0.0,0
SH1171270.08FU_JN569126_reps,Endogonales,NA,0.0,0
SH2603425.08FU_UDB0297668_reps,GS22,NA,0.0,0
SH1180561.08FU_JN206188_refs,Mucorales,Mucorales,0.292,1
SH1143424.08FU_JN206108_refs,Mucorales,Mucorales,0.287,1
SH1180563.08FU_JN206187_refs,Mucorales,Mucorales,0.375,1
SH1197903.08FU_JF299215_refs,Mucorales,Mucorales,0.519,1
SH1185941.08FU_KY008580_reps,Mucorales,Mucorales,0.165,1
SH1180785.08FU_JN206193_refs,Mucorales,Mucorales,0.323,1
SH1237551.08FU_JN206082_refs,Mucorales,Mucorales,0.0239,1
SH2613993.08FU_UDB0438179_reps,Mucorales,Mucorales,0.41,1
SH1175494.08FU_DQ118994_refs,Mucorales,Mucorales,0.803,1
SH1216028.08FU_LN809044_reps,Mucorales,Mucorales,0.751,1
SH1216022.08FU_AB916510_reps,Mucorales,Mucorales,0.581,1
SH1197908.08FU_JN206157_refs,Mucorales,Mucorales,0.5,1
SH1188758.08FU_HQ406814_reps,GS23,NA,0.0,0
SH1155122.08FU_UDB0447069_reps,Umbelopsidales,NA,0.0,0
SH1176828.08FU_KY606231_reps,Blastocladiales,Blastocladiales,0.328,1
SH3222371.08FU_UDB0708615_reps,GS15,NA,0.0,0
SH3207549.08FU_UDB055982_reps,GS15,NA,0.0,0
SH2607994.08FU_UDB0665947_reps,Mortierellales,NA,0.0,0
SH2601550.08FU_UDB042525_reps,Mortierellales,NA,0.0,0
SH1224158.08FU_JX976048_refs,Mortierellales,Mortierellales,0.625,1
SH1180647.08FU_UDB0154439_reps,Mortierellales,Mortierellales,0.453,1
SH1224166.08FU_UDB0637052_reps,Mortierellales,Mortierellales,0.0486,1
SH1180549.08FU_HQ630352_refs,Mortierellales,NA,0.0,0
SH1177292.08FU_HQ630298_refs,Mortierellales,Mortierellales,0.453,1
SH1191230.08FU_MF423639_reps,Mortierellales,NA,0.0,0
SH1190018.08FU_KP311434_reps,Mortierellales,NA,0.0,0
SH2602165.08FU_UDB050153_reps,Mortierellales,NA,0.0,0
SH1178731.08FU_MF423497_reps,Mortierellales,NA,0.0,0
SH2605349.08FU_UDB0186369_reps,Mortierellales,NA,0.0,0
SH1180632.08FU_HQ630309_refs,Mortierellales,Mortierellales,0.395,1
SH1238284.08FU_HQ630346_refs,Mortierellales,Mortierellales,0.692,1
SH1180645.08FU_UDB0656120_reps,Mortierellales,Russulales,0.0244,0
SH1224161.08FU_HQ630316_refs,Mortierellales,NA,0.0,0
SH2613696.08FU_UDB0420522_reps,Mortierellales,NA,0.0,0
SH1238286.08FU_MK671611_reps,Mortierellales,Mortierellales,0.36,1
SH1238285.08FU_HQ630347_refs,Mortierellales,Mortierellales,0.655,1
SH1224165.08FU_MF423489_reps,Mortierellales,Mortierellales,0.0908,1
SH1180609.08FU_MT365941_reps,Mortierellales,Mortierellales,0.0186,1
SH2607410.08FU_UDB0301874_reps,Mortierellales,NA,0.0,0
SH1151875.08FU_UDB0671278_reps,Mortierellales,NA,0.0,0
SH1180560.08FU_UDB0417665_reps,Mortierellales,NA,0.0,0
SH1177444.08FU_JN943794_refs,Mortierellales,NA,0.0,0
SH1180606.08FU_HQ630293_refs,Mortierellales,Mortierellales,0.605,1
SH1224163.08FU_KM374347_reps,Mortierellales,Mortierellales,0.143,1
SH1188320.08FU_MK312315_reps,Mortierellales,NA,0.0,0
SH2610136.08FU_UDB0397298_reps,Mortierellales,NA,0.0,0
SH1180601.08FU_HQ630331_refs,Mortierellales,Mortierellales,0.566,1
SH1180610.08FU_UDB0458573_reps,Mortierellales,NA,0.0,0
SH1168344.08FU_MH860387_refs,Mortierellales,NA,0.0,0
SH1180550.08FU_HQ630353_refs,Mortierellales,NA,0.0,0
SH1235605.08FU_MG605709_reps,Neocallimastigales,Neocallimastigales,0.505,1
SH1235606.08FU_KY368103_refs,Neocallimastigales,Neocallimastigales,0.349,1
SH1235630.08FU_GQ857637_reps,Neocallimastigales,Neocallimastigales,0.479,1
SH2587942.08FU_EU414757_reps,Neocallimastigales,NA,0.0,0
SH3567153.08FU_MT085692_reps,Neocallimastigales,NA,0.0,0
SH3567155.08FU_MT085684_reps,Neocallimastigales,Neocallimastigales,0.0693,1
SH1190045.08FU_KX889628_reps,Neocallimastigales,Neocallimastigales,0.166,1
SH3211163.08FU_UDB0620925_reps,Olpidiales,NA,0.0,0
SH3207507.08FU_UDB0183958_reps,Monoblepharidales,NA,0.0,0
SH1241129.08FU_JN882329_reps,Monoblepharidales,NA,0.0,0
SH1238517.08FU_UDB066361_reps,Sanchytriales,NA,0.0,0
SH3224639.08FU_UDB0524832_reps,Zoopagales,NA,0.0,0
SH3209672.08FU_UDB0412290_reps,Kickxellales,NA,0.0,0
SH2603513.08FU_UDB0400459_reps,Kickxellales,NA,0.0,0
SH2604586.08FU_UDB0334637_reps,Entorrhizales,NA,0.0,0
SH1142620.08FU_DQ645527_refs,Entorrhizales,Entorrhizales,0.428,1
SH1142264.08FU_KP413062_reps,Entorrhizales,Entorrhizales,0.414,1
SH2603216.08FU_UDB0557572_reps,Entorrhizales,NA,0.0,0
SH2618622.08FU_UDB0738730_reps,Entorrhizales,NA,0.0,0

Total Accuracy,,,0.4162,0.9054
