SeqID,True_Classification,Protax_Classification,Protax_Probability,Accuracy
SH2595806.08FU_MN130956_reps,Glomerales,Glomerales,0.949,1
SH1189502.08FU_GQ205097_refs,Glomerales,Glomerales,0.627,1
SH2605162.08FU_UDB0582717_reps,Glomerales,Glomerales,0.308,1
SH1151679.08FU_KP756603_reps,Glomerales,Glomerales,0.72,1
SH1176769.08FU_HM570010_reps,Glomerales,Glomerales,0.992,1
SH1215370.08FU_HM159461_reps,Glomerales,Glomerales,0.984,1
SH1174366.08FU_JN195673_reps,Glomerales,Glomerales,0.967,1
SH2594087.08FU_MT765657_reps,Glomerales,Glomerales,0.545,1
SH1168315.08FU_UDB0513959_reps,Glomerales,NA,0,0
SH1189722.08FU_MG183937_reps,Glomerales,Glomerales,0.981,1
SH1160107.08FU_JX096570_reps,Glomerales,Glomerales,0.473,1
SH1182362.08FU_AY997053_refs,Glomerales,Glomerales,0.991,1
SH1169243.08FU_KP756524_reps,Glomerales,Glomerales,0.964,1
SH1179598.08FU_KF939980_reps,Glomerales,Glomerales,0.687,1
SH1215353.08FU_JN195579_reps,Glomerales,Glomerales,0.983,1
SH1160115.08FU_MN735750_reps,Glomerales,Glomerales,0.965,1
SH1175744.08FU_KJ564156_reps,Glomerales,Glomerales,0.72,1
SH1182648.08FU_AJ518847_reps,Glomerales,Glomerales,0.988,1
SH1160097.08FU_UDB0185599_reps,Glomerales,NA,0,0
SH1182658.08FU_AY236275_reps,Glomerales,Glomerales,0.91,1
SH1182372.08FU_GQ205086_reps,Glomerales,Glomerales,0.942,1
SH1174423.08FU_AY236250_reps,Glomerales,Glomerales,0.72,1
SH1174408.08FU_JX276884_reps,Glomerales,Glomerales,0.966,1
SH1175356.08FU_AJ972457_reps,Glomerales,Glomerales,0.72,1
SH1182554.08FU_AJ518854_reps,Glomerales,Glomerales,0.72,1
SH1177692.08FU_JN195554_reps,Glomerales,Glomerales,0.72,1
SH1182356.08FU_AF161062_reps,Glomerales,Glomerales,0.72,1
SH1182359.08FU_GQ205087_refs,Glomerales,Glomerales,0.984,1
SH1176790.08FU_UDB0154708_reps,Glomerales,Glomerales,0.696,1
SH1189653.08FU_JN194569_reps,Glomerales,Glomerales,0.988,1
SH1189510.08FU_UDB0381253_reps,Glomerales,NA,0,0
SH1142684.08FU_KP756532_reps,Glomerales,Glomerales,0.72,1
SH2592282.08FU_LC379022_reps,Glomerales,Glomerales,0.72,1
SH1177690.08FU_KY362436_reps,Glomerales,Glomerales,0.72,1
SH1175745.08FU_UDB0532003_reps,Glomerales,Glomerales,0.694,1
SH1158897.08FU_AJ972467_refs,Glomerales,Glomerales,0.834,1
SH1169239.08FU_JN195702_reps,Glomerales,Glomerales,0.982,1
SH1142544.08FU_JN195692_reps,Glomerales,Glomerales,0.968,1
SH1189708.08FU_UDB0154552_reps,Glomerales,Glomerales,0.988,1
SH1175756.08FU_JX096591_reps,Glomerales,Glomerales,0.865,1
SH1189511.08FU_AY236323_reps,Glomerales,NA,0,0
SH2592899.08FU_MK418527_reps,Glomerales,Glomerales,0.72,1
SH1182656.08FU_JX042775_reps,Glomerales,Glomerales,0.986,1
SH2615344.08FU_UDB0512801_reps,Glomerales,Glomerales,0.274,1
SH1189646.08FU_MG836658_reps,Glomerales,Glomerales,0.992,1
SH1151886.08FU_KY555053_reps,Glomerales,Glomerales,0.72,1
SH1178618.08FU_AJ239123_reps,Glomerales,Glomerales,0.914,1
SH1169233.08FU_UDB0622194_reps,Glomerales,Glomerales,0.962,1
SH1189658.08FU_FM865604_refs,Glomerales,Glomerales,0.964,1
SH1191153.08FU_FM253382_reps,Glomerales,Glomerales,0.72,1
SH1182652.08FU_AJ518863_reps,Glomerales,Glomerales,0.969,1
SH1174538.08FU_LS479913_reps,Glomerales,Glomerales,0.72,1
SH1153835.08FU_AM495198_reps,Glomerales,Glomerales,0.83,1
SH2617547.08FU_UDB0620988_reps,Glomerales,NA,0,0
SH1169270.08FU_UDB0741610_reps,Glomerales,Glomerales,0.541,1
SH1174389.08FU_GQ388302_reps,Glomerales,Glomerales,0.962,1
SH1174311.08FU_AJ716319_reps,Glomerales,Glomerales,0.72,1
SH1172210.08FU_JN195677_reps,Glomerales,Glomerales,0.861,1
SH2592279.08FU_LC379047_reps,Glomerales,Glomerales,0.72,1
SH2610175.08FU_UDB0567859_reps,Glomerales,Glomerales,0.359,1
SH1215358.08FU_JN195582_reps,Glomerales,Glomerales,0.981,1
SH1174418.08FU_JQ218218_reps,Glomerales,Glomerales,0.72,1
SH1182349.08FU_FM876794_refs,Glomerales,Glomerales,0.975,1
SH1189680.08FU_KF836937_reps,Glomerales,Glomerales,0.985,1
SH2606765.08FU_UDB0248922_reps,Glomerales,Glomerales,0.68,1
SH1168491.08FU_MN735724_reps,Glomerales,Glomerales,0.947,1
SH1181780.08FU_KP235753_reps,Glomerales,Glomerales,0.72,1
SH1177688.08FU_JN195569_reps,Glomerales,Glomerales,0.72,1
SH1189630.08FU_EU359122_reps,Glomerales,Glomerales,0.992,1
SH1177689.08FU_JF276274_reps,Glomerales,Glomerales,0.72,1
SH2592900.08FU_MK418519_reps,Glomerales,Glomerales,0.965,1
SH1189083.08FU_KP756596_reps,Glomerales,Glomerales,0.72,1
SH1153928.08FU_HG970662_reps,Glomerales,Glomerales,0.957,1
SH3567321.08FU_MT765474_reps,Glomerales,Glomerales,0.407,1
SH3567535.08FU_MK875629_reps,Glomerales,NA,0,0
SH1189507.08FU_KP191478_reps,Glomerales,NA,0,0
SH2605868.08FU_UDB0690227_reps,Glomerales,NA,0,0
SH1189647.08FU_FJ009599_reps,Glomerales,Glomerales,0.988,1
SH1177691.08FU_KF836905_reps,Glomerales,Glomerales,0.72,1
SH1189642.08FU_FM992398_refs,Glomerales,Glomerales,0.72,1
SH1177684.08FU_JF276270_reps,Glomerales,Glomerales,0.72,1
SH1189667.08FU_FJ362312_reps,Glomerales,Glomerales,0.99,1
SH1215350.08FU_UDB0624008_reps,Glomerales,Glomerales,0.98,1
SH1174409.08FU_UDB043638_reps,Glomerales,Glomerales,0.67,1
SH1182675.08FU_UDB0637355_reps,Glomerales,Glomerales,0.665,1
SH1236622.08FU_UDB0116161_reps,Glomerales,Glomerales,0.696,1
SH1189091.08FU_UDB014851_reps,Glomerales,Glomerales,0.444,1
SH2606263.08FU_UDB0129581_reps,Glomerales,Glomerales,0.175,1
SH1236194.08FU_JN195714_reps,Glomerales,Glomerales,0.72,1
SH1149745.08FU_AM942467_reps,Glomerales,Glomerales,0.72,1
SH1169286.08FU_AJ517454_refs,Glomerales,Glomerales,0.72,1
SH1189108.08FU_KP756580_reps,Diversisporales,NA,0,0
SH1175364.08FU_KJ701501_reps,Diversisporales,NA,0,0
SH1182292.08FU_JX096626_reps,Diversisporales,Diversisporales,0.983,1
SH1182289.08FU_KJ850199_reps,Diversisporales,Diversisporales,0.709,1
SH2588225.08FU_AM420380_reps,Diversisporales,NA,0,0
SH1143302.08FU_KP756451_reps,Diversisporales,NA,0,0
SH1182290.08FU_AM076637_reps,Diversisporales,Diversisporales,0.963,1
SH1181704.08FU_AJ872009_reps,Diversisporales,Diversisporales,0.593,1
SH1175162.08FU_KF206483_reps,Diversisporales,NA,0,0
SH2589668.08FU_KM057070_reps,Diversisporales,Diversisporales,0.593,1
SH1182276.08FU_KJ850182_reps,Diversisporales,Diversisporales,0.986,1
SH1182291.08FU_FJ008612_reps,Diversisporales,Diversisporales,0.982,1
SH2588202.08FU_AJ891107_reps,Diversisporales,NA,0,0
SH1237461.08FU_FR750063_refs,Diversisporales,Diversisporales,0.593,1
SH1157220.08FU_FN547519_refs,Diversisporales,NA,0,0
SH1175165.08FU_KF206472_reps,Diversisporales,NA,0,0
SH2589666.08FU_KM057075_reps,Diversisporales,NA,0,0
SH1184220.08FU_MK036786_reps,Diversisporales,Diversisporales,0.982,1
SH1175371.08FU_KY362431_reps,Diversisporales,Diversisporales,0.593,1
SH3568262.08FU_MT985516_reps,Diversisporales,Diversisporales,0.977,1
SH1175377.08FU_HG969370_reps,Diversisporales,Diversisporales,0.593,1
SH1177935.08FU_KX355819_reps,Diversisporales,Diversisporales,0.659,1
SH1142451.08FU_FR750142_refs,Gigasporales,NA,0,0
SH1142445.08FU_FM876836_refs,Gigasporales,Gigasporales,0.887,1
SH1171695.08FU_KP756511_reps,Gigasporales,Gigasporales,0.884,1
SH1142452.08FU_KP756515_reps,Gigasporales,Gigasporales,0.758,1
SH1171689.08FU_HF968865_reps,Gigasporales,Gigasporales,0.883,1
SH2588255.08FU_AJ313172_reps,Gigasporales,NA,0,0
SH1171696.08FU_JF276259_reps,Gigasporales,Gigasporales,0.879,1
SH1155419.08FU_HF970280_reps,Archaeosporales,Archaeosporales,0.571,1
SH2605255.08FU_UDB0103499_reps,Archaeosporales,NA,0,0
SH1151681.08FU_UDB0345008_reps,Archaeosporales,Archaeosporales,0.377,1
SH1169422.08FU_MF590019_reps,Archaeosporales,Archaeosporales,0.434,1
SH1168462.08FU_MH982516_reps,Archaeosporales,Archaeosporales,0.66,1
SH1168443.08FU_MN735718_reps,Archaeosporales,Archaeosporales,0.773,1
SH1174070.08FU_UDB072380_reps,Archaeosporales,Archaeosporales,0.893,1
SH1185130.08FU_HE775354_reps,Archaeosporales,Archaeosporales,0.549,1
SH2595387.08FU_UDB0210251_reps,Archaeosporales,Archaeosporales,0.358,1
SH1174072.08FU_KY114656_reps,Archaeosporales,Archaeosporales,0.848,1
SH1153877.08FU_AY236279_reps,Archaeosporales,Archaeosporales,0.619,1
SH1168423.08FU_AM420385_refs,Archaeosporales,Archaeosporales,0.0618,1
SH1168424.08FU_JN581956_refs,Archaeosporales,Archaeosporales,0.755,1
SH1238428.08FU_KF849630_reps,Paraglomerales,Glomerales,0.57,0
SH3567364.08FU_MT765476_reps,Paraglomerales,NA,0,0
SH1148318.08FU_HM215636_reps,Paraglomerales,NA,0,0
SH3567343.08FU_MT765513_reps,Paraglomerales,NA,0,0
SH3567330.08FU_MT765587_reps,Paraglomerales,NA,0,0
SH1141073.08FU_KX444267_reps,Thelephorales,Thelephorales,0.869,1
SH1140975.08FU_LC035298_reps,Thelephorales,Thelephorales,0.834,1
SH1143645.08FU_UDB016050_refs,Thelephorales,Thelephorales,0.745,1
SH1159648.08FU_UDB0374486_reps,Thelephorales,Thelephorales,0.9,1
SH1159663.08FU_UDB074678_reps,Thelephorales,Thelephorales,0.887,1
SH2611959.08FU_UDB0407219_reps,Thelephorales,Thelephorales,0.739,1
SH1141011.08FU_KY686257_reps,Thelephorales,Thelephorales,0.774,1
SH1186689.08FU_KM402915_reps,Thelephorales,Thelephorales,0.589,1
SH2604240.08FU_UDB0369155_reps,Thelephorales,Thelephorales,0.042,1
SH1159589.08FU_KM595011_reps,Thelephorales,Thelephorales,0.838,1
SH1159599.08FU_JX630846_reps,Thelephorales,Thelephorales,0.881,1
SH1159588.08FU_UDB007870_reps,Thelephorales,Thelephorales,0.626,1
SH1159539.08FU_UDB016666_reps,Thelephorales,Thelephorales,0.756,1
SH1159420.08FU_UDB012443_reps,Thelephorales,Thelephorales,0.928,1
SH1141154.08FU_MK310077_reps,Thelephorales,Thelephorales,0.874,1
SH1141091.08FU_FJ378799_reps,Thelephorales,Thelephorales,0.808,1
SH1141133.08FU_UDB0154579_reps,Thelephorales,Thelephorales,0.862,1
SH1244119.08FU_EU597060_reps,Thelephorales,Thelephorales,0.601,1
SH1140506.08FU_HQ336704_reps,Thelephorales,Thelephorales,0.893,1
SH1159422.08FU_UDB0164402_reps,Thelephorales,Thelephorales,0.864,1
SH2598276.08FU_UDB0762096_reps,Thelephorales,Thelephorales,0.868,1
SH2603398.08FU_UDB0147425_reps,Thelephorales,Thelephorales,0.825,1
SH1212485.08FU_UDB016786_reps,Thelephorales,Thelephorales,0.795,1
SH2606939.08FU_UDB0154064_reps,Thelephorales,Thelephorales,0.648,1
SH1159745.08FU_UDB0724815_reps,Thelephorales,Thelephorales,0.864,1
SH1159494.08FU_UDB002766_reps,Thelephorales,Thelephorales,0.665,1
SH1140537.08FU_UDB000243_refs,Thelephorales,Thelephorales,0.942,1
SH1159591.08FU_KR149776_reps,Thelephorales,Thelephorales,0.819,1
SH1140570.08FU_KT198743_reps,Thelephorales,Thelephorales,0.673,1
SH1159482.08FU_UDB0369169_reps,Thelephorales,Thelephorales,0.918,1
SH1234283.08FU_UDB0349238_reps,Thelephorales,Thelephorales,0.849,1
SH1212482.08FU_UDB004752_reps,Thelephorales,Thelephorales,0.715,1
SH1140699.08FU_UDB0360294_reps,Thelephorales,Thelephorales,0.946,1
SH1237731.08FU_UDB004263_reps,Thelephorales,Thelephorales,0.63,1
SH1140715.08FU_AM113449_reps,Thelephorales,Thelephorales,0.676,1
SH1140814.08FU_UDB004259_reps,Thelephorales,Thelephorales,0.829,1
SH1140787.08FU_UDB007871_reps,Thelephorales,Thelephorales,0.688,1
SH1140790.08FU_U83466_reps,Thelephorales,Thelephorales,0.888,1
SH1140764.08FU_UDB025959_reps,Thelephorales,Thelephorales,0.877,1
SH1140953.08FU_UDB078497_reps,Thelephorales,Thelephorales,0.823,1
SH1141188.08FU_GU184077_reps,Thelephorales,Thelephorales,0.847,1
SH1152198.08FU_KU141187_reps,Thelephorales,Thelephorales,0.862,1
SH1140963.08FU_UDB0758023_reps,Thelephorales,Thelephorales,0.573,1
SH1169180.08FU_MH211749_reps,Thelephorales,Thelephorales,0.0468,1
SH2609841.08FU_UDB0536539_reps,Thelephorales,Thelephorales,0.82,1
SH1212495.08FU_GQ268669_reps,Thelephorales,Thelephorales,0.643,1
SH1212510.08FU_UDB0357285_reps,Thelephorales,Thelephorales,0.862,1
SH1140825.08FU_UDB008388_reps,Thelephorales,Thelephorales,0.688,1
SH1140829.08FU_UDB004261_reps,Thelephorales,Thelephorales,0.843,1
SH1140501.08FU_JX548272_reps,Thelephorales,Thelephorales,0.654,1
SH1140634.08FU_UDB0451285_reps,Thelephorales,Thelephorales,0.864,1
SH1140483.08FU_KF514744_reps,Thelephorales,Thelephorales,0.897,1
SH1140583.08FU_UDB0759337_reps,Thelephorales,Thelephorales,0.734,1
SH1140782.08FU_UDB0349804_reps,Thelephorales,Thelephorales,0.0215,1
SH1140851.08FU_AB873193_reps,Thelephorales,Thelephorales,0.802,1
SH1141130.08FU_UDB0216456_reps,Thelephorales,Thelephorales,0.775,1
SH1159547.08FU_KY686234_reps,Thelephorales,Thelephorales,0.892,1
SH1159596.08FU_UDB078368_reps,Thelephorales,Thelephorales,0.889,1
SH1140643.08FU_EU525996_refs,Thelephorales,Thelephorales,0.88,1
SH1140852.08FU_KT800217_reps,Thelephorales,Thelephorales,0.819,1
SH1140780.08FU_MN549503_reps,Thelephorales,Thelephorales,0.864,1
SH1145898.08FU_UDB031754_reps,Thelephorales,Thelephorales,0.0468,1
SH1140586.08FU_EF635797_reps,Thelephorales,Thelephorales,0.818,1
SH1140458.08FU_UDB000212_refs,Thelephorales,Thelephorales,0.927,1
SH1140449.08FU_UDB000219_refs,Thelephorales,Thelephorales,0.951,1
SH1140678.08FU_KF476861_reps,Thelephorales,Thelephorales,0.898,1
SH1140673.08FU_JX630836_reps,Thelephorales,Thelephorales,0.787,1
SH1159559.08FU_KX899623_reps,Thelephorales,Thelephorales,0.699,1
SH1159565.08FU_EU625823_reps,Thelephorales,Thelephorales,0.866,1
SH1140768.08FU_HE814100_reps,Thelephorales,Thelephorales,0.809,1
SH1159714.08FU_UDB016696_reps,Thelephorales,Thelephorales,0.715,1
SH1140857.08FU_KT032088_refs,Thelephorales,Thelephorales,0.821,1
SH1140781.08FU_FJ197000_reps,Thelephorales,Thelephorales,0.857,1
SH1159545.08FU_UDB0282848_reps,Thelephorales,Thelephorales,0.772,1
SH1140517.08FU_UDB0544647_reps,Thelephorales,Thelephorales,0.734,1
SH1140730.08FU_KF041366_reps,Thelephorales,Thelephorales,0.779,1
SH1140962.08FU_KM594999_reps,Thelephorales,Thelephorales,0.768,1
SH1159508.08FU_UDB016181_reps,Thelephorales,Thelephorales,0.783,1
SH1233050.08FU_UDB0642822_reps,Thelephorales,Thelephorales,0.713,1
SH1140452.08FU_UDB0180095_reps,Thelephorales,Thelephorales,0.946,1
SH1140897.08FU_UDB004834_reps,Thelephorales,Thelephorales,0.803,1
SH1190449.08FU_UDB018541_reps,Thelephorales,Thelephorales,0.682,1
SH1141124.08FU_KT581941_reps,Thelephorales,Thelephorales,0.873,1
SH1171249.08FU_HQ650766_refs,Thelephorales,Thelephorales,0.0468,1
SH1159519.08FU_DQ848612_refs,Thelephorales,Thelephorales,0.846,1
SH1140448.08FU_UDB016192_refs,Thelephorales,Thelephorales,0.906,1
SH1159469.08FU_UDB0272825_reps,Thelephorales,Thelephorales,0.939,1
SH1159446.08FU_UDB013302_reps,Thelephorales,Thelephorales,0.677,1
SH1159478.08FU_UDB0188665_reps,Thelephorales,Thelephorales,0.939,1
SH1233038.08FU_EF538424_refs,Thelephorales,Thelephorales,0.0432,1
SH1140627.08FU_KP754116_reps,Thelephorales,Thelephorales,0.812,1
SH1140610.08FU_DQ377424_reps,Thelephorales,Thelephorales,0.838,1
SH1140767.08FU_GQ900540_reps,Thelephorales,Thelephorales,0.569,1
SH1140794.08FU_FR852156_reps,Thelephorales,Thelephorales,0.868,1
SH1140818.08FU_LC367945_reps,Thelephorales,Thelephorales,0.898,1
SH1156971.08FU_UDB004563_reps,Thelephorales,Thelephorales,0.549,1
SH1159729.08FU_LC367917_reps,Thelephorales,Thelephorales,0.886,1
SH1236695.08FU_EU292264_reps,Thelephorales,Thelephorales,0.472,1
SH1237733.08FU_JX548233_reps,Thelephorales,Thelephorales,0.0432,1
SH1183170.08FU_UDB015313_refs,Thelephorales,Thelephorales,0.496,1
SH1159544.08FU_UDB008184_reps,Thelephorales,Thelephorales,0.325,1
SH1140640.08FU_MT024034_reps,Thelephorales,Thelephorales,0.625,1
SH2605938.08FU_UDB0120877_reps,Thelephorales,Thelephorales,0.808,1
SH1185288.08FU_UDB012458_reps,Thelephorales,Thelephorales,0.816,1
SH1184823.08FU_MK290720_refs,Thelephorales,Thelephorales,0.596,1
SH1159568.08FU_UDB002747_reps,Thelephorales,Thelephorales,0.853,1
SH1212898.08FU_UDB018552_refs,Thelephorales,Thelephorales,0.0432,1
SH1242311.08FU_MK049937_reps,Thelephorales,Thelephorales,0.0439,1
SH1140589.08FU_MW027943_reps,Thelephorales,Thelephorales,0.868,1
SH1159675.08FU_UDB0765186_reps,Thelephorales,Thelephorales,0.0419,1
SH1159435.08FU_UDB0242132_reps,Thelephorales,Thelephorales,0.925,1
SH1140810.08FU_UDB0342048_reps,Thelephorales,Thelephorales,0.858,1
SH1190453.08FU_JX548271_reps,Thelephorales,Thelephorales,0.736,1
SH2603919.08FU_UDB0212894_reps,Thelephorales,Thelephorales,0.681,1
SH1140547.08FU_LC175683_reps,Thelephorales,Thelephorales,0.894,1
SH1159442.08FU_UDB0762475_reps,Thelephorales,Thelephorales,0.845,1
SH1140905.08FU_LC368016_reps,Thelephorales,Thelephorales,0.877,1
SH1159540.08FU_AB922990_reps,Thelephorales,Thelephorales,0.841,1
SH1140587.08FU_KC791133_reps,Thelephorales,Thelephorales,0.841,1
SH1159498.08FU_EF507254_refs,Thelephorales,Thelephorales,0.677,1
SH1140797.08FU_HE820663_reps,Thelephorales,Thelephorales,0.8,1
SH1159541.08FU_KU847425_refs,Thelephorales,Thelephorales,0.698,1
SH1159458.08FU_UDB0413942_reps,Thelephorales,Thelephorales,0.93,1
SH1140700.08FU_UDB0757590_reps,Thelephorales,Thelephorales,0.0414,1
SH1141183.08FU_AB218188_reps,Thelephorales,Thelephorales,0.881,1
SH1140560.08FU_U83483_refs,Thelephorales,Thelephorales,0.944,1
SH1140981.08FU_UDB0294570_reps,Thelephorales,Thelephorales,0.911,1
SH1159492.08FU_MF693840_reps,Thelephorales,Thelephorales,0.901,1
SH1140648.08FU_HQ445207_reps,Thelephorales,Thelephorales,0.906,1
SH1140723.08FU_UDB004255_reps,Thelephorales,Thelephorales,0.578,1
SH1140712.08FU_HQ215832_reps,Thelephorales,Thelephorales,0.743,1
SH1233037.08FU_KU550128_reps,Thelephorales,Thelephorales,0.889,1
SH1150716.08FU_KC571737_reps,Thelephorales,Thelephorales,0.0468,1
SH1140796.08FU_UDB076277_reps,Thelephorales,Thelephorales,0.944,1
SH1140559.08FU_UDB0354278_reps,Thelephorales,Thelephorales,0.863,1
SH2592757.08FU_LC367930_reps,Thelephorales,Thelephorales,0.851,1
SH1140492.08FU_AY751562_refs,Thelephorales,Thelephorales,0.895,1
SH1140613.08FU_UDB0454917_reps,Thelephorales,Thelephorales,0.942,1
SH1159484.08FU_DQ273407_reps,Thelephorales,Thelephorales,0.859,1
SH1159577.08FU_KM576653_reps,Thelephorales,Thelephorales,0.878,1
SH1140798.08FU_EF411126_reps,Thelephorales,Thelephorales,0.83,1
SH3565406.08FU_MK049931_reps,Thelephorales,NA,0,0
SH1159662.08FU_UDB003319_reps,Thelephorales,Thelephorales,0.795,1
SH1159449.08FU_UDB0228203_reps,Thelephorales,Thelephorales,0.887,1
SH1140645.08FU_GU220644_reps,Thelephorales,Thelephorales,0.898,1
SH1159487.08FU_AB982062_reps,Thelephorales,Thelephorales,0.762,1
SH1239108.08FU_UDB027334_reps,Thelephorales,Thelephorales,0.0432,1
SH1159444.08FU_UDB0238147_reps,Thelephorales,Thelephorales,0.911,1
SH1140604.08FU_UDB017783_refs,Thelephorales,Thelephorales,0.769,1
SH1140824.08FU_UDB004276_reps,Thelephorales,Thelephorales,0.605,1
SH1140759.08FU_JX434658_reps,Thelephorales,Thelephorales,0.8,1
SH1159512.08FU_AM087283_reps,Thelephorales,Thelephorales,0.837,1
SH1159445.08FU_UDB088713_reps,Thelephorales,Thelephorales,0.908,1
SH1159538.08FU_UDB0286586_reps,Thelephorales,Thelephorales,0.879,1
SH1239110.08FU_EF411112_refs,Thelephorales,Thelephorales,0.0432,1
SH1140693.08FU_AM113444_reps,Thelephorales,Thelephorales,0.707,1
SH1140891.08FU_UDB082088_reps,Thelephorales,Thelephorales,0.891,1
SH1140549.08FU_HQ204732_refs,Thelephorales,Thelephorales,0.864,1
SH1140734.08FU_UDB0766810_reps,Thelephorales,Thelephorales,0.0432,1
SH1159578.08FU_KT289944_reps,Thelephorales,Thelephorales,0.697,1
SH1140578.08FU_UDB016680_reps,Thelephorales,Thelephorales,0.819,1
SH1140591.08FU_DQ974771_refs,Thelephorales,Thelephorales,0.884,1
SH1140569.08FU_UDB0765092_reps,Thelephorales,Thelephorales,0.0408,1
SH2602337.08FU_UDB0215338_reps,Thelephorales,Thelephorales,0.829,1
SH1140834.08FU_KM247759_reps,Thelephorales,Thelephorales,0.81,1
SH1141076.08FU_JF748087_reps,Thelephorales,Thelephorales,0.797,1
SH1159436.08FU_UDB024536_refs,Thelephorales,Thelephorales,0.84,1
SH1140751.08FU_HE814095_reps,Thelephorales,Thelephorales,0.752,1
SH1212516.08FU_UDB0756769_reps,Thelephorales,Thelephorales,0.467,1
SH1140545.08FU_EU625829_refs,Thelephorales,Thelephorales,0.8,1
SH1140792.08FU_AB848638_reps,Thelephorales,Thelephorales,0.862,1
SH1212521.08FU_UDB0767616_reps,Thelephorales,Thelephorales,0.676,1
SH1156976.08FU_LC367913_reps,Thelephorales,Thelephorales,0.749,1
SH1159602.08FU_KP754073_reps,Thelephorales,Thelephorales,0.526,1
SH1159659.08FU_UDB004829_reps,Thelephorales,Thelephorales,0.699,1
SH1140632.08FU_UDB016713_refs,Thelephorales,Thelephorales,0.783,1
SH1213122.08FU_UDB000285_refs,Thelephorales,Thelephorales,0.0432,1
SH1140598.08FU_UDB016793_reps,Thelephorales,Thelephorales,0.778,1
SH1140623.08FU_UDB003303_refs,Thelephorales,Thelephorales,0.89,1
SH1150718.08FU_MF153002_reps,Thelephorales,Thelephorales,0.361,1
SH2602686.08FU_UDB064597_reps,Thelephorales,NA,0,0
SH1140664.08FU_AF461568_reps,Thelephorales,Thelephorales,0.673,1
SH1159473.08FU_KP754108_reps,Thelephorales,Thelephorales,0.724,1
SH1159454.08FU_UDB003327_refs,Thelephorales,Thelephorales,0.941,1
SH1159601.08FU_MT366776_reps,Thelephorales,Thelephorales,0.816,1
SH1159708.08FU_UDB016663_reps,Thelephorales,Thelephorales,0.732,1
SH1148776.08FU_KY354755_reps,Gomphales,Gomphales,0.148,1
SH1169028.08FU_KU870448_refs,Gomphales,Gomphales,0.0649,1
SH1148719.08FU_MK909905_reps,Gomphales,Gomphales,0.321,1
SH1156830.08FU_KP658143_reps,Gomphales,Gomphales,0.0835,1
SH1148723.08FU_UDB0691004_reps,Gomphales,Gomphales,0.25,1
SH1169665.08FU_MH216039_reps,Gomphales,Gomphales,0.0835,1
SH1228402.08FU_KX574485_reps,Gomphales,Gomphales,0.154,1
SH1187112.08FU_UDB0220098_reps,Gomphales,Gomphales,0.0761,1
SH1169667.08FU_JX310411_reps,Gomphales,Gomphales,0.146,1
SH1152057.08FU_KY986439_reps,Gomphales,Gomphales,0.0835,1
SH3565667.08FU_MK253201_reps,Gomphales,NA,0,0
SH1213079.08FU_UDB0778360_reps,Gomphales,Gomphales,0.0649,1
SH1175537.08FU_JF960805_reps,Gomphales,Gomphales,0.0835,1
SH2608854.08FU_UDB0208839_reps,Gomphales,NA,0,0
SH1184692.08FU_JX310400_reps,Gomphales,Gomphales,0.0835,1
SH1235769.08FU_JX310415_reps,Gomphales,Gomphales,0.0835,1
SH1191812.08FU_KY626136_reps,Gomphales,Gomphales,0.0835,1
SH1169027.08FU_AJ292289_reps,Gomphales,Gomphales,0.0796,1
SH1180016.08FU_KY626140_refs,Gomphales,Gomphales,0.0835,1
SH1169669.08FU_DQ365614_reps,Gomphales,Gomphales,0.138,1
SH1242523.08FU_UDB0317682_reps,Gomphales,Gomphales,0.08,1
SH1169674.08FU_KX574481_reps,Gomphales,Gomphales,0.0835,1
SH1184693.08FU_EU644709_reps,Gomphales,Gomphales,0.0797,1
SH1182337.08FU_EU834202_reps,Gomphales,Gomphales,0.0835,1
SH1232624.08FU_KP658134_reps,Gomphales,Gomphales,0.0835,1
SH1232625.08FU_UDB024043_reps,Gomphales,Gomphales,0.0835,1
SH2593485.08FU_MK169351_reps,Gomphales,Gomphales,0.406,1
SH1228405.08FU_UDB033497_reps,Gomphales,Gomphales,0.0835,1
SH1189613.08FU_AJ408379_reps,Gomphales,Gomphales,0.0835,1
SH1148073.08FU_UDB066165_reps,Hygrophoraceae,Hygrophoraceae,0.656,1
SH1160014.08FU_HM240529_refs,Hygrophoraceae,Hygrophoraceae,0.0907,1
SH1189494.08FU_UDB039659_reps,Hygrophoraceae,Hygrophoraceae,0.0907,1
SH1181073.08FU_FJ596917_reps,Hygrophoraceae,Hygrophoraceae,0.0907,1
SH3223121.08FU_MG685874_reps,Hygrophoraceae,Hygrophoraceae,0.0907,1
SH1183546.08FU_KJ780675_reps,Hygrophoraceae,Hygrophoraceae,0.838,1
SH1184648.08FU_EU523560_refs,Hygrophoraceae,Hygrophoraceae,0.0907,1
SH1175414.08FU_KJ780520_reps,Hygrophoraceae,Hygrophoraceae,0.894,1
SH1175421.08FU_KX772442_reps,Hygrophoraceae,Hygrophoraceae,0.836,1
SH1175402.08FU_KX772721_reps,Hygrophoraceae,Hygrophoraceae,0.872,1
SH1244745.08FU_LC175568_reps,Hygrophoraceae,Hygrophoraceae,0.0893,1
SH1190381.08FU_KY861450_reps,Hygrophoraceae,Hygrophoraceae,0.544,1
SH1217428.08FU_DQ420703_reps,Hygrophoraceae,Hygrophoraceae,0.0907,1
SH1183578.08FU_DQ917656_reps,Hygrophoraceae,Hygrophoraceae,0.791,1
SH1148078.08FU_UDB025712_reps,Hygrophoraceae,Hygrophoraceae,0.703,1
SH1149851.08FU_KF477303_refs,Hygrophoraceae,Hygrophoraceae,0.0907,1
SH1237014.08FU_UDB061009_reps,Hygrophoraceae,Hygrophoraceae,0.0281,1
SH1150420.08FU_KF291079_reps,Hygrophoraceae,Hygrophoraceae,0.0907,1
SH1183554.08FU_KX772685_reps,Hygrophoraceae,Hygrophoraceae,0.88,1
SH1190378.08FU_MK010869_reps,Hygrophoraceae,Hygrophoraceae,0.367,1
SH1189805.08FU_MH282503_reps,Hygrophoraceae,Hygrophoraceae,0.0907,1
SH1148074.08FU_HQ185708_refs,Hygrophoraceae,Hygrophoraceae,0.921,1
SH1175408.08FU_KJ780435_reps,Hygrophoraceae,Hygrophoraceae,0.892,1
SH1173919.08FU_UDB0620855_reps,Hygrophoraceae,Hygrophoraceae,0.0886,1
SH1189553.08FU_KY744189_reps,Hygrophoraceae,Hygrophoraceae,0.0907,1
SH1181057.08FU_UDB0766358_reps,Hygrophoraceae,,0,0
SH1183575.08FU_KJ780587_reps,Hygrophoraceae,Hygrophoraceae,0.742,1
SH1183535.08FU_MK010865_reps,Hygrophoraceae,Hygrophoraceae,0.71,1
SH1183540.08FU_MK010859_reps,Hygrophoraceae,Hygrophoraceae,0.774,1
SH1194172.08FU_UDB000582_refs,Hygrophoraceae,Hygrophoraceae,0.0907,1
SH1217423.08FU_KF306333_refs,Hygrophoraceae,Hygrophoraceae,0.0907,1
SH1175394.08FU_KX772679_reps,Hygrophoraceae,Hygrophoraceae,0.88,1
SH1145037.08FU_KT800311_reps,Hygrophoraceae,Hygrophoraceae,0.0896,1
SH1177581.08FU_UDB017860_refs,Hygrophoraceae,Hygrophoraceae,0.836,1
SH1181126.08FU_KY807666_reps,Hygrophoraceae,Hygrophoraceae,0.0907,1
SH1212714.08FU_UDB015302_refs,Hygrophoraceae,Hygrophoraceae,0.447,1
SH1188738.08FU_MT594510_reps,Hygrophoraceae,Hygrophoraceae,0.0621,1
SH1146896.08FU_MH429982_reps,Hygrophoraceae,Hygrophoraceae,0.0907,1
SH1237013.08FU_KF291075_reps,Hygrophoraceae,Hygrophoraceae,0.0907,1
SH1155008.08FU_EU784318_reps,Hygrophoraceae,Hygrophoraceae,0.0907,1
SH1175395.08FU_KJ780473_refs,Hygrophoraceae,Hygrophoraceae,0.929,1
SH3565979.08FU_MK123937_reps,Hygrophoraceae,,0,0
SH1237016.08FU_GU180349_reps,Hygrophoraceae,Hygrophoraceae,0.0745,1
SH1243123.08FU_UDB0562675_reps,Hygrophoraceae,Hygrophoraceae,0.0705,1
SH1177580.08FU_KJ720198_refs,Hygrophoraceae,Hygrophoraceae,0.763,1
SH1194182.08FU_MF399436_reps,Hygrophoraceae,Hygrophoraceae,0.0907,1
SH1212704.08FU_UDB000571_refs,Hygrophoraceae,Hygrophoraceae,0.0907,1
SH1242096.08FU_MN378318_reps,Hygrophoraceae,Hygrophoraceae,0.073,1
SH1169770.08FU_UDB0685880_reps,Hygrophoraceae,Hygrophoraceae,0.0907,1
SH1177582.08FU_UDB000569_refs,Hygrophoraceae,Hygrophoraceae,0.0907,1
SH1212707.08FU_MF074847_reps,Hygrophoraceae,Hygrophoraceae,0.0907,1
SH3567417.08FU_MT093603_reps,Hygrophoraceae,,0,0
SH1244643.08FU_UDB014855_reps,Hygrophoraceae,Hygrophoraceae,0.0907,1
SH1235665.08FU_KM247633_reps,Hygrophoraceae,Hygrophoraceae,0.0907,1
SH1175409.08FU_KX772494_reps,Hygrophoraceae,Hygrophoraceae,0.838,1
SH1217424.08FU_UDB067435_reps,Hygrophoraceae,Hygrophoraceae,0.0524,1
SH1141934.08FU_MH930257_reps,Cortinariaceae,Cortinariaceae,0.899,1
SH1190161.08FU_UDB002106_refs,Cortinariaceae,Cortinariaceae,0.929,1
SH1176753.08FU_UDB026379_reps,Cortinariaceae,Cortinariaceae,0.959,1
SH1141733.08FU_KF732386_refs,Cortinariaceae,Cortinariaceae,0.873,1
SH2611572.08FU_UDB0315604_reps,Cortinariaceae,Cortinariaceae,0.91,1
SH1141566.08FU_UDB0761800_reps,Cortinariaceae,Cortinariaceae,0.854,1
SH1141713.08FU_KY774114_reps,Cortinariaceae,Cortinariaceae,0.86,1
SH1142000.08FU_AY669607_reps,Cortinariaceae,Cortinariaceae,0.879,1
SH1141622.08FU_MH101530_reps,Cortinariaceae,Cortinariaceae,0.893,1
SH1141357.08FU_UDB002773_reps,Cortinariaceae,Cortinariaceae,0.915,1
SH2593059.08FU_MF599251_reps,Cortinariaceae,Cortinariaceae,0.695,1
SH1173089.08FU_MT935173_reps,Cortinariaceae,Cortinariaceae,0.924,1
SH1142895.08FU_UDB0765794_reps,Cortinariaceae,Cortinariaceae,0.893,1
SH1141666.08FU_KF732477_refs,Cortinariaceae,Cortinariaceae,0.848,1
SH1141355.08FU_AY033110_refs,Cortinariaceae,Cortinariaceae,0.923,1
SH1152644.08FU_KY774055_reps,Cortinariaceae,Cortinariaceae,0.413,1
SH1141443.08FU_MG552967_reps,Cortinariaceae,Cortinariaceae,0.831,1
SH1173008.08FU_AB848472_reps,Cortinariaceae,Cortinariaceae,0.907,1
SH2605969.08FU_MT935349_reps,Cortinariaceae,Cortinariaceae,0.901,1
SH1141465.08FU_AY669651_reps,Cortinariaceae,Cortinariaceae,0.893,1
SH1172949.08FU_MG786257_reps,Cortinariaceae,Cortinariaceae,0.927,1
SH1173012.08FU_HM017846_refs,Cortinariaceae,Cortinariaceae,0.943,1
SH1190162.08FU_UDB001814_refs,Cortinariaceae,Cortinariaceae,0.907,1
SH1141442.08FU_KX010944_refs,Cortinariaceae,Cortinariaceae,0.905,1
SH1172930.08FU_KX964356_refs,Cortinariaceae,Cortinariaceae,0.953,1
SH1142155.08FU_UDB035723_reps,Cortinariaceae,Cortinariaceae,0.927,1
SH1141349.08FU_AY174797_refs,Cortinariaceae,Cortinariaceae,0.848,1
SH1141703.08FU_KY462548_reps,Cortinariaceae,Cortinariaceae,0.906,1
SH2618336.08FU_UDB0670744_reps,Cortinariaceae,Cortinariaceae,0.94,1
SH1141569.08FU_KF727389_reps,Cortinariaceae,Cortinariaceae,0.899,1
SH1141596.08FU_KY774098_reps,Cortinariaceae,Cortinariaceae,0.315,1
SH1141694.08FU_DQ328081_refs,Cortinariaceae,Cortinariaceae,0.862,1
SH1142072.08FU_MN992358_reps,Cortinariaceae,Cortinariaceae,0.715,1
SH1141917.08FU_LC175540_reps,Cortinariaceae,Cortinariaceae,0.842,1
SH1173094.08FU_UDB013186_reps,Cortinariaceae,Cortinariaceae,0.913,1
SH1141462.08FU_UDB0477288_reps,Cortinariaceae,Cortinariaceae,0.929,1
SH1173041.08FU_UDB013280_reps,Cortinariaceae,Cortinariaceae,0.773,1
SH1173118.08FU_LC219756_reps,Cortinariaceae,Cortinariaceae,0.829,1
SH1141470.08FU_KF732366_refs,Cortinariaceae,Cortinariaceae,0.743,1
SH1141322.08FU_JN942290_reps,Cortinariaceae,Cortinariaceae,0.833,1
SH1141728.08FU_MH101527_reps,Cortinariaceae,Cortinariaceae,0.893,1
SH1141366.08FU_AF461591_reps,Cortinariaceae,Cortinariaceae,0.654,1
SH1141412.08FU_KF732456_refs,Cortinariaceae,Cortinariaceae,0.713,1
SH1172973.08FU_MH784788_refs,Cortinariaceae,Cortinariaceae,0.918,1
SH1150348.08FU_MF599242_reps,Cortinariaceae,Cortinariaceae,0.681,1
SH1172979.08FU_KT591588_refs,Cortinariaceae,Cortinariaceae,0.928,1
SH1141591.08FU_EU057033_reps,Cortinariaceae,Cortinariaceae,0.838,1
SH1141302.08FU_HQ845169_refs,Cortinariaceae,Cortinariaceae,0.947,1
SH1141735.08FU_MK010941_reps,Cortinariaceae,Cortinariaceae,0.83,1
SH1173113.08FU_AY822739_reps,Cortinariaceae,Cortinariaceae,0.952,1
SH1141742.08FU_KF732305_refs,Cortinariaceae,Cortinariaceae,0.936,1
SH1172987.08FU_UDB012223_reps,Cortinariaceae,Cortinariaceae,0.94,1
SH1173030.08FU_MF379632_refs,Cortinariaceae,Cortinariaceae,0.907,1
SH1141989.08FU_GU233331_refs,Cortinariaceae,Cortinariaceae,0.833,1
SH1141631.08FU_KF732255_refs,Cortinariaceae,Cortinariaceae,0.879,1
SH1190180.08FU_JF795384_refs,Cortinariaceae,Cortinariaceae,0.926,1
SH1141338.08FU_JN022509_reps,Cortinariaceae,Cortinariaceae,0.938,1
SH1235814.08FU_MH784785_reps,Cortinariaceae,Cortinariaceae,0.936,1
SH1141936.08FU_GU233322_refs,Cortinariaceae,Cortinariaceae,0.863,1
SH1141854.08FU_MN846535_reps,Cortinariaceae,Cortinariaceae,0.839,1
SH1142209.08FU_EF420139_refs,Cortinariaceae,Cortinariaceae,0.684,1
SH1173050.08FU_KC608576_refs,Cortinariaceae,Cortinariaceae,0.902,1
SH1176759.08FU_HQ215755_reps,Cortinariaceae,Cortinariaceae,0.955,1
SH1141776.08FU_UDB0267969_reps,Cortinariaceae,Cortinariaceae,0.961,1
SH1141309.08FU_UDB0349663_reps,Cortinariaceae,Cortinariaceae,0.965,1
SH1179920.08FU_KX395718_reps,Cortinariaceae,Cortinariaceae,0.925,1
SH2592229.08FU_MK659943_reps,Cortinariaceae,Cortinariaceae,0.911,1
SH1141403.08FU_KF732462_refs,Cortinariaceae,Cortinariaceae,0.909,1
SH1235795.08FU_UDB017792_refs,Cortinariaceae,Cortinariaceae,0.784,1
SH1141369.08FU_UDB0393819_reps,Cortinariaceae,Cortinariaceae,0.919,1
SH1141738.08FU_AB251840_reps,Cortinariaceae,Cortinariaceae,0.107,1
SH1190127.08FU_KF732252_refs,Cortinariaceae,Cortinariaceae,0.944,1
SH1190156.08FU_MH212024_reps,Cortinariaceae,Cortinariaceae,0.917,1
SH1173022.08FU_JX407292_refs,Cortinariaceae,Cortinariaceae,0.901,1
SH1188318.08FU_AY033125_reps,Cortinariaceae,Cortinariaceae,0.107,1
SH1190176.08FU_KT222911_refs,Cortinariaceae,Cortinariaceae,0.905,1
SH1141356.08FU_MH299787_refs,Cortinariaceae,Cortinariaceae,0.813,1
SH1179929.08FU_MH784817_refs,Cortinariaceae,Cortinariaceae,0.883,1
SH1141419.08FU_KF732447_refs,Cortinariaceae,Cortinariaceae,0.91,1
SH1173049.08FU_UDB012399_reps,Cortinariaceae,Cortinariaceae,0.941,1
SH1245584.08FU_LC219755_reps,Cortinariaceae,Cortinariaceae,0.787,1
SH1173047.08FU_UDB0289648_reps,Cortinariaceae,Cortinariaceae,0.941,1
SH1141505.08FU_GU233345_refs,Cortinariaceae,Cortinariaceae,0.893,1
SH1141755.08FU_KY462563_reps,Cortinariaceae,Cortinariaceae,0.781,1
SH1141702.08FU_KY462623_reps,Cortinariaceae,Cortinariaceae,0.941,1
SH1141524.08FU_GU233369_reps,Cortinariaceae,Cortinariaceae,0.848,1
SH1173033.08FU_MH784813_refs,Cortinariaceae,Cortinariaceae,0.947,1
SH1172951.08FU_KP165563_refs,Cortinariaceae,Cortinariaceae,0.9,1
SH1141377.08FU_AY174814_refs,Cortinariaceae,Cortinariaceae,0.67,1
SH1235653.08FU_MN992340_reps,Cortinariaceae,Cortinariaceae,0.0794,1
SH1141346.08FU_UDB0170241_reps,Cortinariaceae,Cortinariaceae,0.961,1
SH1142612.08FU_KJ920039_refs,Cortinariaceae,Cortinariaceae,0.699,1
SH1141722.08FU_KF727353_reps,Cortinariaceae,Cortinariaceae,0.924,1
SH1190146.08FU_JF907955_reps,Cortinariaceae,Cortinariaceae,0.661,1
SH1173024.08FU_JF795387_refs,Cortinariaceae,Cortinariaceae,0.922,1
SH1141598.08FU_AY669653_reps,Cortinariaceae,Cortinariaceae,0.854,1
SH1172993.08FU_KU041734_refs,Cortinariaceae,Cortinariaceae,0.947,1
SH1141411.08FU_UDB001846_refs,Cortinariaceae,Cortinariaceae,0.925,1
SH1141582.08FU_KF732552_refs,Cortinariaceae,Cortinariaceae,0.889,1
SH1191952.08FU_EU669241_reps,Cortinariaceae,Cortinariaceae,0.761,1
SH1141725.08FU_UDB002712_reps,Cortinariaceae,Cortinariaceae,0.908,1
SH1172959.08FU_KM273093_refs,Cortinariaceae,Cortinariaceae,0.888,1
SH1141709.08FU_KT334135_reps,Cortinariaceae,Cortinariaceae,0.936,1
SH1141526.08FU_GU233337_refs,Cortinariaceae,Cortinariaceae,0.919,1
SH1141328.08FU_UDB000717_refs,Cortinariaceae,Cortinariaceae,0.91,1
SH2613361.08FU_UDB0400955_reps,Cortinariaceae,Cortinariaceae,0.821,1
SH1222089.08FU_UDB001022_refs,Cortinariaceae,Cortinariaceae,0.107,1
SH1141624.08FU_JN847498_reps,Cortinariaceae,Cortinariaceae,0.8,1
SH1191959.08FU_JN102528_reps,Cortinariaceae,Cortinariaceae,0.905,1
SH1142119.08FU_KM576378_reps,Cortinariaceae,Cortinariaceae,0.912,1
SH1141475.08FU_KU523934_reps,Cortinariaceae,Cortinariaceae,0.89,1
SH1173011.08FU_KP165554_refs,Cortinariaceae,Cortinariaceae,0.946,1
SH1172929.08FU_KT591589_refs,Cortinariaceae,Cortinariaceae,0.945,1
SH1222090.08FU_KU236707_refs,Cortinariaceae,Cortinariaceae,0.107,1
SH1141647.08FU_JX679116_reps,Cortinariaceae,Cortinariaceae,0.82,1
SH1172992.08FU_JQ974380_refs,Cortinariaceae,Cortinariaceae,0.922,1
SH1141318.08FU_UDB002159_refs,Cortinariaceae,Cortinariaceae,0.958,1
SH1173019.08FU_KP137493_refs,Cortinariaceae,Cortinariaceae,0.836,1
SH1176745.08FU_UDB0644999_reps,Cortinariaceae,Cortinariaceae,0.103,1
SH1141646.08FU_JX679115_reps,Cortinariaceae,Cortinariaceae,0.854,1
SH1142132.08FU_UDB0109953_reps,Cortinariaceae,Cortinariaceae,0.325,1
SH1172964.08FU_KJ206503_refs,Cortinariaceae,Cortinariaceae,0.934,1
SH1190163.08FU_UDB0351537_reps,Cortinariaceae,Cortinariaceae,0.838,1
SH1141662.08FU_UDB013454_reps,Cortinariaceae,Cortinariaceae,0.892,1
SH1142861.08FU_KF732539_refs,Cortinariaceae,Cortinariaceae,0.824,1
SH2595676.08FU_MK816376_reps,Cortinariaceae,Cortinariaceae,0.922,1
SH1141508.08FU_MG553123_reps,Cortinariaceae,Cortinariaceae,0.911,1
SH1141304.08FU_AF478585_refs,Cortinariaceae,Cortinariaceae,0.923,1
SH1141593.08FU_JX178622_reps,Cortinariaceae,Cortinariaceae,0.676,1
SH1190129.08FU_AF182794_refs,Cortinariaceae,Cortinariaceae,0.937,1
SH1190168.08FU_KF732476_refs,Cortinariaceae,Cortinariaceae,0.919,1
SH1141672.08FU_KM595015_reps,Cortinariaceae,Cortinariaceae,0.85,1
SH1141327.08FU_KP087986_refs,Cortinariaceae,Cortinariaceae,0.929,1
SH1142888.08FU_LC367838_reps,Cortinariaceae,Cortinariaceae,0.847,1
SH1141636.08FU_UDB0302148_reps,Cortinariaceae,Cortinariaceae,0.863,1
SH1173015.08FU_HQ845170_refs,Cortinariaceae,Cortinariaceae,0.923,1
SH1191965.08FU_MF957119_reps,Cortinariaceae,Cortinariaceae,0.787,1
SH1141449.08FU_JQ287672_refs,Cortinariaceae,Cortinariaceae,0.919,1
SH1141564.08FU_MG553134_reps,Cortinariaceae,Cortinariaceae,0.831,1
SH1141714.08FU_AY669603_reps,Cortinariaceae,Cortinariaceae,0.915,1
SH1173001.08FU_KP137495_refs,Cortinariaceae,Cortinariaceae,0.916,1
SH1141466.08FU_UDB036990_reps,Cortinariaceae,Cortinariaceae,0.839,1
SH1173054.08FU_HF674561_reps,Cortinariaceae,Cortinariaceae,0.903,1
SH1141758.08FU_KJ421026_reps,Cortinariaceae,Cortinariaceae,0.815,1
SH1141730.08FU_AY669600_reps,Cortinariaceae,Cortinariaceae,0.905,1
SH1141512.08FU_UDB0131194_reps,Cortinariaceae,Cortinariaceae,0.907,1
SH1173004.08FU_UDB001231_reps,Cortinariaceae,Cortinariaceae,0.843,1
SH1141324.08FU_AY669595_refs,Cortinariaceae,Cortinariaceae,0.817,1
SH1173026.08FU_MH784781_refs,Cortinariaceae,Cortinariaceae,0.916,1
SH1141417.08FU_UDB000926_reps,Cortinariaceae,Cortinariaceae,0.736,1
SH1141519.08FU_MH019950_reps,Cortinariaceae,Cortinariaceae,0.919,1
SH1190171.08FU_HQ441244_refs,Cortinariaceae,Cortinariaceae,0.884,1
SH1152363.08FU_MG553128_reps,Cortinariaceae,Cortinariaceae,0.539,1
SH1176740.08FU_JX407321_refs,Cortinariaceae,Cortinariaceae,0.884,1
SH1141642.08FU_AY669536_reps,Cortinariaceae,Cortinariaceae,0.931,1
SH1213462.08FU_MN795481_reps,Cortinariaceae,Cortinariaceae,0.0682,1
SH1221818.08FU_UDB064781_reps,Cortinariaceae,Cortinariaceae,0.787,1
SH1172988.08FU_MG136822_refs,Cortinariaceae,Cortinariaceae,0.942,1
SH1141517.08FU_AY669622_refs,Cortinariaceae,Cortinariaceae,0.901,1
SH2610460.08FU_UDB0344355_reps,Inocybaceae,Inocybaceae,0.85,1
SH1245353.08FU_JF908265_reps,Inocybaceae,Inocybaceae,0.0646,1
SH2608073.08FU_UDB0186747_reps,Inocybaceae,Inocybaceae,0.829,1
SH2595864.08FU_MT534290_reps,Inocybaceae,Inocybaceae,0.05,1
SH1159878.08FU_FN550903_refs,Inocybaceae,Inocybaceae,0.418,1
SH1153001.08FU_FJ378770_reps,Inocybaceae,Inocybaceae,0.618,1
SH1159883.08FU_UDB0299942_reps,Inocybaceae,Inocybaceae,0.337,1
SH1174104.08FU_HQ215791_reps,Inocybaceae,Inocybaceae,0.0651,1
SH1150493.08FU_JX630426_reps,Inocybaceae,Inocybaceae,0.066,1
SH1186820.08FU_KJ938784_refs,Inocybaceae,Inocybaceae,0.358,1
SH1184703.08FU_UDB0766588_reps,Inocybaceae,Inocybaceae,0.066,1
SH1176489.08FU_UDB0169240_reps,Inocybaceae,Inocybaceae,0.066,1
SH1230028.08FU_HQ201339_refs,Inocybaceae,Inocybaceae,0.451,1
SH1212922.08FU_AB848517_reps,Inocybaceae,Inocybaceae,0.576,1
SH1171144.08FU_KR149750_reps,Inocybaceae,Inocybaceae,0.402,1
SH1158943.08FU_AM882775_reps,Inocybaceae,Inocybaceae,0.879,1
SH1189127.08FU_HF675553_reps,Inocybaceae,Inocybaceae,0.946,1
SH1143878.08FU_KX354976_reps,Inocybaceae,Inocybaceae,0.066,1
SH2607926.08FU_UDB0181049_reps,Inocybaceae,Inocybaceae,0.696,1
SH1159886.08FU_KC965246_reps,Inocybaceae,Inocybaceae,0.475,1
SH1155146.08FU_UDB0767195_reps,Inocybaceae,Inocybaceae,0.063,1
SH1177610.08FU_KY213955_refs,Inocybaceae,Inocybaceae,0.948,1
SH1232016.08FU_JQ408768_reps,Inocybaceae,Inocybaceae,0.879,1
SH1172514.08FU_KP636847_reps,Inocybaceae,Inocybaceae,0.78,1
SH1172497.08FU_KF977201_reps,Inocybaceae,Inocybaceae,0.222,1
SH1158707.08FU_UDB0224124_reps,Inocybaceae,Inocybaceae,0.811,1
SH1227404.08FU_AM882711_reps,Inocybaceae,Inocybaceae,0.724,1
SH1186832.08FU_MK578695_reps,Inocybaceae,Inocybaceae,0.066,1
SH1212684.08FU_MH488755_reps,Inocybaceae,Inocybaceae,0.828,1
SH1158620.08FU_LC175093_reps,Inocybaceae,Inocybaceae,0.0599,1
SH1159837.08FU_FJ378763_reps,Inocybaceae,Inocybaceae,0.572,1
SH1144251.08FU_AB244041_reps,Inocybaceae,Inocybaceae,0.246,1
SH1212455.08FU_UDB004687_reps,Inocybaceae,Inocybaceae,0.066,1
SH1158550.08FU_KY440106_reps,Inocybaceae,Inocybaceae,0.0647,1
SH1158543.08FU_KP171131_reps,Inocybaceae,Inocybaceae,0.0648,1
SH1159840.08FU_MK310011_reps,Inocybaceae,Inocybaceae,0.066,1
SH1159803.08FU_MK153636_reps,Inocybaceae,Inocybaceae,0.066,1
SH1176495.08FU_KC966192_reps,Inocybaceae,Inocybaceae,0.428,1
SH1143889.08FU_GQ892987_reps,Inocybaceae,Inocybaceae,0.066,1
SH1159839.08FU_MG663295_reps,Inocybaceae,Inocybaceae,0.651,1
SH1171643.08FU_LC277026_reps,Inocybaceae,Inocybaceae,0.727,1
SH1212688.08FU_LC035363_reps,Inocybaceae,Inocybaceae,0.564,1
SH1176502.08FU_UDB049610_reps,Inocybaceae,Inocybaceae,0.922,1
SH1174113.08FU_JX630907_reps,Inocybaceae,Inocybaceae,0.433,1
SH2603400.08FU_UDB0162850_reps,Inocybaceae,Inocybaceae,0.234,1
SH1156056.08FU_JX258838_reps,Inocybaceae,Inocybaceae,0.0643,1
SH1183893.08FU_HG796988_reps,Inocybaceae,Inocybaceae,0.869,1
SH1234932.08FU_KP636860_refs,Inocybaceae,Inocybaceae,0.066,1
SH1171630.08FU_JN580836_refs,Inocybaceae,Inocybaceae,0.954,1
SH1223190.08FU_DQ493587_reps,Inocybaceae,Inocybaceae,0.066,1
SH1151358.08FU_JN642233_refs,Inocybaceae,Inocybaceae,0.066,1
SH1237381.08FU_JN642231_reps,Inocybaceae,Inocybaceae,0.0641,1
SH1212469.08FU_FJ436328_refs,Inocybaceae,Inocybaceae,0.066,1
SH1156226.08FU_HF675469_reps,Inocybaceae,Inocybaceae,0.954,1
SH1168452.08FU_FJ904174_refs,Inocybaceae,Inocybaceae,0.954,1
SH2612982.08FU_UDB0379449_reps,Inocybaceae,Inocybaceae,0.405,1
SH1219939.08FU_UDB009676_reps,Inocybaceae,Inocybaceae,0.453,1
SH1190794.08FU_KM409423_reps,Inocybaceae,Inocybaceae,0.804,1
SH2603969.08FU_UDB0394513_reps,Inocybaceae,Inocybaceae,0.0646,1
SH1188770.08FU_KP308802_refs,Inocybaceae,Inocybaceae,0.738,1
SH1183888.08FU_HQ604077_reps,Inocybaceae,Inocybaceae,0.695,1
SH2606080.08FU_UDB0124663_reps,Inocybaceae,Inocybaceae,0.225,1
SH1233173.08FU_AM882950_refs,Inocybaceae,Inocybaceae,0.95,1
SH1171139.08FU_KT800353_reps,Inocybaceae,Inocybaceae,0.649,1
SH1159935.08FU_AY456377_reps,Inocybaceae,Inocybaceae,0.73,1
SH2595966.08FU_MN047378_reps,Inocybaceae,Inocybaceae,0.834,1
SH1159806.08FU_FR852271_reps,Inocybaceae,Inocybaceae,0.066,1
SH1189211.08FU_JX456949_reps,Inocybaceae,Inocybaceae,0.066,1
SH1158713.08FU_JX630345_reps,Inocybaceae,Inocybaceae,0.563,1
SH1176492.08FU_UDB0563713_reps,Inocybaceae,Inocybaceae,0.066,1
SH1142323.08FU_KX290780_refs,Inocybaceae,Inocybaceae,0.851,1
SH1178271.08FU_HQ604519_reps,Inocybaceae,Inocybaceae,0.064,1
SH1191454.08FU_KY496805_reps,Inocybaceae,Inocybaceae,0.066,1
SH2608181.08FU_UDB0190075_reps,Inocybaceae,Inocybaceae,0.854,1
SH1159805.08FU_EF635774_reps,Inocybaceae,Inocybaceae,0.066,1
SH1190264.08FU_UDB0660153_reps,Inocybaceae,,0,0
SH1183896.08FU_UDB0625894_reps,Inocybaceae,Inocybaceae,0.0615,1
SH1225658.08FU_UDB0296798_reps,Inocybaceae,Russulaceae,0.0386,0
SH1184829.08FU_MW010031_refs,Inocybaceae,Inocybaceae,0.872,1
SH1186829.08FU_FJ531872_refs,Inocybaceae,Inocybaceae,0.511,1
SH2614231.08FU_UDB0483377_reps,Inocybaceae,Inocybaceae,0.36,1
SH1176491.08FU_FN550892_reps,Inocybaceae,Inocybaceae,0.066,1
SH1223188.08FU_HQ604260_reps,Inocybaceae,Inocybaceae,0.312,1
SH1190803.08FU_MH216101_reps,Inocybaceae,Inocybaceae,0.801,1
SH1186827.08FU_KT958908_refs,Inocybaceae,Inocybaceae,0.439,1
SH1171195.08FU_JX990042_reps,Inocybaceae,Inocybaceae,0.0638,1
SH1178400.08FU_KY923019_refs,Inocybaceae,Inocybaceae,0.066,1
SH1225650.08FU_AM882792_reps,Inocybaceae,Inocybaceae,0.572,1
SH1227245.08FU_UDB0586400_reps,Inocybaceae,,0,0
SH1168455.08FU_UDB0767161_reps,Inocybaceae,Inocybaceae,0.905,1
SH1158946.08FU_JX630871_reps,Inocybaceae,Inocybaceae,0.912,1
SH2606071.08FU_UDB0126220_reps,Inocybaceae,Inocybaceae,0.0635,1
SH2603338.08FU_UDB0447906_reps,Inocybaceae,Inocybaceae,0.354,1
SH1237824.08FU_UDB0121802_reps,Inocybaceae,Inocybaceae,0.73,1
SH1189124.08FU_AM882963_refs,Inocybaceae,Inocybaceae,0.953,1
SH1190735.08FU_UDB0756836_reps,Inocybaceae,Inocybaceae,0.063,1
SH1156309.08FU_MT237513_reps,Inocybaceae,Inocybaceae,0.377,1
SH1171241.08FU_UDB0211360_reps,Inocybaceae,Inocybaceae,0.0631,1
SH1185078.08FU_UDB0606444_reps,Inocybaceae,,0,0
SH1158360.08FU_UDB0461319_reps,Inocybaceae,Inocybaceae,0.753,1
SH2598531.08FU_UDB0273472_reps,Inocybaceae,Inocybaceae,0.472,1
SH1190847.08FU_JN580883_reps,Inocybaceae,Inocybaceae,0.066,1
SH1146028.08FU_DQ493550_reps,Inocybaceae,Inocybaceae,0.066,1
SH1184161.08FU_KT272125_reps,Inocybaceae,Inocybaceae,0.066,1
SH2593471.08FU_MH496014_reps,Inocybaceae,Inocybaceae,0.066,1
SH2606272.08FU_UDB0130564_reps,Inocybaceae,Inocybaceae,0.0625,1
SH1142321.08FU_KM873369_refs,Inocybaceae,Inocybaceae,0.954,1
SH1190259.08FU_HQ604308_reps,Inocybaceae,,0,0
SH1190265.08FU_KP308787_refs,Inocybaceae,Inocybaceae,0.556,1
SH1190260.08FU_MH366600_reps,Inocybaceae,Inocybaceae,0.781,1
SH1178272.08FU_UDB0395643_reps,Inocybaceae,Inocybaceae,0.532,1
SH1238761.08FU_LC013752_reps,Inocybaceae,Inocybaceae,0.717,1
SH2606047.08FU_UDB0312380_reps,Inocybaceae,Inocybaceae,0.394,1
SH1159862.08FU_KT203793_reps,Inocybaceae,Inocybaceae,0.894,1
SH2604262.08FU_UDB0120135_reps,Inocybaceae,Inocybaceae,0.0528,1
SH2595967.08FU_MN047334_reps,Inocybaceae,Inocybaceae,0.0646,1
SH1159894.08FU_UDB0297407_reps,Inocybaceae,Inocybaceae,0.479,1
SH1247303.08FU_FM999718_reps,Inocybaceae,Inocybaceae,0.066,1
SH1144094.08FU_EU439453_reps,Inocybaceae,Inocybaceae,0.0646,1
SH1212672.08FU_GU184005_reps,Inocybaceae,Inocybaceae,0.853,1
SH3566596.08FU_MN988712_reps,Inocybaceae,,0,0
SH1227240.08FU_UDB0342740_reps,Inocybaceae,Inocybaceae,0.29,1
SH1143198.08FU_MG938541_reps,Inocybaceae,Inocybaceae,0.749,1
SH1231999.08FU_FJ904142_reps,Inocybaceae,Inocybaceae,0.484,1
SH1176862.08FU_KT289968_reps,Inocybaceae,Inocybaceae,0.0649,1
SH1160072.08FU_UDB0155389_reps,Inocybaceae,Inocybaceae,0.066,1
SH1190848.08FU_MK607463_reps,Inocybaceae,Inocybaceae,0.066,1
SH1188762.08FU_MN047319_reps,Inocybaceae,Inocybaceae,0.462,1
SH1227243.08FU_UDB0546476_reps,Inocybaceae,Inocybaceae,0.268,1
SH1186821.08FU_FJ755803_refs,Inocybaceae,Inocybaceae,0.593,1
SH1183841.08FU_LC271353_reps,Inocybaceae,Inocybaceae,0.066,1
SH1184765.08FU_JX025774_refs,Inocybaceae,Inocybaceae,0.066,1
SH1230029.08FU_KP641645_refs,Inocybaceae,Inocybaceae,0.066,1
SH2593329.08FU_UDB0465714_reps,Inocybaceae,Inocybaceae,0.852,1
SH1149947.08FU_UDB0181987_reps,Inocybaceae,Inocybaceae,0.0591,1
SH2598069.08FU_UDB0767266_reps,Inocybaceae,Inocybaceae,0.0648,1
SH1171635.08FU_JQ347089_reps,Inocybaceae,Inocybaceae,0.886,1
SH2606359.08FU_UDB0145138_reps,Inocybaceae,Inocybaceae,0.0642,1
SH1174115.08FU_LC035198_reps,Inocybaceae,Inocybaceae,0.631,1
SH1155139.08FU_UDB0391960_reps,Inocybaceae,Inocybaceae,0.657,1
SH1159828.08FU_UDB0151667_reps,Inocybaceae,Inocybaceae,0.0636,1
SH1194345.08FU_FJ755799_refs,Inocybaceae,Inocybaceae,0.0647,1
SH1184709.08FU_KJ778852_reps,Inocybaceae,Inocybaceae,0.066,1
SH1184706.08FU_UDB0754682_reps,Inocybaceae,Inocybaceae,0.066,1
SH1158733.08FU_JF908159_reps,Inocybaceae,Inocybaceae,0.431,1
SH1156382.08FU_UDB0282980_reps,Inocybaceae,Inocybaceae,0.91,1
SH1159911.08FU_UDB0358783_reps,Inocybaceae,Inocybaceae,0.493,1
SH1190802.08FU_MH216106_reps,Inocybaceae,Inocybaceae,0.806,1
SH1171632.08FU_JN580823_refs,Inocybaceae,Inocybaceae,0.905,1
SH1171641.08FU_EF218775_reps,Inocybaceae,Inocybaceae,0.773,1
SH1178401.08FU_JQ666469_reps,Inocybaceae,Inocybaceae,0.327,1
SH1183914.08FU_MN047322_reps,Inocybaceae,Inocybaceae,0.299,1
SH1212920.08FU_UDB0764053_reps,Inocybaceae,Inocybaceae,0.501,1
SH1184057.08FU_JF908115_reps,Inocybaceae,Inocybaceae,0.066,1
SH1194112.08FU_HQ604360_reps,Inocybaceae,Inocybaceae,0.705,1
SH2592929.08FU_MK327246_reps,Amanitaceae,Amanitaceae,0.265,1
SH2594291.08FU_MH836568_reps,Amanitaceae,Amanitaceae,0.0445,1
SH3565401.08FU_MK064186_reps,Amanitaceae,,0,0
SH2592342.08FU_MW029881_reps,Amanitaceae,Amanitaceae,0.66,1
SH1154020.08FU_MN447239_reps,Amanitaceae,Amanitaceae,0.0445,1
SH1157575.08FU_MK285662_reps,Amanitaceae,Amanitaceae,0.0445,1
SH2592422.08FU_MK580807_reps,Amanitaceae,Amanitaceae,0.355,1
SH1151094.08FU_KP137071_reps,Amanitaceae,Amanitaceae,0.0445,1
SH1181796.08FU_KP137090_reps,Amanitaceae,Amanitaceae,0.0445,1
SH2592429.08FU_MN755853_reps,Amanitaceae,Amanitaceae,0.362,1
SH1152563.08FU_AY436475_reps,Amanitaceae,Amanitaceae,0.0445,1
SH1212762.08FU_KU139511_reps,Amanitaceae,Amanitaceae,0.396,1
SH1191168.08FU_MF489730_reps,Amanitaceae,Amanitaceae,0.0445,1
SH1178176.08FU_DQ146367_reps,Amanitaceae,Amanitaceae,0.531,1
SH2592425.08FU_MN614413_reps,Amanitaceae,Amanitaceae,0.0362,1
SH1212767.08FU_MH753076_reps,Amanitaceae,Amanitaceae,0.433,1
SH1185063.08FU_MK580681_reps,Amanitaceae,Amanitaceae,0.0427,1
SH1143596.08FU_GQ925401_reps,Amanitaceae,Amanitaceae,0.0445,1
SH1178175.08FU_KJ466404_refs,Amanitaceae,Amanitaceae,0.75,1
SH1178257.08FU_MH508437_reps,Amanitaceae,Amanitaceae,0.539,1
SH1144086.08FU_MF668693_reps,Amanitaceae,Amanitaceae,0.043,1
SH1178233.08FU_AY436445_refs,Amanitaceae,Amanitaceae,0.673,1
SH1184314.08FU_KU714561_reps,Amanitaceae,Amanitaceae,0.0445,1
SH1180703.08FU_UDB032505_reps,Amanitaceae,Amanitaceae,0.0445,1
SH1178169.08FU_KJ466409_refs,Amanitaceae,Amanitaceae,0.729,1
SH1185062.08FU_MN963579_reps,Amanitaceae,Amanitaceae,0.018,1
SH1212726.08FU_UDB015176_refs,Amanitaceae,Amanitaceae,0.929,1
SH1212751.08FU_KF803241_refs,Amanitaceae,Amanitaceae,0.0445,1
SH2591757.08FU_MK569747_reps,Amanitaceae,Amanitaceae,0.716,1
SH3565851.08FU_MN614409_reps,Amanitaceae,,0,0
SH1178242.08FU_KR919758_reps,Amanitaceae,Amanitaceae,0.717,1
SH1156810.08FU_KY361740_reps,Amanitaceae,Amanitaceae,0.0445,1
SH1188970.08FU_KY747467_refs,Amanitaceae,Amanitaceae,0.0445,1
SH1178974.08FU_KJ786671_reps,Amanitaceae,Amanitaceae,0.17,1
SH1185689.08FU_AY325823_reps,Amanitaceae,Amanitaceae,0.0445,1
SH1178185.08FU_MK512066_reps,Amanitaceae,Amanitaceae,0.887,1
SH1181643.08FU_AY194966_refs,Amanitaceae,Amanitaceae,0.164,1
SH1151181.08FU_KC429051_refs,Amanitaceae,Amanitaceae,0.0445,1
SH1184306.08FU_MK966422_reps,Amanitaceae,Amanitaceae,0.0445,1
SH1212728.08FU_KP258995_refs,Amanitaceae,Amanitaceae,0.871,1
SH1178243.08FU_MH016851_reps,Amanitaceae,Amanitaceae,0.559,1
SH1212729.08FU_UDB002327_refs,Amanitaceae,Amanitaceae,0.631,1
SH1212746.08FU_UDB001512_refs,Amanitaceae,Amanitaceae,0.588,1
SH1168336.08FU_KF937306_reps,Amanitaceae,Amanitaceae,0.0445,1
SH1212730.08FU_UDB015175_refs,Amanitaceae,Amanitaceae,0.592,1
SH3568206.08FU_KU714568_reps,Amanitaceae,,0,0
SH1212740.08FU_MH508590_refs,Amanitaceae,Amanitaceae,0.748,1
SH1189486.08FU_MH508396_reps,Amanitaceae,Amanitaceae,0.0445,1
SH1178162.08FU_KJ466395_reps,Amanitaceae,Amanitaceae,0.831,1
SH1180462.08FU_MH508508_reps,Amanitaceae,Amanitaceae,0.0445,1
SH2594120.08FU_LC325290_reps,Amanitaceae,Amanitaceae,0.0445,1
SH1189485.08FU_MH508654_reps,Amanitaceae,Amanitaceae,0.0445,1
SH1243768.08FU_UDB013410_reps,Amanitaceae,Amanitaceae,0.0445,1
SH1179092.08FU_FJ441033_reps,Amanitaceae,Amanitaceae,0.0445,1
SH1168533.08FU_MH508410_reps,Amanitaceae,Amanitaceae,0.0445,1
SH1142769.08FU_MK388155_reps,Amanitaceae,Amanitaceae,0.0445,1
SH1178172.08FU_MK570923_reps,Amanitaceae,Amanitaceae,0.842,1
SH1212769.08FU_FJ441035_reps,Amanitaceae,Amanitaceae,0.66,1
SH1212775.08FU_AY194978_reps,Amanitaceae,Amanitaceae,0.0445,1
SH1212780.08FU_AB015691_reps,Amanitaceae,Amanitaceae,0.467,1
SH1141291.08FU_MN483026_reps,Agaricaceae,Agaricaceae,0.0955,1
SH2605179.08FU_UDB0101472_reps,Agaricaceae,,0,0
SH2587844.08FU_FJ998392_reps,Agaricaceae,Agaricaceae,0.0955,1
SH1202678.08FU_MH173865_reps,Agaricaceae,Agaricaceae,0.874,1
SH1236562.08FU_KP739805_reps,Agaricaceae,Agaricaceae,0.764,1
SH1149343.08FU_MK651653_reps,Agaricaceae,Agaricaceae,0.613,1
SH1189873.08FU_KU519071_reps,Agaricaceae,Agaricaceae,0.0955,1
SH1141196.08FU_MK685790_reps,Agaricaceae,Agaricaceae,0.91,1
SH1178779.08FU_JN224823_reps,Agaricaceae,Agaricaceae,0.86,1
SH3567538.08FU_LC549685_reps,Agaricaceae,Agaricaceae,0.546,1
SH1181613.08FU_MW035090_reps,Agaricaceae,,0,0
SH1141201.08FU_GU136189_reps,Agaricaceae,Agaricaceae,0.735,1
SH1224893.08FU_MK685813_reps,Agaricaceae,Agaricaceae,0.0955,1
SH1190816.08FU_UDB015381_refs,Agaricaceae,Agaricaceae,0.698,1
SH1236112.08FU_EU141951_reps,Agaricaceae,Agaricaceae,0.0955,1
SH1174239.08FU_MH045829_reps,Agaricaceae,Agaricaceae,0.527,1
SH1141228.08FU_KR155122_reps,Agaricaceae,Agaricaceae,0.0955,1
SH3566769.08FU_MK651624_reps,Agaricaceae,Agaricaceae,0.433,1
SH3566767.08FU_MK651640_reps,Agaricaceae,Agaricaceae,0.304,1
SH1141208.08FU_AY243621_reps,Agaricaceae,Agaricaceae,0.531,1
SH1153968.08FU_KU712551_reps,Agaricaceae,Agaricaceae,0.0824,1
SH2594004.08FU_MH979425_reps,Agaricaceae,Agaricaceae,0.0955,1
SH1153973.08FU_MG136891_reps,Agaricaceae,Agaricaceae,0.535,1
SH1192180.08FU_KX904356_reps,Agaricaceae,Agaricaceae,0.0955,1
SH1227395.08FU_MK142486_reps,Agaricaceae,Agaricaceae,0.0955,1
SH2608208.08FU_MT232359_reps,Typhulaceae,Typhulaceae,0.0666,1
SH2604876.08FU_UDB0544413_reps,Typhulaceae,,0,0
SH2602883.08FU_UDB0291372_reps,Clavariaceae,Clavariaceae,0.232,1
SH2611800.08FU_UDB0565002_reps,Clavariaceae,,0,0
SH2607645.08FU_UDB0398976_reps,Clavariaceae,,0,0
SH2609619.08FU_UDB0535031_reps,Clavariaceae,,0,0
SH3207958.08FU_UDB0270747_reps,Clavariaceae,,0,0
SH2589030.08FU_KF412385_reps,Clavariaceae,Clavariaceae,0.0721,1
SH1241374.08FU_KP257171_refs,Clavariaceae,Clavariaceae,0.0721,1
SH1213059.08FU_UDB0182126_reps,Clavariaceae,Clavariaceae,0.648,1
SH1172846.08FU_UDB036640_reps,Clavariaceae,Clavariaceae,0.0721,1
SH2617288.08FU_UDB0607696_reps,Clavariaceae,,0,0
SH1173962.08FU_GU174390_reps,Clavariaceae,Clavariaceae,0.0721,1
SH1147833.08FU_GQ159941_reps,Clavariaceae,Clavariaceae,0.0721,1
SH1181580.08FU_UDB0237523_reps,Clavariaceae,Clavariaceae,0.0526,1
SH1147835.08FU_MK607486_reps,Clavariaceae,Clavariaceae,0.12,1
SH1147831.08FU_KP257110_reps,Clavariaceae,Clavariaceae,0.0721,1
SH1179567.08FU_MH258239_refs,Clavariaceae,Clavariaceae,0.855,1
SH2589260.08FU_KM374532_reps,Clavariaceae,Clavariaceae,0.0721,1
SH1212693.08FU_UDB0153953_reps,Clavariaceae,Clavariaceae,0.0245,1
SH2604716.08FU_UDB0617625_reps,Clavariaceae,,0,0
SH1149455.08FU_UDB0590318_reps,Clavariaceae,Clavariaceae,0.0496,1
SH2615858.08FU_UDB0540336_reps,Clavariaceae,,0,0
SH2602619.08FU_UDB060767_reps,Clavariaceae,Clavariaceae,0.0102,1
SH1185905.08FU_UDB0633970_reps,Clavariaceae,Clavariaceae,0.0276,1
SH2606715.08FU_UDB0780268_reps,Clavariaceae,,0,0
SH1191420.08FU_MF503242_reps,Clavariaceae,Clavariaceae,0.0721,1
SH1179574.08FU_DQ484066_refs,Clavariaceae,Clavariaceae,0.554,1
SH2608729.08FU_UDB0519638_reps,Clavariaceae,,0,0
SH2609581.08FU_UDB0235340_reps,Clavariaceae,,0,0
SH1184124.08FU_UDB0173548_reps,Clavariaceae,,0,0
SH2609894.08FU_UDB0277052_reps,Clavariaceae,Clavariaceae,0.178,1
SH1236675.08FU_KX812470_reps,Clavariaceae,Clavariaceae,0.0721,1
SH1168997.08FU_JN889974_reps,Clavariaceae,Clavariaceae,0.0721,1
SH2606914.08FU_UDB0348329_reps,Clavariaceae,Clavariaceae,0.0283,1
SH2593577.08FU_MF972891_reps,Clavariaceae,Clavariaceae,0.0721,1
SH1178115.08FU_JQ081457_reps,Clavariaceae,Clavariaceae,0.0721,1
SH1177799.08FU_UDB013261_reps,Hydnangiaceae,Hydnangiaceae,0.593,1
SH1177807.08FU_JQ347173_reps,Hydnangiaceae,Hydnangiaceae,0.712,1
SH1177798.08FU_KR673539_reps,Hydnangiaceae,Hydnangiaceae,0.673,1
SH1177804.08FU_UDB013121_reps,Hydnangiaceae,Hydnangiaceae,0.68,1
SH1177784.08FU_KU685756_reps,Hydnangiaceae,Hydnangiaceae,0.638,1
SH1177780.08FU_UDB0756677_reps,Hydnangiaceae,Hydnangiaceae,0.499,1
SH1177771.08FU_KJ461893_refs,Hydnangiaceae,Hydnangiaceae,0.734,1
SH2595862.08FU_MK116617_reps,Tricholomataceae,Tricholomataceae,0.72,1
SH1156299.08FU_AF391034_refs,Tricholomataceae,Tricholomataceae,0.113,1
SH1185939.08FU_KU355375_reps,Tricholomataceae,Tricholomataceae,0.113,1
SH1150950.08FU_JQ639147_reps,Tricholomataceae,Tricholomataceae,0.12,1
SH1177062.08FU_KF618122_reps,Tricholomataceae,Tricholomataceae,0.101,1
SH1232762.08FU_KJ206988_refs,Tricholomataceae,Tricholomataceae,0.671,1
SH1153182.08FU_UDB0595300_reps,Tricholomataceae,Tricholomataceae,0.12,1
SH1143129.08FU_MG717359_reps,Tricholomataceae,Tricholomataceae,0.115,1
SH1170707.08FU_MH216190_reps,Tricholomataceae,Tricholomataceae,0.12,1
SH1236410.08FU_KJ705246_reps,Tricholomataceae,Tricholomataceae,0.817,1
SH1237416.08FU_JF908431_reps,Tricholomataceae,Tricholomataceae,0.12,1
SH2607971.08FU_UDB0182440_reps,Tricholomataceae,Tricholomataceae,0.0245,1
SH1144367.08FU_KU528840_refs,Tricholomataceae,Tricholomataceae,0.11,1
SH1155452.08FU_HM191731_refs,Tricholomataceae,Tricholomataceae,0.12,1
SH1232757.08FU_AB971702_reps,Tricholomataceae,Tricholomataceae,0.12,1
SH1170942.08FU_LC274964_reps,Tricholomataceae,Tricholomataceae,0.119,1
SH1213030.08FU_JF908757_reps,Tricholomataceae,Tricholomataceae,0.12,1
SH1157861.08FU_MK512078_reps,Tricholomataceae,Tricholomataceae,0.746,1
SH1156302.08FU_KF271798_refs,Tricholomataceae,Tricholomataceae,0.115,1
SH1184068.08FU_UDB0411469_reps,Tricholomataceae,Tricholomataceae,0.854,1
SH1184654.08FU_UDB016608_reps,Tricholomataceae,Tricholomataceae,0.113,1
SH1180414.08FU_EU186275_reps,Tricholomataceae,Tricholomataceae,0.844,1
SH1171661.08FU_KR673632_reps,Tricholomataceae,Tricholomataceae,0.119,1
SH1236397.08FU_KP311408_reps,Tricholomataceae,Tricholomataceae,0.523,1
SH1170862.08FU_JN021064_reps,Tricholomataceae,Tricholomataceae,0.787,1
SH3566315.08FU_MT124443_reps,Tricholomataceae,Tricholomataceae,0.0197,1
SH2597257.08FU_UDB0200601_reps,Tricholomataceae,Tricholomataceae,0.0635,1
SH1172870.08FU_MG321389_refs,Tricholomataceae,Tricholomataceae,0.747,1
SH1238731.08FU_MG547673_reps,Tricholomataceae,Tricholomataceae,0.12,1
SH1236383.08FU_LT000162_reps,Tricholomataceae,Tricholomataceae,0.698,1
SH1236371.08FU_LT000138_reps,Tricholomataceae,Tricholomataceae,0.12,1
SH2602218.08FU_UDB0429651_reps,Tricholomataceae,Tricholomataceae,0.416,1
SH1186005.08FU_UDB0345216_reps,Tricholomataceae,Tricholomataceae,0.12,1
SH1157835.08FU_KR673630_reps,Tricholomataceae,Tricholomataceae,0.12,1
SH2595195.08FU_MN328293_reps,Tricholomataceae,Tricholomataceae,0.86,1
SH1232759.08FU_L43375_refs,Tricholomataceae,Tricholomataceae,0.379,1
SH1230542.08FU_EU708339_refs,Tricholomataceae,Tricholomataceae,0.12,1
SH1181727.08FU_UDB033909_reps,Tricholomataceae,Tricholomataceae,0.12,1
SH1236449.08FU_MW192479_reps,Tricholomataceae,Tricholomataceae,0.117,1
SH1243104.08FU_MG663292_reps,Tricholomataceae,Tricholomataceae,0.117,1
SH1153785.08FU_UDB011838_refs,Tricholomataceae,Tricholomataceae,0.12,1
SH1186558.08FU_UDB0558280_reps,Tricholomataceae,Tricholomataceae,0.706,1
SH1213367.08FU_UDB037309_reps,Tricholomataceae,Tricholomataceae,0.12,1
SH2606893.08FU_UDB0276341_reps,Tricholomataceae,,0,0
SH1185166.08FU_UDB011623_refs,Tricholomataceae,Tricholomataceae,0.12,1
SH2606370.08FU_UDB0656192_reps,Tricholomataceae,Tricholomataceae,0.305,1
SH2608318.08FU_UDB0634137_reps,Tricholomataceae,Tricholomataceae,0.0588,1
SH1181725.08FU_MF100960_reps,Tricholomataceae,Tricholomataceae,0.12,1
SH1213369.08FU_UDB052098_reps,Tricholomataceae,Tricholomataceae,0.12,1
SH1155180.08FU_DQ490647_reps,Tricholomataceae,Tricholomataceae,0.12,1
SH1213031.08FU_UDB0622927_reps,Tricholomataceae,Tricholomataceae,0.0647,1
SH1236366.08FU_UDB037326_reps,Tricholomataceae,Tricholomataceae,0.78,1
SH1189142.08FU_KU355371_refs,Tricholomataceae,Tricholomataceae,0.12,1
SH2614562.08FU_UDB0573813_reps,Tricholomataceae,,0,0
SH1236413.08FU_KP311412_reps,Tricholomataceae,Tricholomataceae,0.651,1
SH1149706.08FU_KU550977_reps,Tricholomataceae,Tricholomataceae,0.0999,1
SH1236415.08FU_AF349702_reps,Tricholomataceae,Tricholomataceae,0.821,1
SH1177066.08FU_MH414565_reps,Tricholomataceae,Tricholomataceae,0.12,1
SH2592191.08FU_UDB0275809_reps,Tricholomataceae,Tricholomataceae,0.099,1
SH1155179.08FU_LT854057_reps,Tricholomataceae,Tricholomataceae,0.12,1
SH1156300.08FU_JF898319_refs,Tricholomataceae,Tricholomataceae,0.115,1
SH1170941.08FU_UDB0255255_reps,Tricholomataceae,Tricholomataceae,0.119,1
SH1184297.08FU_KC581353_refs,Tricholomataceae,Tricholomataceae,0.12,1
SH1178807.08FU_FN394621_reps,Tricholomataceae,Tricholomataceae,0.869,1
SH1150949.08FU_KJ417297_refs,Tricholomataceae,Tricholomataceae,0.12,1
SH3568355.08FU_MN714049_reps,Marasmiaceae,,0,0
SH1177996.08FU_MF189051_reps,Marasmiaceae,Marasmiaceae,0.64,1
SH1192015.08FU_FJ431249_refs,Marasmiaceae,Marasmiaceae,0.131,1
SH2596171.08FU_KP635167_reps,Marasmiaceae,Marasmiaceae,0.0247,1
SH1171580.08FU_FJ431219_refs,Marasmiaceae,Marasmiaceae,0.0549,1
SH1192016.08FU_FJ431244_reps,Marasmiaceae,Marasmiaceae,0.0549,1
SH1171583.08FU_FJ431274_reps,Marasmiaceae,Marasmiaceae,0.112,1
SH1171582.08FU_FJ431245_reps,Marasmiaceae,Marasmiaceae,0.101,1
SH1171749.08FU_EU935537_reps,Marasmiaceae,Marasmiaceae,0.0763,1
SH1171756.08FU_MF189073_reps,Marasmiaceae,Marasmiaceae,0.0549,1
SH1188623.08FU_EU935557_reps,Marasmiaceae,Marasmiaceae,0.247,1
SH1171754.08FU_EU935551_reps,Marasmiaceae,Marasmiaceae,0.349,1
SH1177419.08FU_MN622730_reps,Marasmiaceae,Marasmiaceae,0.0525,1
SH1192042.08FU_FJ167649_refs,Marasmiaceae,Tricholomataceae,0.104,0
SH1192012.08FU_FJ431213_reps,Marasmiaceae,Marasmiaceae,0.145,1
SH1171581.08FU_FJ431216_reps,Marasmiaceae,Marasmiaceae,0.145,1
SH1206971.08FU_HQ212029_reps,Mycenaceae,Tricholomataceae,0.047,0
SH2618507.08FU_UDB0690593_reps,Psathyrellaceae,Psathyrellaceae,0.277,1
SH1144813.08FU_KC992925_refs,Psathyrellaceae,Psathyrellaceae,0.85,1
SH1148415.08FU_DQ389688_refs,Psathyrellaceae,Psathyrellaceae,0.859,1
SH1186629.08FU_UDB0641686_reps,Psathyrellaceae,Psathyrellaceae,0.631,1
SH2595672.08FU_MK843964_reps,Psathyrellaceae,Psathyrellaceae,0.548,1
SH1184399.08FU_UDB017928_refs,Psathyrellaceae,Psathyrellaceae,0.546,1
SH1148477.08FU_FM878004_reps,Psathyrellaceae,Psathyrellaceae,0.789,1
SH2594085.08FU_MF966510_reps,Psathyrellaceae,Psathyrellaceae,0.722,1
SH1148426.08FU_KC992913_refs,Psathyrellaceae,Psathyrellaceae,0.814,1
SH1184397.08FU_KC992959_refs,Psathyrellaceae,Psathyrellaceae,0.625,1
SH1156014.08FU_FM163210_refs,Psathyrellaceae,Psathyrellaceae,0.834,1
SH2596048.08FU_MN017263_reps,Psathyrellaceae,Psathyrellaceae,0.767,1
SH1148395.08FU_DQ389672_refs,Psathyrellaceae,Psathyrellaceae,0.835,1
SH1186660.08FU_JX118684_reps,Psathyrellaceae,Psathyrellaceae,0.777,1
SH1184396.08FU_FN396143_refs,Psathyrellaceae,Psathyrellaceae,0.507,1
SH1237965.08FU_GU234164_reps,Strophariaceae,Strophariaceae,0.088,1
SH3209451.08FU_MK446222_reps,Strophariaceae,Strophariaceae,0.0938,1
SH1230607.08FU_EU144509_reps,Strophariaceae,Strophariaceae,0.824,1
SH1237012.08FU_KU559832_reps,Strophariaceae,Strophariaceae,0.0643,1
SH1185018.08FU_JX457145_reps,Strophariaceae,Strophariaceae,0.827,1
SH1230655.08FU_UDB0683902_reps,Strophariaceae,Strophariaceae,0.891,1
SH1150453.08FU_KM975397_reps,Strophariaceae,Strophariaceae,0.0938,1
SH1150466.08FU_MT622228_reps,Strophariaceae,Strophariaceae,0.632,1
SH1150454.08FU_KC669309_reps,Strophariaceae,Strophariaceae,0.778,1
SH1150455.08FU_KJ832056_reps,Strophariaceae,Strophariaceae,0.792,1
SH1184971.08FU_KC669301_reps,Strophariaceae,Strophariaceae,0.78,1
SH1177540.08FU_UDB0731532_reps,Strophariaceae,Strophariaceae,0.0938,1
SH1238021.08FU_DQ536417_refs,Strophariaceae,Strophariaceae,0.436,1
SH1230648.08FU_MW018844_reps,Strophariaceae,Strophariaceae,0.861,1
SH1191017.08FU_KX773888_reps,Strophariaceae,Strophariaceae,0.809,1
SH1191081.08FU_UDB036075_reps,Strophariaceae,Strophariaceae,0.0884,1
SH1150445.08FU_UDB0639914_reps,Strophariaceae,Strophariaceae,0.812,1
SH1150450.08FU_MN121287_reps,Strophariaceae,Strophariaceae,0.795,1
SH1230637.08FU_MN831380_reps,Strophariaceae,Strophariaceae,0.0938,1
SH1230619.08FU_MF954883_reps,Strophariaceae,Strophariaceae,0.759,1
SH1177773.08FU_UDB0655814_reps,Strophariaceae,Strophariaceae,0.58,1
SH1237548.08FU_KY654720_reps,Strophariaceae,Strophariaceae,0.0891,1
SH1180244.08FU_KT339200_reps,Callistosporiaceae,Catathelasmataceae,0.163,0
SH3568911.08FU_MN861972_reps,Callistosporiaceae,Catathelasmataceae,0.149,0
SH1147428.08FU_UDB0531433_reps,Omphalotaceae,Omphalotaceae,0.643,1
SH1214719.08FU_KX925845_reps,Omphalotaceae,Omphalotaceae,0.866,1
SH1170591.08FU_GU369957_reps,Omphalotaceae,Omphalotaceae,0.0767,1
SH1143132.08FU_MG663288_reps,Omphalotaceae,Omphalotaceae,0.0683,1
SH1147381.08FU_KX513754_reps,Omphalotaceae,Omphalotaceae,0.0767,1
SH1188442.08FU_GU188435_reps,Entolomataceae,Entolomataceae,0.0921,1
SH1218736.08FU_UDB0761815_reps,Entolomataceae,Entolomataceae,0.0897,1
SH1208935.08FU_MF977948_reps,Entolomataceae,Entolomataceae,0.0904,1
SH1183066.08FU_KC898414_reps,Entolomataceae,Entolomataceae,0.801,1
SH1188409.08FU_UDB015208_refs,Entolomataceae,Entolomataceae,0.624,1
SH1192113.08FU_KY978269_reps,Entolomataceae,Entolomataceae,0.716,1
SH1179731.08FU_MN992377_reps,Entolomataceae,Entolomataceae,0.0921,1
SH1188444.08FU_KY777389_reps,Entolomataceae,Entolomataceae,0.871,1
SH1188437.08FU_FM999712_reps,Entolomataceae,Entolomataceae,0.859,1
SH1218748.08FU_MN992132_reps,Entolomataceae,Entolomataceae,0.0921,1
SH1208945.08FU_LC219759_reps,Entolomataceae,Entolomataceae,0.842,1
SH2589287.08FU_KM576403_reps,Entolomataceae,Entolomataceae,0.791,1
SH1189558.08FU_UDB0255243_reps,Entolomataceae,Entolomataceae,0.0921,1
SH1179196.08FU_FJ196919_reps,Entolomataceae,Entolomataceae,0.0921,1
SH1151839.08FU_UDB0623383_reps,Entolomataceae,Entolomataceae,0.0161,1
SH2609670.08FU_UDB0238529_reps,Entolomataceae,Entolomataceae,0.702,1
SH2606283.08FU_UDB0569457_reps,Entolomataceae,Entolomataceae,0.742,1
SH1179734.08FU_UDB0565516_reps,Entolomataceae,Entolomataceae,0.0794,1
SH1179195.08FU_MK636867_reps,Entolomataceae,Entolomataceae,0.0921,1
SH1172043.08FU_MK607527_reps,Entolomataceae,Entolomataceae,0.479,1
SH1179751.08FU_UDB046167_reps,Entolomataceae,Entolomataceae,0.0596,1
SH1192115.08FU_UDB0611053_reps,Entolomataceae,Entolomataceae,0.676,1
SH1156388.08FU_JQ320111_reps,Entolomataceae,Entolomataceae,0.0921,1
SH1188441.08FU_LN850548_refs,Entolomataceae,Entolomataceae,0.438,1
SH1192116.08FU_MN061328_reps,Entolomataceae,Entolomataceae,0.759,1
SH1185682.08FU_MH453494_reps,Entolomataceae,Entolomataceae,0.0921,1
SH1208936.08FU_MH016927_reps,Entolomataceae,Entolomataceae,0.717,1
SH1183060.08FU_KM503117_reps,Entolomataceae,Entolomataceae,0.0921,1
SH1246907.08FU_UDB074407_reps,Entolomataceae,Entolomataceae,0.0767,1
SH2595853.08FU_MG946813_reps,Pluteaceae,Pluteaceae,0.061,1
SH1173234.08FU_KY352653_reps,Pluteaceae,Pluteaceae,0.731,1
SH1151314.08FU_HM562092_refs,Pluteaceae,Pluteaceae,0.725,1
SH1174878.08FU_HM246493_reps,Pluteaceae,Pluteaceae,0.061,1
SH1208505.08FU_HM562145_reps,Pluteaceae,Pluteaceae,0.596,1
SH3565734.08FU_MN738680_reps,Pluteaceae,Pluteaceae,0.612,1
SH1151313.08FU_UDB011811_refs,Pluteaceae,Pluteaceae,0.839,1
SH1173173.08FU_MG968804_reps,Pluteaceae,Pluteaceae,0.0938,1
SH2605569.08FU_UDB0274323_reps,Pluteaceae,Pluteaceae,0.0122,1
SH2593976.08FU_MG968800_reps,Pluteaceae,Pluteaceae,0.453,1
SH1208654.08FU_KJ009765_refs,Pluteaceae,Pluteaceae,0.545,1
SH1151077.08FU_UDB0233923_reps,Pluteaceae,Pluteaceae,0.0482,1
SH2593743.08FU_MW077527_reps,Pluteaceae,Pluteaceae,0.416,1
SH1208511.08FU_UDB0586830_reps,Pluteaceae,Pluteaceae,0.782,1
SH1236929.08FU_KM983714_reps,Pluteaceae,Pluteaceae,0.061,1
SH1182737.08FU_MK982294_reps,Pluteaceae,Pluteaceae,0.061,1
SH1171021.08FU_LC458833_reps,Lyophyllaceae,Lyophyllaceae,0.0399,1
SH1200327.08FU_MH542623_reps,Lyophyllaceae,Lyophyllaceae,0.716,1
SH1168968.08FU_EF091688_reps,Lyophyllaceae,Lyophyllaceae,0.635,1
SH3567716.08FU_MN708210_reps,Lyophyllaceae,,0,0
SH1236437.08FU_KP192646_reps,Lyophyllaceae,Lyophyllaceae,0.55,1
SH1172154.08FU_JN129418_reps,Lyophyllaceae,Lyophyllaceae,0.0752,1
SH1200340.08FU_JF302822_reps,Lyophyllaceae,Lyophyllaceae,0.931,1
SH1236436.08FU_UDB0605089_reps,Lyophyllaceae,Lyophyllaceae,0.548,1
SH1173399.08FU_UDB0582830_reps,Lyophyllaceae,Lyophyllaceae,0.0704,1
SH2589405.08FU_UDB0125502_reps,Lyophyllaceae,Lyophyllaceae,0.0644,1
SH1200325.08FU_JX280406_reps,Lyophyllaceae,Lyophyllaceae,0.644,1
SH1200364.08FU_JF302813_reps,Lyophyllaceae,Lyophyllaceae,0.072,1
SH1236551.08FU_EU816417_reps,Lyophyllaceae,Lyophyllaceae,0.0752,1
SH1188219.08FU_UDB015503_refs,Pleurotaceae,Pleurotaceae,0.048,1
SH1239015.08FU_KY124253_refs,Pleurotaceae,Pleurotaceae,0.778,1
SH1239021.08FU_MG553639_refs,Pleurotaceae,Pleurotaceae,0.663,1
SH2608558.08FU_UDB0401500_reps,Bolbitiaceae,Bolbitiaceae,0.0211,1
SH1213364.08FU_UDB0468086_reps,Bolbitiaceae,Bolbitiaceae,0.0919,1
SH1197091.08FU_UDB0382872_reps,Bolbitiaceae,Bolbitiaceae,0.0914,1
SH1197096.08FU_UDB0445920_reps,Bolbitiaceae,Bolbitiaceae,0.0861,1
SH1180182.08FU_UDB0552323_reps,Bolbitiaceae,Bolbitiaceae,0.0107,1
SH1156725.08FU_KF515918_reps,Bolbitiaceae,Bolbitiaceae,0.0919,1
SH1144814.08FU_JX968255_reps,Bolbitiaceae,Psathyrellaceae,0.526,0
SH1148882.08FU_KP191863_reps,Bolbitiaceae,Bolbitiaceae,0.747,1
SH1148890.08FU_KP191838_reps,Bolbitiaceae,Bolbitiaceae,0.602,1
SH1148879.08FU_JX898954_reps,Bolbitiaceae,Bolbitiaceae,0.871,1
SH1177141.08FU_UDB0503938_reps,Bolbitiaceae,Bolbitiaceae,0.032,1
SH1197086.08FU_UDB0688471_reps,Bolbitiaceae,Bolbitiaceae,0.726,1
SH1154698.08FU_KC456418_refs,Bolbitiaceae,Bolbitiaceae,0.399,1
SH1184753.08FU_KM086859_refs,Stephanosporaceae,Stephanosporaceae,0.692,1
SH1179419.08FU_UDB0372263_reps,Stephanosporaceae,Russulaceae,0.0162,0
SH1184745.08FU_KM086901_refs,Stephanosporaceae,Stephanosporaceae,0.681,1
SH2603603.08FU_UDB0394868_reps,Stephanosporaceae,,0,0
SH1157213.08FU_EU118622_refs,Cystostereaceae,Cystostereaceae,0.133,1
SH1184976.08FU_AY900090_refs,Hymenogastraceae,Hymenogastraceae,0.413,1
SH1184945.08FU_HQ714761_refs,Hymenogastraceae,Cortinariaceae,0.641,0
SH2604307.08FU_UDB0167329_reps,Hymenogastraceae,Hymenogastraceae,0.831,1
SH1184991.08FU_AY818352_refs,Hymenogastraceae,Hymenogastraceae,0.81,1
SH1184958.08FU_KC344770_refs,Hymenogastraceae,Hymenogastraceae,0.813,1
SH1184987.08FU_KJ701293_reps,Hymenogastraceae,Hymenogastraceae,0.463,1
SH1185035.08FU_UDB0662556_reps,Hymenogastraceae,Hymenogastraceae,0.776,1
SH1235510.08FU_FJ897186_reps,Hymenogastraceae,Hymenogastraceae,0.0644,1
SH1185014.08FU_MF074797_reps,Hymenogastraceae,Hymenogastraceae,0.789,1
SH1184989.08FU_GU591654_refs,Hymenogastraceae,Hymenogastraceae,0.756,1
SH1150963.08FU_AY945303_refs,Hymenogastraceae,Hymenogastraceae,0.804,1
SH1185989.08FU_L43382_refs,Schizophyllaceae,Schizophyllaceae,0.647,1
SH1176714.08FU_KY468512_reps,Crepidotaceae,Crepidotaceae,0.148,1
SH1236510.08FU_MN809119_reps,Crepidotaceae,Crepidotaceae,0.155,1
SH1236514.08FU_UDB0100073_reps,Crepidotaceae,Crepidotaceae,0.125,1
SH1158962.08FU_AY436435_reps,Physalacriaceae,Physalacriaceae,0.838,1
SH1177790.08FU_KC581342_refs,Nidulariaceae,Tricholomataceae,0.161,0
SH1188879.08FU_DQ463350_refs,Nidulariaceae,Nidulariaceae,0.313,1
SH1172877.08FU_MG321371_refs,Pseudoclitocybaceae,Tricholomataceae,0.346,0
SH1151944.08FU_MH390432_reps,Hymenochaetales,Hymenochaetales,0.113,1
SH3223118.08FU_MH409965_reps,Hymenochaetales,Hymenochaetales,0.0391,1
SH1187229.08FU_AB777695_reps,Hymenochaetales,Hymenochaetales,0.886,1
SH1179469.08FU_UDB015552_refs,Hymenochaetales,Hymenochaetales,0.786,1
SH1146007.08FU_UDB0765062_reps,Hymenochaetales,Hymenochaetales,0.0268,1
SH1145998.08FU_DQ647473_refs,Hymenochaetales,Hymenochaetales,0.672,1
SH1157042.08FU_MN831390_reps,Hymenochaetales,Hymenochaetales,0.462,1
SH1188662.08FU_KU981311_reps,Hymenochaetales,Hymenochaetales,0.112,1
SH1147291.08FU_JX175044_refs,Hymenochaetales,Hymenochaetales,0.121,1
SH1146001.08FU_KP814343_reps,Hymenochaetales,Hymenochaetales,0.721,1
SH1151780.08FU_GQ411524_refs,Hymenochaetales,Hymenochaetales,0.885,1
SH1157373.08FU_EF068236_reps,Hymenochaetales,Hymenochaetales,0.729,1
SH1151777.08FU_KY081802_refs,Hymenochaetales,Hymenochaetales,0.774,1
SH1178053.08FU_AF357604_reps,Hymenochaetales,Hymenochaetales,0.958,1
SH1142440.08FU_UDB038171_refs,Hymenochaetales,Hymenochaetales,0.0727,1
SH3567983.08FU_MK693730_reps,Hymenochaetales,NA,0,0
SH1172127.08FU_KY800399_reps,Hymenochaetales,Hymenochaetales,0.58,1
SH1145399.08FU_DQ826539_refs,Hymenochaetales,Hymenochaetales,0.11,1
SH1151779.08FU_UDB016473_refs,Hymenochaetales,Hymenochaetales,0.708,1
SH1191604.08FU_MF381009_reps,Hymenochaetales,Hymenochaetales,0.113,1
SH1177285.08FU_HM635713_refs,Hymenochaetales,Hymenochaetales,0.453,1
SH1212834.08FU_DQ873603_refs,Hymenochaetales,Hymenochaetales,0.121,1
SH2595679.08FU_MK131095_reps,Hymenochaetales,Hymenochaetales,0.113,1
SH1180419.08FU_AY969788_reps,Hymenochaetales,Hymenochaetales,0.0369,1
SH1178061.08FU_KR073081_refs,Hymenochaetales,Hymenochaetales,0.808,1
SH1239065.08FU_DQ340333_refs,Hymenochaetales,Hymenochaetales,0.103,1
SH1184251.08FU_UDB016390_refs,Hymenochaetales,Hymenochaetales,0.0957,1
SH1212835.08FU_KR349242_reps,Hymenochaetales,Hymenochaetales,0.12,1
SH1205403.08FU_GU053898_reps,Hymenochaetales,Hymenochaetales,0.102,1
SH2596471.08FU_MH050752_reps,Hymenochaetales,Hymenochaetales,0.113,1
SH1238472.08FU_DQ234537_refs,Hymenochaetales,Hymenochaetales,0.0731,1
SH1237663.08FU_MG008440_reps,Hymenochaetales,Hymenochaetales,0.113,1
SH3565106.08FU_MN945974_reps,Hymenochaetales,Hymenochaetales,0.336,1
SH3567763.08FU_MN816710_reps,Hymenochaetales,Hymenochaetales,0.756,1
SH1172463.08FU_FN907914_refs,Hymenochaetales,Hymenochaetales,0.0853,1
SH1191219.08FU_MF860788_reps,Hymenochaetales,Hymenochaetales,0.113,1
SH1151798.08FU_JX175046_reps,Hymenochaetales,Hymenochaetales,0.103,1
SH1184716.08FU_UDB016355_refs,Hymenochaetales,Hymenochaetales,0.126,1
SH1178602.08FU_KJ940031_refs,Hymenochaetales,Hymenochaetales,0.113,1
SH1178057.08FU_KT862163_reps,Hymenochaetales,Hymenochaetales,0.726,1
SH1156298.08FU_AB811858_reps,Hymenochaetales,Hymenochaetales,0.112,1
SH1142477.08FU_EF619881_reps,Hymenochaetales,Hymenochaetales,0.103,1
SH1146005.08FU_MK992844_reps,Hymenochaetales,Hymenochaetales,0.739,1
SH1179164.08FU_KR867659_reps,Hymenochaetales,Hymenochaetales,0.113,1
SH1151776.08FU_UDB0610003_reps,Hymenochaetales,Hymenochaetales,0.571,1
SH1184435.08FU_MG719300_reps,Polyporales,Polyporales,0.0421,1
SH3568413.08FU_MT497887_reps,Polyporales,NA,0,0
SH1151998.08FU_KC585361_reps,Polyporales,Polyporales,0.786,1
SH2611478.08FU_UDB0310579_reps,Polyporales,NA,0,0
SH1184740.08FU_KJ654618_reps,Polyporales,Polyporales,0.593,1
SH1177872.08FU_JN710563_reps,Polyporales,Polyporales,0.76,1
SH2595932.08FU_LC412122_reps,Polyporales,Polyporales,0.109,1
SH1176911.08FU_UDB0754067_reps,Polyporales,Polyporales,0.416,1
SH1179695.08FU_JX310812_reps,Polyporales,Polyporales,0.879,1
SH1184409.08FU_KY948748_reps,Polyporales,Polyporales,0.0663,1
SH1179601.08FU_JQ781877_refs,Polyporales,Polyporales,0.866,1
SH1150171.08FU_JN710583_reps,Polyporales,Polyporales,0.101,1
SH1145847.08FU_UDB031150_reps,Polyporales,Polyporales,0.101,1
SH1179648.08FU_FJ478127_reps,Polyporales,Polyporales,0.835,1
SH1154432.08FU_UDB039776_refs,Polyporales,Polyporales,0.939,1
SH1245769.08FU_MN007027_reps,Polyporales,Polyporales,0.105,1
SH1169582.08FU_UDB014186_reps,Polyporales,Polyporales,0.123,1
SH1186490.08FU_KP757738_reps,Polyporales,Polyporales,0.874,1
SH1182776.08FU_JQ428825_reps,Polyporales,Polyporales,0.38,1
SH1191427.08FU_AF479667_refs,Polyporales,Polyporales,0.856,1
SH1151111.08FU_HQ678174_reps,Polyporales,Polyporales,0.0756,1
SH1188640.08FU_KU981324_reps,Polyporales,Polyporales,0.668,1
SH1182868.08FU_KJ028057_refs,Polyporales,Polyporales,0.542,1
SH1156035.08FU_JN710508_reps,Polyporales,Polyporales,0.101,1
SH1176914.08FU_UDB037868_refs,Polyporales,Polyporales,0.77,1
SH1184407.08FU_KP134998_reps,Polyporales,Polyporales,0.45,1
SH1188630.08FU_KF692078_reps,Polyporales,Polyporales,0.48,1
SH1189397.08FU_KX584457_reps,Polyporales,Polyporales,0.0954,1
SH1215490.08FU_MN592933_reps,Polyporales,Polyporales,0.723,1
SH1190362.08FU_MH347290_reps,Polyporales,Polyporales,0.557,1
SH1150172.08FU_JN710538_reps,Polyporales,Polyporales,0.101,1
SH1152007.08FU_JQ673068_reps,Polyporales,Polyporales,0.788,1
SH1236884.08FU_AF343320_reps,Polyporales,Polyporales,0.127,1
SH1186477.08FU_KC787569_refs,Polyporales,Polyporales,0.728,1
SH1212997.08FU_KX900911_reps,Polyporales,Polyporales,0.11,1
SH1168410.08FU_JX559267_reps,Polyporales,Polyporales,0.109,1
SH1153079.08FU_JQ314351_refs,Polyporales,Polyporales,0.11,1
SH1188637.08FU_MK119835_reps,Polyporales,Polyporales,0.808,1
SH1149306.08FU_UDB031310_refs,Polyporales,Polyporales,0.0864,1
SH1190293.08FU_LC556223_reps,Polyporales,Polyporales,0.813,1
SH1153215.08FU_KY244090_refs,Polyporales,Polyporales,0.104,1
SH3221496.08FU_UDB0143274_reps,Polyporales,NA,0,0
SH1156728.08FU_AF429422_refs,Polyporales,Polyporales,0.142,1
SH1215243.08FU_AY198209_refs,Polyporales,Polyporales,0.0781,1
SH1169593.08FU_GQ409516_reps,Polyporales,Polyporales,0.118,1
SH1170416.08FU_UDB0778002_reps,Polyporales,Polyporales,0.0857,1
SH1236833.08FU_AF429424_refs,Polyporales,Polyporales,0.125,1
SH1213042.08FU_KY948712_reps,Polyporales,Polyporales,0.317,1
SH1212391.08FU_MT050490_reps,Polyporales,Polyporales,0.748,1
SH1172400.08FU_HQ153411_refs,Polyporales,Polyporales,0.852,1
SH1151947.08FU_KJ531653_reps,Polyporales,Polyporales,0.771,1
SH1179662.08FU_KT156699_reps,Polyporales,Polyporales,0.0872,1
SH1142441.08FU_UDB024796_refs,Polyporales,Polyporales,0.104,1
SH1212405.08FU_KX527879_reps,Polyporales,Polyporales,0.396,1
SH1236823.08FU_KX966182_reps,Polyporales,Polyporales,0.11,1
SH1154230.08FU_KU189756_reps,Polyporales,Polyporales,0.109,1
SH1153082.08FU_KR605788_reps,Polyporales,Polyporales,0.878,1
SH1152010.08FU_MK269252_reps,Polyporales,Polyporales,0.765,1
SH1181714.08FU_KP859303_reps,Polyporales,Polyporales,0.0612,1
SH1238616.08FU_KY421733_reps,Polyporales,Polyporales,0.11,1
SH1177867.08FU_MG663301_reps,Polyporales,Polyporales,0.786,1
SH1168322.08FU_UDB0754969_reps,Polyporales,Polyporales,0.929,1
SH1178410.08FU_UDB016274_refs,Polyporales,Polyporales,0.0827,1
SH1191464.08FU_MH298914_reps,Polyporales,Polyporales,0.0798,1
SH1146347.08FU_LC427007_reps,Polyporales,Polyporales,0.0528,1
SH1154431.08FU_KC585254_refs,Polyporales,Polyporales,0.928,1
SH1177879.08FU_MN833678_reps,Polyporales,Polyporales,0.878,1
SH1184404.08FU_KP135016_refs,Polyporales,Polyporales,0.0557,1
SH1184140.08FU_EU402554_reps,Polyporales,Polyporales,0.11,1
SH1179636.08FU_JX243845_reps,Polyporales,Polyporales,0.737,1
SH1186474.08FU_KM433839_reps,Polyporales,Polyporales,0.956,1
SH1186468.08FU_UDB015395_refs,Polyporales,Polyporales,0.91,1
SH1186480.08FU_MK736978_reps,Polyporales,Polyporales,0.82,1
SH1151130.08FU_UDB032573_reps,Polyporales,Polyporales,0.4,1
SH1236834.08FU_JX217823_refs,Polyporales,Polyporales,0.125,1
SH1191491.08FU_KP135191_refs,Polyporales,Polyporales,0.889,1
SH1175943.08FU_EU118656_refs,Polyporales,Polyporales,0.59,1
SH1180686.08FU_MG687373_reps,Polyporales,Polyporales,0.876,1
SH1190529.08FU_MF626346_refs,Polyporales,Polyporales,0.742,1
SH1191428.08FU_AB091675_refs,Polyporales,Polyporales,0.87,1
SH1191433.08FU_KR119072_refs,Polyporales,Polyporales,0.719,1
SH1191487.08FU_KP994376_refs,Polyporales,Polyporales,0.88,1
SH2602633.08FU_UDB060942_reps,Polyporales,Polyporales,0.0133,1
SH1179542.08FU_FJ411092_reps,Polyporales,Polyporales,0.357,1
SH1150393.08FU_UDB037836_refs,Polyporales,Polyporales,0.079,1
SH1174108.08FU_KX880622_reps,Polyporales,Polyporales,0.715,1
SH1205873.08FU_MT539101_reps,Polyporales,Polyporales,0.69,1
SH1205879.08FU_HM772140_reps,Polyporales,Polyporales,0.0625,1
SH3207890.08FU_UDB0718499_reps,Polyporales,NA,0,0
SH1174145.08FU_KX236487_reps,Polyporales,Polyporales,0.0798,1
SH1152002.08FU_JF950565_refs,Polyporales,Polyporales,0.657,1
SH1192101.08FU_MG572761_reps,Polyporales,Polyporales,0.103,1
SH1191536.08FU_KP734203_reps,Polyporales,Polyporales,0.0849,1
SH1192186.08FU_MG430347_reps,Polyporales,Polyporales,0.11,1
SH1237913.08FU_KF800674_reps,Polyporales,Polyporales,0.101,1
SH1238131.08FU_KC514835_reps,Polyporales,Polyporales,0.0839,1
SH1148978.08FU_FN552537_reps,Polyporales,Polyporales,0.114,1
SH1191546.08FU_KP135095_refs,Polyporales,Polyporales,0.675,1
SH2593386.08FU_KY952135_reps,Polyporales,Polyporales,0.109,1
SH1156572.08FU_JX136510_reps,Polyporales,Polyporales,0.0747,1
SH1169577.08FU_UDB016410_refs,Polyporales,Polyporales,0.483,1
SH1153233.08FU_MH211944_reps,Polyporales,Polyporales,0.101,1
SH1146344.08FU_KX752609_refs,Polyporales,Polyporales,0.0798,1
SH1178752.08FU_GU580883_refs,Polyporales,Polyporales,0.109,1
SH1154512.08FU_JQ743075_refs,Polyporales,Polyporales,0.946,1
SH1191499.08FU_UDB024133_refs,Polyporales,Polyporales,0.307,1
SH1190534.08FU_UDB028374_refs,Polyporales,Polyporales,0.241,1
SH1191410.08FU_GU054108_reps,Polyporales,Polyporales,0.0762,1
SH1215491.08FU_MT279492_reps,Polyporales,Polyporales,0.843,1
SH1191537.08FU_KP135146_reps,Polyporales,Polyporales,0.732,1
SH1176909.08FU_KY389208_reps,Polyporales,Polyporales,0.475,1
SH1154226.08FU_KC785590_reps,Polyporales,Polyporales,0.109,1
SH1179631.08FU_FJ411087_refs,Polyporales,Polyporales,0.532,1
SH1205874.08FU_GU480000_refs,Polyporales,Polyporales,0.133,1
SH1179697.08FU_KX258958_refs,Polyporales,Polyporales,0.477,1
SH1153568.08FU_AF516566_reps,Polyporales,Polyporales,0.109,1
SH1184324.08FU_MT372798_reps,Polyporales,Polyporales,0.815,1
SH1238005.08FU_JQ291727_reps,Polyporales,Polyporales,0.0872,1
SH1191545.08FU_KU668973_reps,Polyporales,Polyporales,0.734,1
SH2595391.08FU_MH571684_reps,Polyporales,Polyporales,0.892,1
SH1191412.08FU_KY175006_reps,Polyporales,Polyporales,0.0918,1
SH1191577.08FU_LC412096_reps,Polyporales,Polyporales,0.774,1
SH1179654.08FU_MG279151_reps,Polyporales,Polyporales,0.869,1
SH1184332.08FU_KX507260_reps,Polyporales,Polyporales,0.109,1
SH1179611.08FU_KU128524_refs,Polyporales,Polyporales,0.921,1
SH1169583.08FU_UDB021052_reps,Polyporales,Polyporales,0.124,1
SH1181877.08FU_AF429426_refs,Polyporales,Polyporales,0.113,1
SH1188786.08FU_KR015958_reps,Polyporales,Polyporales,0.0707,1
SH1154439.08FU_MF462024_reps,Polyporales,Polyporales,0.784,1
SH2592802.08FU_MN294908_reps,Polyporales,Polyporales,0.927,1
SH1148971.08FU_KJ140683_refs,Polyporales,Polyporales,0.0923,1
SH1150169.08FU_JN710585_reps,Polyporales,Polyporales,0.101,1
SH1179640.08FU_JX310849_reps,Polyporales,Polyporales,0.818,1
SH1205870.08FU_UDB016325_refs,Polyporales,Polyporales,0.472,1
SH1153219.08FU_KR093908_reps,Polyporales,Polyporales,0.274,1
SH1181710.08FU_UDB016314_refs,Polyporales,Polyporales,0.104,1
SH1179627.08FU_AB811850_reps,Polyporales,Polyporales,0.887,1
SH1236883.08FU_UDB011616_refs,Polyporales,Polyporales,0.131,1
SH2593339.08FU_MN007009_reps,Polyporales,Polyporales,0.103,1
SH1177864.08FU_UDB019683_refs,Polyporales,Polyporales,0.847,1
SH1238598.08FU_KY948711_reps,Polyporales,Polyporales,0.856,1
SH1236484.08FU_AY219359_refs,Polyporales,Polyporales,0.502,1
SH1191500.08FU_MT470670_reps,Polyporales,Polyporales,0.757,1
SH1188629.08FU_MG279170_refs,Polyporales,Polyporales,0.606,1
SH1179652.08FU_KT965500_reps,Polyporales,Polyporales,0.87,1
SH1184411.08FU_KP135028_reps,Polyporales,Polyporales,0.516,1
SH1185278.08FU_KU360400_reps,Polyporales,Polyporales,0.45,1
SH1175319.08FU_KC456249_refs,Polyporales,Polyporales,0.491,1
SH1190062.08FU_KY980672_reps,Polyporales,Polyporales,0.101,1
SH1179633.08FU_AJ537407_reps,Polyporales,Polyporales,0.376,1
SH1191434.08FU_JX155891_reps,Polyporales,Polyporales,0.524,1
SH1154434.08FU_KC514838_reps,Polyporales,Polyporales,0.872,1
SH1215522.08FU_MF538576_reps,Polyporales,Polyporales,0.636,1
SH1168757.08FU_KY273032_reps,Polyporales,Polyporales,0.0809,1
SH1186496.08FU_KT156703_reps,Polyporales,Polyporales,0.824,1
SH1238614.08FU_DQ491400_reps,Polyporales,Polyporales,0.11,1
SH1177602.08FU_MT192441_reps,Polyporales,Polyporales,0.454,1
SH1175266.08FU_GU910558_reps,Polyporales,Polyporales,0.0226,1
SH1170430.08FU_KC543133_refs,Polyporales,Polyporales,0.913,1
SH1157489.08FU_KJ559446_reps,Polyporales,Polyporales,0.491,1
SH1188639.08FU_JX982569_reps,Polyporales,Polyporales,0.604,1
SH1191587.08FU_KF291010_reps,Polyporales,Polyporales,0.706,1
SH1172402.08FU_KU598873_refs,Polyporales,Polyporales,0.751,1
SH1169587.08FU_KJ885179_reps,Polyporales,Polyporales,0.135,1
SH1212395.08FU_JF680991_reps,Polyporales,Polyporales,0.624,1
SH1191552.08FU_MF399407_refs,Polyporales,Polyporales,0.768,1
SH1171847.08FU_JQ675316_reps,Polyporales,Polyporales,0.0749,1
SH1190064.08FU_KY969756_reps,Polyporales,Polyporales,0.101,1
SH3566813.08FU_MT235679_reps,Polyporales,Polyporales,0.291,1
SH3567794.08FU_MN908950_reps,Polyporales,NA,0,0
SH1146333.08FU_KX752600_refs,Polyporales,Polyporales,0.0765,1
SH2595830.08FU_MH631019_reps,Polyporales,Polyporales,0.0872,1
SH1153213.08FU_KF562020_reps,Polyporales,Polyporales,0.21,1
SH2593853.08FU_KX851622_reps,Polyporales,Polyporales,0.103,1
SH1176908.08FU_HQ225509_reps,Polyporales,Polyporales,0.857,1
SH1186493.08FU_JF894106_reps,Polyporales,Polyporales,0.528,1
SH1149656.08FU_U65662_reps,Polyporales,Polyporales,0.0706,1
SH1193274.08FU_KP814195_reps,Polyporales,Polyporales,0.278,1
SH1179618.08FU_AJ749970_reps,Polyporales,Polyporales,0.597,1
SH1190305.08FU_JX569733_reps,Polyporales,Polyporales,0.904,1
SH1182463.08FU_KX081079_reps,Polyporales,Polyporales,0.0766,1
SH1236698.08FU_AJ534293_refs,Polyporales,Polyporales,0.066,1
SH1173527.08FU_JQ700274_refs,Polyporales,Polyporales,0.503,1
SH2596007.08FU_MK429756_reps,Polyporales,Polyporales,0.0872,1
SH1192040.08FU_KU518951_refs,Polyporales,Polyporales,0.104,1
SH1213040.08FU_KP135052_reps,Polyporales,Polyporales,0.0798,1
SH1179658.08FU_MK119795_reps,Polyporales,Polyporales,0.591,1
SH1245745.08FU_AB462312_refs,Polyporales,Polyporales,0.105,1
SH1206146.08FU_JN710562_reps,Polyporales,Polyporales,0.767,1
SH1151988.08FU_FN813734_reps,Polyporales,Polyporales,0.859,1
SH1186498.08FU_KR015085_reps,Polyporales,Polyporales,0.789,1
SH1179625.08FU_MT027494_reps,Polyporales,Polyporales,0.0284,1
SH1225410.08FU_KC585354_reps,Polyporales,Polyporales,0.11,1
SH1179679.08FU_FJ411080_reps,Polyporales,Polyporales,0.545,1
SH1192035.08FU_UDB0385907_reps,Polyporales,Polyporales,0.0749,1
SH1149159.08FU_FJ411090_reps,Polyporales,Polyporales,0.0872,1
SH1177607.08FU_MN602051_reps,Polyporales,Polyporales,0.391,1
SH1173529.08FU_JQ314350_refs,Polyporales,Polyporales,0.423,1
SH1142442.08FU_KP814476_reps,Polyporales,Polyporales,0.107,1
SH1190360.08FU_MK184515_reps,Polyporales,Polyporales,0.85,1
SH1179700.08FU_MF796661_refs,Polyporales,Polyporales,0.865,1
SH1169633.08FU_MN984309_reps,Boletales,Boletales,0.771,1
SH1175661.08FU_UDB0765020_reps,Boletales,Boletales,0.0926,1
SH2592728.08FU_MG988194_reps,Boletales,Boletales,0.404,1
SH1169628.08FU_MN984334_reps,Boletales,Boletales,0.742,1
SH1226414.08FU_KU144805_reps,Boletales,Boletales,0.0926,1
SH1145100.08FU_DQ974748_reps,Boletales,Boletales,0.746,1
SH1178576.08FU_KC184442_refs,Boletales,Boletales,0.87,1
SH1157038.08FU_KT290024_reps,Boletales,Boletales,0.0926,1
SH1184470.08FU_KP242139_reps,Boletales,Boletales,0.0879,1
SH1142478.08FU_MH281861_reps,Boletales,Boletales,0.106,1
SH1151041.08FU_KP012979_reps,Boletales,Boletales,0.0926,1
SH1178151.08FU_LC368027_reps,Boletales,Boletales,0.0926,1
SH1142339.08FU_KT224913_reps,Boletales,Boletales,0.0926,1
SH1174146.08FU_KC552004_refs,Boletales,Boletales,0.0926,1
SH1156994.08FU_KM594958_reps,Boletales,Boletales,0.0926,1
SH1191835.08FU_KP004920_reps,Boletales,Boletales,0.0926,1
SH1186450.08FU_JN168775_reps,Boletales,Boletales,0.0926,1
SH1237621.08FU_LC368026_reps,Boletales,Boletales,0.0902,1
SH1145251.08FU_UDB009034_refs,Boletales,Boletales,0.889,1
SH1150647.08FU_AB973816_reps,Boletales,Boletales,0.0926,1
SH1180569.08FU_MF278769_reps,Boletales,Boletales,0.0895,1
SH1144906.08FU_KM269196_refs,Boletales,Boletales,0.0926,1
SH1150035.08FU_GQ205361_refs,Boletales,Boletales,0.0348,1
SH1172090.08FU_EU429519_reps,Boletales,Boletales,0.0582,1
SH1143870.08FU_KX453813_reps,Boletales,Boletales,0.0926,1
SH1181039.08FU_MF405929_reps,Boletales,Boletales,0.0926,1
SH1212830.08FU_KM373264_reps,Boletales,Boletales,0.797,1
SH2595620.08FU_MN250217_reps,Boletales,Boletales,0.0926,1
SH1238551.08FU_EU819439_refs,Boletales,Boletales,0.426,1
SH1238235.08FU_EU118644_refs,Boletales,Boletales,0.106,1
SH1143871.08FU_KX453808_reps,Boletales,Boletales,0.0926,1
SH1242572.08FU_MN128240_reps,Boletales,Boletales,0.0926,1
SH1184156.08FU_UDB000680_refs,Boletales,Boletales,0.963,1
SH1234189.08FU_JQ619167_refs,Boletales,Boletales,0.0926,1
SH1234224.08FU_FR852280_reps,Boletales,Boletales,0.897,1
SH1145839.08FU_HE817950_reps,Boletales,Boletales,0.0926,1
SH1180331.08FU_KP780419_refs,Boletales,Boletales,0.0926,1
SH1147017.08FU_LC219814_reps,Boletales,Boletales,0.699,1
SH1158644.08FU_HM583819_reps,Boletales,Boletales,0.67,1
SH1143873.08FU_KX453816_refs,Boletales,Boletales,0.0926,1
SH1187270.08FU_KP739273_refs,Boletales,Boletales,0.0926,1
SH1184429.08FU_LC043078_refs,Boletales,Boletales,0.0926,1
SH1226009.08FU_KP889715_reps,Boletales,Boletales,0.0926,1
SH1186327.08FU_KX792086_refs,Boletales,Boletales,0.0348,1
SH1153119.08FU_UDB016977_reps,Boletales,Boletales,0.0926,1
SH1213291.08FU_UDB024485_reps,Boletales,Boletales,0.0847,1
SH1234368.08FU_KX610683_reps,Boletales,Boletales,0.34,1
SH1152114.08FU_MH108572_reps,Boletales,Boletales,0.0926,1
SH1145222.08FU_DQ377397_reps,Russulales,Russulales,0.913,1
SH1226602.08FU_AF350065_reps,Russulales,Russulales,0.302,1
SH1151518.08FU_JF975641_reps,Russulales,Russulales,0.0996,1
SH1151511.08FU_KC222836_reps,Russulales,Russulales,0.555,1
SH1152945.08FU_JX456865_reps,Russulales,Russulales,0.0996,1
SH2593118.08FU_KX441219_reps,Russulales,Russulales,0.805,1
SH1157154.08FU_MF043522_reps,Russulales,Russulales,0.0646,1
SH1168707.08FU_KX441087_reps,Russulales,Russulales,0.92,1
SH1189479.08FU_MN102687_reps,Russulales,Russulales,0.0419,1
SH1185234.08FU_KT339247_reps,Russulales,Russulales,0.0996,1
SH1156916.08FU_MF461611_reps,Russulales,Russulales,0.721,1
SH1168663.08FU_KF412203_reps,Russulales,Russulales,0.696,1
SH1145212.08FU_KC424533_reps,Russulales,Russulales,0.894,1
SH1143103.08FU_KT354752_reps,Russulales,Russulales,0.0996,1
SH1187339.08FU_UDB004888_reps,Russulales,Russulales,0.0996,1
SH1193084.08FU_MH121206_reps,Russulales,Russulales,0.256,1
SH1226587.08FU_MG835429_reps,Russulales,Russulales,0.632,1
SH1172705.08FU_MK046805_reps,Russulales,Russulales,0.0578,1
SH1143491.08FU_AY606984_refs,Russulales,Russulales,0.0996,1
SH1237997.08FU_KT339250_reps,Russulales,Russulales,0.483,1
SH1145220.08FU_AB807991_reps,Russulales,Russulales,0.881,1
SH1168655.08FU_KP713777_refs,Russulales,Russulales,0.803,1
SH2592887.08FU_MH286463_reps,Russulales,Russulales,0.925,1
SH1172717.08FU_JX266622_reps,Russulales,Russulales,0.0996,1
SH2598742.08FU_UDB0765709_reps,Russulales,NA,0,0
SH1188804.08FU_AB571502_reps,Russulales,Russulales,0.0996,1
SH1236963.08FU_FJ820534_reps,Russulales,Russulales,0.0987,1
SH1188907.08FU_KP012859_reps,Russulales,Russulales,0.912,1
SH1145217.08FU_KJ668591_reps,Russulales,Russulales,0.917,1
SH1193070.08FU_KY449393_reps,Russulales,Russulales,0.801,1
SH1157506.08FU_KY800354_refs,Russulales,Russulales,0.0996,1
SH1226614.08FU_KP012856_reps,Russulales,Russulales,0.721,1
SH1226682.08FU_JQ902078_reps,Russulales,Russulales,0.718,1
SH1226619.08FU_UDB0765651_reps,Russulales,Russulales,0.0996,1
SH2596441.08FU_MK049977_reps,Russulales,Russulales,0.888,1
SH1168643.08FU_KM594887_reps,Russulales,Russulales,0.912,1
SH2598640.08FU_UDB0765133_reps,Russulales,Russulales,0.0996,1
SH1208003.08FU_KR108237_refs,Russulales,Russulales,0.444,1
SH1185106.08FU_MK049973_reps,Russulales,Russulales,0.608,1
SH1229933.08FU_LC219737_reps,Russulales,NA,0,0
SH1145466.08FU_UDB013891_reps,Russulales,Russulales,0.0996,1
SH1148637.08FU_HQ318233_reps,Russulales,Russulales,0.711,1
SH1174805.08FU_MT611016_reps,Russulales,Russulales,0.0996,1
SH1157307.08FU_AF218397_refs,Russulales,Russulales,0.0365,1
SH1228158.08FU_AY198191_refs,Russulales,Russulales,0.914,1
SH1168651.08FU_EU819514_reps,Russulales,Russulales,0.928,1
SH1211179.08FU_KM594831_reps,Russulales,Russulales,0.0996,1
SH1185206.08FU_AY606973_refs,Russulales,Russulales,0.0996,1
SH1148664.08FU_KX899331_reps,Russulales,Russulales,0.297,1
SH1168939.08FU_UDB007794_reps,Russulales,Russulales,0.537,1
SH1226628.08FU_HM189948_reps,Russulales,Russulales,0.943,1
SH1237569.08FU_KC152216_reps,Russulales,Russulales,0.891,1
SH1171736.08FU_HQ021775_reps,Russulales,Russulales,0.0996,1
SH1183250.08FU_KF220112_reps,Russulales,Russulales,0.871,1
SH1226623.08FU_KP754048_reps,Russulales,Russulales,0.508,1
SH1181467.08FU_KF386762_reps,Russulales,Russulales,0.934,1
SH1188840.08FU_MK564595_reps,Russulales,Russulales,0.451,1
SH1168688.08FU_GQ359819_reps,Russulales,Russulales,0.912,1
SH1168690.08FU_KX619505_reps,Russulales,Russulales,0.827,1
SH1187330.08FU_KP171173_refs,Russulales,Russulales,0.93,1
SH2591953.08FU_MH862332_reps,Russulales,Russulales,0.0761,1
SH1168642.08FU_AB507031_reps,Russulales,Russulales,0.909,1
SH1185625.08FU_UDB013968_reps,Russulales,Russulales,0.532,1
SH1188815.08FU_AB636427_reps,Russulales,Russulales,0.67,1
SH1185622.08FU_JQ902062_reps,Russulales,Russulales,0.0996,1
SH1149176.08FU_MH409974_reps,Russulales,Russulales,0.0907,1
SH1226592.08FU_UDB007697_reps,Russulales,Russulales,0.284,1
SH1145759.08FU_DQ061921_reps,Russulales,Russulales,0.906,1
SH1151512.08FU_UDB025291_reps,Russulales,Russulales,0.0996,1
SH1230262.08FU_AB807887_reps,Russulales,Russulales,0.0571,1
SH1168684.08FU_UDB0149888_reps,Russulales,Russulales,0.913,1
SH3567998.08FU_MN102697_reps,Russulales,Russulales,0.802,1
SH1174829.08FU_KX899365_reps,Russulales,Russulales,0.844,1
SH1156756.08FU_KJ807067_reps,Russulales,Russulales,0.0737,1
SH1181750.08FU_JX266626_reps,Russulales,Russulales,0.546,1
SH1188847.08FU_AB854698_reps,Russulales,Russulales,0.656,1
SH1188944.08FU_UDB004525_reps,Russulales,Russulales,0.0996,1
SH1212437.08FU_UDB004598_reps,Russulales,Russulales,0.569,1
SH1212826.08FU_DQ377387_reps,Russulales,Russulales,0.821,1
SH1174844.08FU_JN847475_reps,Russulales,Russulales,0.958,1
SH1188822.08FU_HE817953_reps,Russulales,Russulales,0.483,1
SH1191708.08FU_MF496149_reps,Russulales,Russulales,0.114,1
SH1212433.08FU_UDB016870_reps,Russulales,Russulales,0.0996,1
SH2597570.08FU_UDB0756849_reps,Russulales,Russulales,0.0996,1
SH1188817.08FU_KF386752_refs,Russulales,Russulales,0.722,1
SH1156914.08FU_JF960611_reps,Russulales,Russulales,0.644,1
SH1181459.08FU_MK386823_reps,Russulales,Russulales,0.905,1
SH1186276.08FU_UDB004445_reps,Russulales,Russulales,0.0996,1
SH1168623.08FU_KU551036_reps,Russulales,Russulales,0.887,1
SH1190637.08FU_AY513189_reps,Russulales,Russulales,0.771,1
SH2596442.08FU_MK049971_reps,Russulales,Russulales,0.719,1
SH1188814.08FU_LC315891_reps,Russulales,Russulales,0.293,1
SH1187354.08FU_UDB024504_reps,Russulales,Russulales,0.847,1
SH1185224.08FU_LN651269_reps,Russulales,Russulales,0.0996,1
SH1183588.08FU_KJ583213_reps,Russulales,Russulales,0.04,1
SH1237998.08FU_KT339251_reps,Russulales,Russulales,0.0996,1
SH1187351.08FU_UDB033598_reps,Russulales,Russulales,0.905,1
SH1234121.08FU_EU598202_reps,Russulales,Russulales,0.465,1
SH1230260.08FU_UDB001763_reps,Russulales,Russulales,0.0571,1
SH1211193.08FU_MG018123_reps,Russulales,Russulales,0.0996,1
SH1172733.08FU_HQ318234_refs,Russulales,Russulales,0.707,1
SH1156218.08FU_AB922970_reps,Russulales,Russulales,0.851,1
SH1187352.08FU_KP071269_reps,Russulales,Russulales,0.852,1
SH1226590.08FU_UDB015132_reps,Russulales,Russulales,0.625,1
SH1168648.08FU_KJ868237_reps,Russulales,Russulales,0.769,1
SH1226675.08FU_LC122109_reps,Russulales,Russulales,0.81,1
SH1172681.08FU_JF908308_reps,Russulales,Russulales,0.0996,1
SH1188808.08FU_KU751887_reps,Russulales,Russulales,0.78,1
SH1212599.08FU_AY606942_refs,Russulales,Russulales,0.0996,1
SH2597333.08FU_UDB0756774_reps,Russulales,Russulales,0.0996,1
SH1187334.08FU_UDB032698_reps,Russulales,Russulales,0.903,1
SH1174834.08FU_AB597706_reps,Russulales,Russulales,0.876,1
SH1145764.08FU_KU141236_reps,Russulales,Russulales,0.961,1
SH1168627.08FU_AY061731_reps,Russulales,Russulales,0.753,1
SH2590389.08FU_KM107870_reps,Russulales,Polyporales,0.0734,0
SH2592000.08FU_MH861803_reps,Russulales,Russulales,0.0761,1
SH1193067.08FU_MG231836_reps,Russulales,Russulales,0.075,1
SH1226630.08FU_KP012699_reps,Russulales,Russulales,0.0996,1
SH1183586.08FU_KJ583205_reps,Russulales,Russulales,0.0831,1
SH1168996.08FU_JQ405656_refs,Russulales,Russulales,0.0996,1
SH1236843.08FU_GU258280_refs,Russulales,Russulales,0.0996,1
SH3565203.08FU_MN908253_reps,Russulales,NA,0,0
SH3565885.08FU_MK211184_reps,Russulales,Russulales,0.077,1
SH1152826.08FU_EU711613_refs,Russulales,Russulales,0.939,1
SH1225947.08FU_EU846312_refs,Russulales,Russulales,0.0571,1
SH1172701.08FU_KP691436_reps,Russulales,Russulales,0.0996,1
SH2593116.08FU_KX441220_reps,Russulales,Russulales,0.634,1
SH1193062.08FU_KX553875_refs,Russulales,Russulales,0.719,1
SH1150707.08FU_UDB001761_reps,Russulales,Russulales,0.088,1
SH1187236.08FU_KR831284_refs,Russulales,Russulales,0.0996,1
SH2595990.08FU_MF631177_reps,Russulales,Russulales,0.115,1
SH1212594.08FU_GU258277_refs,Russulales,Russulales,0.613,1
SH1230261.08FU_FJ439518_reps,Russulales,Russulales,0.0571,1
SH1168658.08FU_KF002755_reps,Russulales,Russulales,0.932,1
SH1211194.08FU_LT602952_reps,Russulales,Russulales,0.887,1
SH1226212.08FU_LC013379_reps,Russulales,Russulales,0.693,1
SH1183590.08FU_MK713749_reps,Russulales,Russulales,0.0487,1
SH1158822.08FU_AF350057_reps,Russulales,Russulales,0.0996,1
SH1226610.08FU_KT933963_reps,Russulales,Russulales,0.751,1
SH1188723.08FU_JQ753870_reps,Russulales,Russulales,0.728,1
SH1212894.08FU_UDB013963_reps,Russulales,Russulales,0.0996,1
SH1207998.08FU_JX855033_refs,Russulales,Russulales,0.935,1
SH2603935.08FU_UDB0520083_reps,Russulales,Russulales,0.03,1
SH1236214.08FU_AY239342_reps,Russulales,Russulales,0.918,1
SH1145179.08FU_UDB0205697_reps,Russulales,Russulales,0.948,1
SH3565939.08FU_MN130098_reps,Russulales,Russulales,0.774,1
SH3566791.08FU_KY860421_reps,Russulales,NA,0,0
SH1226656.08FU_LC367742_reps,Russulales,Russulales,0.0996,1
SH1172683.08FU_MF611683_reps,Russulales,Russulales,0.67,1
SH2592002.08FU_MH861795_reps,Russulales,Russulales,0.0761,1
SH1156364.08FU_AF454401_reps,Russulales,Russulales,0.653,1
SH1193080.08FU_MH596850_reps,Russulales,Russulales,0.72,1
SH1186282.08FU_KP859265_reps,Russulales,Russulales,0.0571,1
SH1153488.08FU_FJ656009_reps,Russulales,Russulales,0.0996,1
SH1145193.08FU_EU222979_reps,Russulales,Russulales,0.91,1
SH2592027.08FU_MH861469_reps,Russulales,Russulales,0.0761,1
SH1191302.08FU_MF067426_reps,Russulales,Russulales,0.882,1
SH1172704.08FU_HQ318284_reps,Russulales,Russulales,0.0996,1
SH1211175.08FU_UDB0656648_reps,Russulales,Russulales,0.446,1
SH1148662.08FU_KP754019_reps,Russulales,Russulales,0.0996,1
SH1235286.08FU_UDB031135_reps,Russulales,Russulales,0.654,1
SH1145791.08FU_KX444316_reps,Russulales,Russulales,0.867,1
SH1174824.08FU_KM595055_reps,Russulales,Russulales,0.901,1
SH1149924.08FU_AB807973_reps,Russulales,Russulales,0.863,1
SH1187345.08FU_DQ777997_reps,Russulales,Russulales,0.872,1
SH1151509.08FU_GU258232_reps,Russulales,Russulales,0.354,1
SH1153483.08FU_MH063857_reps,Russulales,Russulales,0.0996,1
SH1188807.08FU_AB976621_reps,Russulales,Russulales,0.0996,1
SH1193064.08FU_KX578086_reps,Russulales,Russulales,0.109,1
SH1226634.08FU_MH211663_reps,Russulales,Russulales,0.685,1
SH1212438.08FU_UDB014023_reps,Russulales,Russulales,0.465,1
SH1223915.08FU_UDB0173807_reps,Russulales,Russulales,0.101,1
SH1229934.08FU_MG547644_reps,Russulales,Russulales,0.542,1
SH1236844.08FU_GU258282_refs,Russulales,Russulales,0.0996,1
SH1145758.08FU_AB982026_reps,Russulales,Russulales,0.958,1
SH1145201.08FU_EF619753_reps,Russulales,Russulales,0.836,1
SH1178969.08FU_JN168742_reps,Russulales,Russulales,0.0996,1
SH1189463.08FU_KR819054_reps,Russulales,Russulales,0.0996,1
SH1149252.08FU_FJ450050_reps,Corticiales,Corticiales,0.046,1
SH1172172.08FU_GU590876_refs,Corticiales,Corticiales,0.071,1
SH1205519.08FU_KJ668433_reps,Corticiales,Corticiales,0.505,1
SH2603429.08FU_UDB0401930_reps,Corticiales,NA,0,0
SH1205520.08FU_HM046888_refs,Corticiales,Corticiales,0.708,1
SH1244260.08FU_UDB0531394_reps,Corticiales,Corticiales,0.015,1
SH2615571.08FU_UDB0520653_reps,Corticiales,NA,0,0
SH1157209.08FU_KP322777_reps,Corticiales,Corticiales,0.071,1
SH1152302.08FU_EF635838_reps,Corticiales,Corticiales,0.0544,1
SH1205516.08FU_HM046910_reps,Corticiales,Corticiales,0.279,1
SH1181829.08FU_UDB031605_refs,Corticiales,Corticiales,0.245,1
SH3566781.08FU_MH178264_reps,Auriculariales,Auriculariales,0.404,1
SH3568423.08FU_MT040873_reps,Auriculariales,NA,0,0
SH2595380.08FU_MK391516_reps,Auriculariales,Auriculariales,0.218,1
SH1183223.08FU_KX262120_reps,Auriculariales,Auriculariales,0.643,1
SH1190996.08FU_KP889747_reps,Auriculariales,Auriculariales,0.0317,1
SH2592406.08FU_MK098890_reps,Auriculariales,Auriculariales,0.0661,1
SH1183201.08FU_GU053968_refs,Auriculariales,Auriculariales,0.0457,1
SH2609866.08FU_UDB0246535_reps,Auriculariales,Auriculariales,0.0169,1
SH3207317.08FU_MK098884_reps,Auriculariales,Auriculariales,0.0457,1
SH2610184.08FU_UDB0321570_reps,Auriculariales,Auriculariales,0.0125,1
SH1149393.08FU_UDB0565810_reps,Auriculariales,NA,0,0
SH1191416.08FU_KJ786674_reps,Auriculariales,Auriculariales,0.0457,1
SH1182733.08FU_KC222800_reps,Auriculariales,Auriculariales,0.0457,1
SH1183197.08FU_MG231564_reps,Auriculariales,Auriculariales,0.621,1
SH1179233.08FU_JX998755_reps,Auriculariales,Auriculariales,0.0442,1
SH1212236.08FU_UDB0226224_reps,Auriculariales,Auriculariales,0.0107,1
SH1183179.08FU_UDB019552_refs,Auriculariales,Auriculariales,0.376,1
SH1183176.08FU_DQ200918_refs,Auriculariales,Auriculariales,0.68,1
SH2612549.08FU_UDB0527130_reps,Auriculariales,NA,0,0
SH1145747.08FU_UDB015446_refs,Auriculariales,Auriculariales,0.0731,1
SH3567414.08FU_MN497256_reps,Auriculariales,NA,0,0
SH2596488.08FU_MK809465_reps,Auriculariales,Auriculariales,0.546,1
SH1160512.08FU_JN889905_reps,Auriculariales,Auriculariales,0.0457,1
SH1183196.08FU_UDB0754293_refs,Auriculariales,Auriculariales,0.563,1
SH1175551.08FU_UDB0350880_reps,Auriculariales,Auriculariales,0.0317,1
SH1179760.08FU_AB871759_reps,Auriculariales,Auriculariales,0.0678,1
SH1182516.08FU_MK737448_reps,Auriculariales,NA,0,0
SH2602692.08FU_UDB0613842_reps,Auriculariales,Auriculariales,0.0104,1
SH1182529.08FU_MT028028_reps,Auriculariales,Auriculariales,0.0333,1
SH1183198.08FU_GU053925_reps,Auriculariales,Auriculariales,0.0401,1
SH1212235.08FU_HQ441577_reps,Auriculariales,Auriculariales,0.0434,1
SH1173571.08FU_UDB0764892_reps,Auriculariales,Auriculariales,0.0415,1
SH1189118.08FU_MK484047_refs,Auriculariales,Auriculariales,0.0552,1
SH2615198.08FU_UDB0507520_reps,Auriculariales,NA,0,0
SH1244441.08FU_MT062845_reps,Geastrales,Geastrales,0.0445,1
SH1218077.08FU_KF988450_refs,Geastrales,Geastrales,0.17,1
SH2595519.08FU_MT366729_reps,Geastrales,Geastrales,0.0363,1
SH1218061.08FU_UDB019744_refs,Geastrales,Geastrales,0.616,1
SH1152918.08FU_UDB0759895_reps,Geastrales,NA,0,0
SH1218071.08FU_KC581967_reps,Geastrales,Geastrales,0.0563,1
SH1237846.08FU_JN845186_reps,Geastrales,Geastrales,0.0563,1
SH1183245.08FU_KF988368_refs,Geastrales,Geastrales,0.112,1
SH1218085.08FU_MW018894_reps,Geastrales,Geastrales,0.348,1
SH1217561.08FU_KJ127029_reps,Geastrales,Geastrales,0.0563,1
SH1218072.08FU_KP687500_refs,Geastrales,Geastrales,0.0563,1
SH1237847.08FU_KF988349_refs,Geastrales,Geastrales,0.0563,1
SH1218063.08FU_EU784249_refs,Geastrales,Geastrales,0.465,1
SH2608102.08FU_UDB0187896_reps,Geastrales,NA,0,0
SH1241563.08FU_MF158626_reps,Geastrales,Geastrales,0.0563,1
SH1150300.08FU_KJ127030_reps,Geastrales,Geastrales,0.0563,1
SH1217532.08FU_JX136287_refs,Geastrales,Geastrales,0.544,1
SH1179845.08FU_MH211748_reps,Geastrales,Geastrales,0.301,1
SH3567873.08FU_MT908248_reps,Geastrales,Geastrales,0.0972,1
SH1177726.08FU_KF988388_refs,Geastrales,Geastrales,0.0563,1
SH2593708.08FU_UDB0337945_reps,Geastrales,Geastrales,0.111,1
SH1151614.08FU_UDB0372414_reps,Geastrales,Geastrales,0.0493,1
SH1218064.08FU_KP687506_refs,Geastrales,Geastrales,0.526,1
SH2604692.08FU_UDB090151_reps,Trechisporales,NA,0,0
SH1191244.08FU_MH041529_refs,Trechisporales,Trechisporales,0.061,1
SH1240329.08FU_UDB0234263_reps,Trechisporales,Trechisporales,0.0361,1
SH1191241.08FU_UDB024244_refs,Trechisporales,Trechisporales,0.46,1
SH1144097.08FU_UDB024249_refs,Trechisporales,Trechisporales,0.154,1
SH1160218.08FU_GU054018_reps,Trechisporales,Trechisporales,0.0466,1
SH1179559.08FU_JQ673205_reps,Trechisporales,Trechisporales,0.0542,1
SH1241474.08FU_UDB014769_reps,Trechisporales,Trechisporales,0.0506,1
SH1182319.08FU_UDB0490787_reps,Trechisporales,Trechisporales,0.0332,1
SH1173576.08FU_KC928276_reps,Trechisporales,Trechisporales,0.061,1
SH1173492.08FU_GU054146_refs,Trechisporales,Trechisporales,0.061,1
SH1180887.08FU_GQ999494_reps,Trechisporales,Trechisporales,0.061,1
SH1173502.08FU_UDB0500416_reps,Trechisporales,Trechisporales,0.0395,1
SH1172299.08FU_JX317273_refs,Trechisporales,Trechisporales,0.061,1
SH1180886.08FU_KP814334_reps,Trechisporales,Trechisporales,0.061,1
SH1173495.08FU_KU534688_reps,Trechisporales,Trechisporales,0.274,1
SH1173360.08FU_MH041532_refs,Trechisporales,Trechisporales,0.061,1
SH2615817.08FU_UDB0557997_reps,Trechisporales,NA,0,0
SH1173487.08FU_JF300723_refs,Trechisporales,Trechisporales,0.204,1
SH1145751.08FU_UDB014091_reps,Trechisporales,Trechisporales,0.061,1
SH3565704.08FU_MK514945_reps,Trechisporales,NA,0,0
SH1172303.08FU_FN813738_reps,Trechisporales,Trechisporales,0.061,1
SH1171998.08FU_FJ475686_refs,Trechisporales,Trechisporales,0.83,1
SH1179213.08FU_MH041511_refs,Trechisporales,Trechisporales,0.293,1
SH2605624.08FU_UDB0179232_reps,Trechisporales,Russulales,0.0321,0
SH1173486.08FU_KJ140560_refs,Trechisporales,Trechisporales,0.0679,1
SH1236939.08FU_GU054080_reps,Trechisporales,Trechisporales,0.0506,1
SH1180894.08FU_UDB0768721_reps,Trechisporales,Trechisporales,0.0419,1
SH1180877.08FU_UDB0550598_reps,Trechisporales,Trechisporales,0.0398,1
SH1173359.08FU_MN207054_refs,Trechisporales,Trechisporales,0.184,1
SH1236330.08FU_AF324169_reps,Phallales,Phallales,0.0463,1
SH1183658.08FU_MG817717_reps,Phallales,Phallales,0.126,1
SH1242309.08FU_MF372136_reps,Phallales,Phallales,0.0463,1
SH1190754.08FU_MF372137_reps,Phallales,Phallales,0.253,1
SH1190757.08FU_MT916293_reps,Phallales,Phallales,0.178,1
SH1183653.08FU_MH380189_reps,Phallales,Phallales,0.27,1
SH1236942.08FU_MT260887_reps,Phallales,Phallales,0.0315,1
SH1235869.08FU_MK028485_reps,Gloeophyllales,Gloeophyllales,0.476,1
SH1142649.08FU_HM536094_refs,Gloeophyllales,Gloeophyllales,0.866,1
SH1185971.08FU_EU118619_refs,Gloeophyllales,Gloeophyllales,0.201,1
SH1142647.08FU_UDB011753_refs,Gloeophyllales,Gloeophyllales,0.89,1
SH1142656.08FU_MH605431_reps,Gloeophyllales,Gloeophyllales,0.26,1
SH1158449.08FU_EU910933_reps,Sebacinales,Sebacinales,0.0218,1
SH1183721.08FU_UDB0296851_reps,Sebacinales,Sebacinales,0.74,1
SH1193954.08FU_GQ907136_reps,Sebacinales,Sebacinales,0.429,1
SH2593719.08FU_MF615027_reps,Sebacinales,Sebacinales,0.0254,1
SH1172356.08FU_FJ554212_reps,Sebacinales,Sebacinales,0.0196,1
SH1183711.08FU_LC003273_reps,Sebacinales,Sebacinales,0.717,1
SH1193949.08FU_HQ850092_refs,Sebacinales,Sebacinales,0.754,1
SH1179961.08FU_KJ188494_reps,Sebacinales,Sebacinales,0.617,1
SH1180447.08FU_EF655694_refs,Sebacinales,Sebacinales,0.802,1
SH1193958.08FU_KF618138_reps,Sebacinales,Sebacinales,0.706,1
SH1183687.08FU_UDB008172_refs,Sebacinales,Sebacinales,0.689,1
SH1215600.08FU_UDB0765300_reps,Sebacinales,NA,0,0
SH1193965.08FU_AB854713_reps,Sebacinales,Sebacinales,0.844,1
SH1172347.08FU_EU625931_refs,Sebacinales,Sebacinales,0.567,1
SH1171839.08FU_KF516967_refs,Sebacinales,Sebacinales,0.0252,1
SH1240439.08FU_UDB014759_reps,Sebacinales,Sebacinales,0.0254,1
SH1183667.08FU_AF440664_refs,Sebacinales,Sebacinales,0.807,1
SH1193955.08FU_AJ875375_refs,Sebacinales,Sebacinales,0.913,1
SH1193939.08FU_HQ154399_reps,Sebacinales,Sebacinales,0.687,1
SH1193990.08FU_UDB0130894_reps,Sebacinales,Sebacinales,0.757,1
SH2593243.08FU_MH836336_reps,Sebacinales,Sebacinales,0.0252,1
SH1193977.08FU_GQ907120_refs,Sebacinales,Sebacinales,0.747,1
SH1172354.08FU_JQ420943_refs,Sebacinales,Sebacinales,0.616,1
SH1183717.08FU_LC122079_reps,Sebacinales,Sebacinales,0.818,1
SH1184582.08FU_AB370328_refs,Sebacinales,Sebacinales,0.0145,1
SH3229048.08FU_UDB0613163_reps,Sebacinales,NA,0,0
SH1183718.08FU_UDB004099_refs,Sebacinales,Sebacinales,0.713,1
SH1177957.08FU_JQ420989_reps,Sebacinales,Sebacinales,0.0252,1
SH1148300.08FU_AB506984_refs,Sebacinales,Sebacinales,0.84,1
SH1183679.08FU_AB688992_refs,Sebacinales,Sebacinales,0.736,1
SH1169662.08FU_LC367889_reps,Sebacinales,Sebacinales,0.0252,1
SH1193959.08FU_HQ154362_refs,Sebacinales,Sebacinales,0.763,1
SH1177952.08FU_HQ154358_refs,Sebacinales,Sebacinales,0.0188,1
SH1178214.08FU_JQ420993_reps,Sebacinales,Sebacinales,0.0244,1
SH1154472.08FU_JN890531_refs,Sebacinales,Sebacinales,0.649,1
SH1193973.08FU_UDB0650142_reps,Sebacinales,Sebacinales,0.833,1
SH1235402.08FU_UDB0154695_reps,Sebacinales,Sebacinales,0.0114,1
SH1180455.08FU_MW026417_reps,Sebacinales,Sebacinales,0.757,1
SH1183715.08FU_UDB004630_reps,Sebacinales,Sebacinales,0.764,1
SH1179942.08FU_HQ154341_refs,Sebacinales,Sebacinales,0.329,1
SH1183662.08FU_GU256182_refs,Sebacinales,Sebacinales,0.859,1
SH1177954.08FU_FJ788839_reps,Sebacinales,Sebacinales,0.0254,1
SH3230456.08FU_UDB0338157_reps,Sebacinales,NA,0,0
SH1172345.08FU_FN663697_refs,Sebacinales,Sebacinales,0.332,1
SH1193932.08FU_GQ907135_reps,Sebacinales,Sebacinales,0.547,1
SH1190560.08FU_JQ347201_refs,Sebacinales,Sebacinales,0.0252,1
SH3565556.08FU_MG707425_reps,Sebacinales,Sebacinales,0.329,1
SH1177956.08FU_EU909216_refs,Sebacinales,Sebacinales,0.013,1
SH1154471.08FU_UDB018392_reps,Sebacinales,Sebacinales,0.752,1
SH1179955.08FU_MG707403_reps,Sebacinales,Sebacinales,0.587,1
SH2612670.08FU_UDB0700086_reps,Sebacinales,NA,0,0
SH1193914.08FU_HQ154347_refs,Sebacinales,Sebacinales,0.842,1
SH1193913.08FU_EU625981_refs,Sebacinales,Sebacinales,0.781,1
SH2603459.08FU_UDB0103955_reps,Sebacinales,Sebacinales,0.875,1
SH1148298.08FU_AB506974_refs,Sebacinales,Sebacinales,0.816,1
SH1193944.08FU_KC966002_reps,Sebacinales,Sebacinales,0.52,1
SH1193940.08FU_UDB0757631_reps,Sebacinales,Sebacinales,0.757,1
SH1183705.08FU_AB636111_refs,Sebacinales,Sebacinales,0.735,1
SH1190559.08FU_LN868955_reps,Sebacinales,Sebacinales,0.674,1
SH1193951.08FU_HQ154394_refs,Sebacinales,Sebacinales,0.751,1
SH1177955.08FU_HQ154307_refs,Sebacinales,Atheliales,0.0293,0
SH1154478.08FU_AB922981_reps,Sebacinales,Sebacinales,0.864,1
SH1179952.08FU_UDB0159800_reps,Sebacinales,Sebacinales,0.0122,1
SH1183697.08FU_UDB004554_refs,Sebacinales,Sebacinales,0.603,1
SH1193908.08FU_DQ309187_refs,Sebacinales,Sebacinales,0.874,1
SH1183666.08FU_EU563483_refs,Sebacinales,Sebacinales,0.836,1
SH1183682.08FU_KR819101_reps,Sebacinales,Sebacinales,0.535,1
SH2598547.08FU_UDB0497893_reps,Sebacinales,Sebacinales,0.0155,1
SH1179947.08FU_HQ154240_refs,Sebacinales,Sebacinales,0.146,1
SH2602980.08FU_UDB0674357_reps,Sebacinales,NA,0,0
SH1175952.08FU_KU505107_reps,Sebacinales,Sebacinales,0.221,1
SH3565558.08FU_MG707412_reps,Sebacinales,Sebacinales,0.0983,1
SH1154466.08FU_GU817065_refs,Sebacinales,Sebacinales,0.691,1
SH1193920.08FU_FN663846_refs,Sebacinales,Sebacinales,0.632,1
SH1183726.08FU_UDB0754902_reps,Sebacinales,Sebacinales,0.57,1
SH1193922.08FU_FN663774_refs,Sebacinales,Sebacinales,0.652,1
SH1193950.08FU_JQ420962_refs,Sebacinales,Sebacinales,0.824,1
SH1176701.08FU_JX317403_refs,Sebacinales,Sebacinales,0.141,1
SH2607215.08FU_UDB0156706_reps,Sebacinales,NA,0,0
SH1154464.08FU_AB506958_refs,Sebacinales,Sebacinales,0.843,1
SH1179950.08FU_UDB0516366_reps,Sebacinales,Sebacinales,0.811,1
SH1183669.08FU_UDB016431_refs,Sebacinales,Sebacinales,0.902,1
SH1146526.08FU_DQ521410_refs,Sebacinales,Sebacinales,0.899,1
SH1183701.08FU_AB506921_refs,Sebacinales,Sebacinales,0.871,1
SH1150322.08FU_UDB008996_refs,Sebacinales,Sebacinales,0.639,1
SH1154479.08FU_KT461301_reps,Sebacinales,Sebacinales,0.673,1
SH1172360.08FU_UDB0331878_reps,Sebacinales,Sebacinales,0.514,1
SH1193968.08FU_KF617940_reps,Sebacinales,Sebacinales,0.757,1
SH1179243.08FU_UDB0580999_reps,Sebacinales,Sebacinales,0.106,1
SH1215605.08FU_UDB004249_refs,Sebacinales,Sebacinales,0.402,1
SH1158598.08FU_UDB037149_reps,Hysterangiales,NA,0,0
SH1149782.08FU_UDB0195086_reps,Hysterangiales,NA,0,0
SH1157331.08FU_JN845098_reps,Hysterangiales,NA,0,0
SH1238713.08FU_UDB0182113_reps,Hysterangiales,NA,0,0
SH1188718.08FU_KX444294_reps,Hysterangiales,NA,0,0
SH1244324.08FU_UDB0765634_reps,Hysterangiales,NA,0,0
SH1238712.08FU_KC152126_reps,Hysterangiales,NA,0,0
SH1142345.08FU_JN022512_reps,Hysterangiales,NA,0,0
SH2607689.08FU_UDB0335908_reps,Atheliales,NA,0,0
SH1172649.08FU_UDB0162792_reps,Atheliales,Atheliales,0.033,1
SH2606653.08FU_UDB0683282_reps,Atheliales,Agaricales,0.0203,0
SH1185965.08FU_UDB024783_refs,Atheliales,Atheliales,0.0338,1
SH1238361.08FU_UDB0764724_reps,Atheliales,Atheliales,0.0307,1
SH2603857.08FU_UDB077604_reps,Atheliales,NA,0,0
SH1172635.08FU_AY702758_reps,Atheliales,Atheliales,0.504,1
SH1169734.08FU_UDB016345_refs,Atheliales,Atheliales,0.0338,1
SH2596926.08FU_UDB0755306_reps,Atheliales,Atheliales,0.226,1
SH1185977.08FU_UDB024801_reps,Atheliales,Atheliales,0.0334,1
SH1174345.08FU_UDB0756863_reps,Atheliales,Atheliales,0.0309,1
SH1172634.08FU_UDB0138541_reps,Atheliales,Atheliales,0.455,1
SH1172611.08FU_UDB001747_refs,Atheliales,Atheliales,0.926,1
SH2607585.08FU_UDB0182327_reps,Atheliales,Atheliales,0.16,1
SH1172622.08FU_UDB0251392_reps,Atheliales,Atheliales,0.373,1
SH1215941.08FU_UDB014125_refs,Atheliales,Russulales,0.442,0
SH1236754.08FU_UDB0546943_reps,Atheliales,Atheliales,0.727,1
SH2611278.08FU_UDB0733816_reps,Atheliales,NA,0,0
SH1175979.08FU_HG796870_reps,Atheliales,Atheliales,0.496,1
SH1215942.08FU_UDB024812_refs,Atheliales,Russulales,0.299,0
SH1215944.08FU_UDB005449_reps,Atheliales,Russulales,0.0806,0
SH1215949.08FU_LC277059_reps,Atheliales,Russulales,0.0322,0
SH1185251.08FU_LC171555_reps,Atheliales,Atheliales,0.0338,1
SH1185976.08FU_KM519360_reps,Atheliales,Atheliales,0.0223,1
SH1151982.08FU_FJ656042_reps,Atheliales,Atheliales,0.0338,1
SH2592012.08FU_MH861678_reps,Atheliales,Atheliales,0.0338,1
SH1236741.08FU_UDB008257_refs,Atheliales,Atheliales,0.855,1
SH1172631.08FU_LC523859_reps,Atheliales,Atheliales,0.0338,1
SH1172642.08FU_JQ393101_reps,Atheliales,Atheliales,0.727,1
SH1183267.08FU_UDB016352_refs,Atheliales,Atheliales,0.158,1
SH1149124.08FU_UDB0499037_reps,Atheliales,Atheliales,0.0245,1
SH1148735.08FU_UDB001725_refs,Atheliales,Russulales,0.112,0
SH2602438.08FU_UDB060059_reps,Atheliales,Atheliales,0.0217,1
SH1148736.08FU_MT329594_reps,Atheliales,Russulales,0.0831,0
SH1213287.08FU_KT954949_reps,Amylocorticiales,Amylocorticiales,0.286,1
SH2592651.08FU_MK520874_reps,Amylocorticiales,Amylocorticiales,0.268,1
SH1213461.08FU_DQ873647_reps,Agaricomycetes,NA,0,0
SH3226319.08FU_UDB0474193_reps,Agaricomycetes,Polyporales,0.0488,0
SH2602327.08FU_UDB0551947_reps,Agaricomycetes,dummy_order_Xenasmatella,0.743,0
SH1189990.08FU_UDB008467_refs,Tremellodendropsidales,Russulales,0.0129,0
SH1169192.08FU_UDB014691_reps,GS28,NA,0,0
SH1244647.08FU_UDB014716_reps,GS28,NA,0,0
SH1192174.08FU_JX136483_reps,Tremellales,NA,0,0
SH1238384.08FU_AY917101_refs,Tremellales,Tremellales,0.102,1
SH1155922.08FU_HM222926_refs,Tremellales,Tremellales,0.023,1
SH1172102.08FU_MK224834_reps,Tremellales,Tremellales,0.0247,1
SH2613835.08FU_MT252009_reps,Tremellales,NA,0,0
SH1150358.08FU_JF693334_reps,Tremellales,Tremellales,0.0244,1
SH1151552.08FU_MN450783_reps,Tremellales,Tremellales,0.0137,1
SH1157694.08FU_AF444305_refs,Tremellales,Tremellales,0.491,1
SH1155936.08FU_AJ608655_refs,Tremellales,Tremellales,0.0167,1
SH1155995.08FU_JN053484_reps,Tremellales,Tremellales,0.0244,1
SH1155938.08FU_AJ608647_refs,Tremellales,Tremellales,0.0167,1
SH1211775.08FU_KY449061_refs,Tremellales,Tremellales,0.534,1
SH1186879.08FU_KT161111_reps,Tremellales,Tremellales,0.0167,1
SH1237813.08FU_JN160602_refs,Tremellales,Tremellales,0.0147,1
SH1235375.08FU_EU517063_refs,Tremellales,Tremellales,0.0242,1
SH1155949.08FU_UDB0750288_reps,Tremellales,Tremellales,0.0167,1
SH1169296.08FU_AF444337_refs,Tremellales,Tremellales,0.0167,1
SH1189313.08FU_AF444486_refs,Tremellales,Tremellales,0.0216,1
SH1235381.08FU_AB022931_refs,Tremellales,Tremellales,0.163,1
SH1235379.08FU_AF314970_refs,Tremellales,Tremellales,0.0293,1
SH1242285.08FU_KJ832008_reps,Tremellales,Tremellales,0.0167,1
SH1171240.08FU_KM384101_refs,Tremellales,Tremellales,0.0219,1
SH1181232.08FU_EU249514_refs,Tremellales,Tremellales,0.0285,1
SH2593703.08FU_MH712828_reps,Tremellales,Tremellales,0.0244,1
SH2605534.08FU_UDB0562759_reps,Tremellales,NA,0,0
SH3567879.08FU_MT906458_reps,Tremellales,NA,0,0
SH1157716.08FU_HQ211529_reps,Tremellales,Tremellales,0.0254,1
SH1238692.08FU_KY104475_refs,Tremellales,Tremellales,0.0213,1
SH1157433.08FU_KF800309_reps,Tremellales,Tremellales,0.0216,1
SH1238862.08FU_KM384103_refs,Tremellales,Tremellales,0.022,1
SH1185389.08FU_KT334577_refs,Tremellales,Tremellales,0.0244,1
SH1155944.08FU_AF444479_refs,Tremellales,Tremellales,0.0167,1
SH2595381.08FU_MN128421_reps,Tremellales,Tremellales,0.0323,1
SH1157696.08FU_AF042431_reps,Tremellales,Tremellales,0.0276,1
SH1158594.08FU_AF444320_refs,Tremellales,Tremellales,0.0331,1
SH1185392.08FU_KT334556_reps,Tremellales,Tremellales,0.0244,1
SH1192188.08FU_JN053475_reps,Tremellales,Tremellales,0.0244,1
SH2603108.08FU_UDB0557003_reps,Tremellales,NA,0,0
SH2596268.08FU_MK050302_reps,Tremellales,Tremellales,0.0247,1
SH1186232.08FU_AF444338_refs,Tremellales,Tremellales,0.0147,1
SH1157695.08FU_KY104494_refs,Tremellales,Tremellales,0.394,1
SH2591872.08FU_MK659873_reps,Tremellales,Tremellales,0.0283,1
SH2607874.08FU_UDB0440108_reps,Tremellales,NA,0,0
SH1177270.08FU_KC171331_reps,Tremellales,Tremellales,0.0283,1
SH1159264.08FU_AF444469_refs,Tremellales,Tremellales,0.848,1
SH2616182.08FU_UDB0572083_reps,Tremellales,NA,0,0
SH1149046.08FU_GQ219830_reps,Tremellales,Tremellales,0.0263,1
SH1192175.08FU_KM216348_reps,Tremellales,Tremellales,0.0216,1
SH2594082.08FU_MK050286_reps,Tremellales,Tremellales,0.027,1
SH1156932.08FU_KP986536_reps,Tremellales,Tremellales,0.0244,1
SH1149654.08FU_AF042419_reps,Tremellales,Tremellales,0.0244,1
SH1186299.08FU_UDB0630600_reps,Cystofilobasidiales,NA,0,0
SH1179893.08FU_AB072233_refs,Cystofilobasidiales,Cystofilobasidiales,0.823,1
SH1186296.08FU_AF444322_refs,Cystofilobasidiales,Cystofilobasidiales,0.0102,1
SH3209154.08FU_UDB0510396_reps,Cystofilobasidiales,Agaricales,0.0573,0
SH1186300.08FU_UDB0590082_reps,Cystofilobasidiales,Russulales,0.0106,0
SH1238524.08FU_AF444417_refs,Cystofilobasidiales,Cystofilobasidiales,0.802,1
SH2607913.08FU_UDB0268220_reps,Cystofilobasidiales,NA,0,0
SH1216563.08FU_UDB0755491_reps,Trichosporonales,NA,0,0
SH1216560.08FU_MW165513_reps,Trichosporonales,NA,0,0
SH1216544.08FU_GQ338074_refs,Trichosporonales,Trichosporonales,0.216,1
SH1212339.08FU_AF410472_refs,Holtermanniales,Holtermanniales,0.057,1
SH1237471.08FU_AF444350_refs,Filobasidiales,Filobasidiales,0.85,1
SH1150961.08FU_MF971624_reps,Filobasidiales,NA,0,0
SH1214253.08FU_UDB0298065_reps,Erythrobasidiales,NA,0,0
SH1168580.08FU_AB035720_refs,Erythrobasidiales,NA,0,0
SH2590311.08FU_MK491237_reps,Cyphobasidiales,Cyphobasidiales,0.344,1
SH1214268.08FU_JQ081894_reps,Cystobasidiales,NA,0,0
SH2596257.08FU_MK050393_reps,Cystobasidiales,Cystobasidiales,0.359,1
SH2615678.08FU_UDB0525187_reps,Sporidiobolales,NA,0,0
SH1157353.08FU_UDB0614831_reps,Sporidiobolales,NA,0,0
SH1149861.08FU_HM069376_reps,Sporidiobolales,Sporidiobolales,0.0283,1
SH1238512.08FU_MK496668_reps,Sporidiobolales,Sporidiobolales,0.0283,1
SH1181856.08FU_KJ706814_reps,Sporidiobolales,Sporidiobolales,0.751,1
SH1181852.08FU_MN759030_reps,Sporidiobolales,Sporidiobolales,0.551,1
SH1182428.08FU_KF617362_reps,Sporidiobolales,Sporidiobolales,0.412,1
SH1183634.08FU_UDB0330892_reps,Sporidiobolales,Sporidiobolales,0.0283,1
SH1181842.08FU_AF444492_refs,Sporidiobolales,Sporidiobolales,0.857,1
SH1192593.08FU_EU276008_refs,Sporidiobolales,Sporidiobolales,0.256,1
SH2612019.08FU_UDB0335154_reps,Sporidiobolales,NA,0,0
SH1181847.08FU_JN246563_refs,Sporidiobolales,Sporidiobolales,0.632,1
SH1183638.08FU_UDB0234741_reps,Sporidiobolales,Sporidiobolales,0.0256,1
SH1181849.08FU_AB030327_refs,Sporidiobolales,Sporidiobolales,0.663,1
SH1190507.08FU_KY084376_reps,Microbotryales,Microbotryales,0.0594,1
SH1155492.08FU_KJ707127_reps,Microbotryales,Microbotryales,0.0627,1
SH2593720.08FU_MF615022_reps,Leucosporidiales,Sporidiobolales,0.0117,0
SH1239129.08FU_AF444629_refs,Leucosporidiales,Sporidiobolales,0.204,0
SH1239139.08FU_AF444564_refs,Leucosporidiales,NA,0,0
SH1239135.08FU_AF444530_refs,Leucosporidiales,NA,0,0
SH1155475.08FU_KU559646_reps,Leucosporidiales,NA,0,0
SH2595849.08FU_MN622701_reps,Kriegeriales,NA,0,0
SH1239133.08FU_EF151246_refs,Kriegeriales,Kriegeriales,0.458,1
SH1239149.08FU_AF444602_refs,Kriegeriales,Kriegeriales,0.0206,1
SH2608770.08FU_UDB0373953_reps,Kriegeriales,NA,0,0
SH1155501.08FU_AF444519_refs,Agaricostilbales,NA,0,0
SH1151729.08FU_AF444563_refs,Agaricostilbales,NA,0,0
SH1236738.08FU_AF444569_refs,Agaricostilbales,NA,0,0
SH1145914.08FU_GQ180106_refs,Agaricostilbales,NA,0,0
SH1189341.08FU_KP020108_reps,Agaricostilbales,Agaricostilbales,0.163,1
SH1247294.08FU_AF444676_reps,Agaricostilbales,NA,0,0
SH1189339.08FU_AF444548_refs,Agaricostilbales,Agaricostilbales,0.141,1
SH1145857.08FU_DQ419922_refs,Septobasidiales,Septobasidiales,0.039,1
SH1171032.08FU_DQ241452_reps,Septobasidiales,Septobasidiales,0.0469,1
SH1147466.08FU_MH029898_reps,Pucciniales,Pucciniales,0.428,1
SH3568350.08FU_MT419969_reps,Pucciniales,NA,0,0
SH2611125.08FU_UDB0294945_reps,Pucciniales,NA,0,0
SH1237265.08FU_EU014066_reps,Pucciniales,Pucciniales,0.282,1
SH1184491.08FU_KR821138_refs,Pucciniales,Pucciniales,0.376,1
SH1190674.08FU_GQ120623_reps,Pucciniales,Pucciniales,0.89,1
SH1191214.08FU_MG581918_reps,Pucciniales,Pucciniales,0.089,1
SH1205059.08FU_AY187091_reps,Pucciniales,Pucciniales,0.711,1
SH1205032.08FU_HM131358_refs,Pucciniales,Pucciniales,0.895,1
SH1205033.08FU_EU014028_reps,Pucciniales,Pucciniales,0.903,1
SH1179267.08FU_EF635898_reps,Pucciniales,Pucciniales,0.522,1
SH1149590.08FU_KY963952_reps,Pucciniales,Pucciniales,0.559,1
SH1237316.08FU_JN204189_reps,Pucciniales,Pucciniales,0.089,1
SH1149595.08FU_GU049458_reps,Pucciniales,Pucciniales,0.638,1
SH1144093.08FU_KT719167_refs,Pucciniales,Pucciniales,0.089,1
SH1149589.08FU_KX225401_refs,Pucciniales,Pucciniales,0.778,1
SH2593529.08FU_MG742207_reps,Pucciniales,Pucciniales,0.594,1
SH1160516.08FU_HQ317506_reps,Pucciniales,Pucciniales,0.089,1
SH1147461.08FU_KC415804_reps,Pucciniales,Pucciniales,0.319,1
SH1205054.08FU_AF511085_reps,Pucciniales,Pucciniales,0.786,1
SH1220455.08FU_KU180237_reps,Pucciniales,Pucciniales,0.089,1
SH1184732.08FU_MN605789_reps,Pucciniales,Pucciniales,0.089,1
SH3566434.08FU_MT296006_reps,Pucciniales,Pucciniales,0.0159,1
SH1149592.08FU_KX225396_refs,Pucciniales,Pucciniales,0.595,1
SH1179256.08FU_KM461700_reps,Pucciniales,Pucciniales,0.408,1
SH1227103.08FU_KC415796_reps,Pucciniales,Pucciniales,0.23,1
SH1227096.08FU_JN943195_reps,Pucciniales,Pucciniales,0.621,1
SH2591768.08FU_MH908489_reps,Pucciniales,Pucciniales,0.283,1
SH1190800.08FU_HM446348_reps,Pucciniales,Pucciniales,0.089,1
SH1184728.08FU_KP261044_reps,Pucciniales,Pucciniales,0.089,1
SH1150175.08FU_JF263469_refs,Pucciniales,Pucciniales,0.097,1
SH2618495.08FU_UDB0691208_reps,Platygloeales,Platygloeales,0.0791,1
SH2601973.08FU_UDB0147781_reps,Platygloeales,NA,0,0
SH2611958.08FU_UDB0489048_reps,Platygloeales,Platygloeales,0.0655,1
SH1153402.08FU_AY254194_reps,Helicobasidiales,Helicobasidiales,0.703,1
SH1169369.08FU_AM901832_reps,Exobasidiales,Exobasidiales,0.0142,1
SH1149183.08FU_MF976556_reps,Exobasidiales,Exobasidiales,0.677,1
SH1149189.08FU_UDB0431449_reps,Exobasidiales,Exobasidiales,0.472,1
SH1159251.08FU_MF687185_reps,Exobasidiales,Exobasidiales,0.083,1
SH1184186.08FU_KX196600_reps,Exobasidiales,Exobasidiales,0.0177,1
SH1149185.08FU_HQ211632_reps,Exobasidiales,Exobasidiales,0.593,1
SH1170377.08FU_AB025690_refs,Entylomatales,Entylomatales,0.259,1
SH1150975.08FU_MF924688_refs,Entylomatales,Entylomatales,0.643,1
SH3218330.08FU_UDB0750245_reps,Entylomatales,NA,0,0
SH1150974.08FU_KJ728759_refs,Entylomatales,Entylomatales,0.755,1
SH1214360.08FU_LC494385_reps,Tilletiales,Tilletiales,0.098,1
SH1236627.08FU_AB025706_reps,Georgefischeriales,Georgefischeriales,0.088,1
SH1186349.08FU_KP322989_refs,Georgefischeriales,Georgefischeriales,0.0919,1
SH1186350.08FU_MH984834_reps,Georgefischeriales,Georgefischeriales,0.0898,1
SH1169855.08FU_UDB0532837_reps,Microstromatales,NA,0,0
SH1177074.08FU_GQ465043_refs,Microstromatales,NA,0,0
SH1181123.08FU_KF258724_refs,Tritirachiales,Tritirachiales,0.498,1
SH1184488.08FU_JX242880_refs,Geminibasidiales,Agaricales,0.0469,0
SH2611405.08FU_UDB0564822_reps,Geminibasidiales,Agaricales,0.0438,0
SH2618257.08FU_UDB0663474_reps,Geminibasidiales,Agaricales,0.0488,0
SH1179996.08FU_LC486527_reps,Ustilaginales,Ustilaginales,0.894,1
SH1153197.08FU_KY929614_reps,Ustilaginales,Ustilaginales,0.292,1
SH1145132.08FU_FJ167360_reps,Ustilaginales,Ustilaginales,0.0783,1
SH1169359.08FU_HQ184179_reps,Ustilaginales,Ustilaginales,0.0783,1
SH3566440.08FU_MN855222_reps,Urocystidales,Urocystidales,0.562,1
SH1177347.08FU_MN855221_reps,Urocystidales,Urocystidales,0.678,1
SH1157143.08FU_KF640685_reps,Urocystidales,Urocystidales,0.149,1
SH2592454.08FU_MG707436_reps,Atractiellales,NA,0,0
SH1178738.08FU_KC478580_reps,Atractiellales,Atractiellales,0.0106,1
SH2593615.08FU_UDB0345947_reps,Atractiellales,Atractiellales,0.232,1
SH1183008.08FU_AF444576_refs,Spiculogloeales,NA,0,0
SH1241159.08FU_AB712461_reps,Dacrymycetales,Dacrymycetales,0.116,1
SH3569750.08FU_UDB0780586_reps,Dacrymycetales,NA,0,0
SH1179436.08FU_UDB023630_refs,Dacrymycetales,NA,0,0
SH1174344.08FU_KJ180980_reps,Malasseziales,NA,0,0
SH1174339.08FU_MH860827_refs,Dothideomycetes,NA,0,0
SH1171484.08FU_KF513523_reps,Dothideomycetes,NA,0,0
SH1184107.08FU_GU566302_reps,Dothideomycetes,dummy_order_Eremomycetaceae,0.624,0
SH1152076.08FU_MF075293_reps,Dothideomycetes,NA,0,0
SH1179982.08FU_MK487737_refs,Dothideomycetes,Magnaporthales,0.0337,0
SH1184192.08FU_AY843045_refs,Dothideomycetes,Capnodiales,0.095,0
SH1214658.08FU_AY598887_reps,Dothideomycetes,NA,0,0
SH1214659.08FU_JN573668_reps,Dothideomycetes,NA,0,0
SH1177722.08FU_MF075300_reps,Dothideomycetes,NA,0,0
SH1174645.08FU_MF951405_refs,Capnodiales,Capnodiales,0.741,1
SH1151934.08FU_JF499850_refs,Capnodiales,Capnodiales,0.506,1
SH1238742.08FU_AJ244256_refs,Capnodiales,Capnodiales,0.0514,1
SH1170444.08FU_GU117897_refs,Capnodiales,Capnodiales,0.11,1
SH1160429.08FU_UDB060824_reps,Capnodiales,Capnodiales,0.594,1
SH1175718.08FU_KU821455_reps,Capnodiales,Capnodiales,0.0512,1
SH1189261.08FU_KF901566_reps,Capnodiales,Capnodiales,0.597,1
SH1234723.08FU_JQ866771_reps,Capnodiales,Capnodiales,0.881,1
SH1193178.08FU_KF251311_reps,Capnodiales,Capnodiales,0.922,1
SH1199015.08FU_KF309982_refs,Capnodiales,Capnodiales,0.326,1
SH1154569.08FU_KT585742_reps,Capnodiales,Capnodiales,0.573,1
SH1154590.08FU_JX043122_reps,Capnodiales,Capnodiales,0.333,1
SH1154599.08FU_JN713913_reps,Capnodiales,Capnodiales,0.0503,1
SH1222420.08FU_JF691142_reps,Capnodiales,Capnodiales,0.0658,1
SH1235825.08FU_EU301093_reps,Capnodiales,Capnodiales,0.0884,1
SH1154616.08FU_AY843066_refs,Capnodiales,Capnodiales,0.598,1
SH1157386.08FU_KX287550_refs,Capnodiales,Capnodiales,0.11,1
SH1191786.08FU_MK047453_reps,Capnodiales,Capnodiales,0.0909,1
SH1181387.08FU_KF251251_reps,Capnodiales,Capnodiales,0.11,1
SH3209772.08FU_UDB074442_reps,Capnodiales,NA,0,0
SH1234707.08FU_AB694922_reps,Capnodiales,Capnodiales,0.805,1
SH1234715.08FU_KF251294_refs,Capnodiales,Capnodiales,0.768,1
SH1234718.08FU_MF951368_reps,Capnodiales,Capnodiales,0.723,1
SH1234688.08FU_DQ520628_reps,Capnodiales,Capnodiales,0.475,1
SH1234686.08FU_KT037546_reps,Capnodiales,Capnodiales,0.475,1
SH1175309.08FU_JQ044437_reps,Capnodiales,Capnodiales,0.0518,1
SH1190887.08FU_KT581648_reps,Capnodiales,Capnodiales,0.197,1
SH1175693.08FU_KF309984_refs,Capnodiales,Capnodiales,0.0762,1
SH1189245.08FU_AF309622_refs,Capnodiales,Capnodiales,0.659,1
SH2603309.08FU_UDB069116_reps,Capnodiales,Capnodiales,0.435,1
SH1193174.08FU_DQ029121_reps,Capnodiales,Capnodiales,0.693,1
SH1194063.08FU_JF770451_refs,Capnodiales,Capnodiales,0.868,1
SH1179528.08FU_JF510485_reps,Capnodiales,Capnodiales,0.0932,1
SH1234698.08FU_KY173420_refs,Capnodiales,Capnodiales,0.11,1
SH1223108.08FU_KC978002_reps,Capnodiales,Capnodiales,0.153,1
SH1154547.08FU_UDB090779_reps,Capnodiales,Capnodiales,0.0202,1
SH1171481.08FU_UDB0750952_reps,Capnodiales,Capnodiales,0.0177,1
SH1154579.08FU_JX984759_reps,Capnodiales,Capnodiales,0.0976,1
SH1194057.08FU_JN225928_reps,Capnodiales,Capnodiales,0.811,1
SH1231808.08FU_AY251068_reps,Capnodiales,Capnodiales,0.0932,1
SH1240047.08FU_GU214648_reps,Capnodiales,Capnodiales,0.0514,1
SH1234694.08FU_KF251293_reps,Capnodiales,Capnodiales,0.823,1
SH1201748.08FU_JN712439_refs,Capnodiales,Capnodiales,0.11,1
SH1222416.08FU_JF691121_reps,Capnodiales,Capnodiales,0.0932,1
SH1194074.08FU_KX287556_reps,Capnodiales,Capnodiales,0.916,1
SH1234670.08FU_EU882132_refs,Capnodiales,Capnodiales,0.384,1
SH1189251.08FU_KF901734_refs,Capnodiales,Capnodiales,0.462,1
SH1174628.08FU_HE584923_reps,Capnodiales,Capnodiales,0.732,1
SH1154558.08FU_AY692086_reps,Capnodiales,Capnodiales,0.74,1
SH1154577.08FU_UDB0154456_reps,Capnodiales,Capnodiales,0.479,1
SH1149268.08FU_EU040214_reps,Capnodiales,Capnodiales,0.0932,1
SH1154546.08FU_AY260093_refs,Capnodiales,Capnodiales,0.587,1
SH2604438.08FU_UDB0196833_reps,Capnodiales,NA,0,0
SH1231802.08FU_FN610925_reps,Capnodiales,Capnodiales,0.0873,1
SH1234721.08FU_KJ406765_reps,Capnodiales,Capnodiales,0.0932,1
SH1174269.08FU_EU541488_reps,Capnodiales,Capnodiales,0.0514,1
SH1154538.08FU_AY626985_refs,Capnodiales,Capnodiales,0.522,1
SH1175306.08FU_KT588604_refs,Capnodiales,Capnodiales,0.0487,1
SH1234700.08FU_AJ307020_reps,Capnodiales,Capnodiales,0.575,1
SH1189256.08FU_MN162029_reps,Capnodiales,Capnodiales,0.496,1
SH1175699.08FU_KY496831_reps,Capnodiales,NA,0,0
SH3568196.08FU_MT373369_reps,Capnodiales,NA,0,0
SH1236534.08FU_JF342909_reps,Capnodiales,Capnodiales,0.534,1
SH1189250.08FU_MN562120_reps,Capnodiales,Capnodiales,0.585,1
SH1201761.08FU_KP004458_refs,Capnodiales,Capnodiales,0.101,1
SH1189919.08FU_UDB0119703_reps,Capnodiales,Capnodiales,0.551,1
SH1201757.08FU_KF435160_reps,Capnodiales,Capnodiales,0.725,1
SH1157387.08FU_KX287545_refs,Capnodiales,Capnodiales,0.11,1
SH1234679.08FU_KT186481_refs,Capnodiales,Capnodiales,0.08,1
SH1175697.08FU_JF819176_reps,Capnodiales,Capnodiales,0.499,1
SH1234717.08FU_EF394856_refs,Capnodiales,Capnodiales,0.109,1
SH2615379.08FU_UDB0538091_reps,Capnodiales,Capnodiales,0.718,1
SH1192224.08FU_MF776044_reps,Capnodiales,Capnodiales,0.0665,1
SH1174637.08FU_HM004614_reps,Capnodiales,Capnodiales,0.857,1
SH1189249.08FU_EU707896_refs,Capnodiales,Capnodiales,0.476,1
SH1190121.08FU_KT581930_reps,Capnodiales,Capnodiales,0.0823,1
SH1194096.08FU_GU570542_refs,Capnodiales,Capnodiales,0.866,1
SH1194065.08FU_JN190955_refs,Capnodiales,Capnodiales,0.905,1
SH1234683.08FU_MN162062_reps,Capnodiales,Capnodiales,0.0932,1
SH1234705.08FU_EU041800_reps,Capnodiales,Capnodiales,0.626,1
SH1191782.08FU_UDB049900_reps,Capnodiales,Capnodiales,0.0202,1
SH1234704.08FU_AB277790_reps,Capnodiales,Capnodiales,0.901,1
SH1145879.08FU_FJ858713_reps,Capnodiales,Capnodiales,0.0683,1
SH1175707.08FU_MK047450_reps,Capnodiales,Capnodiales,0.428,1
SH1154545.08FU_AY128700_refs,Capnodiales,Capnodiales,0.748,1
SH2606335.08FU_UDB0131713_reps,Capnodiales,Capnodiales,0.046,1
SH1185184.08FU_GU269789_refs,Capnodiales,Capnodiales,0.108,1
SH1194073.08FU_MF951329_refs,Capnodiales,Capnodiales,0.912,1
SH1142973.08FU_KU581562_reps,Capnodiales,Capnodiales,0.0327,1
SH1189248.08FU_KY111911_reps,Capnodiales,Capnodiales,0.0706,1
SH1177263.08FU_FJ425205_refs,Capnodiales,Capnodiales,0.0641,1
SH1150078.08FU_DQ018096_reps,Pleosporales,Pleosporales,0.0565,1
SH1158151.08FU_LT990654_reps,Pleosporales,Pleosporales,0.835,1
SH2592990.08FU_LC373107_reps,Pleosporales,Pleosporales,0.0327,1
SH3565407.08FU_KJ191688_reps,Pleosporales,NA,0,0
SH3567772.08FU_MT520620_reps,Pleosporales,NA,0,0
SH2592987.08FU_MN429181_reps,Pleosporales,Pleosporales,0.0643,1
SH1142807.08FU_KC916664_reps,Pleosporales,Pleosporales,0.737,1
SH2591727.08FU_MK131259_reps,Pleosporales,Pleosporales,0.0189,1
SH2613369.08FU_MT777389_reps,Pleosporales,Pleosporales,0.204,1
SH1157999.08FU_HM998312_reps,Pleosporales,Pleosporales,0.82,1
SH1158112.08FU_JN572154_reps,Pleosporales,Pleosporales,0.53,1
SH1158259.08FU_HF934950_reps,Pleosporales,Pleosporales,0.948,1
SH2616974.08FU_UDB0586279_reps,Pleosporales,Pleosporales,0.0797,1
SH1238390.08FU_HQ696036_reps,Pleosporales,Pleosporales,0.0184,1
SH1240133.08FU_JN846718_refs,Pleosporales,Pleosporales,0.0189,1
SH1189165.08FU_MT627678_reps,Pleosporales,Pleosporales,0.0341,1
SH1156454.08FU_JX136438_reps,Pleosporales,Pleosporales,0.252,1
SH1158184.08FU_HE792919_refs,Pleosporales,Pleosporales,0.862,1
SH1158153.08FU_HF934948_reps,Pleosporales,Pleosporales,0.397,1
SH1158131.08FU_HG779024_refs,Pleosporales,Pleosporales,0.756,1
SH2592262.08FU_MK347746_reps,Pleosporales,Pleosporales,0.0771,1
SH1151629.08FU_KY381852_reps,Pleosporales,Pleosporales,0.0189,1
SH2593791.08FU_MK072962_reps,Pleosporales,Pleosporales,0.94,1
SH1227793.08FU_UDB0366264_reps,Pleosporales,Pleosporales,0.0852,1
SH2610539.08FU_UDB0273591_reps,Pleosporales,NA,0,0
SH1188483.08FU_MH453490_reps,Pleosporales,Pleosporales,0.025,1
SH2601287.08FU_UDB039973_reps,Pleosporales,Pleosporales,0.0117,1
SH1177174.08FU_DQ914701_reps,Pleosporales,Pleosporales,0.0517,1
SH1185561.08FU_AB811456_refs,Pleosporales,Pleosporales,0.0357,1
SH1186119.08FU_KY039164_reps,Pleosporales,Pleosporales,0.0344,1
SH1196706.08FU_FJ362170_reps,Pleosporales,Pleosporales,0.0293,1
SH1186123.08FU_LC194474_refs,Pleosporales,Pleosporales,0.0189,1
SH1188668.08FU_KX228265_refs,Pleosporales,Pleosporales,0.0418,1
SH1158163.08FU_LT837854_reps,Pleosporales,Pleosporales,0.781,1
SH1152385.08FU_MK836021_reps,Pleosporales,Pleosporales,0.0567,1
SH1157248.08FU_KU712445_reps,Pleosporales,Pleosporales,0.0189,1
SH2609590.08FU_UDB0507444_reps,Pleosporales,Pleosporales,0.0228,1
SH1234991.08FU_FN397296_reps,Pleosporales,Pleosporales,0.0189,1
SH1187400.08FU_MH268116_reps,Pleosporales,Pleosporales,0.0566,1
SH2591912.08FU_MH863511_reps,Pleosporales,Pleosporales,0.106,1
SH1188505.08FU_KT328639_reps,Pleosporales,Pleosporales,0.0235,1
SH1158174.08FU_LC568857_reps,Pleosporales,Pleosporales,0.884,1
SH2608844.08FU_UDB0237310_reps,Pleosporales,NA,0,0
SH1185566.08FU_KY497783_refs,Pleosporales,Pleosporales,0.0357,1
SH1237728.08FU_JN846715_refs,Pleosporales,Pleosporales,0.0189,1
SH2618492.08FU_MN597998_reps,Pleosporales,NA,0,0
SH2618657.08FU_UDB0697674_reps,Pleosporales,NA,0,0
SH1156739.08FU_KX263832_reps,Pleosporales,Pleosporales,0.0716,1
SH1158576.08FU_LC001709_refs,Pleosporales,Pleosporales,0.0834,1
SH1233410.08FU_EU480206_reps,Pleosporales,Pleosporales,0.0152,1
SH1175136.08FU_JN192386_refs,Pleosporales,Pleosporales,0.685,1
SH1234975.08FU_KF015654_refs,Pleosporales,Pleosporales,0.706,1
SH1178690.08FU_MK247299_reps,Pleosporales,Pleosporales,0.192,1
SH1180377.08FU_JN859342_reps,Pleosporales,Pleosporales,0.0189,1
SH1149858.08FU_MT820053_reps,Pleosporales,Pleosporales,0.0332,1
SH2596504.08FU_MK804679_reps,Pleosporales,Pleosporales,0.0189,1
SH1185547.08FU_KT270175_reps,Pleosporales,Pleosporales,0.0706,1
SH2604449.08FU_UDB086836_reps,Pleosporales,NA,0,0
SH1228910.08FU_KU314953_reps,Pleosporales,Pleosporales,0.025,1
SH1227786.08FU_JF740253_refs,Pleosporales,Pleosporales,0.929,1
SH1174588.08FU_MF980969_reps,Pleosporales,Pleosporales,0.0461,1
SH1188489.08FU_KU940127_refs,Pleosporales,Pleosporales,0.0189,1
SH2619488.08FU_MN756639_reps,Pleosporales,NA,0,0
SH1186541.08FU_JX442034_refs,Pleosporales,Pleosporales,0.0827,1
SH1235002.08FU_KF617529_reps,Pleosporales,Pleosporales,0.0335,1
SH1234992.08FU_GU174276_reps,Pleosporales,Pleosporales,0.0742,1
SH1185562.08FU_KP197667_refs,Pleosporales,Pleosporales,0.0357,1
SH1179379.08FU_UDB0160899_reps,Pleosporales,Pleosporales,0.461,1
SH1180391.08FU_MT813962_reps,Pleosporales,Pleosporales,0.0563,1
SH1158307.08FU_MH414899_refs,Pleosporales,Pleosporales,0.857,1
SH1213454.08FU_KP769975_refs,Pleosporales,Pleosporales,0.0338,1
SH1180371.08FU_LC001728_refs,Pleosporales,Pleosporales,0.114,1
SH1158036.08FU_MN522387_reps,Pleosporales,Pleosporales,0.76,1
SH1180445.08FU_KT305997_refs,Pleosporales,Pleosporales,0.02,1
SH2613442.08FU_UDB0519531_reps,Pleosporales,NA,0,0
SH1238990.08FU_AB524808_refs,Pleosporales,Pleosporales,0.0189,1
SH1189445.08FU_AB524792_refs,Pleosporales,Pleosporales,0.0189,1
SH1156426.08FU_MF434191_refs,Pleosporales,Pleosporales,0.687,1
SH1238165.08FU_MH861181_refs,Pleosporales,Pleosporales,0.045,1
SH2608434.08FU_UDB0370019_reps,Pleosporales,NA,0,0
SH1180028.08FU_MN977832_reps,Pleosporales,Pleosporales,0.0153,1
SH1192048.08FU_AB472197_reps,Pleosporales,Pleosporales,0.0621,1
SH1158103.08FU_MT735236_reps,Pleosporales,Pleosporales,0.881,1
SH1193550.08FU_KF251260_refs,Pleosporales,Pleosporales,0.724,1
SH1191128.08FU_GU053875_reps,Pleosporales,Pleosporales,0.0609,1
SH1195438.08FU_KF827448_reps,Pleosporales,Pleosporales,0.0522,1
SH1180469.08FU_GQ120988_reps,Pleosporales,NA,0,0
SH2601540.08FU_UDB0269749_reps,Pleosporales,Pleosporales,0.109,1
SH1170506.08FU_JX384008_reps,Pleosporales,Pleosporales,0.0171,1
SH2595844.08FU_MN994575_reps,Pleosporales,Pleosporales,0.0594,1
SH1192931.08FU_MK540020_reps,Pleosporales,Pleosporales,0.607,1
SH1158000.08FU_EF175940_refs,Pleosporales,Pleosporales,0.863,1
SH3565727.08FU_MN749108_reps,Pleosporales,NA,0,0
SH1156444.08FU_UDB0299368_reps,Pleosporales,Pleosporales,0.0361,1
SH1214909.08FU_MK539959_reps,Pleosporales,Pleosporales,0.0474,1
SH1157097.08FU_FJ237141_reps,Pleosporales,Pleosporales,0.762,1
SH1157263.08FU_JX496030_refs,Pleosporales,Pleosporales,0.892,1
SH1157099.08FU_KR094442_reps,Pleosporales,Pleosporales,0.549,1
SH1142805.08FU_KX500109_refs,Pleosporales,Pleosporales,0.0867,1
SH2608808.08FU_UDB0541319_reps,Pleosporales,NA,0,0
SH1142556.08FU_MK304320_reps,Pleosporales,Pleosporales,0.0984,1
SH1158132.08FU_MT229267_reps,Pleosporales,Pleosporales,0.877,1
SH1233411.08FU_HM239741_reps,Pleosporales,Pleosporales,0.0583,1
SH1151628.08FU_KR909314_refs,Pleosporales,Pleosporales,0.0189,1
SH1229620.08FU_KP184002_refs,Pleosporales,Pleosporales,0.0303,1
SH1179801.08FU_KF019263_reps,Pleosporales,Pleosporales,0.0304,1
SH1180387.08FU_KX687758_reps,Pleosporales,Pleosporales,0.0563,1
SH1191127.08FU_KY794701_refs,Pleosporales,Pleosporales,0.0684,1
SH1238164.08FU_KT269170_reps,Pleosporales,Pleosporales,0.0859,1
SH1191123.08FU_KY597591_reps,Pleosporales,Capnodiales,0.0278,0
SH1171033.08FU_DQ280262_reps,Pleosporales,Pleosporales,0.042,1
SH1177616.08FU_KU601591_refs,Pleosporales,Pleosporales,0.0269,1
SH1203746.08FU_AM901907_reps,Pleosporales,Pleosporales,0.0637,1
SH1157119.08FU_JQ238617_reps,Pleosporales,Pleosporales,0.0994,1
SH1196712.08FU_KX274239_refs,Pleosporales,Pleosporales,0.0533,1
SH1234995.08FU_MG828916_refs,Pleosporales,Pleosporales,0.0519,1
SH1240237.08FU_KF015656_refs,Pleosporales,Pleosporales,0.0189,1
SH1213448.08FU_MT369948_reps,Pleosporales,Pleosporales,0.0139,1
SH1213622.08FU_MT627733_reps,Pleosporales,Pleosporales,0.0189,1
SH1238988.08FU_KX908653_reps,Pleosporales,Pleosporales,0.0184,1
SH1151244.08FU_MT765113_reps,Pleosporales,Pleosporales,0.046,1
SH1238081.08FU_MT183832_reps,Pleosporales,Pleosporales,0.0109,1
SH1214908.08FU_KY090635_reps,Pleosporales,Pleosporales,0.0606,1
SH1232489.08FU_UDB0538432_reps,Pleosporales,Pleosporales,0.033,1
SH1214115.08FU_KC215114_reps,Pleosporales,Pleosporales,0.0867,1
SH1158177.08FU_KX139165_reps,Pleosporales,Pleosporales,0.952,1
SH1184576.08FU_KJ188600_reps,Pleosporales,Pleosporales,0.0189,1
SH1213447.08FU_KJ471547_reps,Pleosporales,Pleosporales,0.0268,1
SH1180441.08FU_KU601583_reps,Pleosporales,Pleosporales,0.0189,1
SH1158134.08FU_MH857736_reps,Pleosporales,Pleosporales,0.68,1
SH1157262.08FU_MG828953_refs,Pleosporales,Pleosporales,0.844,1
SH2603631.08FU_UDB0464475_reps,Pleosporales,Pleosporales,0.416,1
SH1178682.08FU_MK595515_reps,Pleosporales,Pleosporales,0.298,1
SH1142553.08FU_KM580047_reps,Pleosporales,Pleosporales,0.0856,1
SH1170499.08FU_UDB0174983_reps,Pleosporales,Pleosporales,0.0844,1
SH2593418.08FU_MN398988_reps,Pleosporales,Pleosporales,0.0957,1
SH1157131.08FU_UDB0632415_reps,Pleosporales,Pleosporales,0.701,1
SH1178686.08FU_KT581916_reps,Pleosporales,Pleosporales,0.061,1
SH1158001.08FU_JX101649_refs,Pleosporales,Pleosporales,0.832,1
SH2592236.08FU_MK522508_reps,Pleosporales,Pleosporales,0.575,1
SH2605425.08FU_UDB0108690_reps,Pleosporales,Pleosporales,0.0214,1
SH1196717.08FU_KU991892_reps,Pleosporales,Pleosporales,0.055,1
SH1156445.08FU_FJ237088_reps,Pleosporales,Pleosporales,0.0285,1
SH1234972.08FU_GQ292750_refs,Pleosporales,Pleosporales,0.936,1
SH2606535.08FU_UDB0632687_reps,Pleosporales,Pleosporales,0.274,1
SH1158580.08FU_LC194481_refs,Pleosporales,Pleosporales,0.0895,1
SH1172547.08FU_MH633985_reps,Pleosporales,Pleosporales,0.0189,1
SH3566354.08FU_MN994597_reps,Pleosporales,NA,0,0
SH3567733.08FU_MT893205_reps,Pleosporales,NA,0,0
SH3568816.08FU_MW209056_reps,Pleosporales,NA,0,0
SH1157072.08FU_UDB0300137_reps,Pleosporales,Pleosporales,0.645,1
SH1186537.08FU_KX430910_reps,Pleosporales,Pleosporales,0.0142,1
SH1235301.08FU_GQ851842_reps,Pleosporales,Pleosporales,0.835,1
SH1157994.08FU_HE664050_refs,Pleosporales,Pleosporales,0.908,1
SH2613554.08FU_UDB0412713_reps,Pleosporales,NA,0,0
SH2604843.08FU_UDB0204896_reps,Pleosporales,Pleosporales,0.339,1
SH1186118.08FU_LS398289_reps,Pleosporales,Pleosporales,0.108,1
SH2601870.08FU_UDB0303612_reps,Pleosporales,NA,0,0
SH1227802.08FU_MN648452_reps,Pleosporales,Pleosporales,0.572,1
SH1146957.08FU_AY943055_refs,Pleosporales,Pleosporales,0.871,1
SH1238997.08FU_KT184775_reps,Pleosporales,Pleosporales,0.0189,1
SH1238991.08FU_AB524806_refs,Pleosporales,Pleosporales,0.0189,1
SH1191141.08FU_KP184001_refs,Pleosporales,Pleosporales,0.0186,1
SH1231344.08FU_MF971559_reps,Pleosporales,NA,0,0
SH2592234.08FU_MK307811_reps,Pleosporales,Pleosporales,0.0116,1
SH1158083.08FU_MN215703_reps,Pleosporales,Pleosporales,0.883,1
SH1157075.08FU_KT383824_reps,Pleosporales,Pleosporales,0.831,1
SH1183326.08FU_JX436225_reps,Pleosporales,Pleosporales,0.241,1
SH1158579.08FU_UDB0768738_reps,Pleosporales,Pleosporales,0.274,1
SH1142802.08FU_KT203024_reps,Pleosporales,Pleosporales,0.783,1
SH1156471.08FU_MH861760_reps,Pleosporales,Pleosporales,0.301,1
SH1193549.08FU_KY984339_refs,Pleosporales,Pleosporales,0.109,1
SH1157078.08FU_KC594286_refs,Pleosporales,Pleosporales,0.536,1
SH2591630.08FU_MK503662_reps,Pleosporales,Pleosporales,0.0424,1
SH1185543.08FU_KT736083_refs,Pleosporales,Pleosporales,0.0415,1
SH2595831.08FU_MK359438_reps,Pleosporales,Pleosporales,0.0313,1
SH3565295.08FU_MN562111_reps,Pleosporales,Pleosporales,0.0285,1
SH2597942.08FU_UDB0231175_reps,Pleosporales,NA,0,0
SH1157265.08FU_MK281568_reps,Pleosporales,Pleosporales,0.554,1
SH1189447.08FU_AB524800_refs,Pleosporales,Pleosporales,0.0189,1
SH1220610.08FU_LC085186_reps,Pleosporales,Pleosporales,0.678,1
SH1233333.08FU_MG828930_refs,Pleosporales,Pleosporales,0.45,1
SH1168862.08FU_LC061594_refs,Pleosporales,Pleosporales,0.0189,1
SH1158306.08FU_KX013171_reps,Pleosporales,Pleosporales,0.873,1
SH1234998.08FU_AB554113_reps,Pleosporales,Pleosporales,0.306,1
SH1142834.08FU_MH474529_reps,Pleosporales,Pleosporales,0.0867,1
SH1185563.08FU_LC014564_reps,Pleosporales,Pleosporales,0.0357,1
SH1180370.08FU_LC001726_refs,Pleosporales,Pleosporales,0.765,1
SH1191142.08FU_KP761734_reps,Pleosporales,Pleosporales,0.0608,1
SH2609732.08FU_UDB0628054_reps,Pleosporales,NA,0,0
SH2606511.08FU_UDB0137940_reps,Pleosporales,NA,0,0
SH1213836.08FU_MH267820_reps,Pleosporales,Pleosporales,0.611,1
SH1214979.08FU_MT214375_reps,Pleosporales,NA,0,0
SH1182952.08FU_KF443406_refs,Pleosporales,Pleosporales,0.112,1
SH1154046.08FU_FJ839619_refs,Pleosporales,Pleosporales,0.0697,1
SH1160206.08FU_KP401904_reps,Pleosporales,Pleosporales,0.808,1
SH1180393.08FU_LC228668_reps,Pleosporales,Pleosporales,0.0537,1
SH1240087.08FU_UDB067213_reps,Pleosporales,Pleosporales,0.23,1
SH2595702.08FU_MK139931_reps,Pleosporales,Pleosporales,0.807,1
SH2603564.08FU_UDB073621_reps,Acrospermales,NA,0,0
SH1238884.08FU_MK607587_reps,Acrospermales,NA,0,0
SH1149796.08FU_MH558769_refs,Tubeufiales,Tubeufiales,0.126,1
SH3568915.08FU_MK019193_reps,Tubeufiales,Tubeufiales,0.0129,1
SH1149793.08FU_KT581841_reps,Tubeufiales,Tubeufiales,0.129,1
SH1173386.08FU_MH558733_refs,Tubeufiales,Tubeufiales,0.0425,1
SH1151157.08FU_GQ856145_refs,Tubeufiales,Tubeufiales,0.0425,1
SH1151152.08FU_KY321322_reps,Tubeufiales,Tubeufiales,0.239,1
SH1177422.08FU_MH558711_reps,Tubeufiales,Tubeufiales,0.132,1
SH1191103.08FU_KU999972_reps,Tubeufiales,Tubeufiales,0.0227,1
SH1191845.08FU_AY916483_reps,Tubeufiales,Tubeufiales,0.458,1
SH1149791.08FU_UDB0763434_reps,Tubeufiales,Tubeufiales,0.147,1
SH1151150.08FU_MF467928_refs,Tubeufiales,Tubeufiales,0.821,1
SH1190107.08FU_KY790444_refs,Tubeufiales,Tubeufiales,0.0381,1
SH1236895.08FU_MH558713_refs,Tubeufiales,Tubeufiales,0.142,1
SH1191843.08FU_KY092413_refs,Tubeufiales,Tubeufiales,0.273,1
SH1236073.08FU_KX454167_reps,Tubeufiales,Tubeufiales,0.0425,1
SH1190109.08FU_KY790446_refs,Tubeufiales,Pleosporales,0.0701,0
SH1191851.08FU_MH558802_reps,Tubeufiales,Tubeufiales,0.438,1
SH1236156.08FU_AY916451_reps,Tubeufiales,Tubeufiales,0.0425,1
SH1238782.08FU_AB597213_reps,Tubeufiales,Tubeufiales,0.0425,1
SH2593416.08FU_UDB0765163_reps,Tubeufiales,Tubeufiales,0.0178,1
SH1230813.08FU_JX025040_refs,Botryosphaeriales,Botryosphaeriales,0.819,1
SH3215352.08FU_UDB0407902_reps,Botryosphaeriales,NA,0,0
SH1220212.08FU_GU229888_refs,Botryosphaeriales,Botryosphaeriales,0.0331,1
SH1143968.08FU_JQ239400_refs,Botryosphaeriales,Botryosphaeriales,0.819,1
SH1229877.08FU_FJ824770_refs,Botryosphaeriales,Botryosphaeriales,0.0608,1
SH1144012.08FU_MG321235_reps,Botryosphaeriales,Botryosphaeriales,0.47,1
SH1235581.08FU_KC492454_reps,Botryosphaeriales,Botryosphaeriales,0.937,1
SH1208734.08FU_AB454263_refs,Botryosphaeriales,Botryosphaeriales,0.937,1
SH1143966.08FU_KF766195_refs,Botryosphaeriales,Botryosphaeriales,0.938,1
SH1230769.08FU_KF170289_reps,Botryosphaeriales,Botryosphaeriales,0.0546,1
SH1208743.08FU_JQ317496_reps,Botryosphaeriales,Botryosphaeriales,0.905,1
SH1182701.08FU_AJ244250_reps,Botryosphaeriales,Botryosphaeriales,0.042,1
SH1229876.08FU_DQ979653_reps,Botryosphaeriales,Botryosphaeriales,0.648,1
SH1230771.08FU_KF206174_reps,Botryosphaeriales,Botryosphaeriales,0.489,1
SH1230740.08FU_KF206176_refs,Botryosphaeriales,Botryosphaeriales,0.772,1
SH1143964.08FU_DQ299246_refs,Botryosphaeriales,Botryosphaeriales,0.902,1
SH1143967.08FU_EF585540_refs,Botryosphaeriales,Botryosphaeriales,0.933,1
SH1143991.08FU_KC898231_refs,Botryosphaeriales,Botryosphaeriales,0.796,1
SH1169088.08FU_KM216369_reps,Botryosphaeriales,Botryosphaeriales,0.033,1
SH1229874.08FU_DQ019397_refs,Botryosphaeriales,Botryosphaeriales,0.835,1
SH1181171.08FU_KF000069_reps,Botryosphaeriales,Botryosphaeriales,0.94,1
SH1230750.08FU_KF170306_refs,Botryosphaeriales,Botryosphaeriales,0.791,1
SH2607625.08FU_UDB0187395_reps,Botryosphaeriales,NA,0,0
SH1230746.08FU_JF343572_refs,Botryosphaeriales,Botryosphaeriales,0.541,1
SH1234681.08FU_EF543263_reps,Botryosphaeriales,Botryosphaeriales,0.0659,1
SH1149681.08FU_KJ406831_reps,Dothideales,Dothideales,0.307,1
SH1149668.08FU_DQ491505_refs,Dothideales,Dothideales,0.477,1
SH1157932.08FU_MK793237_reps,Dothideales,Dothideales,0.458,1
SH1171329.08FU_MG461212_reps,Dothideales,Dothideales,0.47,1
SH1154533.08FU_AJ238468_refs,Dothideales,Dothideales,0.528,1
SH1149677.08FU_JX136179_reps,Dothideales,Dothideales,0.239,1
SH1171330.08FU_KU248848_reps,Dothideales,Dothideales,0.329,1
SH1149672.08FU_FJ612606_reps,Dothideales,Dothideales,0.034,1
SH1171328.08FU_UDB0286269_reps,Dothideales,Dothideales,0.485,1
SH1158657.08FU_MK810909_reps,Venturiales,Venturiales,0.0699,1
SH1183293.08FU_JX456768_reps,Venturiales,Venturiales,0.0482,1
SH1242041.08FU_EF191422_reps,Venturiales,Venturiales,0.0699,1
SH1152026.08FU_KX228282_refs,Venturiales,Venturiales,0.0699,1
SH1222299.08FU_MK810969_reps,Venturiales,Venturiales,0.449,1
SH1151386.08FU_KP798633_refs,Venturiales,Venturiales,0.0699,1
SH1238722.08FU_UDB0290675_reps,Venturiales,Venturiales,0.0699,1
SH2606717.08FU_UDB0192177_reps,Venturiales,Venturiales,0.0144,1
SH1180026.08FU_MH267829_reps,Venturiales,Venturiales,0.0378,1
SH1238748.08FU_KF156041_reps,Venturiales,Venturiales,0.0565,1
SH1177894.08FU_FR832474_refs,Venturiales,Venturiales,0.0817,1
SH1236576.08FU_HQ228298_reps,Venturiales,Venturiales,0.0463,1
SH1222292.08FU_KX815312_reps,Venturiales,Venturiales,0.489,1
SH1172566.08FU_HQ667524_refs,Venturiales,Venturiales,0.0699,1
SH2603503.08FU_UDB0383175_reps,Venturiales,NA,0,0
SH1222294.08FU_MK810965_reps,Venturiales,Venturiales,0.654,1
SH1222296.08FU_MK810926_reps,Venturiales,Venturiales,0.041,1
SH2594711.08FU_UDB0608103_reps,Venturiales,NA,0,0
SH2595829.08FU_MN121297_reps,Venturiales,Venturiales,0.0699,1
SH1239250.08FU_UDB0154249_reps,Venturiales,Venturiales,0.0534,1
SH1214437.08FU_MH858213_reps,Myriangiales,Myriangiales,0.152,1
SH1214422.08FU_AF097578_refs,Myriangiales,Myriangiales,0.658,1
SH1214436.08FU_KX887295_reps,Myriangiales,Myriangiales,0.348,1
SH1214424.08FU_KX887283_refs,Myriangiales,Myriangiales,0.606,1
SH1214629.08FU_FN435746_reps,Myriangiales,Myriangiales,0.0193,1
SH1214431.08FU_KX887225_reps,Myriangiales,Myriangiales,0.597,1
SH1214428.08FU_HM191255_reps,Myriangiales,Myriangiales,0.34,1
SH1149327.08FU_EU304347_refs,Myriangiales,Myriangiales,0.0225,1
SH1214421.08FU_KX372292_refs,Myriangiales,Myriangiales,0.75,1
SH1168358.08FU_AJ244254_refs,Myriangiales,Myriangiales,0.0224,1
SH3686995.08FU_MK118882_reps,Strigulales,NA,0,0
SH1189847.08FU_KY100301_refs,Strigulales,Strigulales,0.199,1
SH1190585.08FU_KY083732_reps,Strigulales,Strigulales,0.193,1
SH1156500.08FU_KF816168_reps,Abrothallales,Abrothallales,0.187,1
SH1230721.08FU_UDB004843_reps,Mytilinidales,Mytilinidales,0.708,1
SH1152223.08FU_KX306764_refs,Patellariales,Patellariales,0.203,1
SH2608413.08FU_UDB0231855_reps,Mytilinidiales,NA,0,0
SH1238784.08FU_KU728518_refs,Mytilinidiales,Mytilinidiales,0.173,1
SH1142712.08FU_AB753049_reps,Trypetheliales,Trypetheliales,0.206,1
SH1189155.08FU_LC127391_reps,Trypetheliales,Trypetheliales,0.0982,1
SH1187085.08FU_LC034175_reps,Trypetheliales,Trypetheliales,0.206,1
SH3565761.08FU_MN503271_reps,Trypetheliales,Trypetheliales,0.0564,1
SH2592886.08FU_MT712758_reps,Hysteriales,Hysteriales,0.0545,1
SH2592218.08FU_UDB0656920_reps,Hysteriales,Hysteriales,0.0153,1
SH3568177.08FU_MT062851_reps,Hysteriales,Hysteriales,0.0441,1
SH1214192.08FU_GU361952_reps,Hysteriales,Hysteriales,0.0396,1
SH1191650.08FU_KP687861_refs,Valsariales,Valsariales,0.204,1
SH1191649.08FU_MH458909_reps,Valsariales,Valsariales,0.191,1
SH1231492.08FU_LT158456_reps,Helotiales,Helotiales,0.108,1
SH1155321.08FU_KF296847_reps,Helotiales,Helotiales,0.401,1
SH1186077.08FU_KC595255_reps,Helotiales,Helotiales,0.722,1
SH1155738.08FU_MK584937_reps,Helotiales,Helotiales,0.702,1
SH1145637.08FU_AY969350_reps,Helotiales,Helotiales,0.423,1
SH1145606.08FU_UDB004143_reps,Helotiales,Helotiales,0.0366,1
SH3566984.08FU_MT153952_reps,Helotiales,NA,0,0
SH2593170.08FU_MK330017_reps,Helotiales,Helotiales,0.739,1
SH2593030.08FU_MH752063_reps,Helotiales,Helotiales,0.0252,1
SH1155307.08FU_FR667221_refs,Helotiales,Helotiales,0.363,1
SH1191901.08FU_KY462418_reps,Helotiales,Helotiales,0.0623,1
SH1237468.08FU_JN943466_reps,Helotiales,Helotiales,0.0852,1
SH1155905.08FU_AY969330_reps,Helotiales,Microascales,0.053,0
SH1186047.08FU_KP903566_reps,Helotiales,Helotiales,0.1,1
SH1185460.08FU_LC133802_reps,Helotiales,Helotiales,0.668,1
SH2602585.08FU_UDB059569_reps,Helotiales,Helotiales,0.0869,1
SH1183930.08FU_KJ559550_reps,Helotiales,Helotiales,0.0258,1
SH1235429.08FU_JN033431_reps,Helotiales,Helotiales,0.692,1
SH1155610.08FU_KF274382_reps,Helotiales,Helotiales,0.205,1
SH1145574.08FU_UDB066184_reps,Helotiales,Helotiales,0.27,1
SH1177225.08FU_KC457131_reps,Helotiales,Helotiales,0.405,1
SH1237118.08FU_JX998726_reps,Helotiales,Helotiales,0.712,1
SH2596352.08FU_MK900749_reps,Helotiales,Helotiales,0.84,1
SH1155805.08FU_KJ472291_reps,Helotiales,Helotiales,0.0828,1
SH1155792.08FU_UDB0693117_reps,Helotiales,Helotiales,0.72,1
SH1145534.08FU_KF030236_refs,Helotiales,Helotiales,0.599,1
SH2615149.08FU_UDB0504231_reps,Helotiales,Helotiales,0.0853,1
SH1235513.08FU_UDB0201972_reps,Helotiales,Helotiales,0.0342,1
SH2610677.08FU_UDB0278955_reps,Helotiales,Helotiales,0.844,1
SH1180047.08FU_KX908651_reps,Helotiales,Helotiales,0.0735,1
SH1151740.08FU_AY755342_reps,Helotiales,Helotiales,0.0827,1
SH2602440.08FU_UDB0688937_reps,Helotiales,Helotiales,0.171,1
SH1155297.08FU_HQ599581_refs,Helotiales,Helotiales,0.373,1
SH1179553.08FU_JX123369_reps,Helotiales,Helotiales,0.0409,1
SH1171385.08FU_MH858769_refs,Helotiales,Helotiales,0.725,1
SH2595659.08FU_UDB0195918_reps,Helotiales,Helotiales,0.349,1
SH1236008.08FU_FR773166_reps,Helotiales,Helotiales,0.27,1
SH1236920.08FU_UDB0244168_reps,Helotiales,Helotiales,0.0986,1
SH1158851.08FU_UDB034360_reps,Helotiales,Helotiales,0.0986,1
SH1155801.08FU_UDB0284105_reps,Helotiales,Helotiales,0.0804,1
SH1155828.08FU_HQ021772_reps,Helotiales,Helotiales,0.874,1
SH1185492.08FU_GQ268567_reps,Helotiales,Helotiales,0.307,1
SH2595233.08FU_LC426342_reps,Helotiales,Helotiales,0.644,1
SH1237469.08FU_EF520123_refs,Helotiales,Helotiales,0.085,1
SH1237762.08FU_MH492942_reps,Helotiales,Helotiales,0.789,1
SH1155685.08FU_AY627825_reps,Helotiales,Helotiales,0.394,1
SH1185471.08FU_HM770996_reps,Helotiales,Helotiales,0.24,1
SH1155696.08FU_KR859273_reps,Helotiales,Helotiales,0.814,1
SH1143007.08FU_UDB0348255_reps,Helotiales,Helotiales,0.0964,1
SH1229286.08FU_MG813225_reps,Helotiales,Helotiales,0.884,1
SH1157226.08FU_UDB0778484_reps,Helotiales,Helotiales,0.0845,1
SH1173281.08FU_AY249072_refs,Helotiales,Helotiales,0.681,1
SH1186913.08FU_KC412001_reps,Helotiales,Helotiales,0.707,1
SH1156227.08FU_JQ754001_reps,Helotiales,Helotiales,0.0512,1
SH1180939.08FU_JX507676_reps,Helotiales,Helotiales,0.0829,1
SH1156252.08FU_JQ761844_reps,Helotiales,Helotiales,0.0499,1
SH1171399.08FU_LT904866_reps,Helotiales,Helotiales,0.0995,1
SH1171459.08FU_KT005452_reps,Helotiales,Helotiales,0.0999,1
SH1155614.08FU_UDB0261096_reps,Helotiales,Helotiales,0.686,1
SH1143004.08FU_MH578551_reps,Helotiales,Helotiales,0.0608,1
SH1145599.08FU_AB089663_reps,Helotiales,Helotiales,0.384,1
SH1182730.08FU_MH856145_reps,Helotiales,Helotiales,0.417,1
SH1187599.08FU_MT435017_reps,Helotiales,Helotiales,0.391,1
SH1185427.08FU_JX270602_reps,Helotiales,Helotiales,0.542,1
SH1155712.08FU_HQ157906_reps,Helotiales,Helotiales,0.815,1
SH1155705.08FU_JF937579_reps,Helotiales,Helotiales,0.096,1
SH1185405.08FU_AF062789_refs,Helotiales,Helotiales,0.914,1
SH1155682.08FU_AB481281_reps,Helotiales,Helotiales,0.373,1
SH1175515.08FU_HQ260254_reps,Helotiales,Helotiales,0.0248,1
SH1173297.08FU_FJ197884_reps,Helotiales,Helotiales,0.167,1
SH1236039.08FU_KX908591_reps,Helotiales,Helotiales,0.0804,1
SH1236013.08FU_MG195542_reps,Helotiales,Helotiales,0.742,1
SH1244189.08FU_MH703903_reps,Helotiales,Helotiales,0.0861,1
SH1155693.08FU_GQ996131_reps,Helotiales,Helotiales,0.789,1
SH1156079.08FU_JN890137_reps,Helotiales,Helotiales,0.101,1
SH1185510.08FU_KT161041_reps,Helotiales,Helotiales,0.353,1
SH1237169.08FU_UDB0229297_reps,Helotiales,Helotiales,0.343,1
SH1185426.08FU_FM997937_refs,Helotiales,Helotiales,0.845,1
SH1185401.08FU_AF062807_refs,Helotiales,Helotiales,0.796,1
SH1186696.08FU_MH856474_refs,Helotiales,Helotiales,0.344,1
SH2596310.08FU_MK932823_reps,Helotiales,Helotiales,0.0855,1
SH1156134.08FU_UDB012408_reps,Helotiales,Helotiales,0.86,1
SH1171434.08FU_UDB0284560_reps,Helotiales,Helotiales,0.84,1
SH1186074.08FU_KX382858_reps,Helotiales,Helotiales,0.11,1
SH1171395.08FU_UDB0529768_reps,Helotiales,Helotiales,0.714,1
SH1236015.08FU_AF530462_refs,Helotiales,Helotiales,0.555,1
SH1171424.08FU_AB481264_reps,Helotiales,Helotiales,0.606,1
SH1152413.08FU_KY696716_reps,Helotiales,Helotiales,0.556,1
SH1187146.08FU_UDB015046_reps,Helotiales,Helotiales,0.0833,1
SH1185399.08FU_AY706320_refs,Helotiales,Helotiales,0.403,1
SH1155298.08FU_FR667223_refs,Helotiales,Helotiales,0.444,1
SH1156867.08FU_MT026413_reps,Helotiales,Helotiales,0.497,1
SH1179993.08FU_UDB0605444_reps,Helotiales,Helotiales,0.027,1
SH1152406.08FU_MH593867_reps,Helotiales,Helotiales,0.943,1
SH1193777.08FU_UDB004151_reps,Helotiales,Helotiales,0.758,1
SH1191885.08FU_JX857222_reps,Helotiales,Helotiales,0.0476,1
SH1236024.08FU_EU155145_refs,Helotiales,Helotiales,0.531,1
SH1155329.08FU_KX501127_reps,Helotiales,Helotiales,0.399,1
SH1237120.08FU_UDB0155064_reps,Helotiales,Helotiales,0.0516,1
SH1237103.08FU_FJ000395_refs,Helotiales,Helotiales,0.372,1
SH1237117.08FU_JX029129_reps,Helotiales,Helotiales,0.409,1
SH1180052.08FU_AB926099_reps,Helotiales,Helotiales,0.177,1
SH2609647.08FU_UDB0559678_reps,Helotiales,Helotiales,0.369,1
SH2592882.08FU_MK426993_reps,Helotiales,Helotiales,0.0917,1
SH1185569.08FU_UDB004169_refs,Helotiales,Helotiales,0.0829,1
SH1186914.08FU_GU998460_reps,Helotiales,Helotiales,0.846,1
SH1186154.08FU_UDB071096_reps,Helotiales,Helotiales,0.611,1
SH1155590.08FU_FJ475732_refs,Helotiales,Helotiales,0.617,1
SH1155227.08FU_JN943469_reps,Helotiales,Helotiales,0.0857,1
SH1181926.08FU_UDB0478928_reps,Helotiales,Helotiales,0.0129,1
SH1172205.08FU_KU559640_reps,Helotiales,Helotiales,0.768,1
SH1145590.08FU_KC019887_reps,Helotiales,Helotiales,0.0492,1
SH1179987.08FU_KU519114_reps,Helotiales,Helotiales,0.0839,1
SH1151742.08FU_JN943457_reps,Helotiales,Helotiales,0.0847,1
SH1236054.08FU_MT026443_reps,Helotiales,Helotiales,0.488,1
SH1237756.08FU_KM678358_reps,Helotiales,Helotiales,0.732,1
SH1155631.08FU_GU727557_refs,Helotiales,Helotiales,0.73,1
SH1155684.08FU_UDB022995_reps,Helotiales,Helotiales,0.719,1
SH1155308.08FU_KU059911_reps,Helotiales,Helotiales,0.377,1
SH1155628.08FU_AY204579_reps,Helotiales,Helotiales,0.889,1
SH1147500.08FU_JN896310_refs,Helotiales,Helotiales,0.847,1
SH1185438.08FU_KF225838_reps,Helotiales,Helotiales,0.568,1
SH1155604.08FU_MK163856_reps,Helotiales,Helotiales,0.592,1
SH1236903.08FU_KF435799_reps,Helotiales,Helotiales,0.0257,1
SH1147502.08FU_U72262_reps,Helotiales,Helotiales,0.86,1
SH1152411.08FU_MF964326_reps,Helotiales,Helotiales,0.0742,1
SH1185413.08FU_AF062791_refs,Helotiales,Helotiales,0.795,1
SH1212368.08FU_UDB003114_reps,Helotiales,Helotiales,0.0853,1
SH2591871.08FU_UDB0183684_reps,Helotiales,Helotiales,0.0258,1
SH1237127.08FU_KC965422_reps,Helotiales,Helotiales,0.0506,1
SH1185437.08FU_KU597331_reps,Helotiales,Helotiales,0.178,1
SH1155302.08FU_FR667211_refs,Helotiales,Helotiales,0.408,1
SH1191883.08FU_UDB031068_refs,Helotiales,Helotiales,0.0625,1
SH2609709.08FU_UDB0240080_reps,Helotiales,Helotiales,0.0775,1
SH1180044.08FU_AB904503_reps,Helotiales,Helotiales,0.105,1
SH2592630.08FU_MH221038_reps,Helotiales,Helotiales,0.0829,1
SH2617238.08FU_UDB0604051_reps,Helotiales,Helotiales,0.442,1
SH1155862.08FU_UDB0607225_reps,Helotiales,Helotiales,0.354,1
SH1237126.08FU_UDB0767573_reps,Helotiales,Helotiales,0.0731,1
SH2617474.08FU_UDB0616863_reps,Helotiales,Helotiales,0.0256,1
SH1180043.08FU_KF545331_reps,Helotiales,Helotiales,0.114,1
SH1155313.08FU_UDB0154627_reps,Helotiales,Helotiales,0.302,1
SH1155654.08FU_FJ553668_refs,Helotiales,Helotiales,0.891,1
SH1235464.08FU_AF141168_refs,Helotiales,Helotiales,0.367,1
SH2609075.08FU_UDB0671209_reps,Helotiales,Helotiales,0.0248,1
SH1172193.08FU_UDB0536623_reps,Helotiales,Helotiales,0.263,1
SH1151739.08FU_MH390723_reps,Helotiales,Helotiales,0.0842,1
SH1155616.08FU_FR667232_refs,Helotiales,Helotiales,0.196,1
SH1156122.08FU_UDB0553228_reps,Helotiales,Helotiales,0.828,1
SH1156126.08FU_MH578468_reps,Helotiales,Helotiales,0.404,1
SH1155609.08FU_AF141177_refs,Helotiales,Helotiales,0.909,1
SH1241050.08FU_AM084765_reps,Helotiales,Helotiales,0.0807,1
SH1185495.08FU_KC009098_reps,Helotiales,Helotiales,0.721,1
SH1155721.08FU_GU559087_reps,Helotiales,Helotiales,0.81,1
SH1145510.08FU_KC834063_refs,Helotiales,Helotiales,0.556,1
SH2605448.08FU_UDB0246058_reps,Helotiales,Helotiales,0.0673,1
SH1155788.08FU_AB546953_reps,Helotiales,Helotiales,0.673,1
SH1235518.08FU_UDB0646653_reps,Helotiales,Helotiales,0.0843,1
SH1185424.08FU_KT160855_reps,Helotiales,Helotiales,0.482,1
SH1185448.08FU_FJ449903_reps,Helotiales,Helotiales,0.032,1
SH1155653.08FU_EF040841_reps,Helotiales,Helotiales,0.401,1
SH1185400.08FU_AJ292197_refs,Helotiales,Helotiales,0.455,1
SH2606502.08FU_UDB0289512_reps,Helotiales,Helotiales,0.0838,1
SH1236033.08FU_MT026374_reps,Helotiales,Helotiales,0.237,1
SH1236901.08FU_UDB0778859_reps,Helotiales,Helotiales,0.0944,1
SH1145536.08FU_AJ133432_refs,Helotiales,Helotiales,0.672,1
SH1175514.08FU_UDB0376117_reps,Helotiales,Helotiales,0.0236,1
SH1186142.08FU_MH037298_reps,Helotiales,Helotiales,0.545,1
SH1181239.08FU_KC966313_reps,Helotiales,Helotiales,0.0419,1
SH1236019.08FU_MG195546_reps,Helotiales,Helotiales,0.0891,1
SH1155671.08FU_KX444226_reps,Helotiales,Helotiales,0.839,1
SH2592171.08FU_MH857029_reps,Helotiales,Helotiales,0.0806,1
SH1155586.08FU_EU940229_refs,Helotiales,Helotiales,0.88,1
SH2613024.08FU_UDB0381557_reps,Helotiales,Helotiales,0.0237,1
SH1175512.08FU_KU597799_refs,Helotiales,Helotiales,0.0856,1
SH1174687.08FU_KC416307_reps,Helotiales,Helotiales,0.235,1
SH3566229.08FU_MK981270_reps,Helotiales,Helotiales,0.283,1
SH3566617.08FU_MT321787_reps,Helotiales,Helotiales,0.661,1
SH3567421.08FU_MN148690_reps,Helotiales,Helotiales,0.793,1
SH1186915.08FU_JN655585_refs,Helotiales,Helotiales,0.527,1
SH1172226.08FU_HQ260129_reps,Helotiales,Helotiales,0.0313,1
SH2591897.08FU_UDB0502546_reps,Helotiales,Helotiales,0.0848,1
SH2594340.08FU_MG592740_reps,Helotiales,Helotiales,0.832,1
SH2619299.08FU_UDB0745799_reps,Helotiales,Helotiales,0.026,1
SH2596334.08FU_LC424838_reps,Helotiales,Helotiales,0.595,1
SH1152421.08FU_KY054729_reps,Helotiales,Helotiales,0.0485,1
SH1142781.08FU_KF412398_reps,Helotiales,Helotiales,0.0249,1
SH1185474.08FU_GQ272624_refs,Helotiales,Helotiales,0.446,1
SH1191278.08FU_MH578478_reps,Helotiales,Helotiales,0.0248,1
SH1151395.08FU_MF928761_reps,Helotiales,Pleosporales,0.132,0
SH1187597.08FU_MK584970_reps,Helotiales,Helotiales,0.0623,1
SH1236003.08FU_EU434843_refs,Helotiales,Helotiales,0.164,1
SH1156878.08FU_LC425044_reps,Helotiales,Helotiales,0.639,1
SH1152414.08FU_AY818330_reps,Helotiales,Helotiales,0.71,1
SH1171416.08FU_AB481287_reps,Helotiales,Helotiales,0.55,1
SH1186693.08FU_EU516748_reps,Helotiales,Helotiales,0.0697,1
SH1236904.08FU_AB481270_reps,Helotiales,Helotiales,0.442,1
SH1144826.08FU_AF011289_refs,Erysiphales,Erysiphales,0.0978,1
SH2592683.08FU_MH358357_reps,Erysiphales,Erysiphales,0.0978,1
SH1159203.08FU_AB080546_refs,Erysiphales,Erysiphales,0.573,1
SH1184293.08FU_LC010053_reps,Erysiphales,Erysiphales,0.876,1
SH1184283.08FU_MK432758_reps,Erysiphales,Erysiphales,0.502,1
SH1159059.08FU_LC260191_reps,Erysiphales,Erysiphales,0.728,1
SH1157371.08FU_LC108843_reps,Erysiphales,Erysiphales,0.0978,1
SH1159223.08FU_AB498962_refs,Erysiphales,Erysiphales,0.885,1
SH1159221.08FU_AB498955_refs,Erysiphales,Erysiphales,0.862,1
SH1159201.08FU_AB080501_refs,Erysiphales,Erysiphales,0.731,1
SH1184270.08FU_AB015928_reps,Erysiphales,Erysiphales,0.635,1
SH1184278.08FU_MW045571_reps,Erysiphales,Erysiphales,0.844,1
SH1159224.08FU_AB329684_refs,Erysiphales,Erysiphales,0.867,1
SH1184260.08FU_AB015921_refs,Erysiphales,Erysiphales,0.87,1
SH1184277.08FU_AB104519_reps,Erysiphales,Erysiphales,0.749,1
SH1169064.08FU_D84381_refs,Erysiphales,Erysiphales,0.0978,1
SH1184256.08FU_AB295456_refs,Erysiphales,Erysiphales,0.885,1
SH1157357.08FU_JQ885445_refs,Erysiphales,Erysiphales,0.942,1
SH1159199.08FU_AB080533_refs,Erysiphales,Erysiphales,0.902,1
SH1184254.08FU_GU117107_refs,Erysiphales,Erysiphales,0.885,1
SH1184264.08FU_AB015934_refs,Erysiphales,Erysiphales,0.489,1
SH1184280.08FU_AB252465_refs,Erysiphales,Erysiphales,0.518,1
SH2596375.08FU_MT648572_reps,Erysiphales,Erysiphales,0.0911,1
SH1184267.08FU_AB015914_reps,Erysiphales,Erysiphales,0.672,1
SH1149730.08FU_LC175811_reps,Erysiphales,Erysiphales,0.0978,1
SH2609400.08FU_UDB0228726_reps,Erysiphales,Helotiales,0.523,0
SH1144827.08FU_AY157844_refs,Erysiphales,Erysiphales,0.833,1
SH1184273.08FU_AB478988_refs,Erysiphales,Erysiphales,0.853,1
SH1142307.08FU_LC191860_reps,Erysiphales,Erysiphales,0.0978,1
SH1186063.08FU_LC222314_refs,Erysiphales,Erysiphales,0.0915,1
SH1210318.08FU_AB430819_refs,Erysiphales,Erysiphales,0.871,1
SH1208733.08FU_UDB018804_refs,Rhytismatales,Rhytismatales,0.0731,1
SH1200050.08FU_JX135770_reps,Rhytismatales,Rhytismatales,0.0714,1
SH1154310.08FU_GU367907_reps,Rhytismatales,Rhytismatales,0.0729,1
SH1199786.08FU_AF473553_refs,Rhytismatales,Rhytismatales,0.51,1
SH1142383.08FU_KC833138_reps,Rhytismatales,Rhytismatales,0.0593,1
SH1154314.08FU_KP878549_refs,Rhytismatales,Rhytismatales,0.073,1
SH1236122.08FU_AF433154_reps,Rhytismatales,Rhytismatales,0.0784,1
SH1150749.08FU_AY971741_reps,Rhytismatales,Rhytismatales,0.699,1
SH1238211.08FU_MH578532_reps,Rhytismatales,Rhytismatales,0.0734,1
SH1235388.08FU_GU367899_reps,Rhytismatales,Rhytismatales,0.0734,1
SH1142384.08FU_KC312677_reps,Rhytismatales,Rhytismatales,0.0571,1
SH1150746.08FU_AY465473_reps,Rhytismatales,Rhytismatales,0.784,1
SH1235390.08FU_GU138730_reps,Rhytismatales,Rhytismatales,0.0734,1
SH1178635.08FU_EF191243_refs,Rhytismatales,Rhytismatales,0.825,1
SH1142376.08FU_HQ260063_reps,Rhytismatales,Rhytismatales,0.0373,1
SH1142378.08FU_UDB034966_reps,Rhytismatales,Rhytismatales,0.058,1
SH1190223.08FU_HM030630_reps,Rhytismatales,Phacidiales,0.334,0
SH1142375.08FU_AJ293880_reps,Rhytismatales,Rhytismatales,0.0728,1
SH1180708.08FU_DQ117451_refs,Thelebolales,Thelebolales,0.873,1
SH1145617.08FU_UDB061995_reps,Thelebolales,Helotiales,0.0181,0
SH1236236.08FU_DQ028268_refs,Thelebolales,Thelebolales,0.506,1
SH2605342.08FU_UDB0106118_reps,Thelebolales,NA,0,0
SH1145573.08FU_JN032535_reps,Thelebolales,Helotiales,0.251,0
SH1179293.08FU_JX043003_reps,Thelebolales,Thelebolales,0.0203,1
SH1164169.08FU_HQ844690_reps,Aspergillaceae,Aspergillaceae,0.919,1
SH1167268.08FU_MT584271_reps,Aspergillaceae,Aspergillaceae,0.919,1
SH1175820.08FU_FJ531160_refs,Aspergillaceae,Aspergillaceae,0.0678,1
SH1161923.08FU_MH109740_reps,Aspergillaceae,Aspergillaceae,0.93,1
SH1164899.08FU_MH279436_reps,Aspergillaceae,Aspergillaceae,0.926,1
SH1162386.08FU_KJ948639_reps,Aspergillaceae,Aspergillaceae,0.931,1
SH1162224.08FU_KP670427_reps,Aspergillaceae,Aspergillaceae,0.938,1
SH1162454.08FU_AJ001335_reps,Aspergillaceae,Aspergillaceae,0.92,1
SH1165768.08FU_KC007253_reps,Aspergillaceae,Aspergillaceae,0.166,1
SH1160650.08FU_MK112624_reps,Aspergillaceae,Aspergillaceae,0.896,1
SH1161511.08FU_KF800139_reps,Aspergillaceae,Aspergillaceae,0.85,1
SH1166835.08FU_MF685317_reps,Aspergillaceae,Aspergillaceae,0.891,1
SH1163290.08FU_KX198128_reps,Aspergillaceae,Aspergillaceae,0.916,1
SH1161348.08FU_MH857268_reps,Aspergillaceae,Aspergillaceae,0.933,1
SH1163692.08FU_EU821297_reps,Aspergillaceae,Aspergillaceae,0.919,1
SH1160814.08FU_MN540184_reps,Aspergillaceae,Aspergillaceae,0.92,1
SH1163135.08FU_MF784269_reps,Aspergillaceae,Aspergillaceae,0.906,1
SH1163716.08FU_KJ855143_reps,Aspergillaceae,Aspergillaceae,0.902,1
SH1165923.08FU_MN945391_reps,Aspergillaceae,Aspergillaceae,0.922,1
SH1164904.08FU_MT305999_reps,Aspergillaceae,Aspergillaceae,0.922,1
SH1166229.08FU_KR706059_reps,Aspergillaceae,Aspergillaceae,0.929,1
SH1166223.08FU_KM017963_reps,Aspergillaceae,Aspergillaceae,0.919,1
SH1166307.08FU_MT611216_reps,Aspergillaceae,Aspergillaceae,0.909,1
SH1167951.08FU_HQ844708_reps,Aspergillaceae,Aspergillaceae,0.911,1
SH1163699.08FU_KC316117_reps,Aspergillaceae,Aspergillaceae,0.933,1
SH1161044.08FU_KU821472_reps,Aspergillaceae,Aspergillaceae,0.925,1
SH1161457.08FU_KJ775556_reps,Aspergillaceae,Aspergillaceae,0.937,1
SH1162565.08FU_HQ285561_reps,Aspergillaceae,Aspergillaceae,0.938,1
SH1162303.08FU_KJ775440_refs,Aspergillaceae,Aspergillaceae,0.932,1
SH1162401.08FU_EF568102_reps,Aspergillaceae,Aspergillaceae,0.92,1
SH1162815.08FU_MG519721_reps,Aspergillaceae,Aspergillaceae,0.938,1
SH1163524.08FU_EF661568_reps,Aspergillaceae,Aspergillaceae,0.924,1
SH1163529.08FU_MF380810_reps,Aspergillaceae,Aspergillaceae,0.922,1
SH1163843.08FU_LC076682_reps,Aspergillaceae,Aspergillaceae,0.789,1
SH1163933.08FU_EU821328_reps,Aspergillaceae,Aspergillaceae,0.939,1
SH1163983.08FU_KR259960_reps,Aspergillaceae,Aspergillaceae,0.938,1
SH1164449.08FU_LN482504_reps,Aspergillaceae,Aspergillaceae,0.896,1
SH1165126.08FU_KF225041_reps,Aspergillaceae,Aspergillaceae,0.902,1
SH1165286.08FU_MH270561_reps,Aspergillaceae,Aspergillaceae,0.91,1
SH1165744.08FU_GU092959_reps,Aspergillaceae,Aspergillaceae,0.919,1
SH1165668.08FU_GU134883_reps,Aspergillaceae,Aspergillaceae,0.93,1
SH1167683.08FU_MF093890_reps,Aspergillaceae,Aspergillaceae,0.906,1
SH1167775.08FU_JQ670961_reps,Aspergillaceae,Aspergillaceae,0.906,1
SH1168058.08FU_FJ531062_refs,Aspergillaceae,Aspergillaceae,0.848,1
SH1164476.08FU_KP329760_reps,Aspergillaceae,Aspergillaceae,0.928,1
SH1160690.08FU_MN540197_reps,Aspergillaceae,Aspergillaceae,0.905,1
SH1160809.08FU_MT993368_reps,Aspergillaceae,Aspergillaceae,0.896,1
SH1160918.08FU_MW001764_reps,Aspergillaceae,Aspergillaceae,0.905,1
SH1163027.08FU_MT613383_reps,Aspergillaceae,Aspergillaceae,0.937,1
SH1162326.08FU_MT122822_reps,Aspergillaceae,Aspergillaceae,0.903,1
SH1162400.08FU_EU030335_reps,Aspergillaceae,Aspergillaceae,0.903,1
SH1164006.08FU_MN704688_reps,Aspergillaceae,Aspergillaceae,0.916,1
SH1166157.08FU_MF445235_reps,Aspergillaceae,Aspergillaceae,0.902,1
SH1167438.08FU_MT373491_reps,Aspergillaceae,Aspergillaceae,0.0651,1
SH1168126.08FU_KJ729485_reps,Aspergillaceae,Aspergillaceae,0.92,1
SH1167746.08FU_MN658663_reps,Aspergillaceae,Aspergillaceae,0.891,1
SH1167168.08FU_KC460895_reps,Aspergillaceae,Aspergillaceae,0.919,1
SH1167574.08FU_MH371265_reps,Aspergillaceae,Aspergillaceae,0.911,1
SH1167407.08FU_MT550024_reps,Aspergillaceae,Aspergillaceae,0.93,1
SH1167739.08FU_MT312906_reps,Aspergillaceae,Aspergillaceae,0.906,1
SH1168099.08FU_MW081911_reps,Aspergillaceae,Aspergillaceae,0.754,1
SH1160590.08FU_MN634648_reps,Aspergillaceae,Aspergillaceae,0.78,1
SH1161154.08FU_MK612109_reps,Aspergillaceae,Aspergillaceae,0.921,1
SH1161523.08FU_KJ863514_reps,Aspergillaceae,Aspergillaceae,0.903,1
SH1164974.08FU_KM279951_reps,Aspergillaceae,Aspergillaceae,0.938,1
SH1165545.08FU_MH971253_reps,Aspergillaceae,Aspergillaceae,0.937,1
SH1160923.08FU_JX110160_reps,Aspergillaceae,Aspergillaceae,0.938,1
SH1161276.08FU_KF305758_reps,Aspergillaceae,Aspergillaceae,0.938,1
SH1163214.08FU_EU645665_reps,Aspergillaceae,Aspergillaceae,0.912,1
SH1167118.08FU_KP216960_reps,Aspergillaceae,Aspergillaceae,0.835,1
SH1167930.08FU_KY597546_reps,Aspergillaceae,Aspergillaceae,0.936,1
SH1163689.08FU_EU821321_reps,Aspergillaceae,Aspergillaceae,0.919,1
SH1164107.08FU_KM977888_reps,Aspergillaceae,Aspergillaceae,0.919,1
SH1165882.08FU_UDB0127500_reps,Aspergillaceae,Aspergillaceae,0.902,1
SH1163067.08FU_JN851053_reps,Aspergillaceae,Aspergillaceae,0.926,1
SH1163776.08FU_MG647863_reps,Aspergillaceae,Aspergillaceae,0.922,1
SH1167594.08FU_EU551203_reps,Aspergillaceae,Aspergillaceae,0.839,1
SH1162005.08FU_MT306013_reps,Aspergillaceae,Aspergillaceae,0.904,1
SH1162040.08FU_MN545448_reps,Aspergillaceae,Aspergillaceae,0.938,1
SH1162914.08FU_MH865152_reps,Aspergillaceae,Aspergillaceae,0.911,1
SH1162159.08FU_MK304111_reps,Aspergillaceae,Aspergillaceae,0.917,1
SH1161179.08FU_KJ175423_reps,Aspergillaceae,Aspergillaceae,0.938,1
SH1164790.08FU_AY213635_reps,Aspergillaceae,Aspergillaceae,0.938,1
SH1165529.08FU_MK841443_reps,Aspergillaceae,Aspergillaceae,0.922,1
SH1161435.08FU_MN888948_reps,Aspergillaceae,Aspergillaceae,0.92,1
SH1165457.08FU_MN250168_reps,Aspergillaceae,Aspergillaceae,0.922,1
SH1160569.08FU_MK332585_reps,Aspergillaceae,Aspergillaceae,0.94,1
SH1162554.08FU_MH237655_reps,Aspergillaceae,Aspergillaceae,0.932,1
SH1164489.08FU_MK026804_reps,Aspergillaceae,Aspergillaceae,0.92,1
SH1164750.08FU_KX912228_reps,Aspergillaceae,Aspergillaceae,0.873,1
SH1163501.08FU_MH511110_reps,Aspergillaceae,Aspergillaceae,0.873,1
SH1190955.08FU_EF652066_refs,Aspergillaceae,Aspergillaceae,0.939,1
SH1166917.08FU_KY458486_reps,Aspergillaceae,Aspergillaceae,0.888,1
SH1167752.08FU_MT775457_reps,Aspergillaceae,Aspergillaceae,0.911,1
SH1162173.08FU_MN227324_reps,Aspergillaceae,Aspergillaceae,0.934,1
SH1164183.08FU_MK288776_reps,Aspergillaceae,Aspergillaceae,0.914,1
SH1162473.08FU_JN545800_reps,Aspergillaceae,Aspergillaceae,0.938,1
SH1157257.08FU_MG881877_reps,Aspergillaceae,Aspergillaceae,0.673,1
SH1157254.08FU_HQ589144_reps,Aspergillaceae,Aspergillaceae,0.802,1
SH1166265.08FU_MG799221_reps,Aspergillaceae,Aspergillaceae,0.0668,1
SH1167303.08FU_KY616852_reps,Aspergillaceae,Aspergillaceae,0.909,1
SH1160756.08FU_GQ220704_reps,Aspergillaceae,Aspergillaceae,0.935,1
SH1160931.08FU_MN421873_reps,Aspergillaceae,Aspergillaceae,0.928,1
SH1162294.08FU_KC461499_reps,Aspergillaceae,Aspergillaceae,0.92,1
SH1163987.08FU_MH865259_reps,Aspergillaceae,Aspergillaceae,0.938,1
SH1165930.08FU_UDB0765331_reps,Aspergillaceae,Aspergillaceae,0.682,1
SH1161112.08FU_MH862062_reps,Aspergillaceae,Aspergillaceae,0.832,1
SH1160836.08FU_MW011208_reps,Aspergillaceae,Aspergillaceae,0.906,1
SH1161459.08FU_MN911437_reps,Aspergillaceae,Aspergillaceae,0.92,1
SH1161991.08FU_MG551279_reps,Aspergillaceae,Aspergillaceae,0.92,1
SH1162266.08FU_MG098688_reps,Aspergillaceae,Aspergillaceae,0.935,1
SH1162741.08FU_MK729116_reps,Aspergillaceae,Aspergillaceae,0.898,1
SH1162531.08FU_MT492459_reps,Aspergillaceae,Aspergillaceae,0.933,1
SH1163698.08FU_MH865661_reps,Aspergillaceae,Aspergillaceae,0.55,1
SH1165384.08FU_MK568493_reps,Aspergillaceae,Aspergillaceae,0.919,1
SH1166227.08FU_MN782328_reps,Aspergillaceae,Aspergillaceae,0.915,1
SH1166111.08FU_MK512055_reps,Aspergillaceae,Aspergillaceae,0.906,1
SH1166277.08FU_JF439500_reps,Aspergillaceae,Aspergillaceae,0.776,1
SH1166435.08FU_KY069878_reps,Aspergillaceae,Aspergillaceae,0.91,1
SH1166725.08FU_MW130921_reps,Aspergillaceae,Aspergillaceae,0.921,1
SH1167825.08FU_MK862434_reps,Aspergillaceae,Aspergillaceae,0.856,1
SH1168083.08FU_JQ905766_reps,Aspergillaceae,Aspergillaceae,0.621,1
SH1160701.08FU_EU314990_reps,Aspergillaceae,Aspergillaceae,0.932,1
SH1165736.08FU_MN815799_reps,Aspergillaceae,Aspergillaceae,0.929,1
SH1161023.08FU_KU745411_reps,Aspergillaceae,Aspergillaceae,0.92,1
SH1161947.08FU_KF589311_reps,Aspergillaceae,Aspergillaceae,0.938,1
SH1163636.08FU_KT159916_reps,Aspergillaceae,Aspergillaceae,0.938,1
SH1237356.08FU_KY087770_refs,Aspergillaceae,Aspergillaceae,0.324,1
SH1238801.08FU_KY827335_reps,Aspergillaceae,Aspergillaceae,0.897,1
SH1164312.08FU_GU183168_reps,Aspergillaceae,Aspergillaceae,0.931,1
SH1164429.08FU_HG915910_reps,Aspergillaceae,Aspergillaceae,0.846,1
SH1164961.08FU_MT729934_reps,Aspergillaceae,Aspergillaceae,0.936,1
SH1165281.08FU_MH279403_reps,Aspergillaceae,Aspergillaceae,0.906,1
SH1165304.08FU_MG662404_reps,Aspergillaceae,Aspergillaceae,0.911,1
SH1165308.08FU_MG659648_reps,Aspergillaceae,Aspergillaceae,0.91,1
SH1165632.08FU_JX499185_reps,Aspergillaceae,Aspergillaceae,0.902,1
SH1165592.08FU_KY445827_reps,Aspergillaceae,Aspergillaceae,0.857,1
SH1165645.08FU_KC964100_reps,Aspergillaceae,Aspergillaceae,0.904,1
SH1165602.08FU_AY373842_refs,Aspergillaceae,Aspergillaceae,0.937,1
SH1166124.08FU_MT729925_reps,Aspergillaceae,Aspergillaceae,0.901,1
SH1166090.08FU_HQ023228_reps,Aspergillaceae,Aspergillaceae,0.912,1
SH1166517.08FU_KY087772_refs,Aspergillaceae,Aspergillaceae,0.878,1
SH1166721.08FU_KF433946_reps,Aspergillaceae,Aspergillaceae,0.891,1
SH1166655.08FU_KF433943_reps,Aspergillaceae,Aspergillaceae,0.919,1
SH1166801.08FU_KF302656_reps,Aspergillaceae,Aspergillaceae,0.915,1
SH1162891.08FU_MH373680_reps,Aspergillaceae,Aspergillaceae,0.938,1
SH1167603.08FU_KP903539_reps,Aspergillaceae,Aspergillaceae,0.906,1
SH1167478.08FU_FR733818_reps,Aspergillaceae,Aspergillaceae,0.906,1
SH1167496.08FU_KJ742820_reps,Aspergillaceae,Aspergillaceae,0.908,1
SH1162293.08FU_KC456174_reps,Aspergillaceae,Aspergillaceae,0.934,1
SH1245778.08FU_MN093308_reps,Aspergillaceae,Aspergillaceae,0.839,1
SH1162799.08FU_KX009139_reps,Aspergillaceae,Aspergillaceae,0.933,1
SH1163760.08FU_MN133869_reps,Aspergillaceae,Aspergillaceae,0.934,1
SH1164468.08FU_KF303647_refs,Aspergillaceae,Aspergillaceae,0.454,1
SH1166920.08FU_MK494942_reps,Aspergillaceae,Aspergillaceae,0.919,1
SH1166839.08FU_MK046881_reps,Aspergillaceae,Aspergillaceae,0.916,1
SH1165136.08FU_KF496078_reps,Aspergillaceae,Aspergillaceae,0.93,1
SH1157671.08FU_MH368137_reps,Aspergillaceae,Aspergillaceae,0.819,1
SH1162342.08FU_MH608361_reps,Aspergillaceae,Aspergillaceae,0.938,1
SH1160527.08FU_EF652159_refs,Aspergillaceae,Aspergillaceae,0.846,1
SH1160532.08FU_MH858756_refs,Aspergillaceae,Aspergillaceae,0.776,1
SH1161535.08FU_DQ467984_reps,Aspergillaceae,Aspergillaceae,0.917,1
SH1162008.08FU_KF309062_reps,Aspergillaceae,Aspergillaceae,0.938,1
SH1163198.08FU_FJ462767_reps,Aspergillaceae,Aspergillaceae,0.92,1
SH1163128.08FU_AF027860_refs,Aspergillaceae,Aspergillaceae,0.931,1
SH1163203.08FU_MK461182_reps,Aspergillaceae,Aspergillaceae,0.919,1
SH1163294.08FU_AF104444_refs,Aspergillaceae,Aspergillaceae,0.908,1
SH1163238.08FU_KP068718_reps,Aspergillaceae,Aspergillaceae,0.92,1
SH1163352.08FU_HM123602_reps,Aspergillaceae,Aspergillaceae,0.938,1
SH1163415.08FU_EF567981_reps,Aspergillaceae,Aspergillaceae,0.934,1
SH1163552.08FU_KU986773_reps,Aspergillaceae,Aspergillaceae,0.351,1
SH1163973.08FU_KJ775609_reps,Aspergillaceae,Aspergillaceae,0.764,1
SH1164495.08FU_EU021612_reps,Aspergillaceae,Aspergillaceae,0.906,1
SH1164517.08FU_MW193234_reps,Aspergillaceae,Aspergillaceae,0.922,1
SH1164714.08FU_EF661193_refs,Aspergillaceae,Aspergillaceae,0.933,1
SH1165081.08FU_FJ878674_reps,Aspergillaceae,Aspergillaceae,0.906,1
SH1165093.08FU_FJ770063_reps,Aspergillaceae,Aspergillaceae,0.902,1
SH1165396.08FU_HG936504_reps,Aspergillaceae,Aspergillaceae,0.902,1
SH1165348.08FU_FJ878680_reps,Aspergillaceae,Aspergillaceae,0.902,1
SH1165411.08FU_MW186671_reps,Aspergillaceae,Aspergillaceae,0.928,1
SH1165531.08FU_LT626975_reps,Aspergillaceae,Aspergillaceae,0.937,1
SH1166036.08FU_EF661270_reps,Aspergillaceae,Aspergillaceae,0.938,1
SH1165993.08FU_JN246072_reps,Aspergillaceae,Aspergillaceae,0.938,1
SH1166520.08FU_KX462776_reps,Aspergillaceae,Aspergillaceae,0.902,1
SH1166566.08FU_MH793847_reps,Aspergillaceae,Aspergillaceae,0.903,1
SH1166578.08FU_KJ175432_reps,Aspergillaceae,Aspergillaceae,0.902,1
SH1166832.08FU_MG962402_reps,Aspergillaceae,Aspergillaceae,0.922,1
SH1166996.08FU_JX239029_reps,Aspergillaceae,Aspergillaceae,0.923,1
SH1167211.08FU_JN166802_reps,Aspergillaceae,Aspergillaceae,0.92,1
SH1167379.08FU_FJ531218_reps,Aspergillaceae,Aspergillaceae,0.919,1
SH1167498.08FU_MK685276_reps,Aspergillaceae,Aspergillaceae,0.846,1
SH1167832.08FU_DQ900598_reps,Aspergillaceae,Aspergillaceae,0.925,1
SH1166715.08FU_JN626132_reps,Aspergillaceae,Aspergillaceae,0.938,1
SH1164459.08FU_KF303668_refs,Aspergillaceae,Aspergillaceae,0.903,1
SH1237341.08FU_FJ531054_refs,Aspergillaceae,Aspergillaceae,0.724,1
SH1162236.08FU_MW077300_reps,Aspergillaceae,Aspergillaceae,0.927,1
SH1160526.08FU_AF037431_refs,Aspergillaceae,Aspergillaceae,0.906,1
SH1161203.08FU_MN421907_reps,Aspergillaceae,Aspergillaceae,0.928,1
SH1160925.08FU_MT560225_reps,Aspergillaceae,Aspergillaceae,0.922,1
SH1161220.08FU_MK312288_reps,Aspergillaceae,Aspergillaceae,0.915,1
SH1166500.08FU_KP063440_reps,Aspergillaceae,Aspergillaceae,0.752,1
SH1166083.08FU_MT079185_reps,Aspergillaceae,Aspergillaceae,0.904,1
SH1168094.08FU_AY822638_reps,Aspergillaceae,Aspergillaceae,0.917,1
SH1161284.08FU_KM249873_reps,Aspergillaceae,Aspergillaceae,0.92,1
SH1182818.08FU_KJ501092_reps,Aspergillaceae,Aspergillaceae,0.863,1
SH1161604.08FU_MT913585_reps,Aspergillaceae,Aspergillaceae,0.93,1
SH1162020.08FU_MT279641_reps,Aspergillaceae,Aspergillaceae,0.92,1
SH1165704.08FU_MK713445_reps,Aspergillaceae,Aspergillaceae,0.922,1
SH1162560.08FU_AJ001337_reps,Aspergillaceae,Aspergillaceae,0.922,1
SH1165170.08FU_EU314999_reps,Aspergillaceae,Aspergillaceae,0.921,1
SH1166905.08FU_KY095108_reps,Aspergillaceae,Aspergillaceae,0.903,1
SH1163467.08FU_MT528978_reps,Aspergillaceae,Aspergillaceae,0.933,1
SH1163818.08FU_FJ155814_reps,Aspergillaceae,Aspergillaceae,0.927,1
SH1163822.08FU_KF496081_reps,Aspergillaceae,Aspergillaceae,0.93,1
SH1161589.08FU_KJ775545_refs,Aspergillaceae,Aspergillaceae,0.929,1
SH1164080.08FU_KF435032_reps,Aspergillaceae,Aspergillaceae,0.917,1
SH1160710.08FU_MN537777_reps,Aspergillaceae,Aspergillaceae,0.0686,1
SH1165548.08FU_MT312958_reps,Aspergillaceae,Aspergillaceae,0.902,1
SH1167219.08FU_KC874831_reps,Aspergillaceae,Aspergillaceae,0.926,1
SH1166683.08FU_MG554327_reps,Aspergillaceae,Aspergillaceae,0.902,1
SH1164159.08FU_HQ262504_reps,Aspergillaceae,Aspergillaceae,0.931,1
SH1175806.08FU_EF661179_refs,Aspergillaceae,Aspergillaceae,0.0676,1
SH1164622.08FU_MG857650_reps,Aspergillaceae,Aspergillaceae,0.931,1
SH1164623.08FU_MK775947_reps,Aspergillaceae,Aspergillaceae,0.913,1
SH1164699.08FU_KP329833_reps,Aspergillaceae,Aspergillaceae,0.933,1
SH1164712.08FU_EF661201_reps,Aspergillaceae,Aspergillaceae,0.928,1
SH1164923.08FU_MW193289_reps,Aspergillaceae,Aspergillaceae,0.917,1
SH1165719.08FU_MH270550_reps,Aspergillaceae,Aspergillaceae,0.912,1
SH1165741.08FU_MN602469_reps,Aspergillaceae,Aspergillaceae,0.919,1
SH1165783.08FU_KM386638_reps,Aspergillaceae,Aspergillaceae,0.905,1
SH1162773.08FU_KT310978_reps,Aspergillaceae,Aspergillaceae,0.921,1
SH1162056.08FU_MH205918_reps,Aspergillaceae,Aspergillaceae,0.92,1
SH1161913.08FU_KY053127_reps,Aspergillaceae,Aspergillaceae,0.92,1
SH1167698.08FU_JN967014_reps,Aspergillaceae,Aspergillaceae,0.911,1
SH1161800.08FU_LC455958_reps,Aspergillaceae,Aspergillaceae,0.884,1
SH1167267.08FU_JX518282_reps,Aspergillaceae,Aspergillaceae,0.919,1
SH1163099.08FU_EU167918_reps,Aspergillaceae,Aspergillaceae,0.938,1
SH1163124.08FU_DQ683120_reps,Aspergillaceae,Aspergillaceae,0.896,1
SH1163075.08FU_JX852613_reps,Aspergillaceae,Aspergillaceae,0.896,1
SH1163105.08FU_AF004929_refs,Aspergillaceae,Aspergillaceae,0.928,1
SH1163868.08FU_MK177167_reps,Aspergillaceae,Aspergillaceae,0.28,1
SH1164368.08FU_JX291199_reps,Aspergillaceae,Aspergillaceae,0.931,1
SH1166346.08FU_MT508791_reps,Aspergillaceae,Aspergillaceae,0.937,1
SH1165936.08FU_MH484010_reps,Aspergillaceae,Aspergillaceae,0.925,1
SH1166301.08FU_KF932971_reps,Aspergillaceae,Aspergillaceae,0.844,1
SH1166800.08FU_KF302659_reps,Aspergillaceae,Aspergillaceae,0.915,1
SH1167210.08FU_HQ844716_reps,Aspergillaceae,Aspergillaceae,0.914,1
SH1167397.08FU_JX139574_reps,Aspergillaceae,Aspergillaceae,0.885,1
SH1167842.08FU_FJ491682_refs,Aspergillaceae,Aspergillaceae,0.919,1
SH1167843.08FU_FJ491683_reps,Aspergillaceae,Aspergillaceae,0.921,1
SH1167973.08FU_KX621181_reps,Aspergillaceae,Aspergillaceae,0.9,1
SH1165406.08FU_GQ221108_reps,Aspergillaceae,Aspergillaceae,0.889,1
SH1165743.08FU_MK651536_reps,Aspergillaceae,Aspergillaceae,0.913,1
SH1162544.08FU_KU837321_reps,Aspergillaceae,Aspergillaceae,0.934,1
SH1166582.08FU_MK944400_reps,Aspergillaceae,Aspergillaceae,0.915,1
SH1157688.08FU_MT312826_reps,Aspergillaceae,Aspergillaceae,0.371,1
SH1161704.08FU_MN947599_reps,Aspergillaceae,Aspergillaceae,0.92,1
SH1161248.08FU_KJ775515_reps,Aspergillaceae,Aspergillaceae,0.932,1
SH1161968.08FU_KT224826_reps,Aspergillaceae,Aspergillaceae,0.938,1
SH1161976.08FU_KY053129_reps,Aspergillaceae,Aspergillaceae,0.92,1
SH1162202.08FU_MT160090_reps,Aspergillaceae,Aspergillaceae,0.919,1
SH1163327.08FU_MG655282_reps,Aspergillaceae,Aspergillaceae,0.938,1
SH1164191.08FU_KF673655_reps,Aspergillaceae,Aspergillaceae,0.738,1
SH1165166.08FU_MT856271_reps,Aspergillaceae,Aspergillaceae,0.928,1
SH1165749.08FU_MK933705_reps,Aspergillaceae,Aspergillaceae,0.912,1
SH1166540.08FU_MF668180_reps,Aspergillaceae,Aspergillaceae,0.902,1
SH1166925.08FU_MN045006_reps,Aspergillaceae,Aspergillaceae,0.938,1
SH1167226.08FU_KJ999747_reps,Aspergillaceae,Aspergillaceae,0.887,1
SH1167215.08FU_JQ670954_reps,Aspergillaceae,Aspergillaceae,0.92,1
SH1165484.08FU_JQ768265_reps,Aspergillaceae,Aspergillaceae,0.937,1
SH1163686.08FU_MH862715_reps,Aspergillaceae,Aspergillaceae,0.924,1
SH1167903.08FU_MH557083_reps,Aspergillaceae,Aspergillaceae,0.903,1
SH1162492.08FU_MK611650_reps,Aspergillaceae,Aspergillaceae,0.92,1
SH1156544.08FU_KF031346_reps,Aspergillaceae,Aspergillaceae,0.91,1
SH1162225.08FU_MT102642_reps,Aspergillaceae,Aspergillaceae,0.919,1
SH1162688.08FU_KM519668_reps,Aspergillaceae,Aspergillaceae,0.184,1
SH1164410.08FU_KF154412_reps,Aspergillaceae,Aspergillaceae,0.931,1
SH1165986.08FU_MT176452_reps,Aspergillaceae,Aspergillaceae,0.933,1
SH1166072.08FU_MT729908_reps,Aspergillaceae,Aspergillaceae,0.915,1
SH1160616.08FU_MN423309_reps,Aspergillaceae,Aspergillaceae,0.836,1
SH1160534.08FU_KC411733_refs,Aspergillaceae,Aspergillaceae,0.73,1
SH1190956.08FU_EF652085_refs,Aspergillaceae,Aspergillaceae,0.458,1
SH1162101.08FU_KY593524_reps,Aspergillaceae,Aspergillaceae,0.936,1
SH1162653.08FU_GQ221106_reps,Aspergillaceae,Aspergillaceae,0.938,1
SH1162989.08FU_KU296260_reps,Aspergillaceae,Aspergillaceae,0.927,1
SH1164300.08FU_GU721579_reps,Aspergillaceae,Aspergillaceae,0.931,1
SH1164173.08FU_MH862749_reps,Aspergillaceae,Aspergillaceae,0.901,1
SH1166120.08FU_HG915893_reps,Aspergillaceae,Aspergillaceae,0.929,1
SH1166411.08FU_KU702369_reps,Aspergillaceae,Aspergillaceae,0.938,1
SH1166961.08FU_KY087763_reps,Aspergillaceae,Aspergillaceae,0.917,1
SH1167926.08FU_KY597601_reps,Aspergillaceae,Aspergillaceae,0.937,1
SH1161292.08FU_MN161138_reps,Aspergillaceae,Aspergillaceae,0.935,1
SH1160917.08FU_MH857404_reps,Aspergillaceae,Aspergillaceae,0.938,1
SH1162222.08FU_MK447625_reps,Aspergillaceae,Aspergillaceae,0.844,1
SH1160681.08FU_MT903404_reps,Aspergillaceae,Aspergillaceae,0.937,1
SH1160941.08FU_KY980631_reps,Aspergillaceae,Aspergillaceae,0.331,1
SH1161779.08FU_DQ323036_reps,Aspergillaceae,Aspergillaceae,0.94,1
SH1162849.08FU_KF669498_reps,Aspergillaceae,Aspergillaceae,0.915,1
SH1164940.08FU_JN227005_reps,Aspergillaceae,Aspergillaceae,0.928,1
SH1164912.08FU_MT306000_reps,Aspergillaceae,Aspergillaceae,0.91,1
SH1165593.08FU_MT337439_reps,Aspergillaceae,Aspergillaceae,0.917,1
SH1165723.08FU_MG662397_reps,Aspergillaceae,Aspergillaceae,0.904,1
SH1166870.08FU_KJ650339_reps,Aspergillaceae,Aspergillaceae,0.925,1
SH1166636.08FU_GU092952_refs,Aspergillaceae,Aspergillaceae,0.777,1
SH1168081.08FU_MN595151_reps,Aspergillaceae,Aspergillaceae,0.905,1
SH1167835.08FU_LT798904_reps,Aspergillaceae,Aspergillaceae,0.935,1
SH1162467.08FU_MN031597_reps,Aspergillaceae,Aspergillaceae,0.92,1
SH1164213.08FU_KF303667_refs,Aspergillaceae,Aspergillaceae,0.899,1
SH1165371.08FU_UDB0162514_reps,Aspergillaceae,Aspergillaceae,0.802,1
SH1164979.08FU_KT310949_reps,Aspergillaceae,Aspergillaceae,0.905,1
SH1163848.08FU_MK434161_reps,Aspergillaceae,Aspergillaceae,0.876,1
SH1167599.08FU_KR185822_reps,Aspergillaceae,Aspergillaceae,0.937,1
SH1164822.08FU_JN686435_refs,Aspergillaceae,Aspergillaceae,0.932,1
SH1162024.08FU_KT207741_reps,Aspergillaceae,Aspergillaceae,0.938,1
SH1160871.08FU_MN603499_reps,Aspergillaceae,Aspergillaceae,0.88,1
SH1167679.08FU_KT819149_reps,Aspergillaceae,Aspergillaceae,0.906,1
SH1165587.08FU_MG098729_reps,Aspergillaceae,Aspergillaceae,0.921,1
SH1164012.08FU_KX766386_reps,Aspergillaceae,Aspergillaceae,0.938,1
SH1163186.08FU_FJ537119_reps,Aspergillaceae,Aspergillaceae,0.919,1
SH1167517.08FU_MH613119_reps,Aspergillaceae,Aspergillaceae,0.931,1
SH1166144.08FU_MK419102_reps,Aspergillaceae,Aspergillaceae,0.936,1
SH1162593.08FU_MT476349_reps,Aspergillaceae,Aspergillaceae,0.915,1
SH1165578.08FU_MG962394_reps,Aspergillaceae,Aspergillaceae,0.92,1
SH1161685.08FU_MH986806_reps,Aspergillaceae,Aspergillaceae,0.938,1
SH1162956.08FU_KF303650_refs,Aspergillaceae,Aspergillaceae,0.899,1
SH1167777.08FU_EU554588_reps,Aspergillaceae,Aspergillaceae,0.937,1
SH1162621.08FU_MK952336_reps,Aspergillaceae,Aspergillaceae,0.909,1
SH1162290.08FU_MK969114_reps,Aspergillaceae,Aspergillaceae,0.787,1
SH1165330.08FU_HQ270471_reps,Aspergillaceae,Aspergillaceae,0.882,1
SH1166248.08FU_KY978249_reps,Aspergillaceae,Aspergillaceae,0.938,1
SH1161425.08FU_MN526027_reps,Aspergillaceae,Aspergillaceae,0.916,1
SH1166362.08FU_UDB0103214_reps,Aspergillaceae,Aspergillaceae,0.803,1
SH1160609.08FU_MN010550_reps,Aspergillaceae,Aspergillaceae,0.889,1
SH1162909.08FU_MG873558_reps,Aspergillaceae,Aspergillaceae,0.925,1
SH1163254.08FU_EF661410_refs,Aspergillaceae,Aspergillaceae,0.9,1
SH1162961.08FU_MH613176_reps,Aspergillaceae,Aspergillaceae,0.934,1
SH1165402.08FU_EF409807_reps,Aspergillaceae,Aspergillaceae,0.906,1
SH1167539.08FU_KJ194465_reps,Aspergillaceae,Aspergillaceae,0.911,1
SH1165776.08FU_JX841247_reps,Aspergillaceae,Aspergillaceae,0.696,1
SH1162833.08FU_JF754468_reps,Aspergillaceae,Aspergillaceae,0.938,1
SH1164969.08FU_MK226293_reps,Aspergillaceae,Aspergillaceae,0.916,1
SH1161247.08FU_KM817210_reps,Aspergillaceae,Aspergillaceae,0.919,1
SH1164355.08FU_FJ629328_refs,Aspergillaceae,Aspergillaceae,0.862,1
SH1161054.08FU_MK541019_reps,Aspergillaceae,Aspergillaceae,0.92,1
SH1166583.08FU_EF652145_refs,Aspergillaceae,Aspergillaceae,0.854,1
SH1166527.08FU_MH517572_reps,Aspergillaceae,Aspergillaceae,0.938,1
SH1165705.08FU_MH345954_reps,Aspergillaceae,Aspergillaceae,0.891,1
SH1161433.08FU_MK156703_reps,Aspergillaceae,Aspergillaceae,0.9,1
SH1163878.08FU_KX443215_reps,Aspergillaceae,Aspergillaceae,0.927,1
SH1211472.08FU_KY420984_reps,Aspergillaceae,Aspergillaceae,0.803,1
SH1166436.08FU_MG711896_reps,Aspergillaceae,Aspergillaceae,0.846,1
SH1166559.08FU_JN030991_reps,Aspergillaceae,Aspergillaceae,0.92,1
SH1161408.08FU_MT102677_reps,Aspergillaceae,Aspergillaceae,0.885,1
SH1166521.08FU_KX462772_reps,Aspergillaceae,Aspergillaceae,0.902,1
SH1168182.08FU_AF257801_refs,Aspergillaceae,Aspergillaceae,0.839,1
SH1167408.08FU_KR149633_reps,Aspergillaceae,Aspergillaceae,0.92,1
SH1165941.08FU_KJ123933_reps,Aspergillaceae,Aspergillaceae,0.893,1
SH1163854.08FU_EF567959_reps,Aspergillaceae,Aspergillaceae,0.938,1
SH1166955.08FU_MT081549_reps,Aspergillaceae,Aspergillaceae,0.884,1
SH1162533.08FU_MN423316_reps,Aspergillaceae,Aspergillaceae,0.813,1
SH1164866.08FU_MH613211_reps,Aspergillaceae,Aspergillaceae,0.928,1
SH1167148.08FU_MH237642_reps,Aspergillaceae,Aspergillaceae,0.919,1
SH1161729.08FU_GQ338244_reps,Aspergillaceae,Aspergillaceae,0.912,1
SH1167195.08FU_MH880187_reps,Aspergillaceae,Aspergillaceae,0.904,1
SH1162482.08FU_MK952313_reps,Aspergillaceae,Aspergillaceae,0.896,1
SH1167373.08FU_MK397314_reps,Aspergillaceae,Aspergillaceae,0.93,1
SH1165133.08FU_KC964102_reps,Aspergillaceae,Aspergillaceae,0.902,1
SH1166675.08FU_UDB0755189_reps,Aspergillaceae,Aspergillaceae,0.938,1
SH1160587.08FU_MH220542_reps,Aspergillaceae,Aspergillaceae,0.936,1
SH1165052.08FU_AF138287_refs,Aspergillaceae,Aspergillaceae,0.902,1
SH1163982.08FU_MN792832_reps,Aspergillaceae,Aspergillaceae,0.931,1
SH1163190.08FU_MN533880_reps,Aspergillaceae,Aspergillaceae,0.938,1
SH1191934.08FU_KY980650_refs,Aspergillaceae,Aspergillaceae,0.582,1
SH1163196.08FU_JN942866_reps,Aspergillaceae,Aspergillaceae,0.934,1
SH1164608.08FU_AY656625_refs,Aspergillaceae,Aspergillaceae,0.928,1
SH1164742.08FU_KX610750_reps,Aspergillaceae,Aspergillaceae,0.918,1
SH1162915.08FU_MT328514_reps,Aspergillaceae,Aspergillaceae,0.92,1
SH1175811.08FU_EF661181_refs,Aspergillaceae,Aspergillaceae,0.065,1
SH1161566.08FU_MT509715_reps,Aspergillaceae,Aspergillaceae,0.927,1
SH1164331.08FU_GQ129209_reps,Aspergillaceae,Aspergillaceae,0.919,1
SH1161639.08FU_MK644175_reps,Aspergillaceae,Aspergillaceae,0.929,1
SH1165800.08FU_MG744349_reps,Aspergillaceae,Aspergillaceae,0.924,1
SH1165113.08FU_JX501409_reps,Aspergillaceae,Aspergillaceae,0.906,1
SH1166405.08FU_EF669706_reps,Aspergillaceae,Aspergillaceae,0.765,1
SH1164556.08FU_MN684207_reps,Aspergillaceae,Aspergillaceae,0.915,1
SH1163101.08FU_AB646983_reps,Aspergillaceae,Aspergillaceae,0.913,1
SH1160520.08FU_AF033422_refs,Aspergillaceae,Aspergillaceae,0.935,1
SH1168038.08FU_MN595152_reps,Aspergillaceae,Aspergillaceae,0.919,1
SH1168162.08FU_MN809588_reps,Aspergillaceae,Aspergillaceae,0.903,1
SH1167311.08FU_KC812356_reps,Aspergillaceae,Aspergillaceae,0.922,1
SH1163537.08FU_MF156138_reps,Aspergillaceae,Aspergillaceae,0.931,1
SH1163798.08FU_MH292844_reps,Aspergillaceae,Aspergillaceae,0.921,1
SH1164794.08FU_MK680253_reps,Aspergillaceae,Aspergillaceae,0.929,1
SH1166404.08FU_MK757853_reps,Aspergillaceae,Aspergillaceae,0.921,1
SH1167437.08FU_KF723010_reps,Aspergillaceae,Aspergillaceae,0.906,1
SH1163817.08FU_JQ781823_reps,Aspergillaceae,Aspergillaceae,0.937,1
SH1167802.08FU_KR908758_reps,Aspergillaceae,Aspergillaceae,0.94,1
SH1175816.08FU_EU448272_refs,Aspergillaceae,Aspergillaceae,0.432,1
SH1167919.08FU_KX244952_reps,Aspergillaceae,Aspergillaceae,0.922,1
SH1162521.08FU_MN420992_reps,Aspergillaceae,Aspergillaceae,0.845,1
SH1165840.08FU_MH035990_reps,Aspergillaceae,Aspergillaceae,0.902,1
SH1188519.08FU_FM986321_refs,Aspergillaceae,Aspergillaceae,0.914,1
SH1162273.08FU_MF156123_reps,Aspergillaceae,Aspergillaceae,0.906,1
SH1167127.08FU_KP764908_reps,Aspergillaceae,Aspergillaceae,0.885,1
SH1165750.08FU_MK817599_reps,Aspergillaceae,Aspergillaceae,0.925,1
SH1166727.08FU_MK621320_reps,Aspergillaceae,Aspergillaceae,0.925,1
SH1164895.08FU_MF662372_reps,Aspergillaceae,Aspergillaceae,0.923,1
SH1163239.08FU_MG575490_reps,Aspergillaceae,Aspergillaceae,0.915,1
SH1165523.08FU_KP987088_reps,Aspergillaceae,Aspergillaceae,0.924,1
SH1162136.08FU_MG907194_reps,Aspergillaceae,Aspergillaceae,0.94,1
SH1160628.08FU_MH820344_reps,Aspergillaceae,Aspergillaceae,0.498,1
SH1163039.08FU_KY114898_reps,Aspergillaceae,Aspergillaceae,0.938,1
SH1164427.08FU_KJ411548_reps,Aspergillaceae,Aspergillaceae,0.893,1
SH1166989.08FU_HQ844707_reps,Aspergillaceae,Aspergillaceae,0.88,1
SH1163778.08FU_MG589601_reps,Aspergillaceae,Aspergillaceae,0.928,1
SH1165461.08FU_MT757797_reps,Aspergillaceae,Aspergillaceae,0.929,1
SH1165510.08FU_EF661195_reps,Aspergillaceae,Aspergillaceae,0.817,1
SH1167483.08FU_JF436881_reps,Aspergillaceae,Aspergillaceae,0.906,1
SH1166101.08FU_JN626128_reps,Aspergillaceae,Aspergillaceae,0.937,1
SH1164470.08FU_UDB0768008_reps,Aspergillaceae,Aspergillaceae,0.635,1
SH1160901.08FU_KY980647_reps,Aspergillaceae,Aspergillaceae,0.458,1
SH1167492.08FU_KT921994_reps,Aspergillaceae,Aspergillaceae,0.0698,1
SH1163206.08FU_JQ963340_reps,Aspergillaceae,Aspergillaceae,0.92,1
SH1164146.08FU_MG572358_reps,Aspergillaceae,Aspergillaceae,0.874,1
SH1175824.08FU_EF652489_refs,Aspergillaceae,Aspergillaceae,0.376,1
SH1164565.08FU_KT803072_reps,Aspergillaceae,Aspergillaceae,0.919,1
SH1161072.08FU_MH595481_reps,Aspergillaceae,Aspergillaceae,0.92,1
SH1167011.08FU_KY469030_reps,Aspergillaceae,Aspergillaceae,0.832,1
SH1161142.08FU_MG976323_reps,Aspergillaceae,Aspergillaceae,0.915,1
SH1161110.08FU_MH035989_reps,Aspergillaceae,Aspergillaceae,0.938,1
SH1163786.08FU_FJ553845_reps,Trichocomaceae,Trichocomaceae,0.0645,1
SH3565216.08FU_LT985887_reps,Trichocomaceae,Trichocomaceae,0.0296,1
SH1150534.08FU_JN899400_refs,Trichocomaceae,Trichocomaceae,0.515,1
SH1160841.08FU_JN659406_reps,Trichocomaceae,Trichocomaceae,0.926,1
SH1175825.08FU_GQ921750_reps,Trichocomaceae,Aspergillaceae,0.67,0
SH1162687.08FU_MH860109_reps,Trichocomaceae,Trichocomaceae,0.622,1
SH1150523.08FU_JN899345_refs,Trichocomaceae,Trichocomaceae,0.865,1
SH1162200.08FU_JF417478_refs,Trichocomaceae,Trichocomaceae,0.745,1
SH1150620.08FU_MF278325_reps,Trichocomaceae,Trichocomaceae,0.587,1
SH1160908.08FU_JN659452_reps,Trichocomaceae,Trichocomaceae,0.917,1
SH1165867.08FU_GU366671_reps,Trichocomaceae,Trichocomaceae,0.0632,1
SH1150522.08FU_L37406_refs,Trichocomaceae,Trichocomaceae,0.899,1
SH1165927.08FU_UDB0376606_reps,Trichocomaceae,Trichocomaceae,0.0663,1
SH1168139.08FU_KC762244_reps,Trichocomaceae,Trichocomaceae,0.924,1
SH1161671.08FU_KT365231_reps,Trichocomaceae,Trichocomaceae,0.926,1
SH1188541.08FU_JF417483_refs,Trichocomaceae,Trichocomaceae,0.906,1
SH1150540.08FU_KX657353_refs,Trichocomaceae,Trichocomaceae,0.84,1
SH1161383.08FU_KF728887_reps,Trichocomaceae,Trichocomaceae,0.829,1
SH1160767.08FU_MH305223_reps,Trichocomaceae,Trichocomaceae,0.833,1
SH1160716.08FU_MH305217_reps,Trichocomaceae,Trichocomaceae,0.926,1
SH1165326.08FU_LR540074_reps,Trichocomaceae,Trichocomaceae,0.0632,1
SH1161087.08FU_KX912074_reps,Trichocomaceae,Trichocomaceae,0.926,1
SH1163199.08FU_MH215226_reps,Trichocomaceae,Trichocomaceae,0.921,1
SH1161269.08FU_FJ548825_reps,Trichocomaceae,Trichocomaceae,0.81,1
SH1161552.08FU_AM711520_reps,Trichocomaceae,Trichocomaceae,0.651,1
SH1161633.08FU_GU441538_reps,Trichocomaceae,Trichocomaceae,0.926,1
SH1167721.08FU_UDB0755191_reps,Thermoascaceae,Clavicipitaceae,0.663,0
SH1161731.08FU_FJ389930_reps,Thermoascaceae,Thermoascaceae,0.513,1
SH1162883.08FU_MN435604_reps,Thermoascaceae,Thermoascaceae,0.668,1
SH1162141.08FU_MT359239_reps,Thermoascaceae,Thermoascaceae,0.6,1
SH1163147.08FU_MH171488_reps,Thermoascaceae,Thermoascaceae,0.671,1
SH1164570.08FU_KX912073_reps,Thermoascaceae,Thermoascaceae,0.313,1
SH1164277.08FU_MH043557_reps,Thermoascaceae,Thermoascaceae,0.584,1
SH1162209.08FU_MW216175_reps,Thermoascaceae,Clavicipitaceae,0.489,0
SH1165552.08FU_KY115690_reps,Thermoascaceae,Thermoascaceae,0.788,1
SH1165973.08FU_MT889810_reps,Thermoascaceae,Thermoascaceae,0.0392,1
SH1163647.08FU_KJ125075_reps,Thermoascaceae,Thermoascaceae,0.479,1
SH1161164.08FU_AY753332_reps,Thermoascaceae,Clavicipitaceae,0.688,0
SH1162924.08FU_GQ229084_reps,Thermoascaceae,Thermoascaceae,0.0759,1
SH1199457.08FU_KR029730_refs,Elaphomycetaceae,Elaphomycetaceae,0.921,1
SH1171821.08FU_KT694139_refs,Elaphomycetaceae,Elaphomycetaceae,0.0433,1
SH1151858.08FU_KT694137_refs,Elaphomycetaceae,Elaphomycetaceae,0.0429,1
SH1199458.08FU_KX238848_refs,Elaphomycetaceae,Elaphomycetaceae,0.872,1
SH1168799.08FU_KX238855_reps,Elaphomycetaceae,Elaphomycetaceae,0.0433,1
SH2592570.08FU_MK112627_reps,Onygenales,Onygenales,0.781,1
SH1188603.08FU_LN867609_refs,Onygenales,Onygenales,0.0161,1
SH1188608.08FU_MW215947_reps,Onygenales,Onygenales,0.0165,1
SH1157621.08FU_U68322_reps,Onygenales,Onygenales,0.0261,1
SH1183951.08FU_HE965758_refs,Onygenales,Onygenales,0.0262,1
SH1157616.08FU_U68331_refs,Onygenales,Onygenales,0.0262,1
SH1178420.08FU_KT155800_refs,Onygenales,Onygenales,0.754,1
SH1178833.08FU_JN889993_reps,Onygenales,Onygenales,0.0263,1
SH1171795.08FU_KC008978_reps,Onygenales,Onygenales,0.0319,1
SH1186067.08FU_KT155969_refs,Onygenales,Onygenales,0.0424,1
SH1157615.08FU_U68317_refs,Onygenales,Onygenales,0.0261,1
SH1169752.08FU_AJ000612_refs,Onygenales,Onygenales,0.0401,1
SH1169163.08FU_AJ877220_refs,Onygenales,Onygenales,0.0401,1
SH1150388.08FU_KC535113_reps,Onygenales,Onygenales,0.0352,1
SH1160191.08FU_AJ439442_refs,Onygenales,Onygenales,0.0426,1
SH1169157.08FU_AJ007846_refs,Onygenales,Onygenales,0.583,1
SH1178422.08FU_EF592154_refs,Onygenales,Onygenales,0.754,1
SH1169877.08FU_KT155673_refs,Onygenales,Onygenales,0.0507,1
SH1146156.08FU_KC923441_reps,Onygenales,Onygenales,0.0263,1
SH2609221.08FU_UDB0222367_reps,Onygenales,NA,0,0
SH1178426.08FU_AF038333_refs,Onygenales,Onygenales,0.74,1
SH1175444.08FU_AJ315828_reps,Onygenales,Onygenales,0.0463,1
SH2592135.08FU_MT312737_reps,Onygenales,Onygenales,0.441,1
SH3565043.08FU_MK329077_reps,Onygenales,Onygenales,0.318,1
SH1157611.08FU_MH633695_reps,Onygenales,Onygenales,0.0259,1
SH1171789.08FU_AY177309_refs,Onygenales,Onygenales,0.0545,1
SH1157668.08FU_KP691484_reps,Onygenales,Onygenales,0.036,1
SH1178423.08FU_EF592152_refs,Onygenales,Onygenales,0.673,1
SH1168565.08FU_MH860294_refs,Onygenales,Onygenales,0.183,1
SH1157618.08FU_U68325_refs,Onygenales,Onygenales,0.104,1
SH1238796.08FU_AM949568_refs,Onygenales,Onygenales,0.036,1
SH1144166.08FU_UDB083180_reps,Onygenales,Onygenales,0.0218,1
SH1188607.08FU_KT155853_reps,Onygenales,Onygenales,0.0262,1
SH1169715.08FU_AY177303_refs,Onygenales,Onygenales,0.0503,1
SH1168563.08FU_MH858363_refs,Onygenales,Onygenales,0.522,1
SH1178834.08FU_JN889986_reps,Onygenales,Onygenales,0.0263,1
SH1169886.08FU_MF939600_reps,Onygenales,Onygenales,0.0486,1
SH3565826.08FU_MN704721_reps,Onygenales,NA,0,0
SH3565969.08FU_MK794584_reps,Onygenales,NA,0,0
SH1178424.08FU_AF038324_refs,Onygenales,Onygenales,0.741,1
SH1175441.08FU_AJ315826_refs,Onygenales,Onygenales,0.054,1
SH1146162.08FU_KT155843_refs,Onygenales,Onygenales,0.0342,1
SH1169725.08FU_MH860362_reps,Onygenales,Onygenales,0.0413,1
SH1188653.08FU_U18360_refs,Onygenales,Onygenales,0.443,1
SH1245449.08FU_KF477238_refs,Onygenales,Onygenales,0.0461,1
SH1168560.08FU_AJ315833_refs,Onygenales,Onygenales,0.318,1
SH1175442.08FU_JF824688_reps,Onygenales,Onygenales,0.0539,1
SH1188602.08FU_AJ315840_refs,Onygenales,Onygenales,0.0416,1
SH1178419.08FU_AF038334_refs,Onygenales,Onygenales,0.712,1
SH1178421.08FU_KT155802_refs,Onygenales,Onygenales,0.683,1
SH1191413.08FU_KT155949_refs,Onygenales,Onygenales,0.0293,1
SH1238313.08FU_AJ000606_refs,Onygenales,Onygenales,0.04,1
SH1157612.08FU_U68332_refs,Onygenales,Onygenales,0.026,1
SH1238321.08FU_KX302074_reps,Onygenales,Onygenales,0.487,1
SH1177459.08FU_HQ540523_refs,Onygenales,Onygenales,0.0261,1
SH2610599.08FU_UDB0275902_reps,Chaetothyriales,Chaetothyriales,0.115,1
SH1216227.08FU_KC456964_reps,Chaetothyriales,Chaetothyriales,0.66,1
SH1182999.08FU_KP347949_reps,Chaetothyriales,Chaetothyriales,0.277,1
SH1160243.08FU_UDB058571_reps,Chaetothyriales,Chaetothyriales,0.016,1
SH1189539.08FU_KX822514_reps,Chaetothyriales,Chaetothyriales,0.0261,1
SH1160241.08FU_EU103997_refs,Chaetothyriales,Chaetothyriales,0.595,1
SH2606961.08FU_UDB0154157_reps,Chaetothyriales,NA,0,0
SH1228039.08FU_JF747094_refs,Chaetothyriales,Chaetothyriales,0.905,1
SH2603480.08FU_UDB0635634_reps,Chaetothyriales,NA,0,0
SH1150401.08FU_UDB0528771_reps,Chaetothyriales,Chaetothyriales,0.0204,1
SH1228283.08FU_KU195591_reps,Chaetothyriales,Chaetothyriales,0.276,1
SH2602639.08FU_UDB060984_reps,Chaetothyriales,Chaetothyriales,0.287,1
SH1226136.08FU_GU072988_reps,Chaetothyriales,Capnodiales,0.0899,0
SH1160275.08FU_DQ124116_reps,Chaetothyriales,Chaetothyriales,0.0268,1
SH1237026.08FU_MH071805_reps,Chaetothyriales,Chaetothyriales,0.024,1
SH1186260.08FU_MG934445_reps,Chaetothyriales,Chaetothyriales,0.031,1
SH1185704.08FU_JF737796_reps,Chaetothyriales,Chaetothyriales,0.0231,1
SH1186372.08FU_JX857220_reps,Chaetothyriales,Chaetothyriales,0.0194,1
SH1186373.08FU_KF274351_reps,Chaetothyriales,Chaetothyriales,0.0188,1
SH1228284.08FU_HQ631022_reps,Chaetothyriales,Chaetothyriales,0.744,1
SH1168360.08FU_UDB0643769_reps,Chaetothyriales,Chaetothyriales,0.0207,1
SH1237029.08FU_HQ607912_reps,Chaetothyriales,Chaetothyriales,0.148,1
SH1184083.08FU_KF614840_reps,Chaetothyriales,Chaetothyriales,0.146,1
SH1151203.08FU_KP235604_reps,Chaetothyriales,Chaetothyriales,0.0322,1
SH1179900.08FU_KF614814_reps,Chaetothyriales,Chaetothyriales,0.0243,1
SH1174141.08FU_KX822544_reps,Chaetothyriales,Chaetothyriales,0.0261,1
SH1173851.08FU_HM239979_reps,Chaetothyriales,Chaetothyriales,0.022,1
SH1174100.08FU_KX434722_refs,Chaetothyriales,Chaetothyriales,0.0315,1
SH1160286.08FU_EU035402_reps,Chaetothyriales,Chaetothyriales,0.336,1
SH1204834.08FU_JX014309_reps,Chaetothyriales,Chaetothyriales,0.243,1
SH1176525.08FU_KF800519_reps,Chaetothyriales,Chaetothyriales,0.0266,1
SH1235783.08FU_UDB0755608_reps,Chaetothyriales,Chaetothyriales,0.0261,1
SH1182992.08FU_AB712023_reps,Chaetothyriales,Chaetothyriales,0.38,1
SH1180518.08FU_AY857524_refs,Chaetothyriales,Chaetothyriales,0.491,1
SH1180517.08FU_MN410617_reps,Chaetothyriales,Chaetothyriales,0.923,1
SH1228074.08FU_UDB0401072_reps,Chaetothyriales,Chaetothyriales,0.0768,1
SH1180804.08FU_JN040510_refs,Chaetothyriales,Chaetothyriales,0.612,1
SH1185365.08FU_MT528110_reps,Chaetothyriales,Chaetothyriales,0.897,1
SH1160245.08FU_JF267659_reps,Chaetothyriales,Chaetothyriales,0.496,1
SH1186362.08FU_KF274227_reps,Chaetothyriales,Chaetothyriales,0.111,1
SH2618316.08FU_UDB0669738_reps,Chaetothyriales,Chaetothyriales,0.317,1
SH1160258.08FU_EU103996_refs,Chaetothyriales,Chaetothyriales,0.29,1
SH1214592.08FU_MK210540_reps,Chaetothyriales,Chaetothyriales,0.025,1
SH2602757.08FU_UDB0299294_reps,Chaetothyriales,NA,0,0
SH1173301.08FU_MH859810_refs,Chaetothyriales,Helotiales,0.154,0
SH1160379.08FU_KP347955_reps,Chaetothyriales,Chaetothyriales,0.031,1
SH1186379.08FU_JQ346927_reps,Chaetothyriales,Chaetothyriales,0.504,1
SH1160280.08FU_JF747108_refs,Chaetothyriales,Chaetothyriales,0.203,1
SH1192665.08FU_JX473278_reps,Chaetothyriales,Chaetothyriales,0.769,1
SH1228068.08FU_KR215608_refs,Chaetothyriales,Chaetothyriales,0.0922,1
SH1237022.08FU_MF976620_reps,Chaetothyriales,Chaetothyriales,0.0176,1
SH3565763.08FU_MT237026_reps,Chaetothyriales,NA,0,0
SH1194485.08FU_KF060234_reps,Chaetothyriales,Chaetothyriales,0.0163,1
SH1180795.08FU_HQ709322_refs,Chaetothyriales,Chaetothyriales,0.681,1
SH1180797.08FU_EU730589_refs,Chaetothyriales,Chaetothyriales,0.893,1
SH2605316.08FU_UDB0115893_reps,Chaetothyriales,NA,0,0
SH1216229.08FU_UDB004109_reps,Chaetothyriales,Chaetothyriales,0.522,1
SH1236590.08FU_AY559333_reps,Chaetothyriales,Chaetothyriales,0.02,1
SH1160298.08FU_AB986418_reps,Chaetothyriales,Chaetothyriales,0.587,1
SH1245393.08FU_HE605268_reps,Chaetothyriales,Chaetothyriales,0.031,1
SH1228278.08FU_FN908214_refs,Chaetothyriales,Chaetothyriales,0.343,1
SH1228268.08FU_JQ766443_refs,Chaetothyriales,Chaetothyriales,0.835,1
SH1147972.08FU_DQ420759_reps,Chaetothyriales,Chaetothyriales,0.031,1
SH1180818.08FU_AJ972788_reps,Chaetothyriales,Chaetothyriales,0.195,1
SH1231661.08FU_KC455241_refs,Chaetothyriales,Chaetothyriales,0.0412,1
SH1182896.08FU_HG793052_refs,Chaetothyriales,Chaetothyriales,0.0416,1
SH1178758.08FU_JN889954_reps,Chaetothyriales,Chaetothyriales,0.0261,1
SH1160251.08FU_GQ426976_reps,Chaetothyriales,Chaetothyriales,0.513,1
SH1204833.08FU_HQ634608_reps,Chaetothyriales,Chaetothyriales,0.156,1
SH1160317.08FU_AF050252_refs,Chaetothyriales,Chaetothyriales,0.03,1
SH1188953.08FU_KX434723_refs,Chaetothyriales,Chaetothyriales,0.163,1
SH1226133.08FU_KF800103_reps,Chaetothyriales,Lichinales,0.128,0
SH1228050.08FU_KX495642_reps,Chaetothyriales,Chaetothyriales,0.0941,1
SH1236772.08FU_KC951248_reps,Chaetothyriales,Chaetothyriales,0.0261,1
SH1180838.08FU_UDB062360_reps,Chaetothyriales,Chaetothyriales,0.193,1
SH1238769.08FU_UDB0621241_reps,Chaetothyriales,Eurotiales,0.0146,0
SH1198702.08FU_KC965317_reps,Chaetothyriales,Chaetothyriales,0.0261,1
SH1160257.08FU_UDB092434_reps,Chaetothyriales,NA,0,0
SH2604063.08FU_UDB080692_reps,Chaetothyriales,Chaetothyriales,0.0116,1
SH1151205.08FU_EU516743_reps,Chaetothyriales,Chaetothyriales,0.0323,1
SH1228270.08FU_EU514700_refs,Chaetothyriales,Chaetothyriales,0.0268,1
SH1160253.08FU_KC776600_reps,Chaetothyriales,Chaetothyriales,0.0255,1
SH1177762.08FU_UDB0765459_reps,Chaetothyriales,Chaetothyriales,0.0261,1
SH1160338.08FU_UDB0767062_reps,Chaetothyriales,Chaetothyriales,0.0173,1
SH1186390.08FU_UDB0209378_reps,Chaetothyriales,Chaetothyriales,0.0144,1
SH2607338.08FU_UDB0161967_reps,Chaetothyriales,Capnodiales,0.0146,0
SH2606886.08FU_UDB0152866_reps,Chaetothyriales,Chaetothyriales,0.0147,1
SH1204838.08FU_JX313651_reps,Chaetothyriales,Chaetothyriales,0.0346,1
SH3565092.08FU_MK518060_reps,Chaetothyriales,NA,0,0
SH2610438.08FU_UDB0269647_reps,Chaetothyriales,Capnodiales,0.0248,0
SH1176018.08FU_MG670420_reps,Chaetothyriales,Chaetothyriales,0.0206,1
SH1160238.08FU_JF747041_refs,Chaetothyriales,Chaetothyriales,0.176,1
SH2603311.08FU_UDB0203094_reps,Chaetothyriales,Chaetothyriales,0.0105,1
SH1186258.08FU_DQ008127_refs,Chaetothyriales,Chaetothyriales,0.031,1
SH3218662.08FU_UDB0378545_reps,Chaetothyriales,NA,0,0
SH1216230.08FU_AM901749_reps,Chaetothyriales,Chaetothyriales,0.599,1
SH1183263.08FU_KF359671_reps,Chaetothyriales,Chaetothyriales,0.0208,1
SH2607946.08FU_UDB0181860_reps,Chaetothyriales,NA,0,0
SH2603011.08FU_UDB066171_reps,Chaetothyriales,Chaetothyriales,0.461,1
SH2603209.08FU_UDB067443_reps,Chaetothyriales,Chaetothyriales,0.2,1
SH2611101.08FU_UDB0647390_reps,Chaetothyriales,NA,0,0
SH1186421.08FU_UDB0666040_reps,Chaetothyriales,Chaetothyriales,0.0177,1
SH1204842.08FU_UDB0437625_reps,Chaetothyriales,Chaetothyriales,0.018,1
SH1172805.08FU_KC965145_reps,Chaetothyriales,Chaetothyriales,0.0261,1
SH1160281.08FU_AB847008_reps,Chaetothyriales,Chaetothyriales,0.534,1
SH2609824.08FU_UDB0244838_reps,Chaetothyriales,Chaetothyriales,0.105,1
SH1188958.08FU_EU041811_refs,Chaetothyriales,Chaetothyriales,0.236,1
SH1149908.08FU_HM239689_reps,Chaetothyriales,Chaetothyriales,0.0261,1
SH1238959.08FU_EF014205_reps,Verrucariales,Verrucariales,0.677,1
SH1192297.08FU_JX848567_reps,Verrucariales,Verrucariales,0.679,1
SH1192234.08FU_KX720579_refs,Verrucariales,Verrucariales,0.652,1
SH1223445.08FU_EU364560_reps,Verrucariales,Verrucariales,0.498,1
SH1192239.08FU_EU249483_refs,Verrucariales,Verrucariales,0.143,1
SH1192318.08FU_JF737807_reps,Verrucariales,Verrucariales,0.077,1
SH1238966.08FU_MT873517_reps,Verrucariales,Verrucariales,0.708,1
SH1159986.08FU_FJ664848_reps,Verrucariales,Verrucariales,0.0822,1
SH1238958.08FU_EF014153_reps,Verrucariales,Verrucariales,0.476,1
SH1172446.08FU_GQ344594_reps,Verrucariales,Verrucariales,0.0822,1
SH1184454.08FU_FJ479636_reps,Verrucariales,Verrucariales,0.41,1
SH1192333.08FU_MN103145_reps,Verrucariales,Verrucariales,0.153,1
SH1193506.08FU_KC965931_reps,Verrucariales,Verrucariales,0.0538,1
SH1177406.08FU_JN638264_refs,Verrucariales,Verrucariales,0.0822,1
SH1184456.08FU_KF959776_reps,Verrucariales,Verrucariales,0.514,1
SH1192049.08FU_MF882946_reps,Verrucariales,Verrucariales,0.0458,1
SH1192277.08FU_KF297058_reps,Verrucariales,Verrucariales,0.48,1
SH1238947.08FU_AF333132_reps,Verrucariales,Verrucariales,0.558,1
SH1192351.08FU_KX538747_refs,Verrucariales,Verrucariales,0.687,1
SH1192227.08FU_KM371614_reps,Verrucariales,Verrucariales,0.615,1
SH1238707.08FU_KF959802_refs,Verrucariales,Verrucariales,0.51,1
SH1223447.08FU_EU697678_reps,Verrucariales,Verrucariales,0.31,1
SH1192240.08FU_KM371480_reps,Verrucariales,Verrucariales,0.536,1
SH1193419.08FU_MT127211_reps,Verrucariales,Verrucariales,0.0654,1
SH1192238.08FU_KM371439_reps,Verrucariales,Verrucariales,0.47,1
SH1193500.08FU_JQ088050_refs,Verrucariales,Verrucariales,0.295,1
SH1179154.08FU_GU228990_reps,Verrucariales,Verrucariales,0.0822,1
SH1192250.08FU_KY682961_reps,Verrucariales,Verrucariales,0.701,1
SH1193432.08FU_MT127199_reps,Verrucariales,Verrucariales,0.0357,1
SH1170990.08FU_KC966234_reps,Verrucariales,NA,0,0
SH1192288.08FU_DQ826742_reps,Verrucariales,Verrucariales,0.0822,1
SH1238942.08FU_JX645041_reps,Verrucariales,Verrucariales,0.703,1
SH3567446.08FU_LC547489_reps,Verrucariales,NA,0,0
SH1238950.08FU_EF014198_reps,Verrucariales,Verrucariales,0.529,1
SH1192229.08FU_KM243211_reps,Verrucariales,Verrucariales,0.667,1
SH1179146.08FU_GU228970_reps,Verrucariales,Verrucariales,0.0822,1
SH1191609.08FU_GQ154598_refs,Phaeomoniellales,Phaeomoniellales,0.633,1
SH3568847.08FU_MT298136_reps,Phaeomoniellales,NA,0,0
SH1191612.08FU_GQ154590_refs,Phaeomoniellales,Phaeomoniellales,0.0868,1
SH1168504.08FU_GU229890_refs,Phaeomoniellales,Phaeomoniellales,0.0104,1
SH3565809.08FU_MN575664_reps,Mycocaliciales,NA,0,0
SH1183803.08FU_AY795877_reps,Mycocaliciales,Mycocaliciales,0.0654,1
SH1238266.08FU_KY661629_reps,Sclerococcales,Sclerococcales,0.158,1
SH2595539.08FU_MK876394_reps,Coryneliales,NA,0,0
SH1185551.08FU_KP881713_reps,Coryneliales,NA,0,0
SH1142248.08FU_JQ927461_reps,Pyrenulales,Pyrenulales,0.136,1
SH1179442.08FU_KT820084_reps,Pyrenulales,Pyrenulales,0.141,1
SH1142247.08FU_DQ782845_refs,Pyrenulales,Pyrenulales,0.0482,1
SH1142249.08FU_KT820097_reps,Pyrenulales,Pyrenulales,0.131,1
SH1185145.08FU_KT820163_reps,Pyrenulales,Pyrenulales,0.145,1
SH2595315.08FU_MK812685_reps,Pyrenulales,Pyrenulales,0.0482,1
SH1142246.08FU_KT820104_reps,Pyrenulales,Pyrenulales,0.0992,1
SH1171970.08FU_MK047430_reps,Glomerellales,Glomerellales,0.0217,1
SH1176561.08FU_GU180627_refs,Glomerellales,Glomerellales,0.0475,1
SH1176844.08FU_EF543859_refs,Glomerellales,Glomerellales,0.254,1
SH3568938.08FU_MW159362_reps,Glomerellales,Glomerellales,0.909,1
SH1171878.08FU_JN050238_refs,Glomerellales,Glomerellales,0.937,1
SH1171974.08FU_DQ003118_reps,Glomerellales,Glomerellales,0.04,1
SH1171884.08FU_JQ005771_refs,Glomerellales,Glomerellales,0.938,1
SH1171877.08FU_JQ005235_refs,Glomerellales,Glomerellales,0.92,1
SH2611509.08FU_UDB0653294_reps,Glomerellales,Glomerellales,0.0158,1
SH1178732.08FU_LN810520_refs,Glomerellales,Hypocreales,0.0239,0
SH1171887.08FU_GU227894_refs,Glomerellales,Glomerellales,0.624,1
SH2603176.08FU_UDB0535580_reps,Glomerellales,NA,0,0
SH1171875.08FU_JQ948459_refs,Glomerellales,Glomerellales,0.926,1
SH2595141.08FU_MK828652_reps,Sordariomycetes,NA,0,0
SH1144189.08FU_KX751712_refs,Sordariomycetes,Togniniales,0.0161,0
SH1144188.08FU_MG979758_refs,Sordariomycetes,NA,0,0
SH1237308.08FU_KY931792_refs,Sordariomycetes,dummy_order_Lentomitella,0.184,0
SH3220326.08FU_UDB0367528_reps,Microascales,NA,0,0
SH1153143.08FU_AY225492_reps,Microascales,Microascales,0.0701,1
SH1192872.08FU_MH861544_refs,Microascales,Microascales,0.516,1
SH1149494.08FU_JQ989314_reps,Microascales,Microascales,0.035,1
SH1238491.08FU_FJ151436_refs,Microascales,Microascales,0.0657,1
SH1153144.08FU_AY225496_reps,Microascales,Microascales,0.0702,1
SH1192866.08FU_LN850988_refs,Microascales,Microascales,0.0652,1
SH1193348.08FU_JQ747734_reps,Microascales,Boliniales,0.209,0
SH1238483.08FU_FJ236723_refs,Microascales,Microascales,0.916,1
SH1227624.08FU_FJ411322_reps,Microascales,Microascales,0.792,1
SH1193347.08FU_EU482280_reps,Microascales,Boliniales,0.447,0
SH1215749.08FU_AJ271576_refs,Microascales,Sordariales,0.919,0
SH1146112.08FU_LM652434_refs,Microascales,Microascales,0.89,1
SH2608201.08FU_UDB0308812_reps,Microascales,NA,0,0
SH1146118.08FU_LM652446_refs,Microascales,Microascales,0.367,1
SH2592138.08FU_MH857977_refs,Microascales,Microascales,0.0517,1
SH1192863.08FU_KY852473_refs,Microascales,Microascales,0.331,1
SH1241430.08FU_HQ649898_reps,Microascales,Microascales,0.921,1
SH1227623.08FU_MH011349_reps,Microascales,Microascales,0.0657,1
SH1148158.08FU_AB038432_refs,Microascales,Microascales,0.491,1
SH1227621.08FU_KC305130_refs,Microascales,Microascales,0.866,1
SH1146122.08FU_KU746687_reps,Microascales,Microascales,0.653,1
SH1190587.08FU_KF285536_refs,Microascales,Microascales,0.035,1
SH1146119.08FU_KX923905_refs,Microascales,Microascales,0.0652,1
SH1204277.08FU_EU254964_reps,Diaporthales,Diaporthales,0.58,1
SH2593261.08FU_MG870421_reps,Diaporthales,Diaporthales,0.0291,1
SH3568400.08FU_MW045798_reps,Diaporthales,NA,0,0
SH1185322.08FU_MW046025_reps,Diaporthales,Xylariales,0.026,0
SH1179786.08FU_JQ926291_refs,Diaporthales,Diaporthales,0.0939,1
SH1152292.08FU_KY852494_reps,Diaporthales,Diaporthales,0.0291,1
SH1235725.08FU_KP713868_reps,Diaporthales,Diaporthales,0.556,1
SH1169930.08FU_AY347374_refs,Diaporthales,Diaporthales,0.884,1
SH1178349.08FU_MN447227_reps,Diaporthales,Diaporthales,0.505,1
SH1178372.08FU_AY720737_refs,Diaporthales,Diaporthales,0.181,1
SH1178334.08FU_KR476725_refs,Diaporthales,Diaporthales,0.862,1
SH1173875.08FU_KC343139_refs,Diaporthales,Diaporthales,0.445,1
SH1235728.08FU_HM122966_reps,Diaporthales,Diaporthales,0.868,1
SH1204305.08FU_JQ414265_refs,Diaporthales,Diaporthales,0.737,1
SH1169901.08FU_KC343123_refs,Diaporthales,Diaporthales,0.605,1
SH1151580.08FU_JQ685516_refs,Diaporthales,Diaporthales,0.0902,1
SH1178368.08FU_JQ862765_refs,Diaporthales,Diaporthales,0.0234,1
SH1178361.08FU_JQ706113_reps,Diaporthales,Diaporthales,0.122,1
SH1204302.08FU_JQ414235_refs,Diaporthales,Diaporthales,0.683,1
SH2592903.08FU_MH267902_reps,Diaporthales,Diaporthales,0.0706,1
SH1229151.08FU_KF436026_reps,Diaporthales,Diaporthales,0.0204,1
SH1178336.08FU_AY339317_refs,Diaporthales,Diaporthales,0.479,1
SH1170050.08FU_KJ490628_refs,Diaporthales,Diaporthales,0.858,1
SH1169982.08FU_MT012104_reps,Diaporthales,Diaporthales,0.542,1
SH1204311.08FU_MT237099_reps,Diaporthales,Diaporthales,0.757,1
SH1169967.08FU_KM669931_reps,Diaporthales,Diaporthales,0.615,1
SH1170386.08FU_KY523476_refs,Diaporthales,Xylariales,0.681,0
SH1235722.08FU_AY347333_reps,Diaporthales,Diaporthales,0.902,1
SH1204284.08FU_EU254977_refs,Diaporthales,Diaporthales,0.679,1
SH1215695.08FU_KT732952_refs,Diaporthales,Diaporthales,0.802,1
SH1169958.08FU_KC626047_reps,Diaporthales,Diaporthales,0.0696,1
SH1169937.08FU_KY491548_reps,Diaporthales,Diaporthales,0.595,1
SH2610970.08FU_UDB0398349_reps,Diaporthales,Diaporthales,0.335,1
SH1243361.08FU_LC041059_reps,Diaporthales,Diaporthales,0.046,1
SH1244639.08FU_KY523490_reps,Diaporthales,Diaporthales,0.0741,1
SH1204272.08FU_EU254797_refs,Diaporthales,Diaporthales,0.559,1
SH1204264.08FU_JQ414251_reps,Diaporthales,Diaporthales,0.806,1
SH1169919.08FU_KU727742_reps,Diaporthales,Diaporthales,0.464,1
SH1153466.08FU_FN394691_reps,Diaporthales,Diaporthales,0.0259,1
SH1235718.08FU_DQ996044_reps,Diaporthales,Diaporthales,0.426,1
SH1178351.08FU_KR476738_refs,Diaporthales,Diaporthales,0.0222,1
SH1235701.08FU_FR837928_reps,Diaporthales,Diaporthales,0.803,1
SH2592876.08FU_MK432669_reps,Diaporthales,Diaporthales,0.635,1
SH1174176.08FU_KX909034_reps,Diaporthales,Diaporthales,0.072,1
SH1235734.08FU_AY347346_reps,Diaporthales,Diaporthales,0.472,1
SH1169944.08FU_JN198413_reps,Diaporthales,Diaporthales,0.065,1
SH2593989.08FU_KY051842_reps,Diaporthales,Diaporthales,0.816,1
SH1151579.08FU_KX228274_refs,Diaporthales,Diaporthales,0.0751,1
SH1204288.08FU_JQ414271_refs,Diaporthales,Diaporthales,0.608,1
SH1204312.08FU_EU254788_refs,Diaporthales,Diaporthales,0.523,1
SH3566426.08FU_MT385948_reps,Diaporthales,NA,0,0
SH3566424.08FU_MT797182_reps,Diaporthales,Diaporthales,0.334,1
SH1169907.08FU_JX069860_refs,Diaporthales,Diaporthales,0.651,1
SH1144065.08FU_MF190120_refs,Diaporthales,Diaporthales,0.0785,1
SH1204315.08FU_UDB0305684_reps,Diaporthales,Diaporthales,0.0798,1
SH1169932.08FU_KX986784_reps,Diaporthales,Diaporthales,0.35,1
SH1179789.08FU_MH863731_reps,Diaporthales,Diaporthales,0.0927,1
SH1153465.08FU_JQ926270_reps,Diaporthales,Diaporthales,0.0871,1
SH1215694.08FU_GU826096_refs,Diaporthales,Diaporthales,0.812,1
SH1178343.08FU_DQ923532_reps,Diaporthales,Diaporthales,0.138,1
SH1169904.08FU_AF230751_refs,Diaporthales,Diaporthales,0.568,1
SH1235714.08FU_MG707859_refs,Diaporthales,Diaporthales,0.823,1
SH1170038.08FU_MF190140_refs,Diaporthales,Diaporthales,0.573,1
SH1169917.08FU_KX228293_refs,Diaporthales,Diaporthales,0.444,1
SH3566562.08FU_MT360042_reps,Diaporthales,Diaporthales,0.801,1
SH1204274.08FU_EU254971_reps,Diaporthales,Diaporthales,0.757,1
SH1169953.08FU_KY790594_reps,Diaporthales,Diaporthales,0.264,1
SH1189583.08FU_LC128385_reps,Diaporthales,Diaporthales,0.0575,1
SH1142719.08FU_KY523486_refs,Diaporthales,Diaporthales,0.0596,1
SH1169945.08FU_GQ370369_reps,Diaporthales,Diaporthales,0.618,1
SH1178355.08FU_JQ685518_refs,Diaporthales,Diaporthales,0.0716,1
SH1142718.08FU_KY523482_refs,Diaporthales,Diaporthales,0.0932,1
SH1204269.08FU_JQ414230_refs,Diaporthales,Diaporthales,0.672,1
SH1235704.08FU_JN159681_reps,Diaporthales,Diaporthales,0.582,1
SH1178390.08FU_AY167436_refs,Diaporthales,Diaporthales,0.461,1
SH1169912.08FU_KC343115_refs,Diaporthales,Diaporthales,0.818,1
SH1169960.08FU_KR708957_reps,Diaporthales,Diaporthales,0.543,1
SH1169916.08FU_JN053092_reps,Diaporthales,Diaporthales,0.879,1
SH1214788.08FU_MF959500_refs,Diaporthales,Xylariales,0.771,0
SH1143283.08FU_KU220899_reps,Coniochaetales,Coniochaetales,0.0286,1
SH1234467.08FU_HE610337_refs,Coniochaetales,Sordariales,0.718,0
SH1234525.08FU_AY699671_reps,Coniochaetales,Coniochaetales,0.557,1
SH1234505.08FU_KY574439_reps,Coniochaetales,Coniochaetales,0.0253,1
SH2607121.08FU_UDB0154909_reps,Coniochaetales,NA,0,0
SH1143285.08FU_MN216224_reps,Coniochaetales,Coniochaetales,0.0255,1
SH1234487.08FU_UDB0565186_reps,Coniochaetales,Coniochaetales,0.183,1
SH1234466.08FU_HE610336_refs,Coniochaetales,Coniochaetales,0.759,1
SH1234489.08FU_JQ692166_reps,Coniochaetales,Coniochaetales,0.566,1
SH2596444.08FU_MH262308_reps,Sordariales,Sordariales,0.0315,1
SH2593269.08FU_MK247847_reps,Sordariales,Sordariales,0.0584,1
SH2605293.08FU_UDB0188053_reps,Sordariales,NA,0,0
SH1187776.08FU_AY515357_reps,Sordariales,Sordariales,0.557,1
SH1215840.08FU_KJ598630_reps,Sordariales,Sordariales,0.824,1
SH1178842.08FU_JN890448_reps,Sordariales,Sordariales,0.0315,1
SH1215816.08FU_FM955449_refs,Sordariales,Sordariales,0.0315,1
SH2602657.08FU_UDB061151_reps,Sordariales,NA,0,0
SH2613265.08FU_UDB0395006_reps,Sordariales,NA,0,0
SH1179341.08FU_JX042926_reps,Sordariales,Sordariales,0.0315,1
SH1215909.08FU_MN654349_reps,Sordariales,Sordariales,0.809,1
SH2604271.08FU_UDB099803_reps,Sordariales,NA,0,0
SH1189840.08FU_FN386300_reps,Sordariales,Sordariales,0.0579,1
SH1237065.08FU_HE672151_refs,Sordariales,Sordariales,0.296,1
SH1149809.08FU_UDB0149950_reps,Sordariales,Sordariales,0.0315,1
SH1215814.08FU_JF412017_refs,Sordariales,Sordariales,0.0575,1
SH1178593.08FU_UDB0375207_reps,Sordariales,Sordariales,0.0263,1
SH1215812.08FU_LC146765_reps,Sordariales,Sordariales,0.668,1
SH1215896.08FU_UDB035096_reps,Sordariales,Sordariales,0.789,1
SH2602672.08FU_UDB0218403_reps,Sordariales,Sordariales,0.0314,1
SH1186729.08FU_KY823605_reps,Sordariales,Sordariales,0.93,1
SH1142219.08FU_MH857710_refs,Sordariales,Sordariales,0.822,1
SH2592961.08FU_MN956795_reps,Sordariales,Sordariales,0.0217,1
SH2605525.08FU_UDB0673632_reps,Sordariales,NA,0,0
SH1215772.08FU_MH428676_reps,Sordariales,Sordariales,0.608,1
SH3566471.08FU_MK762586_reps,Sordariales,Sordariales,0.0158,1
SH1237096.08FU_MT183864_reps,Sordariales,Sordariales,0.0208,1
SH1215785.08FU_KU931475_reps,Sordariales,Sordariales,0.0387,1
SH1215753.08FU_AY999118_refs,Sordariales,Sordariales,0.834,1
SH1215748.08FU_FJ175159_refs,Sordariales,Sordariales,0.854,1
SH1215839.08FU_KJ411542_reps,Sordariales,Sordariales,0.0238,1
SH1215764.08FU_UDB0273575_reps,Sordariales,NA,0,0
SH1215907.08FU_HG328105_reps,Sordariales,Sordariales,0.932,1
SH2603548.08FU_UDB0232244_reps,Sordariales,NA,0,0
SH1236172.08FU_EF635832_reps,Sordariales,Sordariales,0.0315,1
SH1244313.08FU_JN936994_refs,Sordariales,Sordariales,0.0315,1
SH1237075.08FU_UDB0646258_reps,Sordariales,Sordariales,0.421,1
SH2601803.08FU_UDB0442634_reps,Sordariales,NA,0,0
SH1142226.08FU_GQ922521_refs,Sordariales,Sordariales,0.789,1
SH1215779.08FU_UDB0122298_reps,Sordariales,Sordariales,0.525,1
SH1215901.08FU_UDB0244291_reps,Sordariales,Sordariales,0.0547,1
SH1173138.08FU_HE610365_refs,Sordariales,Sordariales,0.0713,1
SH1185112.08FU_JQ081850_reps,Sordariales,Sordariales,0.0309,1
SH2606953.08FU_UDB0154118_reps,Sordariales,Sordariales,0.425,1
SH1143533.08FU_UDB075185_reps,Sordariales,NA,0,0
SH2597977.08FU_UDB0766508_reps,Sordariales,Sordariales,0.0314,1
SH2607333.08FU_UDB0504190_reps,Sordariales,NA,0,0
SH3566415.08FU_MT410501_reps,Sordariales,NA,0,0
SH2592053.08FU_MH861283_reps,Sordariales,Sordariales,0.43,1
SH2592013.08FU_MH855940_reps,Sordariales,Sordariales,0.0353,1
SH2603490.08FU_UDB090985_reps,Sordariales,NA,0,0
SH1194534.08FU_GQ924000_reps,Sordariales,Sordariales,0.0335,1
SH1155276.08FU_MF374359_refs,Sordariales,Sordariales,0.0315,1
SH1236704.08FU_MH860107_reps,Sordariales,Sordariales,0.0579,1
SH1215751.08FU_AY681204_refs,Sordariales,Sordariales,0.773,1
SH1194536.08FU_MW045610_reps,Sordariales,Sordariales,0.0155,1
SH1178124.08FU_KP754114_reps,Sordariales,Sordariales,0.0313,1
SH1174603.08FU_EF611340_reps,Sordariales,Sordariales,0.0493,1
SH1183460.08FU_JX042887_reps,Hypocreales,Hypocreales,0.0243,1
SH1187954.08FU_AY941822_refs,Hypocreales,Hypocreales,0.879,1
SH2594051.08FU_UDB0779015_reps,Hypocreales,Hypocreales,0.051,1
SH3686647.08FU_LC474615_reps,Hypocreales,NA,0,0
SH3567727.08FU_MH532874_reps,Hypocreales,NA,0,0
SH3567759.08FU_MT000705_reps,Hypocreales,NA,0,0
SH2597008.08FU_UDB039478_reps,Hypocreales,Hypocreales,0.808,1
SH2604599.08FU_UDB0526871_reps,Hypocreales,NA,0,0
SH2606130.08FU_UDB0429104_reps,Hypocreales,Hypocreales,0.881,1
SH1237872.08FU_JN190871_refs,Hypocreales,Hypocreales,0.0878,1
SH1156623.08FU_FJ459786_reps,Hypocreales,Hypocreales,0.849,1
SH1220317.08FU_KM231806_reps,Hypocreales,Hypocreales,0.847,1
SH1161477.08FU_MK811128_reps,Hypocreales,Hypocreales,0.642,1
SH1182857.08FU_KU164692_reps,Hypocreales,Hypocreales,0.262,1
SH1144398.08FU_KY415577_reps,Hypocreales,Hypocreales,0.0744,1
SH2595716.08FU_MN193007_reps,Hypocreales,Hypocreales,0.884,1
SH1169328.08FU_EU081846_reps,Hypocreales,Hypocreales,0.0733,1
SH1142977.08FU_AB360356_refs,Hypocreales,Hypocreales,0.752,1
SH3223086.08FU_MH092892_reps,Hypocreales,Hypocreales,0.0744,1
SH2596932.08FU_UDB0778742_reps,Hypocreales,Hypocreales,0.349,1
SH1169037.08FU_UDB0175232_reps,Hypocreales,Hypocreales,0.0158,1
SH1156641.08FU_MT887564_reps,Hypocreales,Hypocreales,0.555,1
SH1173596.08FU_JQ666054_refs,Hypocreales,Hypocreales,0.952,1
SH1188241.08FU_MH726097_reps,Hypocreales,Hypocreales,0.56,1
SH1183126.08FU_KF669512_reps,Hypocreales,Hypocreales,0.0284,1
SH3216601.08FU_UDB0686227_reps,Hypocreales,NA,0,0
SH1183106.08FU_KU847232_refs,Hypocreales,Hypocreales,0.43,1
SH1181282.08FU_KU845988_refs,Hypocreales,Hypocreales,0.736,1
SH1173620.08FU_HM626658_refs,Hypocreales,Hypocreales,0.805,1
SH1150973.08FU_KY173435_refs,Hypocreales,Hypocreales,0.0798,1
SH1173634.08FU_MH268002_reps,Hypocreales,Hypocreales,0.511,1
SH1188047.08FU_MK652834_reps,Hypocreales,Hypocreales,0.953,1
SH1156615.08FU_KF373544_reps,Hypocreales,Hypocreales,0.0567,1
SH1173829.08FU_GU723756_reps,Hypocreales,Hypocreales,0.0744,1
SH1182436.08FU_JQ815076_refs,Hypocreales,Hypocreales,0.944,1
SH1192383.08FU_MG031299_reps,Hypocreales,Hypocreales,0.0563,1
SH1190766.08FU_MF193500_refs,Hypocreales,Hypocreales,0.103,1
SH1191223.08FU_AJ786593_reps,Hypocreales,Hypocreales,0.0569,1
SH1209352.08FU_KP306955_reps,Hypocreales,Hypocreales,0.0677,1
SH1173648.08FU_KF512543_reps,Hypocreales,Hypocreales,0.515,1
SH1182710.08FU_KU323896_reps,Hypocreales,Hypocreales,0.0899,1
SH1161310.08FU_MF175981_reps,Hypocreales,Hypocreales,0.704,1
SH1174678.08FU_MN108300_reps,Hypocreales,Hypocreales,0.0854,1
SH1209626.08FU_UDB0622590_reps,Hypocreales,Hypocreales,0.0619,1
SH1188153.08FU_FJ860725_refs,Hypocreales,Hypocreales,0.0899,1
SH1177911.08FU_HQ654776_reps,Hypocreales,Hypocreales,0.827,1
SH1148343.08FU_UDB0469955_reps,Hypocreales,Hypocreales,0.184,1
SH1156624.08FU_MT000695_reps,Hypocreales,Hypocreales,0.608,1
SH1156587.08FU_AY624172_refs,Hypocreales,Hypocreales,0.885,1
SH1188128.08FU_MH284242_reps,Hypocreales,Hypocreales,0.914,1
SH1167027.08FU_MF176009_reps,Hypocreales,Hypocreales,0.631,1
SH1194455.08FU_JN093257_reps,Hypocreales,Hypocreales,0.0644,1
SH1170553.08FU_FN691451_refs,Hypocreales,Hypocreales,0.83,1
SH1156601.08FU_AB378506_refs,Hypocreales,Hypocreales,0.682,1
SH1156591.08FU_MK329096_reps,Hypocreales,Hypocreales,0.737,1
SH1194439.08FU_JN006744_refs,Hypocreales,Hypocreales,0.0847,1
SH1173638.08FU_AY554212_refs,Hypocreales,Hypocreales,0.791,1
SH1187995.08FU_AY894979_refs,Hypocreales,Hypocreales,0.554,1
SH1142349.08FU_LC428827_reps,Hypocreales,Hypocreales,0.0878,1
SH1160501.08FU_JQ905686_reps,Hypocreales,Hypocreales,0.0626,1
SH1183119.08FU_KU846287_refs,Hypocreales,Hypocreales,0.482,1
SH1177378.08FU_HM195305_refs,Hypocreales,Hypocreales,0.659,1
SH1151846.08FU_EU652350_reps,Hypocreales,Hypocreales,0.0868,1
SH1169532.08FU_AM779860_reps,Hypocreales,Hypocreales,0.67,1
SH2596434.08FU_MK849890_reps,Hypocreales,Hypocreales,0.925,1
SH1155931.08FU_HM161741_reps,Hypocreales,Hypocreales,0.0569,1
SH1237504.08FU_UDB0660052_reps,Hypocreales,Hypocreales,0.845,1
SH1173609.08FU_KM231763_refs,Hypocreales,Hypocreales,0.909,1
SH1184607.08FU_MH866012_reps,Hypocreales,Hypocreales,0.603,1
SH1185093.08FU_KJ021977_reps,Hypocreales,Hypocreales,0.0878,1
SH1192195.08FU_HM245331_reps,Hypocreales,Hypocreales,0.399,1
SH1173615.08FU_U34581_refs,Hypocreales,Hypocreales,0.902,1
SH2609228.08FU_UDB0436106_reps,Hypocreales,NA,0,0
SH1177364.08FU_AJ292402_refs,Hypocreales,Hypocreales,0.793,1
SH1177363.08FU_AJ292410_refs,Hypocreales,Hypocreales,0.943,1
SH1157886.08FU_U57667_reps,Hypocreales,Hypocreales,0.0231,1
SH1170567.08FU_HG965025_refs,Hypocreales,Hypocreales,0.506,1
SH1187565.08FU_JQ860113_reps,Hypocreales,Hypocreales,0.947,1
SH1212203.08FU_MT215495_reps,Hypocreales,Hypocreales,0.931,1
SH1177902.08FU_KP885725_refs,Hypocreales,Hypocreales,0.946,1
SH1190977.08FU_UDB0512446_reps,Hypocreales,Hypocreales,0.0682,1
SH1173688.08FU_MT777280_reps,Hypocreales,Hypocreales,0.737,1
SH1173700.08FU_HQ897793_reps,Hypocreales,Hypocreales,0.638,1
SH1173654.08FU_JF832628_reps,Hypocreales,Hypocreales,0.855,1
SH1182747.08FU_MG827022_refs,Hypocreales,Hypocreales,0.0529,1
SH3216594.08FU_UDB0582292_reps,Hypocreales,NA,0,0
SH2606136.08FU_UDB0127083_reps,Hypocreales,NA,0,0
SH1179901.08FU_JN190879_reps,Hypocreales,Hypocreales,0.0878,1
SH1188001.08FU_FJ860760_reps,Hypocreales,Hypocreales,0.784,1
SH1188003.08FU_FJ860859_reps,Hypocreales,Hypocreales,0.879,1
SH1183454.08FU_KU382205_refs,Hypocreales,Hypocreales,0.0433,1
SH1184169.08FU_MN781888_reps,Hypocreales,Hypocreales,0.0698,1
SH1202970.08FU_MH562717_refs,Hypocreales,Hypocreales,0.0512,1
SH1194442.08FU_KU382164_refs,Hypocreales,Hypocreales,0.607,1
SH1237484.08FU_AY590783_reps,Hypocreales,Hypocreales,0.667,1
SH1197563.08FU_AJ292394_refs,Hypocreales,Hypocreales,0.886,1
SH1173603.08FU_DQ366705_refs,Hypocreales,Hypocreales,0.954,1
SH1202980.08FU_GU566299_reps,Hypocreales,Hypocreales,0.0567,1
SH1151734.08FU_KU382210_refs,Hypocreales,Hypocreales,0.0542,1
SH2611763.08FU_UDB0324298_reps,Hypocreales,NA,0,0
SH1179862.08FU_KF777192_refs,Hypocreales,Hypocreales,0.0575,1
SH1169516.08FU_HE792978_refs,Hypocreales,Hypocreales,0.0844,1
SH1155543.08FU_AF210664_refs,Hypocreales,Hypocreales,0.532,1
SH1202968.08FU_KY872744_refs,Hypocreales,Hypocreales,0.928,1
SH1163358.08FU_FJ389924_refs,Hypocreales,Eurotiales,0.653,0
SH1177377.08FU_KC603897_reps,Hypocreales,Hypocreales,0.652,1
SH1245294.08FU_AJ133393_reps,Hypocreales,Hypocreales,0.0698,1
SH1234322.08FU_MN527448_reps,Hypocreales,Hypocreales,0.391,1
SH1187412.08FU_EU409584_reps,Hypocreales,Hypocreales,0.0698,1
SH1143433.08FU_KJ570709_refs,Hypocreales,Hypocreales,0.844,1
SH1186853.08FU_KU999974_reps,Hypocreales,Hypocreales,0.0231,1
SH1169537.08FU_UDB006049_refs,Hypocreales,Hypocreales,0.74,1
SH1180361.08FU_JX566957_reps,Hypocreales,Hypocreales,0.0744,1
SH1181288.08FU_KU845808_refs,Hypocreales,Hypocreales,0.106,1
SH2592101.08FU_MH859762_reps,Hypocreales,Hypocreales,0.227,1
SH1181310.08FU_KX610401_reps,Hypocreales,Hypocreales,0.0355,1
SH1191915.08FU_KM231846_refs,Hypocreales,Hypocreales,0.0398,1
SH1173542.08FU_AB065432_reps,Hypocreales,Hypocreales,0.0698,1
SH1170563.08FU_MK541537_reps,Hypocreales,Hypocreales,0.742,1
SH2593225.08FU_MH327817_refs,Hypocreales,Hypocreales,0.0219,1
SH1194458.08FU_UDB0106292_reps,Hypocreales,Hypocreales,0.0747,1
SH1155562.08FU_AF210681_refs,Hypocreales,Hypocreales,0.687,1
SH1237496.08FU_AJ786555_reps,Hypocreales,Hypocreales,0.615,1
SH1237672.08FU_JX177457_reps,Hypocreales,Hypocreales,0.0593,1
SH1143428.08FU_MG826827_refs,Hypocreales,Hypocreales,0.404,1
SH1181293.08FU_KU846049_refs,Hypocreales,Hypocreales,0.041,1
SH1173633.08FU_JX372681_reps,Hypocreales,Hypocreales,0.78,1
SH1184522.08FU_MH864682_reps,Hypocreales,Hypocreales,0.11,1
SH1237874.08FU_JN190870_reps,Hypocreales,Hypocreales,0.0878,1
SH1157460.08FU_UDB0560783_reps,Hypocreales,Hypocreales,0.0489,1
SH1181280.08FU_EF568081_refs,Hypocreales,Hypocreales,0.931,1
SH1202981.08FU_MH562718_reps,Hypocreales,Hypocreales,0.0565,1
SH1194447.08FU_EU073198_refs,Hypocreales,Hypocreales,0.0848,1
SH1157884.08FU_AF176260_reps,Hypocreales,Hypocreales,0.914,1
SH1148354.08FU_MN648324_reps,Hypocreales,Hypocreales,0.0411,1
SH1179902.08FU_JN190875_reps,Hypocreales,Hypocreales,0.0878,1
SH1157146.08FU_AJ309363_reps,Hypocreales,Hypocreales,0.0744,1
SH1177908.08FU_DQ345589_refs,Hypocreales,Hypocreales,0.509,1
SH1156647.08FU_KC111884_reps,Hypocreales,Hypocreales,0.87,1
SH1159280.08FU_KP859042_refs,Hypocreales,Hypocreales,0.0698,1
SH1173703.08FU_UDB0653075_reps,Hypocreales,Hypocreales,0.911,1
SH1177915.08FU_MF623034_reps,Hypocreales,Hypocreales,0.0744,1
SH1156617.08FU_AJ292392_refs,Hypocreales,Hypocreales,0.591,1
SH1183113.08FU_UDB0554542_reps,Hypocreales,Hypocreales,0.045,1
SH1173622.08FU_KF815570_reps,Hypocreales,Hypocreales,0.0614,1
SH1183117.08FU_AB925928_reps,Hypocreales,Hypocreales,0.0671,1
SH1220321.08FU_AF178406_reps,Hypocreales,Hypocreales,0.0878,1
SH1169833.08FU_AJ605994_reps,Hypocreales,Hypocreales,0.0698,1
SH1173641.08FU_HQ130699_reps,Hypocreales,Hypocreales,0.761,1
SH1185091.08FU_KJ021986_reps,Hypocreales,Hypocreales,0.0878,1
SH1183426.08FU_KP131531_refs,Hypocreales,Hypocreales,0.935,1
SH1180421.08FU_DQ365847_reps,Hypocreales,Hypocreales,0.0698,1
SH2610850.08FU_UDB0286403_reps,Hypocreales,NA,0,0
SH1197568.08FU_MF967422_reps,Hypocreales,Hypocreales,0.847,1
SH1234317.08FU_LN846844_refs,Hypocreales,Hypocreales,0.342,1
SH1181285.08FU_KU846735_refs,Hypocreales,Hypocreales,0.791,1
SH1173665.08FU_JF832597_refs,Hypocreales,Hypocreales,0.809,1
SH1177920.08FU_KY923212_reps,Hypocreales,Hypocreales,0.0744,1
SH1173661.08FU_KU325171_reps,Hypocreales,Hypocreales,0.0823,1
SH1202971.08FU_MK329058_reps,Hypocreales,Hypocreales,0.0146,1
SH1173732.08FU_JF832674_refs,Hypocreales,Hypocreales,0.8,1
SH1181284.08FU_KU845805_refs,Hypocreales,Hypocreales,0.0453,1
SH2605491.08FU_UDB0161550_reps,Hypocreales,NA,0,0
SH2593321.08FU_MH795084_reps,Hypocreales,Hypocreales,0.0614,1
SH1188111.08FU_KF730001_refs,Hypocreales,Hypocreales,0.558,1
SH1155538.08FU_DQ993628_reps,Hypocreales,Hypocreales,0.0878,1
SH1173631.08FU_HQ897819_refs,Hypocreales,Hypocreales,0.655,1
SH1151490.08FU_HQ608125_reps,Hypocreales,Hypocreales,0.0231,1
SH1169035.08FU_MT236834_reps,Hypocreales,Hypocreales,0.025,1
SH1157462.08FU_AJ292414_refs,Hypocreales,Hypocreales,0.0604,1
SH1155998.08FU_JN943327_reps,Hypocreales,Hypocreales,0.0744,1
SH1175503.08FU_MH862151_refs,Hypocreales,Hypocreales,0.0899,1
SH1212120.08FU_KM231784_reps,Hypocreales,Hypocreales,0.755,1
SH1187136.08FU_UDB035118_refs,Hypocreales,Hypocreales,0.0276,1
SH1188075.08FU_UDB0637354_reps,Hypocreales,Hypocreales,0.0767,1
SH1189383.08FU_KU382150_refs,Hypocreales,Hypocreales,0.0508,1
SH1155547.08FU_AF210682_refs,Hypocreales,Hypocreales,0.847,1
SH1182709.08FU_FJ860737_refs,Hypocreales,Hypocreales,0.711,1
SH1173691.08FU_AY554211_reps,Hypocreales,Hypocreales,0.697,1
SH1194459.08FU_JQ666502_refs,Hypocreales,Hypocreales,0.0791,1
SH1168588.08FU_JN049819_reps,Hypocreales,Hypocreales,0.0744,1
SH3566661.08FU_MT293602_reps,Hypocreales,Hypocreales,0.782,1
SH3566746.08FU_MN709083_reps,Hypocreales,Hypocreales,0.774,1
SH3567858.08FU_MN781909_reps,Hypocreales,Hypocreales,0.0155,1
SH1184520.08FU_KF823600_reps,Hypocreales,Hypocreales,0.0224,1
SH1187898.08FU_KJ729480_reps,Hypocreales,Hypocreales,0.938,1
SH1152950.08FU_MG250390_reps,Hypocreales,Hypocreales,0.0606,1
SH1169032.08FU_AM262388_reps,Hypocreales,Hypocreales,0.0216,1
SH1190069.08FU_MH483703_reps,Hypocreales,Hypocreales,0.914,1
SH1188979.08FU_HF680236_refs,Hypocreales,Hypocreales,0.0549,1
SH2609617.08FU_UDB0236617_reps,Hypocreales,NA,0,0
SH1175274.08FU_MG826923_reps,Hypocreales,Hypocreales,0.0835,1
SH2592815.08FU_MK163804_reps,Hypocreales,Hypocreales,0.804,1
SH1234313.08FU_U80612_refs,Hypocreales,Hypocreales,0.946,1
SH2608115.08FU_UDB0275586_reps,Hypocreales,Hypocreales,0.42,1
SH1187862.08FU_JQ685870_refs,Hypocreales,Hypocreales,0.843,1
SH1156618.08FU_DQ342253_reps,Hypocreales,Hypocreales,0.654,1
SH1156629.08FU_EF641893_refs,Hypocreales,Hypocreales,0.601,1
SH1150999.08FU_KM231760_refs,Hypocreales,Hypocreales,0.0878,1
SH1202973.08FU_AM421087_reps,Hypocreales,Hypocreales,0.775,1
SH1188167.08FU_JN039040_reps,Hypocreales,Hypocreales,0.92,1
SH1202977.08FU_HQ871963_reps,Hypocreales,Hypocreales,0.0566,1
SH1143444.08FU_MG827017_reps,Hypocreales,Hypocreales,0.0273,1
SH1187409.08FU_EU409592_reps,Hypocreales,Hypocreales,0.0698,1
SH1181687.08FU_EU516739_reps,Hypocreales,Hypocreales,0.0227,1
SH1237373.08FU_JN859395_reps,Hypocreales,Hypocreales,0.339,1
SH1169517.08FU_UDB011020_refs,Hypocreales,Hypocreales,0.782,1
SH1151564.08FU_FN397265_reps,Hypocreales,Hypocreales,0.954,1
SH1170561.08FU_FJ571421_reps,Hypocreales,Hypocreales,0.482,1
SH1173639.08FU_KM231791_reps,Hypocreales,Hypocreales,0.0878,1
SH1144197.08FU_KJ882910_reps,Hypocreales,NA,0,0
SH1169520.08FU_KJ485699_refs,Hypocreales,Hypocreales,0.0899,1
SH1177376.08FU_MH143808_reps,Hypocreales,Hypocreales,0.0601,1
SH1150487.08FU_JX507801_reps,Xylariales,Xylariales,0.0732,1
SH2592819.08FU_MK933717_reps,Xylariales,Xylariales,0.794,1
SH1150970.08FU_GQ303287_refs,Xylariales,Xylariales,0.0525,1
SH1171211.08FU_JN225905_refs,Xylariales,Xylariales,0.0732,1
SH2597233.08FU_UDB0754962_reps,Xylariales,Xylariales,0.13,1
SH1198307.08FU_JQ759951_reps,Xylariales,Xylariales,0.155,1
SH2604241.08FU_UDB082875_reps,Xylariales,NA,0,0
SH1235406.08FU_KT289566_reps,Xylariales,Xylariales,0.0596,1
SH1173565.08FU_MH107928_refs,Xylariales,Xylariales,0.0732,1
SH2593943.08FU_MT140314_reps,Xylariales,Xylariales,0.0383,1
SH1173559.08FU_KC181940_reps,Xylariales,Xylariales,0.0695,1
SH1144303.08FU_MH863249_refs,Xylariales,Xylariales,0.885,1
SH1170150.08FU_KR348863_reps,Xylariales,Xylariales,0.665,1
SH1171298.08FU_UDB0749753_reps,Xylariales,Xylariales,0.0284,1
SH1143321.08FU_AY616689_refs,Xylariales,Xylariales,0.955,1
SH1173377.08FU_GQ851755_reps,Xylariales,Xylariales,0.0667,1
SH2609727.08FU_UDB0240987_reps,Xylariales,Phyllachorales,0.0294,0
SH1239192.08FU_KP297399_reps,Xylariales,Xylariales,0.0674,1
SH1170108.08FU_EU113197_refs,Xylariales,Xylariales,0.873,1
SH1144672.08FU_MH107910_refs,Xylariales,Xylariales,0.0638,1
SH1192151.08FU_UDB0510032_reps,Xylariales,Xylariales,0.0437,1
SH1194832.08FU_JQ958962_reps,Xylariales,Xylariales,0.736,1
SH1170196.08FU_KU204544_reps,Xylariales,Xylariales,0.0698,1
SH1192156.08FU_KP133207_reps,Xylariales,Xylariales,0.0732,1
SH1149384.08FU_KM610281_reps,Xylariales,Xylariales,0.0732,1
SH1157001.08FU_KC968921_reps,Xylariales,Xylariales,0.0732,1
SH2593656.08FU_MH003367_reps,Xylariales,Xylariales,0.0732,1
SH1179108.08FU_KT289624_reps,Xylariales,Xylariales,0.0732,1
SH1190468.08FU_DQ118966_refs,Xylariales,Xylariales,0.737,1
SH1184899.08FU_KU512695_reps,Xylariales,Xylariales,0.25,1
SH1169478.08FU_KY494752_refs,Xylariales,Xylariales,0.0412,1
SH2593451.08FU_MK192917_reps,Xylariales,Xylariales,0.844,1
SH1187120.08FU_KR092791_refs,Xylariales,Xylariales,0.0425,1
SH1198316.08FU_JN890268_reps,Xylariales,Xylariales,0.585,1
SH1170180.08FU_FJ175164_reps,Xylariales,Xylariales,0.0732,1
SH1143743.08FU_KU683892_reps,Xylariales,Xylariales,0.0732,1
SH1178481.08FU_JQ759925_reps,Xylariales,Xylariales,0.0732,1
SH1170355.08FU_KC774584_refs,Xylariales,Xylariales,0.0567,1
SH1186807.08FU_KT385774_reps,Xylariales,Xylariales,0.0732,1
SH1177557.08FU_KJ404210_reps,Xylariales,Xylariales,0.519,1
SH1173556.08FU_UDB0769726_reps,Xylariales,Xylariales,0.0498,1
SH1214789.08FU_MN634086_reps,Xylariales,Xylariales,0.898,1
SH2611069.08FU_UDB0293058_reps,Xylariales,NA,0,0
SH1190041.08FU_FR715522_refs,Xylariales,Diaporthales,0.0212,0
SH1149227.08FU_KF983521_refs,Xylariales,Xylariales,0.0732,1
SH1149841.08FU_AB449096_reps,Xylariales,Xylariales,0.575,1
SH1198318.08FU_LC271354_reps,Xylariales,Xylariales,0.302,1
SH1142303.08FU_KT366012_reps,Xylariales,Xylariales,0.0652,1
SH1151060.08FU_MT521347_reps,Xylariales,Xylariales,0.488,1
SH1191295.08FU_KM513591_reps,Xylariales,Xylariales,0.0732,1
SH1177546.08FU_JX398987_refs,Xylariales,Xylariales,0.509,1
SH1179479.08FU_UDB0759073_reps,Xylariales,Xylariales,0.0185,1
SH1179478.08FU_KP859044_refs,Xylariales,Xylariales,0.0217,1
SH1171295.08FU_GU324761_refs,Xylariales,Xylariales,0.0732,1
SH1170217.08FU_KU837767_reps,Xylariales,Xylariales,0.737,1
SH1181044.08FU_JN979429_refs,Xylariales,Xylariales,0.0732,1
SH1177639.08FU_KP757756_refs,Xylariales,Xylariales,0.38,1
SH1239039.08FU_KC848233_reps,Xylariales,Xylariales,0.0732,1
SH1177652.08FU_KU974965_refs,Xylariales,Xylariales,0.0771,1
SH1237642.08FU_JF440984_reps,Xylariales,Xylariales,0.0666,1
SH1170159.08FU_KP133487_reps,Xylariales,Xylariales,0.0732,1
SH2593658.08FU_MH003364_reps,Xylariales,Xylariales,0.0732,1
SH2596080.08FU_MF495471_reps,Xylariales,Xylariales,0.856,1
SH1150308.08FU_KF234422_refs,Xylariales,Xylariales,0.0732,1
SH1149208.08FU_KF234421_refs,Xylariales,Xylariales,0.0732,1
SH1149381.08FU_KM610290_refs,Xylariales,Xylariales,0.0732,1
SH3567383.08FU_MT756621_reps,Xylariales,NA,0,0
SH1151674.08FU_KU747735_reps,Xylariales,Xylariales,0.0279,1
SH1149768.08FU_FN428828_reps,Xylariales,Xylariales,0.0732,1
SH1155442.08FU_KU516688_reps,Xylariales,Xylariales,0.632,1
SH1170357.08FU_KC774590_refs,Xylariales,Xylariales,0.0681,1
SH1175104.08FU_JN890355_reps,Xylariales,Xylariales,0.244,1
SH1190465.08FU_KX828158_reps,Xylariales,Xylariales,0.854,1
SH1171787.08FU_KR093959_reps,Xylariales,Xylariales,0.422,1
SH1149842.08FU_FJ527866_reps,Xylariales,Xylariales,0.0732,1
SH1184922.08FU_KT949904_refs,Xylariales,Xylariales,0.0536,1
SH1184890.08FU_KT949902_refs,Xylariales,Xylariales,0.0782,1
SH2593265.08FU_MK247958_reps,Xylariales,Xylariales,0.0719,1
SH2593939.08FU_MT140325_reps,Xylariales,Xylariales,0.715,1
SH1181950.08FU_AB670712_reps,Xylariales,Xylariales,0.0685,1
SH1173378.08FU_EU178738_refs,Xylariales,Xylariales,0.0732,1
SH1178461.08FU_MT108847_reps,Xylariales,Xylariales,0.466,1
SH1190478.08FU_LC218432_reps,Xylariales,Xylariales,0.784,1
SH1170173.08FU_JN977612_reps,Xylariales,Xylariales,0.0682,1
SH1192063.08FU_KM462835_refs,Xylariales,Xylariales,0.0732,1
SH1184868.08FU_KF436338_reps,Xylariales,Xylariales,0.0405,1
SH1170117.08FU_JX944173_reps,Xylariales,Xylariales,0.0732,1
SH1177633.08FU_DQ278922_refs,Xylariales,Xylariales,0.284,1
SH1179116.08FU_KU684016_reps,Xylariales,Xylariales,0.0732,1
SH1236184.08FU_EF619857_reps,Xylariales,Xylariales,0.0279,1
SH1238210.08FU_JN903549_reps,Xylariales,NA,0,0
SH1173561.08FU_JX014300_reps,Xylariales,Xylariales,0.0685,1
SH2596084.08FU_MF495430_reps,Xylariales,Xylariales,0.0104,1
SH1243540.08FU_UDB0235216_reps,Xylariales,Xylariales,0.059,1
SH1144301.08FU_DQ631938_refs,Xylariales,Xylariales,0.944,1
SH2608641.08FU_UDB0240901_reps,Xylariales,NA,0,0
SH1174608.08FU_GU553332_refs,Xylariales,Xylariales,0.0277,1
SH1182485.08FU_UDB0750561_reps,Xylariales,Xylariales,0.738,1
SH1143742.08FU_KP133416_reps,Xylariales,Xylariales,0.0732,1
SH1144317.08FU_KP991658_reps,Xylariales,Xylariales,0.911,1
SH1143332.08FU_KX376323_reps,Xylariales,Xylariales,0.0732,1
SH2605453.08FU_UDB0125479_reps,Xylariales,NA,0,0
SH1192150.08FU_GU300080_reps,Xylariales,Xylariales,0.0732,1
SH1177210.08FU_MF467942_refs,Xylariales,Xylariales,0.0732,1
SH1176675.08FU_MH231185_reps,Xylariales,Xylariales,0.0688,1
SH3567157.08FU_MN818954_reps,Xylariales,NA,0,0
SH3567156.08FU_MN818958_reps,Xylariales,NA,0,0
SH1181007.08FU_MG751253_reps,Xylariales,Xylariales,0.0279,1
SH1170116.08FU_HQ023067_reps,Xylariales,Xylariales,0.875,1
SH1237639.08FU_UDB0747212_reps,Xylariales,Xylariales,0.0869,1
SH1172066.08FU_HQ608051_reps,Xylariales,Xylariales,0.532,1
SH1157474.08FU_MH798901_refs,Xylariales,Xylariales,0.287,1
SH1191714.08FU_MH374419_reps,Xylariales,Xylariales,0.0732,1
SH1188367.08FU_MG386036_refs,Xylariales,Xylariales,0.0262,1
SH1181006.08FU_MT557219_reps,Xylariales,Xylariales,0.0657,1
SH1179495.08FU_HE579300_reps,Xylariales,Xylariales,0.0271,1
SH1170138.08FU_JQ862673_reps,Xylariales,Xylariales,0.0732,1
SH1179482.08FU_KU746690_reps,Xylariales,Xylariales,0.179,1
SH1171541.08FU_KC774591_refs,Xylariales,Xylariales,0.0696,1
SH1144310.08FU_KU940155_refs,Xylariales,Xylariales,0.671,1
SH1179104.08FU_KX676285_reps,Xylariales,Xylariales,0.0732,1
SH1170156.08FU_HM486948_reps,Xylariales,Xylariales,0.0732,1
SH1184864.08FU_KC537804_refs,Xylariales,Xylariales,0.484,1
SH1178484.08FU_JQ760769_reps,Xylariales,Xylariales,0.0732,1
SH1177650.08FU_GU910884_reps,Xylariales,Xylariales,0.757,1
SH1182487.08FU_KR016724_reps,Xylariales,Xylariales,0.0732,1
SH1238423.08FU_JX139726_reps,Xylariales,Xylariales,0.0279,1
SH1182486.08FU_KY979742_refs,Xylariales,Xylariales,0.0681,1
SH1169482.08FU_MH345951_reps,Xylariales,Xylariales,0.0412,1
SH1170230.08FU_KY250410_reps,Xylariales,Xylariales,0.0732,1
SH1170134.08FU_KP133493_reps,Xylariales,Xylariales,0.0732,1
SH1174220.08FU_KY514059_refs,Xylariales,Xylariales,0.0732,1
SH1194827.08FU_AF340013_refs,Xylariales,Xylariales,0.057,1
SH1213412.08FU_GQ999498_reps,Xylariales,Xylariales,0.547,1
SH1170219.08FU_KP133521_reps,Xylariales,Xylariales,0.582,1
SH1194838.08FU_KX013159_reps,Xylariales,Xylariales,0.21,1
SH1169476.08FU_KF144892_refs,Xylariales,Xylariales,0.63,1
SH1170169.08FU_MH425292_reps,Xylariales,Xylariales,0.876,1
SH1143745.08FU_KU747737_reps,Xylariales,Xylariales,0.0713,1
SH1237689.08FU_JN889958_reps,Xylariales,Xylariales,0.0279,1
SH1151955.08FU_KC178660_reps,Xylariales,Xylariales,0.0461,1
SH1242277.08FU_UDB0379221_reps,Xylariales,Xylariales,0.0616,1
SH1184893.08FU_MF926621_reps,Xylariales,Xylariales,0.131,1
SH1190490.08FU_KX828151_reps,Xylariales,Xylariales,0.856,1
SH1171296.08FU_KM067909_reps,Xylariales,Xylariales,0.0732,1
SH2602553.08FU_UDB058892_reps,Xylariales,Xylariales,0.0772,1
SH1143324.08FU_JQ009323_refs,Xylariales,Xylariales,0.823,1
SH1171205.08FU_FM209443_refs,Xylariales,Xylariales,0.064,1
SH1172064.08FU_KX271310_reps,Xylariales,Xylariales,0.69,1
SH1169481.08FU_KY494743_refs,Xylariales,Xylariales,0.0412,1
SH1181042.08FU_KC968932_refs,Xylariales,Xylariales,0.0732,1
SH1237187.08FU_UDB0246186_reps,Xylariales,Xylariales,0.0516,1
SH1190467.08FU_MN856712_reps,Xylariales,Xylariales,0.869,1
SH1178464.08FU_JQ760223_reps,Xylariales,Xylariales,0.51,1
SH1232347.08FU_KC774610_refs,Xylariales,Xylariales,0.278,1
SH1179100.08FU_KY250378_reps,Xylariales,Xylariales,0.447,1
SH1186841.08FU_KX090078_reps,Xylariales,Xylariales,0.0732,1
SH1149207.08FU_DQ223735_refs,Xylariales,Xylariales,0.0732,1
SH1179098.08FU_KY610382_refs,Xylariales,Xylariales,0.29,1
SH1143898.08FU_FM209453_refs,Xylariales,Xylariales,0.0732,1
SH2610074.08FU_UDB0254132_reps,Magnaporthales,Magnaporthales,0.0149,1
SH1187163.08FU_KM009162_refs,Magnaporthales,Magnaporthales,0.0474,1
SH1187174.08FU_JF951153_reps,Magnaporthales,Magnaporthales,0.0474,1
SH1211591.08FU_MF971509_reps,Magnaporthales,Magnaporthales,0.0314,1
SH1190075.08FU_AY265322_reps,Magnaporthales,Magnaporthales,0.876,1
SH3566330.08FU_MT472569_reps,Magnaporthales,Magnaporthales,0.0223,1
SH2596339.08FU_MK487758_refs,Magnaporthales,Magnaporthales,0.0474,1
SH1211592.08FU_KP769841_refs,Magnaporthales,Magnaporthales,0.0474,1
SH1187157.08FU_KM484830_refs,Magnaporthales,Magnaporthales,0.0474,1
SH1211581.08FU_KU747645_reps,Magnaporthales,Magnaporthales,0.0471,1
SH1211563.08FU_KF689643_refs,Magnaporthales,Magnaporthales,0.179,1
SH1187154.08FU_KM484872_refs,Magnaporthales,Magnaporthales,0.0474,1
SH1185614.08FU_UDB0176857_reps,Chaetosphaeriales,Chaetosphaeriales,0.146,1
SH1178094.08FU_JQ889277_refs,Chaetosphaeriales,Chaetosphaeriales,0.401,1
SH1151914.08FU_MH476571_refs,Chaetosphaeriales,Chaetosphaeriales,0.606,1
SH1155103.08FU_EU037893_refs,Chaetosphaeriales,Chaetosphaeriales,0.0419,1
SH1185611.08FU_AF178557_reps,Chaetosphaeriales,Chaetosphaeriales,0.0419,1
SH1153694.08FU_AB934068_refs,Chaetosphaeriales,Chaetosphaeriales,0.0419,1
SH1153687.08FU_JQ889279_reps,Chaetosphaeriales,Chaetosphaeriales,0.474,1
SH1150502.08FU_AY906951_reps,Chaetosphaeriales,Chaetosphaeriales,0.0418,1
SH1153696.08FU_AY330997_reps,Chaetosphaeriales,Chaetosphaeriales,0.384,1
SH1153698.08FU_MH595850_reps,Chaetosphaeriales,Chaetosphaeriales,0.162,1
SH1153691.08FU_AY330996_reps,Chaetosphaeriales,Chaetosphaeriales,0.162,1
SH2613901.08FU_UDB0432600_reps,Chaetosphaeriales,NA,0,0
SH3686221.08FU_MT110304_reps,Melanosporales,NA,0,0
SH1143882.08FU_MG356661_reps,Phyllachorales,Phyllachorales,0.113,1
SH3567679.08FU_MW133896_reps,Pleurotheciales,NA,0,0
SH1190683.08FU_MF399240_reps,Pleurotheciales,Sordariales,0.0108,0
SH1187422.08FU_JQ074237_refs,Pleurotheciales,NA,0,0
SH1190688.08FU_JQ429151_refs,Pleurotheciales,Helotiales,0.0274,0
SH1190680.08FU_JQ429160_refs,Pleurotheciales,Helotiales,0.047,0
SH1150363.08FU_JQ429159_refs,Pleurotheciales,NA,0,0
SH2607270.08FU_UDB0314046_reps,Myrmecridiales,NA,0,0
SH1169129.08FU_JQ044425_refs,Myrmecridiales,Myrmecridiales,0.527,1
SH1169128.08FU_UDB0133016_reps,Myrmecridiales,Myrmecridiales,0.021,1
SH2603843.08FU_UDB0260051_reps,Myrmecridiales,NA,0,0
SH2601990.08FU_UDB0404570_reps,Myrmecridiales,Myrmecridiales,0.061,1
SH1238629.08FU_UDB014790_reps,Branch06,Diaporthales,0.0178,0
SH1238625.08FU_EU003051_reps,Branch06,Diaporthales,0.0235,0
SH3207316.08FU_MT633078_reps,Ophiostomatales,Ophiostomatales,0.0199,1
SH1224632.08FU_EU913694_reps,Ophiostomatales,Ophiostomatales,0.0466,1
SH1154288.08FU_JQ292831_reps,Ophiostomatales,Ophiostomatales,0.627,1
SH1154279.08FU_KX099679_reps,Ophiostomatales,Ophiostomatales,0.854,1
SH1170363.08FU_KX590822_refs,Ophiostomatales,Ophiostomatales,0.0403,1
SH1236141.08FU_AY934520_reps,Ophiostomatales,Ophiostomatales,0.0466,1
SH1151694.08FU_AJ538335_refs,Ophiostomatales,Ophiostomatales,0.827,1
SH1154281.08FU_AY304436_refs,Ophiostomatales,Ophiostomatales,0.801,1
SH1236140.08FU_KX590816_refs,Ophiostomatales,Ophiostomatales,0.0466,1
SH1173873.08FU_EU913719_reps,Ophiostomatales,Ophiostomatales,0.0466,1
SH1173750.08FU_KF748107_refs,Ophiostomatales,Ophiostomatales,0.905,1
SH1177308.08FU_KX590825_refs,Ophiostomatales,Ophiostomatales,0.0466,1
SH1176736.08FU_JF946764_reps,Ophiostomatales,Ophiostomatales,0.0466,1
SH1173751.08FU_AB907598_reps,Ophiostomatales,Ophiostomatales,0.046,1
SH3566872.08FU_MK748201_reps,Ophiostomatales,NA,0,0
SH1236597.08FU_MH857542_refs,Ophiostomatales,Ophiostomatales,0.882,1
SH1154308.08FU_MH861069_reps,Ophiostomatales,Ophiostomatales,0.0466,1
SH1156093.08FU_JX444631_reps,Ophiostomatales,Ophiostomatales,0.0466,1
SH2592984.08FU_MW215778_reps,Conioscyphales,NA,0,0
SH1144564.08FU_HQ889706_reps,Boliniales,Boliniales,0.126,1
SH1238208.08FU_KF436205_reps,Boliniales,Boliniales,0.0573,1
SH1229108.08FU_KU747643_reps,Boliniales,Boliniales,0.0569,1
SH1151367.08FU_AF083195_refs,Calosphaeriales,Helotiales,0.0235,0
SH1196097.08FU_KU060817_refs,Togniniales,Togniniales,0.314,1
SH1240535.08FU_KY931778_refs,Xenospadicoidales,NA,0,0
SH1150683.08FU_MN654353_reps,Pararamichloridiales,NA,0,0
SH1175617.08FU_GU721331_reps,Trichosphaeriales,NA,0,0
SH1175610.08FU_DQ219433_refs,Trichosphaeriales,Trichosphaeriales,0.637,1
SH1186581.08FU_KX013214_reps,Lulworthiales,Lulworthiales,0.0958,1
SH1185177.08FU_KM272368_reps,Lulworthiales,Lulworthiales,0.0411,1
SH1186582.08FU_KX263823_reps,Lulworthiales,Lulworthiales,0.203,1
SH1190060.08FU_KT347211_reps,Lulworthiales,Lulworthiales,0.166,1
SH1193346.08FU_KX549453_refs,Phomatosporales,Phomatosporales,0.338,1
SH1156068.08FU_UDB0768010_reps,Falcocladiales,NA,0,0
SH1246318.08FU_HQ446342_reps,Savoryellales,Savoryellales,0.0345,1
SH1243816.08FU_HQ446358_reps,Savoryellales,NA,0,0
SH2590763.08FU_KY853453_reps,Savoryellales,Savoryellales,0.183,1
SH1189233.08FU_JX843524_refs,Ostropales,Ostropales,0.0655,1
SH1169409.08FU_AF228319_refs,Ostropales,Ostropales,0.879,1
SH1143579.08FU_KY173448_refs,Ostropales,Ostropales,0.113,1
SH1169167.08FU_MG281965_reps,Ostropales,Ostropales,0.0959,1
SH1143810.08FU_KX901722_reps,Ostropales,Ostropales,0.114,1
SH1143809.08FU_KX901717_reps,Ostropales,Ostropales,0.114,1
SH2603097.08FU_UDB0330554_reps,Ostropales,NA,0,0
SH1169415.08FU_KC166985_reps,Ostropales,Ostropales,0.239,1
SH1175498.08FU_DQ401144_refs,Ostropales,Ostropales,0.908,1
SH1243525.08FU_KY611899_reps,Ostropales,Ostropales,0.0959,1
SH1238574.08FU_KX901714_reps,Ostropales,Ostropales,0.114,1
SH1143808.08FU_KX901726_reps,Ostropales,Ostropales,0.114,1
SH1143842.08FU_KU934561_reps,Lecanorales,Lecanorales,0.744,1
SH3565440.08FU_MN586977_reps,Lecanorales,NA,0,0
SH3565445.08FU_MN586967_reps,Lecanorales,NA,0,0
SH3565449.08FU_MN586961_reps,Lecanorales,Lecanorales,0.0323,1
SH2596010.08FU_MK672829_reps,Lecanorales,Lecanorales,0.0793,1
SH3567784.08FU_MN954851_reps,Lecanorales,Lecanorales,0.307,1
SH3568280.08FU_MN811295_reps,Lecanorales,Lecanorales,0.044,1
SH3568281.08FU_MN811351_reps,Lecanorales,Lecanorales,0.0352,1
SH1175767.08FU_MG838195_reps,Lecanorales,Lecanorales,0.117,1
SH2593254.08FU_MH048626_refs,Lecanorales,Lecanorales,0.125,1
SH2596156.08FU_MK400261_reps,Lecanorales,Lecanorales,0.125,1
SH2595421.08FU_MK412499_reps,Lecanorales,Lecanorales,0.125,1
SH2595638.08FU_MK620158_reps,Lecanorales,Lecanorales,0.128,1
SH1155269.08FU_MG926033_reps,Lecanorales,Lecanorales,0.125,1
SH1176213.08FU_KU895858_reps,Lecanorales,Lecanorales,0.607,1
SH2589610.08FU_KR019396_reps,Lecanorales,Lecanorales,0.872,1
SH1148516.08FU_DQ299904_reps,Lecanorales,Lecanorales,0.746,1
SH1176426.08FU_AF112990_reps,Lecanorales,Lecanorales,0.87,1
SH1186043.08FU_KR303627_refs,Lecanorales,Lecanorales,0.0568,1
SH1152289.08FU_AY541241_reps,Lecanorales,Lecanorales,0.128,1
SH1155237.08FU_AY425634_reps,Lecanorales,Lecanorales,0.0829,1
SH1174530.08FU_MG677209_reps,Lecanorales,Lecanorales,0.616,1
SH1176240.08FU_AF072236_reps,Lecanorales,Lecanorales,0.854,1
SH1176386.08FU_DQ235504_reps,Lecanorales,Lecanorales,0.914,1
SH1213137.08FU_AF454453_refs,Lecanorales,Lecanorales,0.923,1
SH3210941.08FU_MG926030_reps,Lecanorales,Lecanorales,0.125,1
SH1149293.08FU_DQ279517_reps,Lecanorales,Lecanorales,0.646,1
SH1152087.08FU_KJ162308_reps,Lecanorales,Lecanorales,0.17,1
SH1175788.08FU_KP224475_refs,Lecanorales,Lecanorales,0.124,1
SH2593763.08FU_MG926006_reps,Lecanorales,Lecanorales,0.125,1
SH1152757.08FU_AY425659_reps,Lecanorales,Lecanorales,0.0829,1
SH1156677.08FU_KF650962_reps,Lecanorales,Lecanorales,0.123,1
SH1176192.08FU_AY036976_reps,Lecanorales,Lecanorales,0.892,1
SH1176139.08FU_KU647317_reps,Lecanorales,Lecanorales,0.763,1
SH1183986.08FU_GU827290_reps,Lecanorales,Lecanorales,0.821,1
SH1236314.08FU_MG838178_reps,Lecanorales,Lecanorales,0.125,1
SH1176267.08FU_HM125748_reps,Lecanorales,Lecanorales,0.803,1
SH1169783.08FU_JF714252_reps,Lecanorales,Lecanorales,0.125,1
SH1176317.08FU_MK811831_reps,Lecanorales,Lecanorales,0.149,1
SH1236465.08FU_MH415001_reps,Lecanorales,Lecanorales,0.0927,1
SH1181809.08FU_KY929415_reps,Lecanorales,Lecanorales,0.758,1
SH1213236.08FU_MK214460_reps,Lecanorales,Lecanorales,0.723,1
SH1143836.08FU_GU480115_reps,Lecanorales,Lecanorales,0.127,1
SH1143813.08FU_KP780410_reps,Lecanorales,Lecanorales,0.143,1
SH1143790.08FU_KP314319_reps,Lecanorales,Lecanorales,0.6,1
SH1213224.08FU_KP257416_reps,Lecanorales,Lecanorales,0.9,1
SH1179533.08FU_DQ001273_reps,Lecanorales,Lecanorales,0.143,1
SH1213169.08FU_GU207230_reps,Lecanorales,Lecanorales,0.879,1
SH1156526.08FU_JQ796855_reps,Lecanorales,Lecanorales,0.17,1
SH1159096.08FU_AY509797_reps,Lecanorales,Lecanorales,0.872,1
SH1169784.08FU_KX389587_reps,Lecanorales,Lecanorales,0.113,1
SH2596029.08FU_MK343791_reps,Lecanorales,Lecanorales,0.592,1
SH1191039.08FU_AF451762_reps,Lecanorales,Lecanorales,0.473,1
SH1143811.08FU_KX539178_reps,Lecanorales,Lecanorales,0.143,1
SH1176223.08FU_FJ494926_reps,Lecanorales,Lecanorales,0.803,1
SH1150130.08FU_JF744967_reps,Lecanorales,Lecanorales,0.0635,1
SH1150671.08FU_KF360394_reps,Lecanorales,Lecanorales,0.163,1
SH1183978.08FU_FJ871099_reps,Lecanorales,Lecanorales,0.891,1
SH1176296.08FU_JQ912360_reps,Lecanorales,Lecanorales,0.819,1
SH1183280.08FU_KF689888_reps,Lecanorales,Lecanorales,0.0939,1
SH1149287.08FU_AY611073_reps,Lecanorales,Lecanorales,0.592,1
SH1183984.08FU_DQ001297_reps,Lecanorales,Lecanorales,0.89,1
SH1142746.08FU_AB205356_reps,Lecanorales,Lecanorales,0.143,1
SH1211819.08FU_JF739380_reps,Lecanorales,Lecanorales,0.7,1
SH1174528.08FU_MG677239_reps,Lecanorales,Lecanorales,0.899,1
SH1143844.08FU_AF189718_reps,Lecanorales,Lecanorales,0.603,1
SH1181811.08FU_KX369249_reps,Lecanorales,Lecanorales,0.143,1
SH1176058.08FU_JN943520_refs,Lecanorales,Lecanorales,0.921,1
SH3566406.08FU_MK778056_reps,Lecanorales,NA,0,0
SH1156528.08FU_KX239036_reps,Lecanorales,Lecanorales,0.125,1
SH1168763.08FU_KP822308_reps,Lecanorales,Lecanorales,0.129,1
SH1156678.08FU_AM504065_reps,Lecanorales,Lecanorales,0.154,1
SH1213216.08FU_AF455214_reps,Lecanorales,Lecanorales,0.923,1
SH1238738.08FU_AF282068_refs,Lecanorales,Lecanorales,0.125,1
SH1176161.08FU_KX685860_reps,Lecanorales,Lecanorales,0.861,1
SH1247572.08FU_KP001178_reps,Lecanorales,Lecanorales,0.123,1
SH1183972.08FU_GU827310_reps,Lecanorales,Lecanorales,0.849,1
SH1175780.08FU_KT453770_reps,Lecanorales,Lecanorales,0.122,1
SH2596207.08FU_MK570477_reps,Lecanorales,Lecanorales,0.695,1
SH2593760.08FU_MG926013_reps,Lecanorales,Lecanorales,0.9,1
SH1188396.08FU_JN009734_refs,Lecanorales,Lecanorales,0.0564,1
SH1151319.08FU_AY756488_reps,Lecanorales,Lecanorales,0.0924,1
SH3567514.08FU_MK946980_reps,Lecanorales,NA,0,0
SH1213186.08FU_AF457879_reps,Lecanorales,Lecanorales,0.892,1
SH1213176.08FU_MK811717_reps,Lecanorales,Lecanorales,0.523,1
SH1176063.08FU_KJ396453_refs,Lecanorales,Lecanorales,0.955,1
SH1176221.08FU_JQ837312_reps,Lecanorales,Lecanorales,0.878,1
SH1176200.08FU_KU862963_reps,Lecanorales,Lecanorales,0.845,1
SH1143781.08FU_KP314358_reps,Lecanorales,Lecanorales,0.16,1
SH1149289.08FU_MG356338_reps,Lecanorales,Lecanorales,0.6,1
SH1175461.08FU_KT453738_reps,Lecanorales,Lecanorales,0.128,1
SH1176306.08FU_KP941030_reps,Lecanorales,Lecanorales,0.856,1
SH1176438.08FU_HM017037_reps,Lecanorales,Lecanorales,0.702,1
SH1175481.08FU_KJ162324_reps,Lecanorales,Lecanorales,0.337,1
SH1183998.08FU_MN811302_reps,Lecanorales,Lecanorales,0.0831,1
SH1178040.08FU_JN873878_reps,Lecanorales,Lecanorales,0.128,1
SH1183993.08FU_MN811297_reps,Lecanorales,Lecanorales,0.0394,1
SH1183977.08FU_FJ871078_reps,Lecanorales,Lecanorales,0.85,1
SH1149256.08FU_DQ279507_reps,Lecanorales,Lecanorales,0.143,1
SH1213150.08FU_JF288795_refs,Lecanorales,Lecanorales,0.907,1
SH1183969.08FU_AB362792_reps,Lecanorales,Lecanorales,0.875,1
SH1183955.08FU_FR799284_refs,Lecanorales,Lecanorales,0.949,1
SH2595440.08FU_MK352380_reps,Lecanorales,Lecanorales,0.125,1
SH1143838.08FU_KU934873_reps,Lecanorales,Lecanorales,0.811,1
SH1191408.08FU_JQ813796_refs,Lecanorales,Lecanorales,0.143,1
SH1181804.08FU_KM250190_reps,Lecanorales,Lecanorales,0.525,1
SH1149388.08FU_UDB0604595_reps,Lecanorales,Lecanorales,0.128,1
SH2596204.08FU_MK570487_reps,Lecanorales,Lecanorales,0.644,1
SH1183965.08FU_GU827308_reps,Lecanorales,Lecanorales,0.807,1
SH1176175.08FU_AY251410_reps,Lecanorales,Lecanorales,0.735,1
SH1176091.08FU_MG692846_reps,Lecanorales,Lecanorales,0.852,1
SH1156772.08FU_KJ162319_reps,Lecanorales,Lecanorales,0.116,1
SH1150733.08FU_KF017378_reps,Lecanorales,Lecanorales,0.143,1
SH1160112.08FU_MK812318_reps,Lecanorales,Lecanorales,0.108,1
SH1149603.08FU_AF453267_reps,Lecanorales,Lecanorales,0.123,1
SH1156775.08FU_MH481920_reps,Lecanorales,Lecanorales,0.326,1
SH1156688.08FU_AM504059_reps,Lecanorales,Lecanorales,0.125,1
SH1148514.08FU_MH258926_reps,Lecanorales,Lecanorales,0.143,1
SH1184001.08FU_UDB0780456_reps,Lecanorales,Lecanorales,0.868,1
SH1176229.08FU_AB205361_reps,Lecanorales,Lecanorales,0.143,1
SH1152090.08FU_KJ162284_reps,Lecanorales,Lecanorales,0.168,1
SH1190596.08FU_KX539185_reps,Lecanorales,Lecanorales,0.143,1
SH1173263.08FU_AY611069_reps,Lecanorales,Lecanorales,0.143,1
SH1176152.08FU_JN943529_refs,Lecanorales,Lecanorales,0.902,1
SH1152096.08FU_KX120236_reps,Lecanorales,Lecanorales,0.17,1
SH2593222.08FU_MK046748_reps,Lecanorales,Lecanorales,0.143,1
SH2595438.08FU_MK352387_reps,Lecanorales,Lecanorales,0.125,1
SH1176207.08FU_KX254124_reps,Lecanorales,Lecanorales,0.895,1
SH1213142.08FU_MK179524_reps,Lecanorales,Lecanorales,0.919,1
SH1151273.08FU_KR024414_reps,Lecanorales,Lecanorales,0.883,1
SH1176291.08FU_MK449013_reps,Lecanorales,Lecanorales,0.859,1
SH2593769.08FU_MG925983_reps,Lecanorales,Lecanorales,0.125,1
SH1176055.08FU_JN086326_refs,Lecanorales,Lecanorales,0.959,1
SH1186036.08FU_MN906284_reps,Lecanorales,Lecanorales,0.1,1
SH2593767.08FU_MK352307_reps,Lecanorales,Lecanorales,0.125,1
SH1143850.08FU_KY586044_reps,Lecanorales,Lecanorales,0.128,1
SH3567781.08FU_MN954835_reps,Lecanorales,NA,0,0
SH1143789.08FU_AY398704_reps,Lecanorales,Lecanorales,0.499,1
SH1150278.08FU_JQ813821_reps,Lecanorales,Lecanorales,0.143,1
SH1152091.08FU_KJ162300_refs,Lecanorales,Lecanorales,0.17,1
SH1176156.08FU_AF297743_reps,Lecanorales,Lecanorales,0.815,1
SH1151851.08FU_KR061348_reps,Lecanorales,Lecanorales,0.108,1
SH1213209.08FU_MK179726_reps,Lecanorales,Lecanorales,0.768,1
SH1175769.08FU_AF282119_reps,Lecanorales,Lecanorales,0.108,1
SH1237695.08FU_HQ650623_reps,Lecanorales,Lecanorales,0.0924,1
SH1213156.08FU_MK508949_reps,Lecanorales,Lecanorales,0.908,1
SH1191396.08FU_MH414975_reps,Lecanorales,Lecanorales,0.0927,1
SH1176097.08FU_GU994559_refs,Lecanorales,Lecanorales,0.861,1
SH1178038.08FU_MK970653_reps,Lecanorales,Lecanorales,0.141,1
SH1213162.08FU_MN906283_reps,Lecanorales,Lecanorales,0.691,1
SH1236454.08FU_MH415056_reps,Lecanorales,Lecanorales,0.879,1
SH1176109.08FU_KJ406276_reps,Lecanorales,Lecanorales,0.627,1
SH1176243.08FU_KX457693_reps,Lecanorales,Lecanorales,0.837,1
SH2595181.08FU_MN387185_reps,Lecanorales,Lecanorales,0.125,1
SH1148513.08FU_KR995290_reps,Lecanorales,Lecanorales,0.596,1
SH1156669.08FU_AM292706_reps,Lecanorales,Lecanorales,0.172,1
SH1176133.08FU_KR995278_reps,Lecanorales,Lecanorales,0.143,1
SH1176216.08FU_AF451784_reps,Lecanorales,Lecanorales,0.857,1
SH1190595.08FU_KM285403_refs,Lecanorales,Lecanorales,0.143,1
SH1183976.08FU_MN811432_reps,Lecanorales,Lecanorales,0.598,1
SH1176248.08FU_KF380888_reps,Lecanorales,Lecanorales,0.784,1
SH2596302.08FU_MK629276_reps,Lecanorales,Lecanorales,0.699,1
SH1213166.08FU_AF453843_reps,Lecanorales,Lecanorales,0.904,1
SH1148499.08FU_DQ979999_reps,Lecanorales,Lecanorales,0.143,1
SH1176130.08FU_EU761210_refs,Lecanorales,Lecanorales,0.885,1
SH1211807.08FU_DQ914539_refs,Lecanorales,Lecanorales,0.864,1
SH2596037.08FU_MK343775_reps,Lecanorales,Lecanorales,0.442,1
SH1181805.08FU_HQ335201_reps,Lecanorales,Lecanorales,0.779,1
SH1188595.08FU_KX151762_reps,Lecanorales,Lecanorales,0.125,1
SH3565442.08FU_MN586973_reps,Lecanorales,NA,0,0
SH3566910.08FU_MK722216_reps,Lecanorales,Lecanorales,0.85,1
SH3567527.08FU_MK946965_reps,Lecanorales,NA,0,0
SH3567528.08FU_MK946964_reps,Lecanorales,NA,0,0
SH1149261.08FU_DQ279509_reps,Lecanorales,Lecanorales,0.142,1
SH3568278.08FU_MN811345_reps,Lecanorales,Lecanorales,0.0216,1
SH1151683.08FU_KY066266_reps,Lecanorales,Lecanorales,0.142,1
SH1176093.08FU_MF669898_reps,Lecanorales,Lecanorales,0.9,1
SH1176132.08FU_JX466478_reps,Lecanorales,Lecanorales,0.844,1
SH1156671.08FU_AM292691_reps,Lecanorales,Lecanorales,0.125,1
SH1176283.08FU_DQ279513_reps,Lecanorales,Lecanorales,0.772,1
SH1183988.08FU_GU827312_reps,Lecanorales,Lecanorales,0.125,1
SH1187101.08FU_KT962181_reps,Lecanorales,Lecanorales,0.127,1
SH1213152.08FU_KP001212_reps,Lecanorales,Lecanorales,0.727,1
SH2593765.08FU_MK352339_reps,Lecanorales,Lecanorales,0.125,1
SH1176090.08FU_KU895881_reps,Lecanorales,Lecanorales,0.804,1
SH1176281.08FU_EU401757_reps,Lecanorales,Lecanorales,0.814,1
SH1175770.08FU_MN103176_reps,Lecanorales,Lecanorales,0.077,1
SH1176170.08FU_JN086319_refs,Lecanorales,Lecanorales,0.817,1
SH1176178.08FU_GU992332_reps,Lecanorales,Lecanorales,0.743,1
SH1236461.08FU_DQ396961_reps,Lecanorales,Lecanorales,0.644,1
SH1156689.08FU_AM504071_reps,Lecanorales,Lecanorales,0.125,1
SH1152346.08FU_AB051652_reps,Lecanorales,Lecanorales,0.895,1
SH1184370.08FU_MK672837_reps,Lecanorales,Lecanorales,0.73,1
SH1181942.08FU_JN115291_reps,Lecanorales,Lecanorales,0.789,1
SH1176165.08FU_EU788027_refs,Lecanorales,Lecanorales,0.879,1
SH1176379.08FU_MF669892_reps,Lecanorales,Lecanorales,0.914,1
SH1176135.08FU_KM250150_reps,Lecanorales,Lecanorales,0.142,1
SH1176072.08FU_EF457780_reps,Lecanorales,Lecanorales,0.928,1
SH1188388.08FU_KT630244_reps,Lecanorales,Lecanorales,0.128,1
SH1213145.08FU_KF378726_reps,Lecanorales,Lecanorales,0.829,1
SH1176126.08FU_MG692826_reps,Lecanorales,Lecanorales,0.947,1
SH1156675.08FU_AJ247553_reps,Lecanorales,Lecanorales,0.125,1
SH1159104.08FU_AY398700_reps,Lecanorales,Lecanorales,0.655,1
SH1183975.08FU_MN811346_reps,Lecanorales,Lecanorales,0.0904,1
SH1149364.08FU_KP822266_reps,Lecanorales,Lecanorales,0.143,1
SH1148504.08FU_KF017371_reps,Lecanorales,Lecanorales,0.743,1
SH1156670.08FU_AM600967_reps,Lecanorales,Lecanorales,0.125,1
SH1176095.08FU_UDB022722_reps,Lecanorales,Lecanorales,0.142,1
SH1176235.08FU_KM979760_reps,Lecanorales,Lecanorales,0.143,1
SH1203113.08FU_EU670210_reps,Caliciales,Caliciales,0.692,1
SH1185830.08FU_EU045424_reps,Caliciales,Caliciales,0.123,1
SH1203102.08FU_AF224434_reps,Caliciales,Caliciales,0.863,1
SH1145320.08FU_AY450576_reps,Caliciales,Caliciales,0.126,1
SH1171058.08FU_MN103116_reps,Caliciales,Caliciales,0.101,1
SH1185737.08FU_GU553291_reps,Caliciales,Caliciales,0.123,1
SH1185748.08FU_EU670233_reps,Caliciales,Caliciales,0.764,1
SH1203122.08FU_DQ849308_reps,Caliciales,Caliciales,0.123,1
SH1185824.08FU_EU045427_reps,Caliciales,Caliciales,0.123,1
SH1203105.08FU_AF540547_reps,Caliciales,Caliciales,0.122,1
SH1143665.08FU_MN792989_reps,Caliciales,Caliciales,0.106,1
SH1143662.08FU_KY611873_reps,Caliciales,Caliciales,0.117,1
SH2593881.08FU_MK028209_reps,Caliciales,Caliciales,0.117,1
SH1203132.08FU_AJ544182_reps,Caliciales,Caliciales,0.123,1
SH1145315.08FU_DQ789089_reps,Caliciales,Caliciales,0.128,1
SH2593879.08FU_MK028211_reps,Caliciales,Caliciales,0.117,1
SH1203133.08FU_AF540550_reps,Caliciales,Caliciales,0.724,1
SH1150726.08FU_AY860572_reps,Caliciales,Caliciales,0.123,1
SH1153499.08FU_AF540508_reps,Caliciales,Caliciales,0.13,1
SH2593180.08FU_MF399008_reps,Caliciales,Caliciales,0.117,1
SH1145317.08FU_DQ812130_reps,Caliciales,Caliciales,0.117,1
SH2595325.08FU_MK812438_reps,Caliciales,Caliciales,0.533,1
SH3568174.08FU_MT260864_reps,Caliciales,NA,0,0
SH1203111.08FU_MN965786_reps,Caliciales,Caliciales,0.123,1
SH1185826.08FU_KU862954_reps,Caliciales,Caliciales,0.123,1
SH1203109.08FU_AY860559_reps,Caliciales,Caliciales,0.87,1
SH1145338.08FU_AF532168_reps,Caliciales,Caliciales,0.117,1
SH1180668.08FU_LC516427_reps,Caliciales,Caliciales,0.0738,1
SH1225901.08FU_EF551165_reps,Caliciales,Caliciales,0.117,1
SH1188973.08FU_AY450584_reps,Caliciales,Caliciales,0.117,1
SH1185891.08FU_DQ849294_reps,Caliciales,Caliciales,0.123,1
SH1154719.08FU_MG551507_reps,Caliciales,Caliciales,0.117,1
SH1151224.08FU_KU687457_reps,Rhizocarpales,Rhizocarpales,0.123,1
SH1151219.08FU_KX079700_refs,Rhizocarpales,Rhizocarpales,0.123,1
SH2595157.08FU_MH979422_reps,Rhizocarpales,Rhizocarpales,0.123,1
SH1154191.08FU_KX385130_reps,Peltigerales,Peltigerales,0.0791,1
SH1155087.08FU_MN065890_reps,Peltigerales,Peltigerales,0.847,1
SH1240990.08FU_EU885298_reps,Peltigerales,Peltigerales,0.0942,1
SH1181395.08FU_MK811685_reps,Peltigerales,Peltigerales,0.111,1
SH1155059.08FU_KT750878_reps,Peltigerales,Peltigerales,0.768,1
SH1175215.08FU_AF429278_reps,Peltigerales,Peltigerales,0.0942,1
SH1154188.08FU_KY777441_reps,Peltigerales,Peltigerales,0.655,1
SH1183040.08FU_KC618737_refs,Peltigerales,Peltigerales,0.106,1
SH1155080.08FU_MG367434_reps,Peltigerales,Peltigerales,0.682,1
SH1175204.08FU_KF704258_reps,Peltigerales,Peltigerales,0.111,1
SH1181522.08FU_KY266932_reps,Peltigerales,Peltigerales,0.0791,1
SH1183036.08FU_MN483097_reps,Peltigerales,Peltigerales,0.112,1
SH1181397.08FU_EU885294_reps,Peltigerales,Peltigerales,0.0942,1
SH1181525.08FU_AF350311_reps,Peltigerales,Peltigerales,0.832,1
SH1155040.08FU_KC732767_refs,Peltigerales,Peltigerales,0.829,1
SH1154187.08FU_KC011033_reps,Peltigerales,Peltigerales,0.503,1
SH1175208.08FU_KC618700_reps,Peltigerales,Peltigerales,0.11,1
SH1181394.08FU_GQ927268_reps,Peltigerales,Peltigerales,0.111,1
SH1154183.08FU_AF524920_reps,Peltigerales,Peltigerales,0.0791,1
SH1155041.08FU_MG457988_reps,Peltigerales,Peltigerales,0.877,1
SH1181518.08FU_MK812005_reps,Peltigerales,Peltigerales,0.896,1
SH1154186.08FU_KF730790_reps,Peltigerales,Peltigerales,0.0791,1
SH1152042.08FU_JQ735972_reps,Peltigerales,Peltigerales,0.0791,1
SH1181519.08FU_GU072747_refs,Peltigerales,Peltigerales,0.906,1
SH1181516.08FU_DQ001291_reps,Peltigerales,Peltigerales,0.584,1
SH1181523.08FU_AF351154_reps,Peltigerales,Peltigerales,0.0791,1
SH1181473.08FU_KC618731_reps,Peltigerales,Peltigerales,0.108,1
SH1175798.08FU_MN708334_reps,Peltigerales,Peltigerales,0.0602,1
SH1155046.08FU_MG458035_reps,Peltigerales,Peltigerales,0.909,1
SH1241056.08FU_UDB0571098_reps,Umbilicariales,NA,0,0
SH2595182.08FU_MN387183_reps,Umbilicariales,Umbilicariales,0.09,1
SH1154865.08FU_KJ740718_refs,Umbilicariales,Umbilicariales,0.821,1
SH1154859.08FU_JQ764733_refs,Umbilicariales,Umbilicariales,0.842,1
SH1154850.08FU_FN185975_refs,Umbilicariales,Umbilicariales,0.854,1
SH1154878.08FU_AF096219_refs,Umbilicariales,Umbilicariales,0.691,1
SH1154881.08FU_KF360375_reps,Umbilicariales,Umbilicariales,0.0623,1
SH1181890.08FU_KF360410_refs,Umbilicariales,Umbilicariales,0.0986,1
SH1172896.08FU_HM161486_reps,Umbilicariales,Umbilicariales,0.755,1
SH1154880.08FU_KF360372_reps,Umbilicariales,Umbilicariales,0.0512,1
SH1154857.08FU_HM161509_refs,Umbilicariales,Umbilicariales,0.826,1
SH1191192.08FU_MG669073_reps,Umbilicariales,Umbilicariales,0.707,1
SH1154845.08FU_AF096216_refs,Umbilicariales,Umbilicariales,0.815,1
SH1187097.08FU_KR002685_reps,Umbilicariales,Umbilicariales,0.0966,1
SH1151266.08FU_LN810780_reps,Acarosporales,Acarosporales,0.06,1
SH1215150.08FU_LN810760_reps,Acarosporales,Acarosporales,0.804,1
SH1215135.08FU_DQ374132_reps,Acarosporales,Acarosporales,0.812,1
SH1215152.08FU_LN810815_reps,Acarosporales,Acarosporales,0.0596,1
SH1215142.08FU_DQ374137_reps,Acarosporales,Acarosporales,0.815,1
SH1215199.08FU_LN810787_reps,Acarosporales,Acarosporales,0.782,1
SH1191198.08FU_MK948456_reps,Acarosporales,Acarosporales,0.779,1
SH1215129.08FU_LN810844_reps,Acarosporales,Acarosporales,0.619,1
SH1236644.08FU_JQ906770_refs,Acarosporales,Acarosporales,0.0536,1
SH1191201.08FU_MH555369_reps,Acarosporales,Acarosporales,0.821,1
SH1215151.08FU_DQ842014_refs,Acarosporales,Acarosporales,0.612,1
SH1215114.08FU_MN989223_reps,Acarosporales,Acarosporales,0.689,1
SH1215118.08FU_MH555421_reps,Acarosporales,Acarosporales,0.787,1
SH1215197.08FU_LN836018_reps,Acarosporales,Acarosporales,0.213,1
SH1215108.08FU_HQ650721_refs,Acarosporales,Acarosporales,0.758,1
SH1215102.08FU_MH555406_reps,Acarosporales,Acarosporales,0.788,1
SH1215103.08FU_DQ525472_reps,Acarosporales,Acarosporales,0.794,1
SH1215128.08FU_MF134869_reps,Acarosporales,Acarosporales,0.694,1
SH1191197.08FU_DQ525504_reps,Acarosporales,Acarosporales,0.693,1
SH1191202.08FU_LN810859_reps,Acarosporales,Acarosporales,0.652,1
SH1215144.08FU_AY853352_reps,Acarosporales,Acarosporales,0.731,1
SH1215138.08FU_AY853393_reps,Acarosporales,Acarosporales,0.0597,1
SH1178013.08FU_JX306742_reps,Pertusariales,Pertusariales,0.116,1
SH1156942.08FU_AF329174_reps,Pertusariales,Pertusariales,0.116,1
SH1178014.08FU_JX476026_refs,Pertusariales,Pertusariales,0.116,1
SH1178020.08FU_JX476030_refs,Pertusariales,Pertusariales,0.116,1
SH1185240.08FU_KP984797_reps,Pertusariales,Pertusariales,0.0878,1
SH1191852.08FU_MG947633_reps,Pertusariales,Pertusariales,0.107,1
SH1232821.08FU_AF332108_reps,Pertusariales,Pertusariales,0.101,1
SH1189184.08FU_KC965169_reps,Pertusariales,Pertusariales,0.588,1
SH1241327.08FU_MK408637_reps,Pertusariales,Pertusariales,0.0878,1
SH1190546.08FU_KY596010_refs,Pertusariales,Pertusariales,0.884,1
SH1232822.08FU_KX253975_reps,Pertusariales,Pertusariales,0.101,1
SH1232828.08FU_HQ259268_reps,Pertusariales,Pertusariales,0.101,1
SH2593981.08FU_MH485201_reps,Pertusariales,Pertusariales,0.222,1
SH1232845.08FU_MN989235_reps,Pertusariales,Pertusariales,0.0787,1
SH2595112.08FU_MN512273_reps,Pertusariales,Pertusariales,0.113,1
SH1232854.08FU_KU341407_refs,Pertusariales,Pertusariales,0.101,1
SH1215146.08FU_JF703112_reps,Pertusariales,Pertusariales,0.1,1
SH1232863.08FU_EU057932_reps,Pertusariales,Pertusariales,0.101,1
SH3566742.08FU_MN906264_reps,Pertusariales,Pertusariales,0.046,1
SH1232809.08FU_JF825525_reps,Pertusariales,Pertusariales,0.101,1
SH1190548.08FU_KY618852_refs,Pertusariales,Pertusariales,0.666,1
SH3686210.08FU_MK571780_reps,Arctomiales,NA,0,0
SH1152260.08FU_HQ650634_refs,Trapeliales,Trapeliales,0.494,1
SH1152262.08FU_KR017143_reps,Trapeliales,Trapeliales,0.392,1
SH1154663.08FU_KU844742_reps,Trapeliales,Trapeliales,0.222,1
SH1190788.08FU_KR017116_reps,Trapeliales,Trapeliales,0.0724,1
SH1154651.08FU_HQ650709_refs,Trapeliales,Trapeliales,0.554,1
SH1154655.08FU_AY212823_reps,Trapeliales,Trapeliales,0.709,1
SH1181902.08FU_KJ462319_reps,Trapeliales,Trapeliales,0.232,1
SH1181898.08FU_MK812010_reps,Trapeliales,Trapeliales,0.769,1
SH1152261.08FU_KX961315_refs,Trapeliales,Trapeliales,0.798,1
SH1181906.08FU_MN906297_reps,Trapeliales,Trapeliales,0.736,1
SH2593576.08FU_MN483114_reps,Trapeliales,Trapeliales,0.0724,1
SH1185800.08FU_KJ462329_reps,Trapeliales,Trapeliales,0.0717,1
SH1181903.08FU_KJ462317_reps,Trapeliales,Trapeliales,0.715,1
SH1154657.08FU_KU844753_reps,Trapeliales,Trapeliales,0.509,1
SH1187515.08FU_KR017070_reps,Trapeliales,Trapeliales,0.629,1
SH1159175.08FU_AM697874_reps,Teloschistales,Teloschistales,0.117,1
SH1174748.08FU_EU639620_reps,Teloschistales,Teloschistales,0.866,1
SH1150882.08FU_KT291465_reps,Teloschistales,Teloschistales,0.673,1
SH1150869.08FU_KC179416_reps,Teloschistales,Teloschistales,0.79,1
SH1172589.08FU_MN305804_reps,Teloschistales,Teloschistales,0.806,1
SH1174740.08FU_HQ699660_refs,Teloschistales,Teloschistales,0.812,1
SH1180073.08FU_KR902693_reps,Teloschistales,Teloschistales,0.7,1
SH1175189.08FU_AY233221_refs,Teloschistales,Teloschistales,0.76,1
SH1175015.08FU_KU927009_reps,Teloschistales,Teloschistales,0.72,1
SH1237955.08FU_KJ133454_reps,Teloschistales,Teloschistales,0.117,1
SH1174731.08FU_AM263332_refs,Teloschistales,Teloschistales,0.62,1
SH1174888.08FU_KC179410_refs,Teloschistales,Teloschistales,0.955,1
SH1174989.08FU_JN641768_reps,Teloschistales,Teloschistales,0.805,1
SH1183095.08FU_KC179375_refs,Teloschistales,Teloschistales,0.117,1
SH1174747.08FU_KU926996_reps,Teloschistales,Teloschistales,0.117,1
SH1175025.08FU_KU927008_reps,Teloschistales,Teloschistales,0.774,1
SH1175003.08FU_MG954223_reps,Teloschistales,Teloschistales,0.575,1
SH1175016.08FU_AY762038_reps,Teloschistales,Teloschistales,0.727,1
SH1179873.08FU_JQ301673_reps,Teloschistales,Teloschistales,0.066,1
SH1183072.08FU_KR902661_reps,Teloschistales,Teloschistales,0.797,1
SH1179728.08FU_JQ993838_reps,Teloschistales,Teloschistales,0.117,1
SH1160482.08FU_MG954114_reps,Teloschistales,Teloschistales,0.117,1
SH1182265.08FU_KT456213_reps,Teloschistales,Teloschistales,0.117,1
SH3565499.08FU_MN103120_reps,Teloschistales,Teloschistales,0.739,1
SH1180078.08FU_KR902692_reps,Teloschistales,Teloschistales,0.516,1
SH1182271.08FU_KF264625_reps,Teloschistales,Teloschistales,0.117,1
SH1175021.08FU_KC179420_reps,Teloschistales,Teloschistales,0.68,1
SH1174752.08FU_DQ173237_reps,Teloschistales,Teloschistales,0.71,1
SH1175027.08FU_KC884505_reps,Teloschistales,Teloschistales,0.879,1
SH1174754.08FU_KJ789965_reps,Teloschistales,Teloschistales,0.117,1
SH1186085.08FU_EU681362_reps,Teloschistales,Teloschistales,0.117,1
SH1174899.08FU_KC179357_reps,Teloschistales,Teloschistales,0.524,1
SH1208084.08FU_EU563412_reps,Teloschistales,Teloschistales,0.866,1
SH1208085.08FU_EU563398_reps,Teloschistales,Teloschistales,0.895,1
SH1236879.08FU_MN586955_reps,Teloschistales,Teloschistales,0.109,1
SH1175017.08FU_KC179448_reps,Teloschistales,Teloschistales,0.69,1
SH1183077.08FU_UDB0538231_reps,Teloschistales,Teloschistales,0.828,1
SH1175008.08FU_KC884514_reps,Teloschistales,Teloschistales,0.873,1
SH1172166.08FU_MH155284_reps,Teloschistales,Teloschistales,0.116,1
SH1238160.08FU_KT220201_reps,Teloschistales,Teloschistales,0.117,1
SH1150864.08FU_EF643511_refs,Teloschistales,Teloschistales,0.902,1
SH1174761.08FU_JQ074205_reps,Teloschistales,Teloschistales,0.117,1
SH1174992.08FU_HM538569_reps,Teloschistales,Teloschistales,0.866,1
SH1174762.08FU_AM697882_reps,Teloschistales,Teloschistales,0.117,1
SH1174980.08FU_KC346301_refs,Teloschistales,Teloschistales,0.9,1
SH1174887.08FU_HM800896_refs,Teloschistales,Teloschistales,0.936,1
SH1174730.08FU_KF297113_reps,Teloschistales,Teloschistales,0.701,1
SH1174898.08FU_JN984130_reps,Teloschistales,Teloschistales,0.313,1
SH1182259.08FU_JF826399_refs,Teloschistales,Teloschistales,0.117,1
SH1181218.08FU_MH155292_reps,Teloschistales,Teloschistales,0.48,1
SH3565454.08FU_MN586942_reps,Teloschistales,Teloschistales,0.453,1
SH1180070.08FU_KC179384_refs,Teloschistales,Teloschistales,0.117,1
SH1174996.08FU_AF353961_reps,Teloschistales,Teloschistales,0.676,1
SH1150337.08FU_MG551536_reps,Teloschistales,Teloschistales,0.778,1
SH1150340.08FU_JX036132_reps,Teloschistales,Teloschistales,0.117,1
SH1174906.08FU_HM582186_reps,Teloschistales,Teloschistales,0.867,1
SH1174993.08FU_JN641786_reps,Teloschistales,Teloschistales,0.832,1
SH1237950.08FU_KU578078_refs,Teloschistales,Teloschistales,0.117,1
SH1150867.08FU_MF114648_reps,Teloschistales,Teloschistales,0.873,1
SH1175191.08FU_KJ021332_reps,Teloschistales,Teloschistales,0.76,1
SH1179140.08FU_AB570315_reps,Lecanoromycetes,NA,0,0
SH1151894.08FU_EF110617_reps,Lecanoromycetes,NA,0,0
SH1181135.08FU_KC184113_reps,Leprocaulales,Leprocaulales,0.242,1
SH1181132.08FU_KC184101_reps,Leprocaulales,Leprocaulales,0.248,1
SH1181136.08FU_KC184114_refs,Leprocaulales,Leprocaulales,0.25,1
SH1175790.08FU_GU480100_reps,Lecideales,Lecideales,0.0618,1
SH2595637.08FU_MK620162_reps,Lecideales,Lecideales,0.832,1
SH1156764.08FU_MK620177_reps,Lecideales,Lecideales,0.842,1
SH1156766.08FU_MK990105_reps,Lecideales,Lecideales,0.801,1
SH1175487.08FU_MK620267_reps,Lecideales,Lecideales,0.674,1
SH1156778.08FU_MK620086_reps,Lecideales,Lecideales,0.817,1
SH1156783.08FU_MK595453_reps,Lecideales,Lecideales,0.842,1
SH1185789.08FU_KC414618_reps,Baeomycetales,Baeomycetales,0.255,1
SH1142417.08FU_MH513963_reps,Baeomycetales,Baeomycetales,0.196,1
SH1152049.08FU_KT597690_refs,Baeomycetales,Baeomycetales,0.254,1
SH1238450.08FU_MG694271_reps,Candelariales,Candelariales,0.618,1
SH1238461.08FU_EF535190_reps,Candelariales,Candelariales,0.194,1
SH1180496.08FU_MK966426_reps,Candelariales,Candelariales,0.0557,1
SH1238441.08FU_EF535177_reps,Candelariales,Candelariales,0.527,1
SH1238435.08FU_EF535210_reps,Candelariales,Candelariales,0.709,1
SH1238463.08FU_MK812369_reps,Candelariales,Candelariales,0.573,1
SH1238432.08FU_MN103124_reps,Candelariales,Candelariales,0.124,1
SH1181893.08FU_KR017085_reps,Sarrameanales,Sarrameanales,0.13,1
SH2606094.08FU_UDB0413318_reps,GS36,NA,0,0
SH1143227.08FU_KT932061_reps,Orbiliales,Orbiliales,0.135,1
SH1184033.08FU_MK493130_reps,Orbiliales,Orbiliales,0.0488,1
SH2592682.08FU_MK473406_reps,Orbiliales,Orbiliales,0.0166,1
SH1189286.08FU_AF106536_reps,Orbiliales,Orbiliales,0.482,1
SH2608132.08FU_UDB0348541_reps,Orbiliales,NA,0,0
SH1184388.08FU_KY659207_reps,Orbiliales,Orbiliales,0.0483,1
SH1175448.08FU_KT215248_reps,Orbiliales,Orbiliales,0.0488,1
SH1143231.08FU_AF106527_refs,Orbiliales,Orbiliales,0.299,1
SH1152329.08FU_MG593182_reps,Orbiliales,Orbiliales,0.0488,1
SH1169707.08FU_MF161166_reps,Orbiliales,Orbiliales,0.0488,1
SH1146591.08FU_MF948402_reps,Orbiliales,Orbiliales,0.0488,1
SH1143247.08FU_JF748757_reps,Orbiliales,Orbiliales,0.0488,1
SH1145908.08FU_UDB034366_reps,Orbiliales,Orbiliales,0.0488,1
SH1150043.08FU_MH179720_reps,Orbiliales,Orbiliales,0.419,1
SH1157201.08FU_KT215280_reps,Orbiliales,Orbiliales,0.0329,1
SH1242046.08FU_DQ480729_reps,Orbiliales,Orbiliales,0.0488,1
SH2612326.08FU_UDB0594246_reps,Orbiliales,NA,0,0
SH1189278.08FU_EF445993_refs,Orbiliales,Orbiliales,0.367,1
SH1189004.08FU_MH179761_reps,Orbiliales,Orbiliales,0.706,1
SH1187383.08FU_KT380075_reps,Orbiliales,Orbiliales,0.0488,1
SH1151467.08FU_KT380074_reps,Orbiliales,Orbiliales,0.0488,1
SH1187390.08FU_UDB0658341_reps,Orbiliales,Orbiliales,0.0488,1
SH1143249.08FU_KT222361_reps,Orbiliales,Orbiliales,0.0488,1
SH1146586.08FU_DQ494353_refs,Orbiliales,Orbiliales,0.0488,1
SH1184386.08FU_EU516904_reps,Orbiliales,Orbiliales,0.0488,1
SH1189294.08FU_MH179786_reps,Orbiliales,Orbiliales,0.606,1
SH2592666.08FU_MH179716_reps,Orbiliales,Orbiliales,0.163,1
SH2609805.08FU_UDB0621880_reps,Orbiliales,NA,0,0
SH1157756.08FU_U51946_reps,Orbiliales,Orbiliales,0.155,1
SH1184149.08FU_UDB0308455_reps,Orbiliales,Orbiliales,0.0243,1
SH1189275.08FU_UDB0592913_reps,Orbiliales,Orbiliales,0.712,1
SH1143607.08FU_UDB014896_reps,GS33,NA,0,0
SH1153428.08FU_AF492121_refs,Taphrinales,Taphrinales,0.46,1
SH1153449.08FU_AY239216_refs,Taphrinales,Taphrinales,0.563,1
SH1150410.08FU_KC491201_reps,Taphrinales,Taphrinales,0.0429,1
SH1153446.08FU_LC312420_reps,Taphrinales,Taphrinales,0.621,1
SH1235961.08FU_DQ497617_refs,Taphrinales,Taphrinales,0.434,1
SH1214332.08FU_HQ876042_refs,Saccharomycetales,Saccharomycetales,0.902,1
SH1150821.08FU_FM178354_refs,Saccharomycetales,Saccharomycetales,0.31,1
SH1169352.08FU_LT547714_refs,Saccharomycetales,Saccharomycetales,0.274,1
SH1149425.08FU_HM156504_refs,Saccharomycetales,Saccharomycetales,0.0484,1
SH2601424.08FU_UDB0301253_reps,Saccharomycetales,NA,0,0
SH1189344.08FU_UDB0214978_reps,Saccharomycetales,Saccharomycetales,0.028,1
SH1169400.08FU_MN526239_reps,Saccharomycetales,Saccharomycetales,0.348,1
SH1172916.08FU_KM598657_refs,Saccharomycetales,Saccharomycetales,0.0396,1
SH1150817.08FU_AB054099_refs,Saccharomycetales,Saccharomycetales,0.415,1
SH1150823.08FU_KY673531_refs,Saccharomycetales,Saccharomycetales,0.613,1
SH1169393.08FU_MG016001_reps,Saccharomycetales,Saccharomycetales,0.51,1
SH1235856.08FU_GU291262_refs,Saccharomycetales,Saccharomycetales,0.0381,1
SH1235523.08FU_HQ999978_refs,Saccharomycetales,Saccharomycetales,0.246,1
SH1150852.08FU_KJ707037_reps,Saccharomycetales,Saccharomycetales,0.3,1
SH1149429.08FU_KY105917_refs,Saccharomycetales,Saccharomycetales,0.187,1
SH1236158.08FU_EF568066_refs,Saccharomycetales,Saccharomycetales,0.0161,1
SH1243625.08FU_MG255725_reps,Saccharomycetales,Saccharomycetales,0.0497,1
SH1189372.08FU_GU291261_refs,Saccharomycetales,Saccharomycetales,0.0381,1
SH1189373.08FU_JQ812707_refs,Saccharomycetales,Saccharomycetales,0.0381,1
SH1189375.08FU_MF767639_reps,Saccharomycetales,Saccharomycetales,0.883,1
SH1186011.08FU_FJ172255_refs,Saccharomycetales,Saccharomycetales,0.0362,1
SH1149439.08FU_FJ153200_reps,Saccharomycetales,Saccharomycetales,0.311,1
SH1201618.08FU_KY102008_refs,Saccharomycetales,Saccharomycetales,0.552,1
SH1149430.08FU_AB714257_refs,Saccharomycetales,Saccharomycetales,0.494,1
SH1234068.08FU_EF568042_refs,Saccharomycetales,Saccharomycetales,0.884,1
SH1201616.08FU_HQ283374_refs,Saccharomycetales,Saccharomycetales,0.262,1
SH1150814.08FU_AB054117_refs,Saccharomycetales,Saccharomycetales,0.663,1
SH1201612.08FU_FJ623610_refs,Saccharomycetales,Saccharomycetales,0.144,1
SH1169379.08FU_EU343838_refs,Saccharomycetales,Saccharomycetales,0.444,1
SH1179223.08FU_JX292100_reps,Saccharomycetales,Saccharomycetales,0.033,1
SH1150829.08FU_KF666635_reps,Saccharomycetales,Saccharomycetales,0.171,1
SH1148211.08FU_KY103068_refs,Saccharomycetales,Saccharomycetales,0.575,1
SH1150803.08FU_EU343826_refs,Saccharomycetales,Saccharomycetales,0.813,1
SH1169391.08FU_MK794109_reps,Saccharomycetales,Saccharomycetales,0.555,1
SH1201609.08FU_FJ172251_refs,Saccharomycetales,Saccharomycetales,0.0291,1
SH3566603.08FU_MT339502_reps,Saccharomycetales,NA,0,0
SH1142673.08FU_KC959474_refs,Saccharomycetales,Saccharomycetales,0.0497,1
SH1169387.08FU_LC015725_reps,Saccharomycetales,Saccharomycetales,0.439,1
SH1169147.08FU_KY103078_refs,Saccharomycetales,Saccharomycetales,0.0484,1
SH1178035.08FU_EU836707_refs,Saccharomycetales,Saccharomycetales,0.0381,1
SH1151667.08FU_AB354209_refs,Saccharomycetales,Saccharomycetales,0.0367,1
SH1189238.08FU_KY104480_refs,Saccharomycetales,Saccharomycetales,0.0497,1
SH1145589.08FU_UDB0684952_reps,GS34,Helotiales,0.016,0
SH2605466.08FU_UDB0288098_reps,GS34,NA,0,0
SH1154942.08FU_MK812287_reps,Coniocybales,Coniocybales,0.43,1
SH1145394.08FU_UDB015004_refs,Coniocybales,Coniocybales,0.0825,1
SH2606934.08FU_UDB0154039_reps,Geoglossales,NA,0,0
SH1150120.08FU_KP690089_refs,Geoglossales,Geoglossales,0.4,1
SH2608905.08FU_UDB0666637_reps,Geoglossales,NA,0,0
SH1212941.08FU_DQ491494_refs,Geoglossales,Geoglossales,0.473,1
SH1150121.08FU_JX043000_reps,Geoglossales,Geoglossales,0.232,1
SH1184337.08FU_AY789318_reps,Geoglossales,Geoglossales,0.471,1
SH1184571.08FU_UDB0674901_reps,Geoglossales,Geoglossales,0.278,1
SH1184568.08FU_UDB064201_reps,Geoglossales,Geoglossales,0.161,1
SH1184575.08FU_UDB0374571_reps,Geoglossales,Geoglossales,0.0173,1
SH2607185.08FU_UDB0155574_reps,Geoglossales,NA,0,0
SH1184340.08FU_MH578541_reps,Geoglossales,Geoglossales,0.317,1
SH1184354.08FU_UDB026665_reps,Geoglossales,Geoglossales,0.14,1
SH2608105.08FU_UDB0520047_reps,Geoglossales,NA,0,0
SH2607743.08FU_UDB0626835_reps,Geoglossales,Geoglossales,0.0314,1
SH2604968.08FU_UDB0350688_reps,Geoglossales,NA,0,0
SH2614895.08FU_UDB0514104_reps,Geoglossales,NA,0,0
SH2589588.08FU_MG757820_reps,Laboulbeniales,NA,0,0
SH1185687.08FU_MG438311_reps,Laboulbeniales,NA,0,0
SH2608385.08FU_UDB0194488_reps,Pyxidiophorales,NA,0,0
SH1238702.08FU_KU931492_reps,Pyxidiophorales,NA,0,0
SH2603346.08FU_UDB071891_reps,Pyxidiophorales,NA,0,0
SH1147624.08FU_HM240068_reps,Archaeorhizomycetales,NA,0,0
SH1149167.08FU_UDB0398035_reps,Archaeorhizomycetales,NA,0,0
SH2597262.08FU_UDB0565959_reps,Archaeorhizomycetales,NA,0,0
SH1238340.08FU_KF617893_reps,Archaeorhizomycetales,NA,0,0
SH1149911.08FU_HM239696_reps,Archaeorhizomycetales,NA,0,0
SH1240438.08FU_UDB014768_reps,GS31,NA,0,0
SH1239381.08FU_UDB014843_reps,GS31,NA,0,0
SH1238357.08FU_KC107953_reps,Arthoniales,Arthoniales,0.0704,1
SH1181409.08FU_KC107990_reps,Arthoniales,Arthoniales,0.478,1
SH1181419.08FU_KC107875_reps,Arthoniales,Arthoniales,0.0704,1
SH1181407.08FU_KC107932_reps,Arthoniales,Arthoniales,0.483,1
SH1181422.08FU_KC107913_reps,Arthoniales,Arthoniales,0.628,1
SH1172883.08FU_GU137808_reps,Arthoniales,Arthoniales,0.207,1
SH1181425.08FU_KC107857_refs,Arthoniales,Arthoniales,0.559,1
SH1181412.08FU_KC107894_reps,Arthoniales,Arthoniales,0.549,1
SH1155989.08FU_JN040513_refs,Lichenostigmatales,Lichenostigmatales,0.102,1
SH1175155.08FU_KM104048_reps,Sareales,dummy_order_Sarea,0.166,0
SH2610846.08FU_UDB0596691_reps,GS05,NA,0,0
SH2609650.08FU_UDB0717116_reps,GS05,NA,0,0
SH3222411.08FU_UDB0708173_reps,GS05,NA,0,0
SH2611462.08FU_UDB0310125_reps,GS05,NA,0,0
SH2618723.08FU_UDB0702804_reps,GS05,NA,0,0
SH2613878.08FU_UDB0431551_reps,GS05,NA,0,0
SH1156410.08FU_UDB0452197_reps,GS05,NA,0,0
SH2608448.08FU_UDB0196392_reps,GS05,NA,0,0
SH2608479.08FU_UDB0197580_reps,GS05,NA,0,0
SH3228700.08FU_UDB0715736_reps,GS05,NA,0,0
SH2618762.08FU_UDB0706892_reps,GS08,NA,0,0
SH3209171.08FU_UDB0684369_reps,GS08,NA,0,0
SH2609683.08FU_UDB0715376_reps,GS07,NA,0,0
SH1187079.08FU_JQ081584_reps,GS11,NA,0,0
SH2611745.08FU_UDB0464217_reps,GS11,NA,0,0
SH1240435.08FU_UDB0568540_reps,GS06,NA,0,0
SH3214298.08FU_UDB0192158_reps,GS10,NA,0,0
SH3226299.08FU_UDB0451006_reps,GS10,NA,0,0
SH2589001.08FU_KF274118_reps,Spizellomycetales,NA,0,0
SH2601288.08FU_UDB0616072_reps,Spizellomycetales,NA,0,0
SH3224052.08FU_UDB0106199_reps,Spizellomycetales,NA,0,0
SH3214890.08FU_UDB0459450_reps,Spizellomycetales,NA,0,0
SH3220136.08FU_UDB0535607_reps,Spizellomycetales,NA,0,0
SH3224122.08FU_UDB0405499_reps,Spizellomycetales,NA,0,0
SH2606771.08FU_UDB0572407_reps,Spizellomycetales,NA,0,0
SH2602776.08FU_UDB0295522_reps,Rhizophydiales,NA,0,0
SH3228818.08FU_UDB0249906_reps,Rhizophydiales,NA,0,0
SH3218961.08FU_UDB0157139_reps,Rhizophydiales,NA,0,0
SH2603278.08FU_UDB0674166_reps,Rhizophydiales,NA,0,0
SH3211359.08FU_UDB0528889_reps,Rhizophydiales,NA,0,0
SH1241004.08FU_EF634250_refs,Rhizophydiales,Rhizophydiales,0.0174,1
SH2603402.08FU_UDB0274518_reps,Rhizophydiales,NA,0,0
SH3218962.08FU_UDB0461659_reps,Rhizophydiales,NA,0,0
SH3225131.08FU_UDB0600831_reps,Rhizophydiales,NA,0,0
SH1238176.08FU_EF585668_refs,Rhizophydiales,Rhizophydiales,0.023,1
SH3218954.08FU_UDB0674070_reps,Rhizophydiales,NA,0,0
SH2605433.08FU_UDB0109028_reps,Lobulomycetales,NA,0,0
SH3226077.08FU_UDB0114127_reps,Lobulomycetales,NA,0,0
SH2601981.08FU_UDB0559415_reps,Lobulomycetales,NA,0,0
SH1241001.08FU_EU379209_reps,Rhizophlyctidales,NA,0,0
SH2603166.08FU_UDB0740256_reps,Synchytriales,NA,0,0
SH1237049.08FU_UDB0738306_reps,Synchytriales,NA,0,0
SH1143050.08FU_MG760449_reps,Basidiobolales,NA,0,0
SH3569878.08FU_UDB0155927_reps,Basidiobolales,NA,0,0
SH1143045.08FU_MK501321_reps,Basidiobolales,Basidiobolales,0.0713,1
SH1169184.08FU_UDB014810_reps,GS21,NA,0,0
SH1236975.08FU_UDB068568_reps,GS22,NA,0,0
SH2605281.08FU_UDB0120556_reps,GS22,NA,0,0
SH1174939.08FU_JF723608_refs,Mucorales,Mucorales,0.761,1
SH1174940.08FU_JN206209_refs,Mucorales,Mucorales,0.452,1
SH1180561.08FU_JN206188_refs,Mucorales,Mucorales,0.292,1
SH1174945.08FU_MH861081_refs,Mucorales,Mucorales,0.326,1
SH1150187.08FU_NR_103614_refs,Mucorales,Mucorales,0.164,1
SH1180783.08FU_MH858866_reps,Mucorales,Mucorales,0.613,1
SH1180781.08FU_JN206191_refs,Mucorales,Mucorales,0.177,1
SH1216029.08FU_LR536827_reps,Mucorales,Mucorales,0.462,1
SH1216028.08FU_LN809044_reps,Mucorales,Mucorales,0.751,1
SH1143716.08FU_AY243943_refs,Mucorales,Mucorales,0.698,1
SH1179806.08FU_UDB014792_reps,GS23,NA,0,0
SH1155124.08FU_MG190450_reps,Umbelopsidales,Umbelopsidales,0.53,1
SH1155122.08FU_UDB0447069_reps,Umbelopsidales,NA,0,0
SH3223988.08FU_UDB059147_reps,Umbelopsidales,NA,0,0
SH3222272.08FU_UDB0699554_reps,Umbelopsidales,NA,0,0
SH1238719.08FU_EF505586_reps,Blastocladiales,Blastocladiales,0.0223,1
SH2618985.08FU_UDB0718759_reps,GS15,NA,0,0
SH3207136.08FU_UDB0731054_reps,GS15,NA,0,0
SH3222371.08FU_UDB0708615_reps,GS15,NA,0,0
SH3207550.08FU_UDB055803_reps,GS15,NA,0,0
SH3207549.08FU_UDB055982_reps,GS15,NA,0,0
SH2607994.08FU_UDB0665947_reps,Mortierellales,NA,0,0
SH2605828.08FU_UDB0526685_reps,Mortierellales,NA,0,0
SH1238290.08FU_MK312329_reps,Mortierellales,NA,0,0
SH1224166.08FU_UDB0637052_reps,Mortierellales,Mortierellales,0.0486,1
SH1210815.08FU_KP889964_reps,Mortierellales,Mortierellales,0.301,1
SH2608122.08FU_UDB0341615_reps,Mortierellales,NA,0,0
SH1180557.08FU_JX976095_refs,Mortierellales,Mortierellales,0.0973,1
SH1180604.08FU_HQ630355_refs,Mortierellales,Mortierellales,0.668,1
SH1180627.08FU_UDB0442889_reps,Mortierellales,NA,0,0
SH1159926.08FU_HQ630277_refs,Mortierellales,NA,0,0
SH2605349.08FU_UDB0186369_reps,Mortierellales,NA,0,0
SH1190031.08FU_UDB0362853_reps,Mortierellales,NA,0,0
SH2606423.08FU_UDB0569865_reps,Mortierellales,NA,0,0
SH1180645.08FU_UDB0656120_reps,Mortierellales,Russulales,0.0244,0
SH3219989.08FU_UDB0511913_reps,Mortierellales,NA,0,0
SH1224159.08FU_EU484279_refs,Mortierellales,Mortierellales,0.35,1
SH1159925.08FU_UDB0450388_reps,Mortierellales,NA,0,0
SH1180607.08FU_MT227328_reps,Mortierellales,NA,0,0
SH1210707.08FU_UDB0492220_reps,Mortierellales,NA,0,0
SH1180606.08FU_HQ630293_refs,Mortierellales,Mortierellales,0.605,1
SH1178728.08FU_KU318442_reps,Mortierellales,NA,0,0
SH1188320.08FU_MK312315_reps,Mortierellales,NA,0,0
SH1180639.08FU_KJ735008_reps,Mortierellales,Mortierellales,0.468,1
SH1180620.08FU_JX975924_refs,Mortierellales,Mortierellales,0.0261,1
SH1180626.08FU_UDB0299613_reps,Mortierellales,NA,0,0
SH1224164.08FU_JX976117_reps,Mortierellales,Mortierellales,0.299,1
SH1168344.08FU_MH860387_refs,Mortierellales,NA,0,0
SH1180550.08FU_HQ630353_refs,Mortierellales,NA,0,0
SH2591626.08FU_MK775324_reps,Neocallimastigales,NA,0,0
SH1190049.08FU_FJ501274_reps,Neocallimastigales,Neocallimastigales,0.489,1
SH1218048.08FU_GQ857639_reps,Neocallimastigales,Neocallimastigales,0.365,1
SH1218060.08FU_MT085711_refs,Neocallimastigales,Neocallimastigales,0.111,1
SH1237543.08FU_MT085702_reps,Neocallimastigales,Neocallimastigales,0.375,1
SH1190047.08FU_GQ857632_reps,Neocallimastigales,Neocallimastigales,0.469,1
SH2591624.08FU_MK775327_reps,Neocallimastigales,Neocallimastigales,0.204,1
SH1218046.08FU_FJ501293_reps,Neocallimastigales,Neocallimastigales,0.302,1
SH3567155.08FU_MT085684_reps,Neocallimastigales,Neocallimastigales,0.0693,1
SH1218049.08FU_KY399732_refs,Neocallimastigales,Neocallimastigales,0.0388,1
SH1190045.08FU_KX889628_reps,Neocallimastigales,Neocallimastigales,0.166,1
SH2587768.08FU_GQ857648_reps,Neocallimastigales,NA,0,0
SH1190010.08FU_UDB014731_reps,GS16,NA,0,0
SH3211600.08FU_UDB0632851_reps,GS16,NA,0,0
SH3207507.08FU_UDB0183958_reps,Monoblepharidales,NA,0,0
SH1238517.08FU_UDB066361_reps,Sanchytriales,NA,0,0
SH2608533.08FU_UDB0644840_reps,Sanchytriales,NA,0,0
SH3209815.08FU_UDB0142288_reps,Zoopagales,Zoopagales,0.405,1
SH2603513.08FU_UDB0400459_reps,Kickxellales,NA,0,0
SH1142264.08FU_KP413062_reps,Entorrhizales,Entorrhizales,0.414,1
,,,,
Total Accuracy,,,0.4147,0.9026
