SeqID,True_Classification,Protax_Classification,Protax_Probability,Accuracy
SH1236196.08FU_HE775337_reps,Glomerales,Glomerales,0.72,1
SH1189677.08FU_FR693707_reps,Glomerales,Glomerales,0.97,1
SH1189678.08FU_KM041965_reps,Glomerales,Glomerales,0.96,1
SH2607514.08FU_UDB0260007_reps,Glomerales,NA,0.0,0
SH1160095.08FU_EF558837_reps,Glomerales,NA,0.0,0
SH1153933.08FU_UDB0445397_reps,Glomerales,NA,0.0,0
SH1168485.08FU_AM384913_reps,Glomerales,Glomerales,0.72,1
SH1182352.08FU_JX096597_reps,Glomerales,Glomerales,0.972,1
SH1189683.08FU_FJ588515_reps,Glomerales,Glomerales,0.992,1
SH1179597.08FU_KF939988_reps,Glomerales,NA,0.0,0
SH1215370.08FU_HM159461_reps,Glomerales,Glomerales,0.984,1
SH2607809.08FU_UDB0259249_reps,Glomerales,NA,0.0,0
SH1189682.08FU_GQ205044_refs,Glomerales,Glomerales,0.993,1
SH1174388.08FU_GQ388510_reps,Glomerales,Glomerales,0.983,1
SH1189512.08FU_HE775374_reps,Glomerales,Glomerales,0.463,1
SH1160107.08FU_JX096570_reps,Glomerales,Glomerales,0.473,1
SH1182362.08FU_AY997053_refs,Glomerales,Glomerales,0.991,1
SH1175752.08FU_AY236265_reps,Glomerales,Glomerales,0.893,1
SH1179598.08FU_KF939980_reps,Glomerales,Glomerales,0.687,1
SH1158898.08FU_HF970253_reps,Glomerales,Glomerales,0.836,1
SH1172209.08FU_JF439187_reps,Glomerales,Glomerales,0.72,1
SH1175744.08FU_KJ564156_reps,Glomerales,Glomerales,0.72,1
SH1153925.08FU_JF439176_refs,Glomerales,Glomerales,0.72,1
SH1177352.08FU_AM384970_reps,Glomerales,Glomerales,0.72,1
SH1169241.08FU_AJ716313_refs,Glomerales,Glomerales,0.742,1
SH1175354.08FU_AJ972463_refs,Glomerales,Glomerales,0.72,1
SH1189671.08FU_JN847442_reps,Glomerales,Glomerales,0.72,1
SH1186217.08FU_MN735717_reps,Glomerales,Glomerales,0.622,1
SH2606959.08FU_UDB0622200_reps,Glomerales,Glomerales,0.34,1
SH1174390.08FU_AY236259_reps,Glomerales,Glomerales,0.919,1
SH1174387.08FU_GQ388584_reps,Glomerales,Glomerales,0.985,1
SH1174408.08FU_JX276884_reps,Glomerales,Glomerales,0.966,1
SH1182650.08FU_GQ388601_reps,Glomerales,Glomerales,0.977,1
SH1160488.08FU_JF692726_refs,Glomerales,Glomerales,0.72,1
SH1174386.08FU_FN397385_reps,Glomerales,Glomerales,0.949,1
SH1182356.08FU_AF161062_reps,Glomerales,Glomerales,0.72,1
SH1182359.08FU_GQ205087_refs,Glomerales,Glomerales,0.984,1
SH1189669.08FU_FR693684_reps,Glomerales,Glomerales,0.987,1
SH1182355.08FU_AM992850_reps,Glomerales,Glomerales,0.973,1
SH1175749.08FU_JX096608_reps,Glomerales,Glomerales,0.72,1
SH1169244.08FU_MF589996_reps,Glomerales,Glomerales,0.993,1
SH1189510.08FU_UDB0381253_reps,Glomerales,NA,0.0,0
SH1142684.08FU_KP756532_reps,Glomerales,Glomerales,0.72,1
SH2616399.08FU_LR723643_reps,Glomerales,Glomerales,0.939,1
SH1189085.08FU_KP756483_reps,Glomerales,Glomerales,0.72,1
SH1189659.08FU_JN195441_reps,Glomerales,Glomerales,0.94,1
SH1189665.08FU_FJ008665_reps,Glomerales,Glomerales,0.985,1
SH1175745.08FU_UDB0532003_reps,Glomerales,Glomerales,0.694,1
SH1158897.08FU_AJ972467_refs,Glomerales,Glomerales,0.834,1
SH2603001.08FU_UDB0392470_reps,Glomerales,Glomerales,0.877,1
SH1158803.08FU_JN194528_reps,Glomerales,Glomerales,0.958,1
SH1189742.08FU_KM042014_reps,Glomerales,Glomerales,0.717,1
SH1189756.08FU_FJ362310_reps,Glomerales,Glomerales,0.985,1
SH1236197.08FU_MT765667_reps,Glomerales,Glomerales,0.676,1
SH1245296.08FU_MN735743_reps,Glomerales,Glomerales,0.72,1
SH1177686.08FU_JX276903_reps,Glomerales,Glomerales,0.72,1
SH1174371.08FU_HG425910_reps,Glomerales,Glomerales,0.986,1
SH1182577.08FU_FJ808955_reps,Glomerales,Glomerales,0.993,1
SH1238849.08FU_KM041745_reps,Glomerales,Glomerales,0.981,1
SH1189089.08FU_UDB014818_reps,Glomerales,Glomerales,0.561,1
SH1142543.08FU_AM495167_reps,Glomerales,Glomerales,0.72,1
SH1189573.08FU_FN423697_refs,Glomerales,Glomerales,0.745,1
SH1189762.08FU_KM041972_reps,Glomerales,Glomerales,0.992,1
SH1192146.08FU_JN194497_reps,Glomerales,Glomerales,0.72,1
SH1175750.08FU_KJ484726_reps,Glomerales,Glomerales,0.98,1
SH1153924.08FU_KU878880_reps,Glomerales,Glomerales,0.924,1
SH1172210.08FU_JN195677_reps,Glomerales,Glomerales,0.861,1
SH1160106.08FU_UDB0544495_reps,Glomerales,Glomerales,0.585,1
SH1181783.08FU_KF849663_reps,Glomerales,Glomerales,0.72,1
SH2610175.08FU_UDB0567859_reps,Glomerales,Glomerales,0.359,1
SH1215358.08FU_JN195582_reps,Glomerales,Glomerales,0.981,1
SH1189681.08FU_FJ362314_reps,Glomerales,Glomerales,0.985,1
SH1182349.08FU_FM876794_refs,Glomerales,Glomerales,0.975,1
SH1189680.08FU_KF836937_reps,Glomerales,Glomerales,0.985,1
SH2609850.08FU_UDB0748366_reps,Glomerales,NA,0.0,0
SH1174315.08FU_FJ554264_reps,Glomerales,Glomerales,0.72,1
SH2603851.08FU_UDB0517941_reps,Glomerales,Glomerales,0.163,1
SH1168491.08FU_MN735724_reps,Glomerales,Glomerales,0.947,1
SH1238408.08FU_EF558810_reps,Glomerales,Glomerales,0.912,1
SH1189515.08FU_UDB0565804_reps,Glomerales,NA,0.0,0
SH2607079.08FU_UDB0623343_reps,Glomerales,NA,0.0,0
SH1176783.08FU_KF849550_reps,Glomerales,Glomerales,0.976,1
SH1176804.08FU_MT765608_reps,Glomerales,Glomerales,0.868,1
SH1153833.08FU_UDB0334885_reps,Glomerales,Glomerales,0.929,1
SH1174360.08FU_FR693717_reps,Glomerales,Glomerales,0.976,1
SH1177688.08FU_JN195569_reps,Glomerales,Glomerales,0.72,1
SH3567319.08FU_MT765689_reps,Glomerales,Glomerales,0.192,1
SH1189647.08FU_FJ009599_reps,Glomerales,Glomerales,0.988,1
SH1174363.08FU_AY896535_reps,Glomerales,Glomerales,0.72,1
SH1189509.08FU_AM992803_reps,Glomerales,Glomerales,0.823,1
SH1153909.08FU_KF060299_reps,Glomerales,Glomerales,0.942,1
SH1174309.08FU_AJ699065_refs,Glomerales,Glomerales,0.899,1
SH1215350.08FU_UDB0624008_reps,Glomerales,Glomerales,0.98,1
SH1215355.08FU_JN195594_reps,Glomerales,Glomerales,0.985,1
SH1174378.08FU_UDB0174627_reps,Glomerales,Glomerales,0.699,1
SH1182639.08FU_AM076601_reps,Glomerales,Glomerales,0.906,1
SH1182568.08FU_UDB0154140_reps,Glomerales,Glomerales,0.988,1
SH1142498.08FU_UDB0200833_reps,Glomerales,NA,0.0,0
SH1189514.08FU_EF989121_reps,Glomerales,Glomerales,0.627,1
SH1160120.08FU_JX042774_reps,Glomerales,Glomerales,0.972,1
SH3568263.08FU_MT985515_reps,Diversisporales,Diversisporales,0.959,1
SH1182289.08FU_KJ850199_reps,Diversisporales,Diversisporales,0.707,1
SH1177015.08FU_FR869691_reps,Diversisporales,Diversisporales,0.593,1
SH1236571.08FU_AM418548_reps,Diversisporales,Diversisporales,0.713,1
SH1184212.08FU_FM876815_reps,Diversisporales,Diversisporales,0.973,1
SH1175170.08FU_KP756417_reps,Diversisporales,Diversisporales,0.593,1
SH1143302.08FU_KP756451_reps,Diversisporales,NA,0.0,0
SH1177011.08FU_FR692352_reps,Diversisporales,Diversisporales,0.593,1
SH1182309.08FU_HG425932_reps,Diversisporales,Diversisporales,0.84,1
SH1175373.08FU_JF439203_reps,Diversisporales,NA,0.0,0
SH1181704.08FU_AJ872009_reps,Diversisporales,Diversisporales,0.593,1
SH1181708.08FU_HE603643_reps,Diversisporales,Diversisporales,0.593,1
SH1175171.08FU_KF206455_reps,Diversisporales,Diversisporales,0.593,1
SH1182284.08FU_AJ504642_reps,Diversisporales,Diversisporales,0.824,1
SH1143107.08FU_KX345939_reps,Diversisporales,NA,0.0,0
SH1182279.08FU_AM713406_reps,Diversisporales,Diversisporales,0.839,1
SH1182304.08FU_HF970246_reps,Diversisporales,Diversisporales,0.958,1
SH1182302.08FU_UDB0350522_reps,Diversisporales,Diversisporales,0.775,1
SH1175164.08FU_MH045497_reps,Diversisporales,Diversisporales,0.593,1
SH1181707.08FU_KP756473_reps,Diversisporales,Diversisporales,0.593,1
SH2588202.08FU_AJ891107_reps,Diversisporales,NA,0.0,0
SH1175159.08FU_KP756547_reps,Diversisporales,Diversisporales,0.593,1
SH1182287.08FU_FR873630_refs,Diversisporales,Diversisporales,0.976,1
SH1182280.08FU_FR865447_reps,Diversisporales,Diversisporales,0.838,1
SH2589666.08FU_KM057075_reps,Diversisporales,NA,0.0,0
SH1184220.08FU_MK036786_reps,Diversisporales,Diversisporales,0.982,1
SH1175370.08FU_FR846382_reps,Diversisporales,NA,0.0,0
SH1181701.08FU_FM876792_refs,Diversisporales,NA,0.0,0
SH3567328.08FU_MT765482_reps,Diversisporales,NA,0.0,0
SH1175372.08FU_AM420365_reps,Diversisporales,NA,0.0,0
SH1182283.08FU_KT444716_reps,Diversisporales,Diversisporales,0.708,1
SH1171697.08FU_MT765496_reps,Gigasporales,Gigasporales,0.757,1
SH1179586.08FU_FR750150_reps,Gigasporales,Gigasporales,0.758,1
SH1171694.08FU_KP756514_reps,Gigasporales,Gigasporales,0.758,1
SH1171695.08FU_KP756511_reps,Gigasporales,Gigasporales,0.884,1
SH1171689.08FU_HF968865_reps,Gigasporales,Gigasporales,0.883,1
SH2588257.08FU_AJ410751_reps,Gigasporales,Gigasporales,0.984,1
SH2588255.08FU_AJ313172_reps,Gigasporales,NA,0.0,0
SH1171685.08FU_HE962460_reps,Gigasporales,Gigasporales,0.985,1
SH2588265.08FU_AB048683_reps,Gigasporales,Gigasporales,0.981,1
SH1153869.08FU_AM268197_refs,Archaeosporales,Archaeosporales,0.907,1
SH1153875.08FU_FJ553199_reps,Archaeosporales,Archaeosporales,0.619,1
SH1182506.08FU_UDB0691642_reps,Archaeosporales,Archaeosporales,0.489,1
SH1174070.08FU_UDB072380_reps,Archaeosporales,Archaeosporales,0.893,1
SH1168423.08FU_AM420385_refs,Archaeosporales,Archaeosporales,0.853,1
SH1153873.08FU_MN735722_reps,Archaeosporales,Archaeosporales,0.619,1
SH1169604.08FU_MN735738_reps,Archaeosporales,Archaeosporales,0.599,1
SH2603360.08FU_UDB070060_reps,Archaeosporales,Archaeosporales,0.88,1
SH1236624.08FU_UDB0195112_reps,Archaeosporales,Archaeosporales,0.31,1
SH2588612.08FU_HM215639_reps,Paraglomerales,NA,0.0,0
SH1148316.08FU_AJ872031_reps,Paraglomerales,NA,0.0,0
SH3567357.08FU_MT765478_reps,Paraglomerales,NA,0.0,0
SH1150630.08FU_AF005481_reps,Paraglomerales,NA,0.0,0
SH1150632.08FU_MT765400_reps,Paraglomerales,NA,0.0,0
SH3567343.08FU_MT765513_reps,Paraglomerales,NA,0.0,0
SH1148020.08FU_KM207868_reps,Paraglomerales,NA,0.0,0
SH1140892.08FU_JF960838_reps,Thelephorales,Thelephorales,0.714,1
SH1159648.08FU_UDB0374486_reps,Thelephorales,Thelephorales,0.9,1
SH1140786.08FU_UDB004388_reps,Thelephorales,Thelephorales,0.736,1
SH3569664.08FU_UDB0780055_reps,Thelephorales,Thelephorales,0.758,1
SH2611959.08FU_UDB0407219_reps,Thelephorales,Thelephorales,0.739,1
SH1186689.08FU_KM402915_reps,Thelephorales,Thelephorales,0.589,1
SH1140733.08FU_UDB000957_refs,Thelephorales,Thelephorales,0.842,1
SH2618674.08FU_UDB0698571_reps,Thelephorales,Thelephorales,0.447,1
SH1159584.08FU_UDB016616_refs,Thelephorales,Thelephorales,0.711,1
SH1159527.08FU_KX619551_reps,Thelephorales,Thelephorales,0.835,1
SH1140840.08FU_KR819121_reps,Thelephorales,Thelephorales,0.661,1
SH1140508.08FU_AB634264_refs,Thelephorales,Thelephorales,0.623,1
SH1233052.08FU_KX444459_reps,Thelephorales,Thelephorales,0.744,1
SH1159440.08FU_JQ982963_reps,Thelephorales,Thelephorales,0.91,1
SH1212493.08FU_UDB016811_reps,Thelephorales,Thelephorales,0.447,1
SH1235646.08FU_EU784267_reps,Thelephorales,Thelephorales,0.0468,1
SH1140845.08FU_JX030215_reps,Thelephorales,Thelephorales,0.865,1
SH1140997.08FU_UDB0136984_reps,Thelephorales,Thelephorales,0.582,1
SH1233713.08FU_UDB011147_refs,Thelephorales,Thelephorales,0.776,1
SH2605277.08FU_UDB0232035_reps,Thelephorales,Thelephorales,0.0432,1
SH1159470.08FU_KT461320_reps,Thelephorales,Thelephorales,0.736,1
SH1141162.08FU_MK310083_reps,Thelephorales,Thelephorales,0.754,1
SH1159667.08FU_UDB0256477_reps,Thelephorales,Thelephorales,0.824,1
SH1159515.08FU_JQ393129_reps,Thelephorales,Thelephorales,0.876,1
SH1140576.08FU_UDB0464739_reps,Thelephorales,Thelephorales,0.903,1
SH2605147.08FU_UDB0100414_reps,Thelephorales,Thelephorales,0.0112,1
SH2591642.08FU_MK770287_reps,Thelephorales,Thelephorales,0.739,1
SH1140725.08FU_UDB0419771_reps,Thelephorales,Thelephorales,0.945,1
SH1182552.08FU_MF611701_reps,Thelephorales,Thelephorales,0.0468,1
SH1140513.08FU_UDB008261_refs,Thelephorales,Thelephorales,0.894,1
SH1141024.08FU_EU726319_reps,Thelephorales,Thelephorales,0.852,1
SH1233043.08FU_KM594840_reps,Thelephorales,Thelephorales,0.791,1
SH1140593.08FU_UDB0623346_reps,Thelephorales,Thelephorales,0.855,1
SH1140787.08FU_UDB007871_reps,Thelephorales,Thelephorales,0.688,1
SH1140764.08FU_UDB025959_reps,Thelephorales,Thelephorales,0.877,1
SH1190448.08FU_UDB000230_reps,Thelephorales,Thelephorales,0.78,1
SH1152198.08FU_KU141187_reps,Thelephorales,Thelephorales,0.862,1
SH1140963.08FU_UDB0758023_reps,Thelephorales,Thelephorales,0.573,1
SH1188272.08FU_LC013842_reps,Thelephorales,Thelephorales,0.908,1
SH1159744.08FU_KX444331_reps,Thelephorales,Thelephorales,0.834,1
SH1212510.08FU_UDB0357285_reps,Thelephorales,Thelephorales,0.862,1
SH1140690.08FU_LC315903_reps,Thelephorales,Thelephorales,0.795,1
SH2610672.08FU_UDB0278725_reps,Thelephorales,Thelephorales,0.782,1
SH1159496.08FU_UDB007863_reps,Thelephorales,Thelephorales,0.359,1
SH1159564.08FU_UDB018518_refs,Thelephorales,Thelephorales,0.851,1
SH1159576.08FU_UDB0219083_reps,Thelephorales,Thelephorales,0.947,1
SH1159531.08FU_UDB012538_reps,Thelephorales,Thelephorales,0.869,1
SH1212489.08FU_UDB0757657_reps,Thelephorales,Thelephorales,0.938,1
SH1140823.08FU_FJ901325_reps,Thelephorales,Thelephorales,0.841,1
SH1188274.08FU_LC175202_reps,Thelephorales,Thelephorales,0.897,1
SH1238832.08FU_UDB018364_refs,Thelephorales,Thelephorales,0.707,1
SH1140729.08FU_JN168770_reps,Thelephorales,Thelephorales,0.785,1
SH1159592.08FU_KC986252_reps,Thelephorales,Thelephorales,0.815,1
SH1140555.08FU_UDB0629634_reps,Thelephorales,Thelephorales,0.791,1
SH1212527.08FU_UDB0142823_reps,Thelephorales,Thelephorales,0.88,1
SH1140458.08FU_UDB000212_refs,Thelephorales,Thelephorales,0.927,1
SH1140678.08FU_KF476861_reps,Thelephorales,Thelephorales,0.898,1
SH1141189.08FU_KM247777_reps,Thelephorales,Thelephorales,0.83,1
SH1230382.08FU_KM402899_reps,Thelephorales,Thelephorales,0.52,1
SH1159714.08FU_UDB016696_reps,Thelephorales,Thelephorales,0.715,1
SH1140749.08FU_UDB013092_refs,Thelephorales,Thelephorales,0.681,1
SH1159579.08FU_KC965471_reps,Thelephorales,Thelephorales,0.824,1
SH1159545.08FU_UDB0282848_reps,Thelephorales,Thelephorales,0.772,1
SH1140838.08FU_JX630614_reps,Thelephorales,Thelephorales,0.758,1
SH1140859.08FU_AB971281_reps,Thelephorales,Thelephorales,0.726,1
SH1140795.08FU_UDB013758_reps,Thelephorales,Thelephorales,0.732,1
SH1140962.08FU_KM594999_reps,Thelephorales,Thelephorales,0.768,1
SH1141006.08FU_UDB007148_reps,Thelephorales,Thelephorales,0.839,1
SH1152204.08FU_MT678913_reps,Thelephorales,Thelephorales,0.829,1
SH1159508.08FU_UDB016181_reps,Thelephorales,Thelephorales,0.783,1
SH1233050.08FU_UDB0642822_reps,Thelephorales,Thelephorales,0.713,1
SH1140778.08FU_LC482551_reps,Thelephorales,Thelephorales,0.811,1
SH1191930.08FU_UDB000278_refs,Thelephorales,Thelephorales,0.531,1
SH1159464.08FU_KX816307_reps,Thelephorales,Thelephorales,0.832,1
SH1140897.08FU_UDB004834_reps,Thelephorales,Thelephorales,0.803,1
SH1140535.08FU_UDB0769090_reps,Thelephorales,Thelephorales,0.869,1
SH1186685.08FU_KM247698_reps,Thelephorales,Thelephorales,0.313,1
SH1140641.08FU_UDB0278788_reps,Thelephorales,Thelephorales,0.885,1
SH1159563.08FU_MK310082_reps,Thelephorales,Thelephorales,0.853,1
SH1171249.08FU_HQ650766_refs,Thelephorales,Thelephorales,0.0468,1
SH1140612.08FU_UDB016660_refs,Thelephorales,Thelephorales,0.652,1
SH1140627.08FU_KP754116_reps,Thelephorales,Thelephorales,0.812,1
SH1140610.08FU_DQ377424_reps,Thelephorales,Thelephorales,0.838,1
SH1140706.08FU_KJ701298_reps,Thelephorales,Thelephorales,0.715,1
SH1236695.08FU_EU292264_reps,Thelephorales,Thelephorales,0.472,1
SH1140621.08FU_UDB013202_reps,Thelephorales,Thelephorales,0.829,1
SH1140456.08FU_UDB003329_refs,Thelephorales,Thelephorales,0.942,1
SH1159451.08FU_LC482523_reps,Thelephorales,Thelephorales,0.336,1
SH1140773.08FU_UDB004280_reps,Thelephorales,Thelephorales,0.605,1
SH1159552.08FU_KJ209691_reps,Thelephorales,Thelephorales,0.794,1
SH1141110.08FU_UDB0541280_reps,Thelephorales,Thelephorales,0.874,1
SH1140605.08FU_UDB003338_refs,Thelephorales,Thelephorales,0.73,1
SH1159490.08FU_LC035333_reps,Thelephorales,Thelephorales,0.898,1
SH1140943.08FU_UDB004468_refs,Thelephorales,Thelephorales,0.525,1
SH1212531.08FU_UDB018376_reps,Thelephorales,Thelephorales,0.867,1
SH1237730.08FU_UDB004980_reps,Thelephorales,Thelephorales,0.756,1
SH1239100.08FU_UDB018683_refs,Thelephorales,Thelephorales,0.0432,1
SH1140516.08FU_AY656979_refs,Thelephorales,Thelephorales,0.806,1
SH1159595.08FU_UDB000242_reps,Thelephorales,Thelephorales,0.843,1
SH1140520.08FU_JF520432_refs,Thelephorales,Thelephorales,0.729,1
SH1141129.08FU_AB848663_reps,Thelephorales,Thelephorales,0.911,1
SH1159502.08FU_UDB0678960_reps,Thelephorales,Thelephorales,0.925,1
SH1140540.08FU_AB769921_refs,Thelephorales,Thelephorales,0.718,1
SH1140587.08FU_KC791133_reps,Thelephorales,Thelephorales,0.841,1
SH1159541.08FU_KU847425_refs,Thelephorales,Thelephorales,0.698,1
SH1159458.08FU_UDB0413942_reps,Thelephorales,Thelephorales,0.93,1
SH1150716.08FU_KC571737_reps,Thelephorales,Thelephorales,0.0468,1
SH1140685.08FU_UDB016601_reps,Thelephorales,Thelephorales,0.652,1
SH1233057.08FU_KF412353_reps,Thelephorales,Thelephorales,0.854,1
SH1140519.08FU_KP754062_reps,Thelephorales,Thelephorales,0.847,1
SH1141179.08FU_UDB0292263_reps,Thelephorales,Thelephorales,0.903,1
SH1159758.08FU_AB848659_reps,Thelephorales,Thelephorales,0.803,1
SH1230379.08FU_EU834219_refs,Thelephorales,Thelephorales,0.0531,1
SH1140858.08FU_AB251836_reps,Thelephorales,Thelephorales,0.707,1
SH1141022.08FU_UDB0541364_reps,Thelephorales,Thelephorales,0.923,1
SH1159428.08FU_UDB0157968_reps,Thelephorales,Thelephorales,0.938,1
SH1140719.08FU_UDB0379892_reps,Thelephorales,Thelephorales,0.921,1
SH1140613.08FU_UDB0454917_reps,Thelephorales,Thelephorales,0.942,1
SH2607461.08FU_UDB0244873_reps,Thelephorales,Thelephorales,0.837,1
SH1159417.08FU_UDB016174_refs,Thelephorales,Thelephorales,0.951,1
SH1159534.08FU_UDB0139685_reps,Thelephorales,Thelephorales,0.927,1
SH1140594.08FU_UDB011106_reps,Thelephorales,Thelephorales,0.823,1
SH1140809.08FU_KX398767_reps,Thelephorales,Thelephorales,0.829,1
SH1159725.08FU_GQ221650_reps,Thelephorales,Thelephorales,0.834,1
SH1159418.08FU_UDB016370_refs,Thelephorales,Thelephorales,0.942,1
SH1185301.08FU_FR852214_reps,Thelephorales,Thelephorales,0.704,1
SH1140820.08FU_KM403027_reps,Thelephorales,Thelephorales,0.881,1
SH1140771.08FU_JQ991866_reps,Thelephorales,Thelephorales,0.767,1
SH1159423.08FU_UDB0456605_reps,Thelephorales,Thelephorales,0.948,1
SH1140514.08FU_UDB002643_refs,Thelephorales,Thelephorales,0.762,1
SH1140481.08FU_UDB018549_refs,Thelephorales,Thelephorales,0.936,1
SH1159447.08FU_AJ581553_reps,Thelephorales,NA,0.0,0
SH1140817.08FU_UDB0137294_reps,Thelephorales,Thelephorales,0.862,1
SH1140600.08FU_UDB0331923_reps,Thelephorales,Thelephorales,0.878,1
SH2608403.08FU_UDB0195038_reps,Thelephorales,Thelephorales,0.844,1
SH1140666.08FU_KF779449_reps,Thelephorales,Thelephorales,0.85,1
SH1141070.08FU_UDB0590757_reps,Thelephorales,Thelephorales,0.859,1
SH1140569.08FU_UDB0765092_reps,Thelephorales,Thelephorales,0.0408,1
SH2602337.08FU_UDB0215338_reps,Thelephorales,Thelephorales,0.829,1
SH1140834.08FU_KM247759_reps,Thelephorales,Thelephorales,0.81,1
SH1159430.08FU_JX990026_reps,Thelephorales,Thelephorales,0.929,1
SH1141076.08FU_JF748087_reps,Thelephorales,Thelephorales,0.797,1
SH1140751.08FU_HE814095_reps,Thelephorales,Thelephorales,0.752,1
SH1187096.08FU_UDB036881_reps,Thelephorales,Thelephorales,0.0468,1
SH1159522.08FU_LC368004_reps,Thelephorales,Thelephorales,0.778,1
SH1140561.08FU_HQ445339_reps,Thelephorales,Thelephorales,0.817,1
SH1233044.08FU_EF507250_refs,Thelephorales,Thelephorales,0.629,1
SH1140581.08FU_JX030259_reps,Thelephorales,Thelephorales,0.831,1
SH3565310.08FU_MN536738_reps,Thelephorales,Thelephorales,0.299,1
SH1140853.08FU_UDB0755096_reps,Thelephorales,Thelephorales,0.881,1
SH1190445.08FU_UDB0758863_reps,Thelephorales,Thelephorales,0.0415,1
SH2608169.08FU_UDB0742031_reps,Thelephorales,Thelephorales,0.851,1
SH1140654.08FU_KM594884_reps,Thelephorales,Thelephorales,0.743,1
SH1141138.08FU_UDB0655298_reps,Thelephorales,Thelephorales,0.907,1
SH1140556.08FU_UDB000214_reps,Thelephorales,Thelephorales,0.843,1
SH1159602.08FU_KP754073_reps,Thelephorales,Thelephorales,0.526,1
SH1140985.08FU_MK310070_reps,Thelephorales,Thelephorales,0.808,1
SH1233715.08FU_UDB001709_refs,Thelephorales,Thelephorales,0.0545,1
SH1140988.08FU_LC368015_reps,Thelephorales,Thelephorales,0.801,1
SH1159501.08FU_UDB018377_reps,Thelephorales,Thelephorales,0.878,1
SH1140564.08FU_UDB0114773_reps,Thelephorales,Thelephorales,0.911,1
SH1140716.08FU_KT224911_reps,Thelephorales,Thelephorales,0.681,1
SH1239099.08FU_UDB016651_refs,Thelephorales,Thelephorales,0.0432,1
SH1140837.08FU_AB507049_reps,Thelephorales,Thelephorales,0.714,1
SH1140938.08FU_LC367980_reps,Thelephorales,Thelephorales,0.831,1
SH1140623.08FU_UDB003303_refs,Thelephorales,Thelephorales,0.89,1
SH1152191.08FU_UDB000191_refs,Thelephorales,Thelephorales,0.895,1
SH1140945.08FU_UDB0627380_reps,Thelephorales,Thelephorales,0.903,1
SH1140529.08FU_UDB0756178_reps,Thelephorales,Thelephorales,0.745,1
SH1238827.08FU_HQ533015_refs,Thelephorales,Thelephorales,0.685,1
SH1173821.08FU_KC571771_reps,Thelephorales,Thelephorales,0.0468,1
SH1140663.08FU_UDB004953_refs,Thelephorales,Thelephorales,0.854,1
SH1159585.08FU_KR149764_reps,Thelephorales,Thelephorales,0.7,1
SH1140511.08FU_KT800296_reps,Thelephorales,Thelephorales,0.864,1
SH1140625.08FU_KM247768_reps,Thelephorales,Thelephorales,0.859,1
SH1159575.08FU_UDB0145157_reps,Thelephorales,Thelephorales,0.881,1
SH1159556.08FU_KJ026754_reps,Thelephorales,Thelephorales,0.918,1
SH1148776.08FU_KY354755_reps,Gomphales,Gomphales,0.148,1
SH1228314.08FU_EU846302_reps,Gomphales,Gomphales,0.0835,1
SH3568381.08FU_MT055938_reps,Gomphales,NA,0.0,0
SH1148719.08FU_MK909905_reps,Gomphales,Gomphales,0.321,1
SH1228503.08FU_KT874979_reps,Gomphales,Gomphales,0.244,1
SH1143575.08FU_KP658139_reps,Gomphales,Gomphales,0.189,1
SH1228500.08FU_EF417802_reps,Gomphales,Gomphales,0.261,1
SH1182445.08FU_KU973835_reps,Gomphales,Gomphales,0.26,1
SH1188617.08FU_KU884895_reps,Gomphales,Gomphales,0.0835,1
SH1156830.08FU_KP658143_reps,Gomphales,Gomphales,0.0835,1
SH2609675.08FU_UDB0238831_reps,Gomphales,NA,0.0,0
SH1212981.08FU_FJ596797_reps,Gomphales,Gomphales,0.0835,1
SH1156984.08FU_KR673634_reps,Gomphales,Gomphales,0.0835,1
SH1239067.08FU_KP658114_reps,Gomphales,Gomphales,0.0835,1
SH1184688.08FU_MH860839_refs,Gomphales,Gomphales,0.577,1
SH3566365.08FU_MT055964_reps,Gomphales,NA,0.0,0
SH1179283.08FU_UDB032708_reps,Gomphales,Gomphales,0.0835,1
SH2610959.08FU_UDB0443698_reps,Gomphales,NA,0.0,0
SH1243481.08FU_KT307901_reps,Gomphales,Gomphales,0.0835,1
SH1238895.08FU_KM489522_reps,Gomphales,Gomphales,0.0866,1
SH1236710.08FU_AJ408375_reps,Gomphales,Gomphales,0.0835,1
SH1243793.08FU_UDB0507907_reps,Gomphales,Gomphales,0.0625,1
SH2606479.08FU_UDB0136773_reps,Gomphales,Gomphales,0.0813,1
SH1169682.08FU_AJ292295_reps,Gomphales,Gomphales,0.0835,1
SH1213076.08FU_UDB018199_refs,Gomphales,Gomphales,0.0832,1
SH1184690.08FU_KT307860_reps,Gomphales,Gomphales,0.536,1
SH2607441.08FU_UDB0166165_reps,Gomphales,Gomphales,0.191,1
SH1235769.08FU_JX310415_reps,Gomphales,Gomphales,0.0835,1
SH2602043.08FU_UDB0295529_reps,Gomphales,NA,0.0,0
SH3566762.08FU_MK705849_reps,Gomphales,NA,0.0,0
SH1169027.08FU_AJ292289_reps,Gomphales,Gomphales,0.0796,1
SH1152056.08FU_MT055909_reps,Gomphales,Gomphales,0.0695,1
SH1242523.08FU_UDB0317682_reps,Gomphales,Gomphales,0.08,1
SH1143674.08FU_KP814183_reps,Gomphales,Gomphales,0.0835,1
SH1228499.08FU_UDB015193_refs,Gomphales,Gomphales,0.272,1
SH1232625.08FU_UDB024043_reps,Gomphales,Gomphales,0.0835,1
SH1191450.08FU_AF442138_reps,Gomphales,Gomphales,0.0569,1
SH1151030.08FU_KC152172_reps,Gomphales,Gomphales,0.0835,1
SH1153657.08FU_UDB0346291_reps,Gomphales,Gomphales,0.0835,1
SH1148073.08FU_UDB066165_reps,Hygrophoraceae,Hygrophoraceae,0.656,1
SH1183550.08FU_KJ780467_reps,Hygrophoraceae,Hygrophoraceae,0.803,1
SH2591714.08FU_MK737049_reps,Hygrophoraceae,Hygrophoraceae,0.702,1
SH1189494.08FU_UDB039659_reps,Hygrophoraceae,Hygrophoraceae,0.0907,1
SH1236826.08FU_MK607491_reps,Hygrophoraceae,Hygrophoraceae,0.0907,1
SH1194179.08FU_EF559268_reps,Hygrophoraceae,Hygrophoraceae,0.517,1
SH1173918.08FU_UDB0576748_reps,Hygrophoraceae,Hygrophoraceae,0.0654,1
SH2593156.08FU_MK332021_reps,Hygrophoraceae,Hygrophoraceae,0.0907,1
SH1175393.08FU_KJ780428_refs,Hygrophoraceae,Hygrophoraceae,0.945,1
SH1181058.08FU_KP889772_reps,Hygrophoraceae,Hygrophoraceae,0.0907,1
SH2595711.08FU_MK066232_reps,Hygrophoraceae,Hygrophoraceae,0.0907,1
SH1235637.08FU_EU784346_refs,Hygrophoraceae,Hygrophoraceae,0.0907,1
SH1239057.08FU_MG882092_reps,Hygrophoraceae,Hygrophoraceae,0.793,1
SH1212706.08FU_UDB001760_refs,Hygrophoraceae,Hygrophoraceae,0.0907,1
SH1244745.08FU_LC175568_reps,Hygrophoraceae,Hygrophoraceae,0.0893,1
SH1239058.08FU_MT302572_reps,Hygrophoraceae,Hygrophoraceae,0.0907,1
SH1212712.08FU_UDB015303_refs,Hygrophoraceae,Hygrophoraceae,0.0907,1
SH1175415.08FU_KX772605_reps,Hygrophoraceae,Hygrophoraceae,0.833,1
SH1194177.08FU_LC270642_reps,Hygrophoraceae,Hygrophoraceae,0.0907,1
SH1194174.08FU_KY574325_reps,Hygrophoraceae,Hygrophoraceae,0.466,1
SH1183545.08FU_KX772537_reps,Hygrophoraceae,Hygrophoraceae,0.901,1
SH1183540.08FU_MK010859_reps,Hygrophoraceae,Hygrophoraceae,0.774,1
SH1212975.08FU_UDB0419798_reps,Hygrophoraceae,Hygrophoraceae,0.0836,1
SH1148080.08FU_UDB0284532_reps,Hygrophoraceae,Hygrophoraceae,0.768,1
SH1243929.08FU_UDB0286488_reps,Hygrophoraceae,Hygrophoraceae,0.0907,1
SH1175407.08FU_KX772646_reps,Hygrophoraceae,Hygrophoraceae,0.906,1
SH1175394.08FU_KX772679_reps,Hygrophoraceae,Hygrophoraceae,0.88,1
SH1177581.08FU_UDB017860_refs,Hygrophoraceae,Hygrophoraceae,0.836,1
SH1190096.08FU_FM208886_refs,Hygrophoraceae,Hygrophoraceae,0.906,1
SH1237013.08FU_KF291075_reps,Hygrophoraceae,Hygrophoraceae,0.0907,1
SH1169761.08FU_UDB000558_refs,Hygrophoraceae,Hygrophoraceae,0.949,1
SH1189493.08FU_MT363820_reps,Hygrophoraceae,Hygrophoraceae,0.0769,1
SH1177575.08FU_UDB000559_refs,Hygrophoraceae,Hygrophoraceae,0.917,1
SH1175399.08FU_MK010922_reps,Hygrophoraceae,Hygrophoraceae,0.933,1
SH1194182.08FU_MF399436_reps,Hygrophoraceae,Hygrophoraceae,0.0907,1
SH1212704.08FU_UDB000571_refs,Hygrophoraceae,Hygrophoraceae,0.0907,1
SH1242701.08FU_UDB0643442_reps,Hygrophoraceae,Hygrophoraceae,0.0907,1
SH1149850.08FU_KF468712_refs,Hygrophoraceae,Hygrophoraceae,0.0907,1
SH2593318.08FU_MH160770_reps,Hygrophoraceae,Hygrophoraceae,0.0907,1
SH1177582.08FU_UDB000569_refs,Hygrophoraceae,Hygrophoraceae,0.0907,1
SH3567417.08FU_MT093603_reps,Hygrophoraceae,,0.0,0
SH1151938.08FU_KY861621_reps,Hygrophoraceae,Hygrophoraceae,0.0907,1
SH1158454.08FU_UDB000565_refs,Hygrophoraceae,Hygrophoraceae,0.0907,1
SH1244643.08FU_UDB014855_reps,Hygrophoraceae,Hygrophoraceae,0.0907,1
SH1235640.08FU_EU784336_reps,Hygrophoraceae,Hygrophoraceae,0.0907,1
SH1235665.08FU_KM247633_reps,Hygrophoraceae,Hygrophoraceae,0.0907,1
SH1155009.08FU_UDB015598_refs,Hygrophoraceae,Hygrophoraceae,0.0907,1
SH1216656.08FU_KF218274_reps,Hygrophoraceae,Hygrophoraceae,0.0901,1
SH1141934.08FU_MH930257_reps,Cortinariaceae,Cortinariaceae,0.899,1
SH2593110.08FU_MN855076_reps,Cortinariaceae,Cortinariaceae,0.911,1
SH2593688.08FU_LC175073_reps,Cortinariaceae,Cortinariaceae,0.948,1
SH2611572.08FU_UDB0315604_reps,Cortinariaceae,Cortinariaceae,0.91,1
SH1141488.08FU_KF732264_refs,Cortinariaceae,Cortinariaceae,0.907,1
SH1190155.08FU_KT968569_reps,Cortinariaceae,Cortinariaceae,0.905,1
SH1141528.08FU_KY462573_reps,Cortinariaceae,Cortinariaceae,0.924,1
SH1141573.08FU_MN846370_reps,Cortinariaceae,Cortinariaceae,0.89,1
SH1141760.08FU_AF539729_reps,Cortinariaceae,Cortinariaceae,0.778,1
SH1142895.08FU_UDB0765794_reps,Cortinariaceae,Cortinariaceae,0.893,1
SH1141666.08FU_KF732477_refs,Cortinariaceae,Cortinariaceae,0.848,1
SH1142864.08FU_JX000356_refs,Cortinariaceae,Cortinariaceae,0.833,1
SH1141465.08FU_AY669651_reps,Cortinariaceae,Cortinariaceae,0.893,1
SH1141580.08FU_MG553121_reps,Cortinariaceae,Cortinariaceae,0.874,1
SH1158534.08FU_AF112142_refs,Cortinariaceae,Cortinariaceae,0.107,1
SH1141586.08FU_KT875189_reps,Cortinariaceae,Cortinariaceae,0.919,1
SH1190162.08FU_UDB001814_refs,Cortinariaceae,Cortinariaceae,0.907,1
SH1141442.08FU_KX010944_refs,Cortinariaceae,Cortinariaceae,0.905,1
SH1141336.08FU_GU233347_refs,Cortinariaceae,Cortinariaceae,0.887,1
SH1172990.08FU_KP165574_refs,Cortinariaceae,Cortinariaceae,0.934,1
SH1141349.08FU_AY174797_refs,Cortinariaceae,Cortinariaceae,0.848,1
SH1185872.08FU_UDB017243_reps,Cortinariaceae,Cortinariaceae,0.785,1
SH1185870.08FU_LC315846_reps,Cortinariaceae,Cortinariaceae,0.698,1
SH1235797.08FU_KP866157_refs,Cortinariaceae,Cortinariaceae,0.872,1
SH2618336.08FU_UDB0670744_reps,Cortinariaceae,Cortinariaceae,0.94,1
SH1141374.08FU_UDB0352572_reps,Cortinariaceae,Cortinariaceae,0.521,1
SH1172956.08FU_UDB055530_reps,Cortinariaceae,Cortinariaceae,0.928,1
SH1141596.08FU_KY774098_reps,Cortinariaceae,Cortinariaceae,0.315,1
SH1141643.08FU_MH101524_reps,Cortinariaceae,Cortinariaceae,0.864,1
SH1141734.08FU_KX899888_reps,Cortinariaceae,Cortinariaceae,0.92,1
SH1141683.08FU_MW187062_reps,Cortinariaceae,Cortinariaceae,0.886,1
SH1142073.08FU_KJ705124_reps,Cortinariaceae,Cortinariaceae,0.909,1
SH1141917.08FU_LC175540_reps,Cortinariaceae,Cortinariaceae,0.842,1
SH1141590.08FU_KJ421049_reps,Cortinariaceae,Cortinariaceae,0.86,1
SH1221829.08FU_JF908051_reps,Cortinariaceae,Cortinariaceae,0.831,1
SH1141728.08FU_MH101527_reps,Cortinariaceae,Cortinariaceae,0.893,1
SH1141425.08FU_KF732473_refs,Cortinariaceae,Cortinariaceae,0.919,1
SH1172979.08FU_KT591588_refs,Cortinariaceae,Cortinariaceae,0.928,1
SH1141735.08FU_MK010941_reps,Cortinariaceae,Cortinariaceae,0.83,1
SH1191977.08FU_UDB0625100_reps,Cortinariaceae,Cortinariaceae,0.626,1
SH1172944.08FU_KP165570_refs,Cortinariaceae,Cortinariaceae,0.95,1
SH1172977.08FU_UDB0514966_reps,Cortinariaceae,Cortinariaceae,0.962,1
SH1173030.08FU_MF379632_refs,Cortinariaceae,Cortinariaceae,0.907,1
SH1172953.08FU_KM273103_refs,Cortinariaceae,Cortinariaceae,0.939,1
SH1141707.08FU_GU233343_refs,Cortinariaceae,Cortinariaceae,0.936,1
SH1141450.08FU_UDB007191_reps,Cortinariaceae,Cortinariaceae,0.918,1
SH1142032.08FU_LC175063_reps,Cortinariaceae,Cortinariaceae,0.925,1
SH1172952.08FU_DQ481766_reps,Cortinariaceae,Cortinariaceae,0.919,1
SH1213435.08FU_MF599237_reps,Cortinariaceae,Cortinariaceae,0.107,1
SH1142022.08FU_JX679112_reps,Cortinariaceae,Cortinariaceae,0.824,1
SH1141535.08FU_KY462495_reps,Cortinariaceae,Cortinariaceae,0.909,1
SH1179914.08FU_HQ845121_refs,Cortinariaceae,Cortinariaceae,0.945,1
SH1141739.08FU_EF420146_refs,Cortinariaceae,Cortinariaceae,0.922,1
SH1176747.08FU_HQ215760_reps,Cortinariaceae,Cortinariaceae,0.962,1
SH1142165.08FU_GU233340_refs,Cortinariaceae,Cortinariaceae,0.716,1
SH1141577.08FU_MG553047_reps,Cortinariaceae,Cortinariaceae,0.908,1
SH1190130.08FU_UDB001008_refs,Cortinariaceae,Cortinariaceae,0.962,1
SH3566775.08FU_MK552381_reps,Cortinariaceae,Cortinariaceae,0.827,1
SH1221827.08FU_KF727401_reps,Cortinariaceae,Cortinariaceae,0.831,1
SH1190156.08FU_MH212024_reps,Cortinariaceae,Cortinariaceae,0.917,1
SH1173009.08FU_LC276999_reps,Cortinariaceae,Cortinariaceae,0.944,1
SH1141964.08FU_GU233338_refs,Cortinariaceae,Cortinariaceae,0.94,1
SH1157652.08FU_KY774173_reps,Cortinariaceae,Cortinariaceae,0.829,1
SH1173025.08FU_KY964812_reps,Cortinariaceae,Cortinariaceae,0.844,1
SH1235792.08FU_KJ206492_refs,Cortinariaceae,Cortinariaceae,0.898,1
SH1190139.08FU_UDB001969_reps,Cortinariaceae,Cortinariaceae,0.903,1
SH1235790.08FU_UDB017798_refs,Cortinariaceae,Cortinariaceae,0.756,1
SH1172999.08FU_KP114459_refs,Cortinariaceae,Cortinariaceae,0.887,1
SH1142881.08FU_MF599243_reps,Cortinariaceae,Cortinariaceae,0.833,1
SH1141337.08FU_GU233342_refs,Cortinariaceae,Cortinariaceae,0.908,1
SH1191962.08FU_EU697255_reps,Cortinariaceae,Cortinariaceae,0.84,1
SH1173047.08FU_UDB0289648_reps,Cortinariaceae,Cortinariaceae,0.941,1
SH1141754.08FU_MH101635_reps,Cortinariaceae,Cortinariaceae,0.469,1
SH1172978.08FU_GQ159845_refs,Cortinariaceae,Cortinariaceae,0.933,1
SH1141744.08FU_GU233344_refs,Cortinariaceae,Cortinariaceae,0.908,1
SH1179918.08FU_HQ845117_refs,Cortinariaceae,Cortinariaceae,0.934,1
SH1141979.08FU_KX243305_reps,Cortinariaceae,Cortinariaceae,0.955,1
SH1141546.08FU_KY462596_reps,Cortinariaceae,Cortinariaceae,0.869,1
SH1213405.08FU_AY281003_refs,Cortinariaceae,Cortinariaceae,0.618,1
SH1172951.08FU_KP165563_refs,Cortinariaceae,Cortinariaceae,0.9,1
SH1141377.08FU_AY174814_refs,Cortinariaceae,Cortinariaceae,0.67,1
SH2602290.08FU_UDB075307_reps,Cortinariaceae,Cortinariaceae,0.929,1
SH1142612.08FU_KJ920039_refs,Cortinariaceae,Cortinariaceae,0.699,1
SH1176739.08FU_UDB001136_reps,Cortinariaceae,Cortinariaceae,0.922,1
SH1141373.08FU_GU233321_refs,Cortinariaceae,Cortinariaceae,0.915,1
SH1141598.08FU_AY669653_reps,Cortinariaceae,Cortinariaceae,0.854,1
SH1141716.08FU_MG553146_reps,Cortinariaceae,Cortinariaceae,0.854,1
SH1172938.08FU_KX964585_refs,Cortinariaceae,Cortinariaceae,0.964,1
SH1173091.08FU_MH784786_refs,Cortinariaceae,Cortinariaceae,0.945,1
SH1191966.08FU_MF957115_reps,Cortinariaceae,Cortinariaceae,0.642,1
SH1239049.08FU_AF325567_reps,Cortinariaceae,Cortinariaceae,0.85,1
SH1176743.08FU_HQ215762_reps,Cortinariaceae,Cortinariaceae,0.951,1
SH2603918.08FU_UDB078494_reps,Cortinariaceae,Cortinariaceae,0.898,1
SH1141536.08FU_KF727379_reps,Cortinariaceae,Cortinariaceae,0.919,1
SH1235486.08FU_EU669359_reps,Cortinariaceae,Cortinariaceae,0.107,1
SH1142855.08FU_UDB002216_refs,Cortinariaceae,Cortinariaceae,0.881,1
SH1180437.08FU_JQ287694_refs,Cortinariaceae,Cortinariaceae,0.107,1
SH1141526.08FU_GU233337_refs,Cortinariaceae,Cortinariaceae,0.919,1
SH1172969.08FU_UDB001352_refs,Cortinariaceae,Cortinariaceae,0.942,1
SH1141570.08FU_HQ020415_reps,Cortinariaceae,Cortinariaceae,0.874,1
SH1172922.08FU_FN429013_refs,Cortinariaceae,Cortinariaceae,0.963,1
SH1191964.08FU_GQ165677_reps,Cortinariaceae,Cortinariaceae,0.89,1
SH1190159.08FU_KC791115_reps,Cortinariaceae,Cortinariaceae,0.842,1
SH1141701.08FU_KR674112_refs,Cortinariaceae,Cortinariaceae,0.887,1
SH1141644.08FU_UDB0329065_reps,Cortinariaceae,Cortinariaceae,0.824,1
SH1141627.08FU_MH101561_reps,Cortinariaceae,Cortinariaceae,0.9,1
SH1173011.08FU_KP165554_refs,Cortinariaceae,Cortinariaceae,0.946,1
SH1141647.08FU_JX679116_reps,Cortinariaceae,Cortinariaceae,0.82,1
SH1141329.08FU_UDB016126_refs,Cortinariaceae,Cortinariaceae,0.854,1
SH1141406.08FU_JX000350_refs,Cortinariaceae,Cortinariaceae,0.919,1
SH1141431.08FU_GU233348_refs,Cortinariaceae,Cortinariaceae,0.893,1
SH1181691.08FU_EU821686_reps,Cortinariaceae,Cortinariaceae,0.654,1
SH1141318.08FU_UDB002159_refs,Cortinariaceae,Cortinariaceae,0.958,1
SH1173019.08FU_KP137493_refs,Cortinariaceae,Cortinariaceae,0.836,1
SH1172996.08FU_UDB0149824_reps,Cortinariaceae,Cortinariaceae,0.946,1
SH1176745.08FU_UDB0644999_reps,Cortinariaceae,Cortinariaceae,0.103,1
SH1235788.08FU_UDB001331_refs,Cortinariaceae,Cortinariaceae,0.896,1
SH1141504.08FU_KY774077_reps,Cortinariaceae,Cortinariaceae,0.89,1
SH1172975.08FU_KJ206486_refs,Cortinariaceae,Cortinariaceae,0.901,1
SH1141958.08FU_MH016917_reps,Cortinariaceae,Cortinariaceae,0.896,1
SH1172967.08FU_JX114944_refs,Cortinariaceae,Cortinariaceae,0.876,1
SH1141347.08FU_FJ157081_reps,Cortinariaceae,Cortinariaceae,0.789,1
SH1152370.08FU_MG553155_reps,Cortinariaceae,Cortinariaceae,0.492,1
SH1191953.08FU_EU846283_reps,Cortinariaceae,Cortinariaceae,0.67,1
SH1141585.08FU_UDB004093_reps,Cortinariaceae,Cortinariaceae,0.928,1
SH1141326.08FU_FM202139_refs,Cortinariaceae,Cortinariaceae,0.928,1
SH1141689.08FU_FJ656006_reps,Cortinariaceae,Cortinariaceae,0.831,1
SH1221830.08FU_UDB0778262_reps,Cortinariaceae,Cortinariaceae,0.723,1
SH1141594.08FU_AY174836_reps,Cortinariaceae,Cortinariaceae,0.929,1
SH1142888.08FU_LC367838_reps,Cortinariaceae,Cortinariaceae,0.847,1
SH1141636.08FU_UDB0302148_reps,Cortinariaceae,Cortinariaceae,0.863,1
SH1191965.08FU_MF957119_reps,Cortinariaceae,Cortinariaceae,0.787,1
SH1141522.08FU_JQ287698_reps,Cortinariaceae,Cortinariaceae,0.865,1
SH1172970.08FU_MG136826_refs,Cortinariaceae,Cortinariaceae,0.953,1
SH1141592.08FU_UDB039618_reps,Cortinariaceae,Cortinariaceae,0.579,1
SH1191967.08FU_KY827315_reps,Cortinariaceae,Cortinariaceae,0.65,1
SH1141711.08FU_JF960722_reps,Cortinariaceae,Cortinariaceae,0.815,1
SH1173039.08FU_KJ206485_refs,Cortinariaceae,Cortinariaceae,0.946,1
SH1173001.08FU_KP137495_refs,Cortinariaceae,Cortinariaceae,0.916,1
SH1141385.08FU_KF732278_refs,Cortinariaceae,Cortinariaceae,0.911,1
SH2604483.08FU_UDB0418814_reps,Cortinariaceae,Cortinariaceae,0.763,1
SH1141331.08FU_KF732310_refs,Cortinariaceae,Cortinariaceae,0.873,1
SH1141758.08FU_KJ421026_reps,Cortinariaceae,Cortinariaceae,0.815,1
SH1141324.08FU_AY669595_refs,Cortinariaceae,Cortinariaceae,0.817,1
SH1141549.08FU_MH101519_reps,Cortinariaceae,Cortinariaceae,0.879,1
SH1141568.08FU_KJ920032_refs,Cortinariaceae,Cortinariaceae,0.893,1
SH1172946.08FU_UDB001150_reps,Cortinariaceae,Cortinariaceae,0.921,1
SH1141413.08FU_EU057068_reps,Cortinariaceae,Cortinariaceae,0.831,1
SH1141426.08FU_UDB001830_reps,Cortinariaceae,Cortinariaceae,0.912,1
SH1221818.08FU_UDB064781_reps,Cortinariaceae,Cortinariaceae,0.787,1
SH1191955.08FU_KF219570_refs,Cortinariaceae,Cortinariaceae,0.869,1
SH1190174.08FU_EU655663_refs,Cortinariaceae,Cortinariaceae,0.927,1
SH3565411.08FU_MN872808_reps,Inocybaceae,Inocybaceae,0.562,1
SH1185084.08FU_FN397115_reps,Inocybaceae,Inocybaceae,0.624,1
SH2616280.08FU_UDB0558076_reps,Inocybaceae,Inocybaceae,0.066,1
SH1222571.08FU_KX444432_reps,Inocybaceae,Inocybaceae,0.578,1
SH2604669.08FU_UDB0100714_reps,Inocybaceae,Inocybaceae,0.0629,1
SH1183859.08FU_UDB002736_reps,Inocybaceae,Inocybaceae,0.0649,1
SH1158399.08FU_LC122070_reps,Inocybaceae,Inocybaceae,0.0646,1
SH1174122.08FU_UDB0151270_reps,Inocybaceae,Inocybaceae,0.557,1
SH1219940.08FU_MT237498_reps,Inocybaceae,Inocybaceae,0.366,1
SH1186820.08FU_KJ938784_refs,Inocybaceae,Inocybaceae,0.358,1
SH1232003.08FU_MN047354_reps,Inocybaceae,Inocybaceae,0.63,1
SH1176863.08FU_KT290014_reps,Inocybaceae,Inocybaceae,0.0648,1
SH1189216.08FU_KX852305_refs,Inocybaceae,Inocybaceae,0.066,1
SH1242713.08FU_KM924520_reps,Inocybaceae,Inocybaceae,0.0642,1
SH1158916.08FU_UDB0390541_reps,Inocybaceae,Inocybaceae,0.066,1
SH2603498.08FU_UDB0345285_reps,Inocybaceae,Inocybaceae,0.066,1
SH1183864.08FU_KJ756484_reps,Inocybaceae,Inocybaceae,0.0636,1
SH1156380.08FU_GQ893014_reps,Inocybaceae,Inocybaceae,0.465,1
SH1158624.08FU_AB848513_reps,Inocybaceae,Inocybaceae,0.301,1
SH2606244.08FU_UDB0229077_reps,Inocybaceae,Inocybaceae,0.481,1
SH1189213.08FU_KY440108_reps,Inocybaceae,Inocybaceae,0.065,1
SH1171144.08FU_KR149750_reps,Inocybaceae,Inocybaceae,0.402,1
SH1159886.08FU_KC965246_reps,Inocybaceae,Inocybaceae,0.475,1
SH1225655.08FU_JX630788_reps,Inocybaceae,Inocybaceae,0.481,1
SH1176861.08FU_JN663843_reps,Inocybaceae,Inocybaceae,0.0651,1
SH1180255.08FU_UDB0653732_reps,Inocybaceae,Inocybaceae,0.0628,1
SH1159837.08FU_FJ378763_reps,Inocybaceae,Inocybaceae,0.572,1
SH1227405.08FU_LC175095_reps,Inocybaceae,Inocybaceae,0.762,1
SH2604013.08FU_UDB0265649_reps,Inocybaceae,Inocybaceae,0.488,1
SH1150107.08FU_JN580873_refs,Inocybaceae,Inocybaceae,0.279,1
SH2606318.08FU_UDB0131363_reps,Inocybaceae,Inocybaceae,0.875,1
SH1181256.08FU_KX444300_reps,Inocybaceae,Inocybaceae,0.0628,1
SH1159803.08FU_MK153636_reps,Inocybaceae,Inocybaceae,0.066,1
SH1159835.08FU_JN580804_refs,Inocybaceae,Inocybaceae,0.589,1
SH1156377.08FU_HQ271361_reps,Inocybaceae,Inocybaceae,0.859,1
SH1170912.08FU_JN580876_refs,Inocybaceae,Inocybaceae,0.217,1
SH1158619.08FU_FJ827216_reps,Inocybaceae,Inocybaceae,0.397,1
SH1184853.08FU_UDB0377952_reps,Inocybaceae,Inocybaceae,0.911,1
SH1194120.08FU_AY310828_reps,Inocybaceae,Inocybaceae,0.846,1
SH1150945.08FU_LC013755_reps,Inocybaceae,Inocybaceae,0.0639,1
SH1212688.08FU_LC035363_reps,Inocybaceae,Inocybaceae,0.564,1
SH1174113.08FU_JX630907_reps,Inocybaceae,Inocybaceae,0.433,1
SH1239188.08FU_UDB0105543_reps,Inocybaceae,Inocybaceae,0.56,1
SH2598451.08FU_UDB0763481_reps,Inocybaceae,Inocybaceae,0.0638,1
SH1186826.08FU_MF797860_reps,Inocybaceae,Inocybaceae,0.0638,1
SH1143192.08FU_AB636457_reps,Inocybaceae,Inocybaceae,0.787,1
SH1185663.08FU_FN550900_reps,Inocybaceae,Inocybaceae,0.318,1
SH1159884.08FU_JF908143_reps,Inocybaceae,Inocybaceae,0.635,1
SH1171638.08FU_AM882748_reps,Inocybaceae,Inocybaceae,0.451,1
SH1235280.08FU_HQ604591_reps,Inocybaceae,Inocybaceae,0.0646,1
SH1156225.08FU_AM882771_refs,Inocybaceae,Inocybaceae,0.696,1
SH1223186.08FU_AM882742_refs,Inocybaceae,Inocybaceae,0.522,1
SH1231995.08FU_FJ554375_reps,Inocybaceae,Inocybaceae,0.898,1
SH2609055.08FU_UDB0216926_reps,Inocybaceae,Inocybaceae,0.48,1
SH1156378.08FU_MN906114_reps,Inocybaceae,Inocybaceae,0.886,1
SH1169644.08FU_UDB0765160_reps,Inocybaceae,Inocybaceae,0.066,1
SH1158614.08FU_FJ440907_reps,Inocybaceae,Inocybaceae,0.066,1
SH1156226.08FU_HF675469_reps,Inocybaceae,Inocybaceae,0.954,1
SH2598106.08FU_UDB0767743_reps,Inocybaceae,Inocybaceae,0.0602,1
SH1176504.08FU_HQ201364_refs,Inocybaceae,Inocybaceae,0.804,1
SH1184702.08FU_KP308821_refs,Inocybaceae,Inocybaceae,0.066,1
SH1235244.08FU_GU233318_refs,Inocybaceae,Inocybaceae,0.066,1
SH1159881.08FU_MH562043_reps,Inocybaceae,Inocybaceae,0.726,1
SH1174117.08FU_KC966041_reps,Inocybaceae,Inocybaceae,0.519,1
SH1223194.08FU_HQ604258_reps,Inocybaceae,Inocybaceae,0.674,1
SH1208381.08FU_HQ586860_refs,Inocybaceae,Inocybaceae,0.066,1
SH1150944.08FU_UDB098632_reps,Inocybaceae,Inocybaceae,0.0635,1
SH1178271.08FU_HQ604519_reps,Inocybaceae,Inocybaceae,0.064,1
SH1191454.08FU_KY496805_reps,Inocybaceae,Inocybaceae,0.066,1
SH2606657.08FU_UDB0181862_reps,Inocybaceae,Cortinariaceae,0.0401,0
SH2604384.08FU_UDB0342109_reps,Inocybaceae,Inocybaceae,0.0646,1
SH1172493.08FU_MH019892_reps,Inocybaceae,Inocybaceae,0.691,1
SH1193854.08FU_UDB0489462_reps,Inocybaceae,Inocybaceae,0.517,1
SH1227402.08FU_AM882707_refs,Inocybaceae,Inocybaceae,0.904,1
SH1237825.08FU_FJ210737_reps,Inocybaceae,Inocybaceae,0.894,1
SH1212677.08FU_UDB032715_reps,Inocybaceae,Inocybaceae,0.816,1
SH1184837.08FU_MT095092_refs,Inocybaceae,Inocybaceae,0.847,1
SH1212921.08FU_UDB0395548_reps,Inocybaceae,Inocybaceae,0.0621,1
SH1184162.08FU_UDB0286594_reps,Inocybaceae,Inocybaceae,0.066,1
SH1150692.08FU_AM882841_reps,Inocybaceae,Inocybaceae,0.066,1
SH1186835.08FU_MG012484_reps,Inocybaceae,Inocybaceae,0.0657,1
SH1225643.08FU_FJ789606_reps,Inocybaceae,Inocybaceae,0.801,1
SH2609116.08FU_MT095090_refs,Inocybaceae,Inocybaceae,0.697,1
SH2588560.08FU_UDB004872_reps,Inocybaceae,Inocybaceae,0.0655,1
SH1178297.08FU_UDB0167334_reps,Inocybaceae,Inocybaceae,0.419,1
SH1178296.08FU_AM882919_refs,Inocybaceae,Inocybaceae,0.937,1
SH2616041.08FU_UDB0545868_reps,Inocybaceae,Inocybaceae,0.0637,1
SH1155135.08FU_UDB0153542_reps,Inocybaceae,Inocybaceae,0.226,1
SH1185078.08FU_UDB0606444_reps,Inocybaceae,,0.0,0
SH1158365.08FU_UDB0571172_reps,Inocybaceae,Inocybaceae,0.442,1
SH1183881.08FU_MF374757_reps,Inocybaceae,Inocybaceae,0.066,1
SH2606334.08FU_UDB0429731_reps,Inocybaceae,Inocybaceae,0.45,1
SH1245375.08FU_KT275629_reps,Inocybaceae,Inocybaceae,0.562,1
SH1225651.08FU_AB848519_reps,Inocybaceae,Inocybaceae,0.431,1
SH1239083.08FU_MT366718_reps,Inocybaceae,Inocybaceae,0.346,1
SH1212989.08FU_AM882845_reps,Inocybaceae,Inocybaceae,0.066,1
SH1189129.08FU_MH910576_reps,Inocybaceae,Inocybaceae,0.066,1
SH1190265.08FU_KP308787_refs,Inocybaceae,Inocybaceae,0.556,1
SH1186817.08FU_KT229613_refs,Inocybaceae,Inocybaceae,0.291,1
SH2606047.08FU_UDB0312380_reps,Inocybaceae,Inocybaceae,0.394,1
SH1158719.08FU_UDB0503814_reps,Inocybaceae,Inocybaceae,0.0584,1
SH2595967.08FU_MN047334_reps,Inocybaceae,Inocybaceae,0.0646,1
SH1142322.08FU_HQ604481_reps,Inocybaceae,Inocybaceae,0.888,1
SH1153060.08FU_UDB0765179_reps,Inocybaceae,Inocybaceae,0.0625,1
SH1171194.08FU_UDB001758_refs,Inocybaceae,Inocybaceae,0.0643,1
SH1144094.08FU_EU439453_reps,Inocybaceae,Inocybaceae,0.0646,1
SH1155148.08FU_JN887965_reps,Inocybaceae,Inocybaceae,0.0627,1
SH1227240.08FU_UDB0342740_reps,Inocybaceae,Inocybaceae,0.29,1
SH1175324.08FU_KP636863_reps,Inocybaceae,Inocybaceae,0.066,1
SH1151136.08FU_KU141289_reps,Inocybaceae,Inocybaceae,0.341,1
SH1190848.08FU_MK607463_reps,Inocybaceae,Inocybaceae,0.066,1
SH1157792.08FU_HQ604526_reps,Inocybaceae,Inocybaceae,0.066,1
SH1158351.08FU_UDB015572_refs,Inocybaceae,Inocybaceae,0.954,1
SH2606359.08FU_UDB0145138_reps,Inocybaceae,Inocybaceae,0.0642,1
SH1158616.08FU_LC277034_reps,Inocybaceae,Inocybaceae,0.483,1
SH1155139.08FU_UDB0391960_reps,Inocybaceae,Inocybaceae,0.657,1
SH1159877.08FU_MK351754_reps,Inocybaceae,Inocybaceae,0.501,1
SH1159828.08FU_UDB0151667_reps,Inocybaceae,Inocybaceae,0.0636,1
SH1184709.08FU_KJ778852_reps,Inocybaceae,Inocybaceae,0.066,1
SH1149948.08FU_UDB0183607_reps,Inocybaceae,Inocybaceae,0.643,1
SH1237831.08FU_MT072904_reps,Inocybaceae,Inocybaceae,0.46,1
SH1190738.08FU_UDB013017_reps,Inocybaceae,Inocybaceae,0.066,1
SH1174094.08FU_UDB0581322_reps,Inocybaceae,Inocybaceae,0.0636,1
SH1184708.08FU_KP308815_reps,Inocybaceae,Inocybaceae,0.066,1
SH1177544.08FU_JN652943_reps,Inocybaceae,Inocybaceae,0.0641,1
SH1171173.08FU_KP171135_reps,Inocybaceae,Inocybaceae,0.0641,1
SH1187126.08FU_JQ991637_reps,Amanitaceae,Amanitaceae,0.0445,1
SH3565183.08FU_MN918618_reps,Amanitaceae,,0.0,0
SH3565184.08FU_MN918620_reps,Amanitaceae,,0.0,0
SH3566360.08FU_MN894298_reps,Amanitaceae,,0.0,0
SH1189538.08FU_KY952145_reps,Amanitaceae,Amanitaceae,0.0445,1
SH1245581.08FU_MN894310_reps,Amanitaceae,Amanitaceae,0.0153,1
SH1188969.08FU_MH508358_reps,Amanitaceae,Amanitaceae,0.0445,1
SH1212739.08FU_KM073074_reps,Amanitaceae,Amanitaceae,0.0421,1
SH1152563.08FU_AY436475_reps,Amanitaceae,Amanitaceae,0.0445,1
SH1181651.08FU_KT008016_reps,Amanitaceae,Amanitaceae,0.535,1
SH1178174.08FU_UDB004636_reps,Amanitaceae,Amanitaceae,0.615,1
SH2592425.08FU_MN614413_reps,Amanitaceae,Amanitaceae,0.0362,1
SH2595823.08FU_MN123995_reps,Amanitaceae,Amanitaceae,0.0445,1
SH1185063.08FU_MK580681_reps,Amanitaceae,Amanitaceae,0.0427,1
SH1235261.08FU_GQ925398_reps,Amanitaceae,Amanitaceae,0.0445,1
SH1143596.08FU_GQ925401_reps,Amanitaceae,Amanitaceae,0.0445,1
SH1159992.08FU_KY747472_reps,Amanitaceae,Amanitaceae,0.0445,1
SH1168538.08FU_MF461589_reps,Amanitaceae,Amanitaceae,0.0445,1
SH1184318.08FU_JX844749_reps,Amanitaceae,Amanitaceae,0.0445,1
SH1178233.08FU_AY436445_refs,Amanitaceae,Amanitaceae,0.673,1
SH1180463.08FU_KU714575_reps,Amanitaceae,Amanitaceae,0.0184,1
SH1184305.08FU_KJ950803_reps,Amanitaceae,Amanitaceae,0.0445,1
SH1212764.08FU_MH508500_refs,Amanitaceae,Amanitaceae,0.464,1
SH1178234.08FU_MH508499_reps,Amanitaceae,Amanitaceae,0.525,1
SH1212742.08FU_MH508543_refs,Amanitaceae,Amanitaceae,0.675,1
SH1169206.08FU_MH508490_refs,Amanitaceae,Amanitaceae,0.0445,1
SH1181626.08FU_AY325846_reps,Amanitaceae,Amanitaceae,0.806,1
SH1185062.08FU_MN963579_reps,Amanitaceae,Amanitaceae,0.018,1
SH1178974.08FU_KJ786671_reps,Amanitaceae,Amanitaceae,0.17,1
SH1181794.08FU_KF859750_reps,Amanitaceae,Amanitaceae,0.0445,1
SH1190433.08FU_MH508568_refs,Amanitaceae,Amanitaceae,0.668,1
SH1185064.08FU_UDB024522_reps,Amanitaceae,Amanitaceae,0.0445,1
SH1212748.08FU_MH508389_refs,Amanitaceae,Amanitaceae,0.753,1
SH1178238.08FU_MH508334_reps,Amanitaceae,Amanitaceae,0.478,1
SH1157777.08FU_MF461581_reps,Amanitaceae,Amanitaceae,0.0445,1
SH1212752.08FU_GQ166890_reps,Amanitaceae,Amanitaceae,0.621,1
SH1212728.08FU_KP258995_refs,Amanitaceae,Amanitaceae,0.871,1
SH1212736.08FU_AY436448_refs,Amanitaceae,Amanitaceae,0.269,1
SH1235270.08FU_GQ925387_refs,Amanitaceae,Amanitaceae,0.0445,1
SH1168336.08FU_KF937306_reps,Amanitaceae,Amanitaceae,0.0445,1
SH1212768.08FU_KX816051_reps,Amanitaceae,Amanitaceae,0.518,1
SH1212741.08FU_KU985216_refs,Amanitaceae,Amanitaceae,0.229,1
SH2595946.08FU_MN058722_reps,Amanitaceae,Amanitaceae,0.0445,1
SH1178162.08FU_KJ466395_reps,Amanitaceae,Amanitaceae,0.831,1
SH1181638.08FU_KJ466373_reps,Amanitaceae,Amanitaceae,0.699,1
SH1178178.08FU_KJ466414_reps,Amanitaceae,Amanitaceae,0.796,1
SH1179809.08FU_KP898379_reps,Amanitaceae,Amanitaceae,0.0445,1
SH1180702.08FU_KC006435_reps,Amanitaceae,Amanitaceae,0.0445,1
SH1178165.08FU_AY325826_reps,Amanitaceae,Amanitaceae,0.806,1
SH1179092.08FU_FJ441033_reps,Amanitaceae,Amanitaceae,0.0445,1
SH1178224.08FU_AB080988_refs,Amanitaceae,Amanitaceae,0.866,1
SH1178241.08FU_MH508530_refs,Amanitaceae,Amanitaceae,0.387,1
SH1212745.08FU_JN889992_reps,Amanitaceae,Amanitaceae,0.0445,1
SH1168533.08FU_MH508410_reps,Amanitaceae,Amanitaceae,0.0445,1
SH1169686.08FU_UDB025776_reps,Amanitaceae,Amanitaceae,0.0445,1
SH1212777.08FU_KT779078_reps,Amanitaceae,Amanitaceae,0.557,1
SH1212769.08FU_FJ441035_reps,Amanitaceae,Amanitaceae,0.66,1
SH1149773.08FU_AB015684_reps,Amanitaceae,Amanitaceae,0.0445,1
SH1191924.08FU_KU958299_reps,Lycoperdaceae,Lycoperdaceae,0.0709,1
SH1180273.08FU_KY777493_reps,Lycoperdaceae,Lycoperdaceae,0.787,1
SH1180269.08FU_MG725817_reps,Lycoperdaceae,Lycoperdaceae,0.803,1
SH2594002.08FU_MN906141_reps,Agaricaceae,Agaricaceae,0.0827,1
SH2592720.08FU_KM214815_reps,Agaricaceae,Agaricaceae,0.609,1
SH1141265.08FU_KU847890_reps,Agaricaceae,Agaricaceae,0.719,1
SH1213277.08FU_KR673500_reps,Agaricaceae,Agaricaceae,0.085,1
SH1141209.08FU_JX259085_reps,Agaricaceae,Agaricaceae,0.94,1
SH1190825.08FU_MH211832_reps,Agaricaceae,Agaricaceae,0.787,1
SH1145474.08FU_MN250948_reps,Agaricaceae,Agaricaceae,0.0955,1
SH1141204.08FU_GU136195_reps,Agaricaceae,Agaricaceae,0.605,1
SH1190834.08FU_MK651634_reps,Agaricaceae,Agaricaceae,0.0364,1
SH1236558.08FU_HM436618_reps,Agaricaceae,Agaricaceae,0.722,1
SH1141228.08FU_KR155122_reps,Agaricaceae,Agaricaceae,0.0955,1
SH1236320.08FU_KU686920_refs,Agaricaceae,Agaricaceae,0.875,1
SH1202702.08FU_MF987843_reps,Agaricaceae,Agaricaceae,0.822,1
SH2593486.08FU_LC481952_reps,Agaricaceae,Agaricaceae,0.649,1
SH1152144.08FU_UDB0152460_reps,Agaricaceae,Agaricaceae,0.07,1
SH1190818.08FU_UDB015543_refs,Agaricaceae,Agaricaceae,0.708,1
SH1190423.08FU_MW018881_reps,Agaricaceae,Agaricaceae,0.08,1
SH1202699.08FU_KR812262_reps,Agaricaceae,Agaricaceae,0.827,1
SH3567825.08FU_MN483003_reps,Agaricaceae,,0.0,0
SH1178193.08FU_JQ617733_reps,Agaricaceae,Agaricaceae,0.0955,1
SH1190827.08FU_MN240410_reps,Agaricaceae,Agaricaceae,0.656,1
SH1153968.08FU_KU712551_reps,Agaricaceae,Agaricaceae,0.0824,1
SH2594004.08FU_MH979425_reps,Agaricaceae,Agaricaceae,0.0955,1
SH1153973.08FU_MG136891_reps,Agaricaceae,Agaricaceae,0.535,1
SH1157426.08FU_LC192553_reps,Typhulaceae,Typhulaceae,0.66,1
SH1189206.08FU_UDB0353310_reps,Typhulaceae,Russulaceae,0.0121,0
SH2604712.08FU_UDB090812_reps,Typhulaceae,,0.0,0
SH2607645.08FU_UDB0398976_reps,Clavariaceae,,0.0,0
SH1213059.08FU_UDB0182126_reps,Clavariaceae,Clavariaceae,0.648,1
SH1172843.08FU_KC965408_reps,Clavariaceae,Clavariaceae,0.0648,1
SH2607672.08FU_UDB0279457_reps,Clavariaceae,Clavariaceae,0.527,1
SH1181583.08FU_UDB0261954_reps,Clavariaceae,,0.0,0
SH1179347.08FU_UDB066582_reps,Clavariaceae,Clavariaceae,0.031,1
SH1236780.08FU_UDB0339938_reps,Clavariaceae,,0.0,0
SH2612876.08FU_UDB0626340_reps,Clavariaceae,,0.0,0
SH1236613.08FU_UDB0230814_reps,Clavariaceae,Clavariaceae,0.5,1
SH1236614.08FU_DQ421142_reps,Clavariaceae,Clavariaceae,0.759,1
SH1170935.08FU_UDB0248341_reps,Clavariaceae,,0.0,0
SH2609069.08FU_UDB0269972_reps,Clavariaceae,Clavariaceae,0.0108,1
SH2595203.08FU_MK894568_reps,Clavariaceae,Clavariaceae,0.689,1
SH2603483.08FU_UDB0296168_reps,Clavariaceae,,0.0,0
SH1147835.08FU_MK607486_reps,Clavariaceae,Clavariaceae,0.12,1
SH1179568.08FU_KP257164_refs,Clavariaceae,Clavariaceae,0.634,1
SH2606431.08FU_UDB0135938_reps,Clavariaceae,,0.0,0
SH1212650.08FU_HQ021821_reps,Clavariaceae,Clavariaceae,0.0721,1
SH1236657.08FU_EU292568_reps,Clavariaceae,Clavariaceae,0.622,1
SH2607741.08FU_UDB0175240_reps,Clavariaceae,,0.0,0
SH1179574.08FU_DQ484066_refs,Clavariaceae,Clavariaceae,0.554,1
SH2606262.08FU_UDB0244120_reps,Clavariaceae,,0.0,0
SH1212649.08FU_UDB0602145_reps,Clavariaceae,Clavariaceae,0.0526,1
SH1147829.08FU_DQ421166_reps,Clavariaceae,Clavariaceae,0.0721,1
SH2611422.08FU_UDB0460308_reps,Clavariaceae,Clavariaceae,0.0136,1
SH1236609.08FU_DQ421141_reps,Clavariaceae,Clavariaceae,0.0419,1
SH1179566.08FU_KP257156_refs,Clavariaceae,Clavariaceae,0.863,1
SH2604178.08FU_UDB0481013_reps,Clavariaceae,,0.0,0
SH3225180.08FU_UDB0177250_reps,Clavariaceae,,0.0,0
SH1236666.08FU_KP889479_reps,Clavariaceae,Clavariaceae,0.519,1
SH1181582.08FU_KP889841_reps,Clavariaceae,Clavariaceae,0.0721,1
SH1147865.08FU_UDB0538370_reps,Clavariaceae,Clavariaceae,0.0251,1
SH1236783.08FU_UDB0644374_reps,Clavariaceae,Clavariaceae,0.0395,1
SH1177810.08FU_MT279229_reps,Hydnangiaceae,Hydnangiaceae,0.682,1
SH1236505.08FU_EU293061_reps,Hydnangiaceae,Hydnangiaceae,0.0265,1
SH1177807.08FU_JQ347173_reps,Hydnangiaceae,Hydnangiaceae,0.712,1
SH1177804.08FU_UDB013121_reps,Hydnangiaceae,Hydnangiaceae,0.68,1
SH1177797.08FU_KU685682_reps,Hydnangiaceae,Hydnangiaceae,0.623,1
SH1177784.08FU_KU685756_reps,Hydnangiaceae,Hydnangiaceae,0.638,1
SH1241308.08FU_KP192540_reps,Tricholomataceae,Tricholomataceae,0.114,1
SH2595862.08FU_MK116617_reps,Tricholomataceae,Tricholomataceae,0.72,1
SH2595713.08FU_MK569405_reps,Tricholomataceae,Tricholomataceae,0.12,1
SH1156299.08FU_AF391034_refs,Tricholomataceae,Tricholomataceae,0.113,1
SH2604294.08FU_UDB0187029_reps,Tricholomataceae,Tricholomataceae,0.0381,1
SH1157855.08FU_MK532766_reps,Tricholomataceae,Tricholomataceae,0.869,1
SH1238778.08FU_DQ192175_reps,Tricholomataceae,Tricholomataceae,0.12,1
SH1170876.08FU_MT153137_reps,Tricholomataceae,Tricholomataceae,0.674,1
SH1158523.08FU_UDB0304928_reps,Tricholomataceae,Tricholomataceae,0.966,1
SH1177033.08FU_MH910556_reps,Tricholomataceae,Tricholomataceae,0.859,1
SH1235505.08FU_MK573899_reps,Tricholomataceae,Tricholomataceae,0.116,1
SH1236399.08FU_KY488552_refs,Tricholomataceae,Tricholomataceae,0.549,1
SH1157833.08FU_UDB036771_reps,Tricholomataceae,Tricholomataceae,0.12,1
SH1145801.08FU_MG696620_reps,Tricholomataceae,Tricholomataceae,0.12,1
SH1236354.08FU_LT000183_refs,Tricholomataceae,Tricholomataceae,0.824,1
SH2601979.08FU_UDB072414_reps,Tricholomataceae,Tricholomataceae,0.0116,1
SH1206237.08FU_MN007014_reps,Tricholomataceae,Tricholomataceae,0.12,1
SH1157854.08FU_GU234109_reps,Tricholomataceae,Tricholomataceae,0.803,1
SH1143400.08FU_UDB0520746_reps,Tricholomataceae,Tricholomataceae,0.0687,1
SH1170860.08FU_JN847457_reps,Tricholomataceae,Tricholomataceae,0.779,1
SH1189362.08FU_JQ991902_reps,Tricholomataceae,Tricholomataceae,0.118,1
SH1149738.08FU_MF908450_reps,Tricholomataceae,Tricholomataceae,0.12,1
SH1151733.08FU_MH704859_reps,Tricholomataceae,Tricholomataceae,0.12,1
SH1175629.08FU_UDB0300149_reps,Tricholomataceae,,0.0,0
SH1149707.08FU_MN102418_reps,Tricholomataceae,Tricholomataceae,0.0828,1
SH1156302.08FU_KF271798_refs,Tricholomataceae,Tricholomataceae,0.115,1
SH1178814.08FU_FN394622_reps,Tricholomataceae,Tricholomataceae,0.832,1
SH1180414.08FU_EU186275_reps,Tricholomataceae,Tricholomataceae,0.844,1
SH3565726.08FU_MK026741_reps,Tricholomataceae,Tricholomataceae,0.647,1
SH3567385.08FU_MT755873_reps,Tricholomataceae,,0.0,0
SH1212648.08FU_UDB011439_refs,Tricholomataceae,Tricholomataceae,0.102,1
SH1153181.08FU_UDB0151463_reps,Tricholomataceae,Tricholomataceae,0.12,1
SH1237270.08FU_DQ486692_refs,Tricholomataceae,Tricholomataceae,0.477,1
SH1236390.08FU_LT000046_reps,Tricholomataceae,Tricholomataceae,0.868,1
SH1170706.08FU_MH136828_reps,Tricholomataceae,Tricholomataceae,0.12,1
SH1184296.08FU_JX136049_reps,Tricholomataceae,Tricholomataceae,0.0721,1
SH2595201.08FU_MN017179_reps,Tricholomataceae,Tricholomataceae,0.12,1
SH1181727.08FU_UDB033909_reps,Tricholomataceae,Tricholomataceae,0.12,1
SH1172872.08FU_KR909099_reps,Tricholomataceae,Tricholomataceae,0.635,1
SH2597011.08FU_UDB039571_refs,Tricholomataceae,Tricholomataceae,0.12,1
SH2592627.08FU_MT027356_reps,Tricholomataceae,Tricholomataceae,0.659,1
SH1213369.08FU_UDB052098_reps,Tricholomataceae,Tricholomataceae,0.12,1
SH1155180.08FU_DQ490647_reps,Tricholomataceae,Tricholomataceae,0.12,1
SH1213031.08FU_UDB0622927_reps,Tricholomataceae,Tricholomataceae,0.0647,1
SH1184067.08FU_MH032768_reps,Tricholomataceae,Tricholomataceae,0.12,1
SH1213429.08FU_UDB0617829_reps,Tricholomataceae,Tricholomataceae,0.0914,1
SH1177849.08FU_UDB023125_refs,Tricholomataceae,Tricholomataceae,0.759,1
SH1244265.08FU_UDB0240581_reps,Tricholomataceae,,0.0,0
SH2591569.08FU_MH168325_refs,Tricholomataceae,Tricholomataceae,0.12,1
SH1149706.08FU_KU550977_reps,Tricholomataceae,Tricholomataceae,0.0999,1
SH1153742.08FU_AY656988_reps,Tricholomataceae,Tricholomataceae,0.935,1
SH1177854.08FU_KP058982_reps,Tricholomataceae,Tricholomataceae,0.678,1
SH1153746.08FU_AB973818_reps,Tricholomataceae,Tricholomataceae,0.888,1
SH1236373.08FU_UDB0760937_reps,Tricholomataceae,Tricholomataceae,0.807,1
SH1178810.08FU_HQ533038_reps,Tricholomataceae,Tricholomataceae,0.847,1
SH1237417.08FU_JF908327_reps,Tricholomataceae,Tricholomataceae,0.12,1
SH1236398.08FU_KY488549_refs,Tricholomataceae,Tricholomataceae,0.573,1
SH1246749.08FU_KY774300_reps,Tricholomataceae,Tricholomataceae,0.116,1
SH3568445.08FU_MN930585_reps,Marasmiaceae,Marasmiaceae,0.258,1
SH1177996.08FU_MF189051_reps,Marasmiaceae,Marasmiaceae,0.64,1
SH1192015.08FU_FJ431249_refs,Marasmiaceae,Marasmiaceae,0.131,1
SH1192016.08FU_FJ431244_reps,Marasmiaceae,Marasmiaceae,0.0549,1
SH1171583.08FU_FJ431274_reps,Marasmiaceae,Marasmiaceae,0.112,1
SH1191624.08FU_EU935545_reps,Marasmiaceae,Marasmiaceae,0.0549,1
SH1171753.08FU_MN714058_reps,Marasmiaceae,Marasmiaceae,0.366,1
SH1192043.08FU_FJ167643_refs,Marasmiaceae,Tricholomataceae,0.0615,0
SH1182906.08FU_EU643515_reps,Marasmiaceae,Marasmiaceae,0.0536,1
SH1171749.08FU_EU935537_reps,Marasmiaceae,Marasmiaceae,0.0763,1
SH1143125.08FU_EF175541_reps,Marasmiaceae,Marasmiaceae,0.482,1
SH1171578.08FU_EU935533_reps,Marasmiaceae,Marasmiaceae,0.654,1
SH1171579.08FU_KX228846_refs,Marasmiaceae,Marasmiaceae,0.0549,1
SH1177983.08FU_EU935502_reps,Marasmiaceae,Marasmiaceae,0.54,1
SH1192042.08FU_FJ167649_refs,Marasmiaceae,Tricholomataceae,0.104,0
SH1189072.08FU_MK808919_reps,Marasmiaceae,Marasmiaceae,0.463,1
SH1171591.08FU_MN488595_reps,Marasmiaceae,Marasmiaceae,0.707,1
SH1206971.08FU_HQ212029_reps,Mycenaceae,Tricholomataceae,0.047,0
SH1186614.08FU_AB564409_refs,Psathyrellaceae,Psathyrellaceae,0.884,1
SH1186592.08FU_JF907846_reps,Psathyrellaceae,Psathyrellaceae,0.687,1
SH1186586.08FU_JX118675_refs,Psathyrellaceae,Psathyrellaceae,0.937,1
SH1176041.08FU_KC992967_refs,Psathyrellaceae,Psathyrellaceae,0.69,1
SH1186629.08FU_UDB0641686_reps,Psathyrellaceae,Psathyrellaceae,0.631,1
SH1186616.08FU_JX118740_refs,Psathyrellaceae,Psathyrellaceae,0.769,1
SH1148412.08FU_KC992899_refs,Psathyrellaceae,Psathyrellaceae,0.751,1
SH1148467.08FU_UDB0656483_reps,Psathyrellaceae,Psathyrellaceae,0.787,1
SH1148427.08FU_KC992917_refs,Psathyrellaceae,Psathyrellaceae,0.792,1
SH1186641.08FU_UDB0251976_reps,Psathyrellaceae,Psathyrellaceae,0.186,1
SH1184399.08FU_UDB017928_refs,Psathyrellaceae,Psathyrellaceae,0.546,1
SH2615103.08FU_UDB0501231_reps,Psathyrellaceae,Psathyrellaceae,0.312,1
SH2594085.08FU_MF966510_reps,Psathyrellaceae,Psathyrellaceae,0.722,1
SH1148398.08FU_MF325969_refs,Psathyrellaceae,Psathyrellaceae,0.848,1
SH2610239.08FU_UDB0260556_reps,Psathyrellaceae,Psathyrellaceae,0.106,1
SH1144794.08FU_HQ847007_refs,Psathyrellaceae,Psathyrellaceae,0.776,1
SH1148466.08FU_UDB0347592_reps,Psathyrellaceae,Psathyrellaceae,0.808,1
SH1186606.08FU_JX118682_refs,Psathyrellaceae,Psathyrellaceae,0.764,1
SH1186647.08FU_UDB099720_reps,Psathyrellaceae,Psathyrellaceae,0.0787,1
SH1186612.08FU_MK874610_reps,Psathyrellaceae,Psathyrellaceae,0.099,1
SH1184402.08FU_KC992935_refs,Psathyrellaceae,Psathyrellaceae,0.287,1
SH1148469.08FU_KC992867_refs,Psathyrellaceae,Psathyrellaceae,0.829,1
SH1148465.08FU_KC992911_refs,Psathyrellaceae,Psathyrellaceae,0.818,1
SH1148432.08FU_KC992938_refs,Psathyrellaceae,Psathyrellaceae,0.854,1
SH1144802.08FU_KC992863_refs,Psathyrellaceae,Psathyrellaceae,0.874,1
SH1186660.08FU_JX118684_reps,Psathyrellaceae,Psathyrellaceae,0.777,1
SH1185056.08FU_MK141001_reps,Strophariaceae,Strophariaceae,0.816,1
SH3209451.08FU_MK446222_reps,Strophariaceae,Strophariaceae,0.0938,1
SH1238011.08FU_UDB0258199_reps,Strophariaceae,Strophariaceae,0.746,1
SH1191091.08FU_MN992150_reps,Strophariaceae,Strophariaceae,0.659,1
SH1185018.08FU_JX457145_reps,Strophariaceae,Strophariaceae,0.827,1
SH1230655.08FU_UDB0683902_reps,Strophariaceae,Strophariaceae,0.891,1
SH1150453.08FU_KM975397_reps,Strophariaceae,Strophariaceae,0.0938,1
SH1191018.08FU_JF908590_reps,Strophariaceae,Strophariaceae,0.809,1
SH1184999.08FU_MK140939_reps,Strophariaceae,Strophariaceae,0.0864,1
SH1191082.08FU_UDB0535392_reps,Strophariaceae,Strophariaceae,0.819,1
SH1185010.08FU_KX357880_refs,Strophariaceae,Strophariaceae,0.781,1
SH2602403.08FU_UDB0602076_reps,Strophariaceae,Strophariaceae,0.465,1
SH1191019.08FU_KF871788_reps,Strophariaceae,Strophariaceae,0.802,1
SH1185911.08FU_UDB0684032_reps,Strophariaceae,Strophariaceae,0.555,1
SH1237428.08FU_AJ585443_refs,Strophariaceae,Strophariaceae,0.248,1
SH1238014.08FU_UDB0413312_reps,Strophariaceae,Strophariaceae,0.543,1
SH1185008.08FU_KM975395_reps,Strophariaceae,Strophariaceae,0.784,1
SH1238022.08FU_EF051056_reps,Strophariaceae,Strophariaceae,0.0897,1
SH1230641.08FU_EU784420_reps,Strophariaceae,Strophariaceae,0.0938,1
SH1150450.08FU_MN121287_reps,Strophariaceae,Strophariaceae,0.795,1
SH1230619.08FU_MF954883_reps,Strophariaceae,Strophariaceae,0.759,1
SH1230626.08FU_MN445151_reps,Strophariaceae,Strophariaceae,0.808,1
SH1230616.08FU_MN992155_reps,Strophariaceae,Strophariaceae,0.746,1
SH1230651.08FU_AB985291_reps,Strophariaceae,Strophariaceae,0.772,1
SH1177146.08FU_UDB017008_reps,Callistosporiaceae,Catathelasmataceae,0.137,0
SH1152324.08FU_KU058492_reps,Callistosporiaceae,Catathelasmataceae,0.105,0
SH1147428.08FU_UDB0531433_reps,Omphalotaceae,Omphalotaceae,0.643,1
SH1151261.08FU_KR135363_reps,Omphalotaceae,Omphalotaceae,0.0767,1
SH1187611.08FU_JN790683_reps,Omphalotaceae,Omphalotaceae,0.951,1
SH1235966.08FU_LC198706_reps,Omphalotaceae,Omphalotaceae,0.361,1
SH1235451.08FU_KF251073_refs,Omphalotaceae,Omphalotaceae,0.227,1
SH1147381.08FU_KX513754_reps,Omphalotaceae,Omphalotaceae,0.0767,1
SH1156716.08FU_MK607599_reps,Cyphellaceae,Cyphellaceae,0.145,1
SH2601978.08FU_UDB0582496_reps,Entolomataceae,,0.0,0
SH3565261.08FU_MN069531_reps,Entolomataceae,Entolomataceae,0.0158,1
SH3567723.08FU_MN803153_reps,Entolomataceae,,0.0,0
SH1144374.08FU_KY777498_reps,Entolomataceae,Entolomataceae,0.0921,1
SH1208935.08FU_MF977948_reps,Entolomataceae,Entolomataceae,0.0904,1
SH1191339.08FU_KJ705172_reps,Entolomataceae,Entolomataceae,0.0921,1
SH1188444.08FU_KY777389_reps,Entolomataceae,Entolomataceae,0.871,1
SH1179750.08FU_KP191923_reps,Entolomataceae,Entolomataceae,0.0921,1
SH1188417.08FU_LN850560_refs,Entolomataceae,Entolomataceae,0.894,1
SH1192114.08FU_FJ770392_reps,Entolomataceae,Entolomataceae,0.66,1
SH1172042.08FU_UDB0573558_reps,Entolomataceae,Entolomataceae,0.174,1
SH1151833.08FU_UDB0540641_reps,Entolomataceae,Entolomataceae,0.035,1
SH1188448.08FU_FJ789592_reps,Entolomataceae,Entolomataceae,0.872,1
SH1151839.08FU_UDB0623383_reps,Entolomataceae,Entolomataceae,0.0161,1
SH1179734.08FU_UDB0565516_reps,Entolomataceae,Entolomataceae,0.0794,1
SH1179752.08FU_UDB0538436_reps,Entolomataceae,Entolomataceae,0.0754,1
SH1208929.08FU_MT554402_reps,Entolomataceae,Entolomataceae,0.854,1
SH1208923.08FU_UDB0418173_reps,Entolomataceae,Entolomataceae,0.922,1
SH1188427.08FU_JX454900_reps,Entolomataceae,Entolomataceae,0.0921,1
SH3565258.08FU_MN069543_reps,Entolomataceae,Entolomataceae,0.0173,1
SH1208947.08FU_MF074805_reps,Entolomataceae,Entolomataceae,0.637,1
SH1208928.08FU_UDB017504_reps,Entolomataceae,Entolomataceae,0.903,1
SH1188435.08FU_LN850568_reps,Entolomataceae,Entolomataceae,0.894,1
SH1246361.08FU_JQ410336_reps,Entolomataceae,Entolomataceae,0.0921,1
SH1183060.08FU_KM503117_reps,Entolomataceae,Entolomataceae,0.0921,1
SH2607392.08FU_UDB0526996_reps,Pluteaceae,,0.0,0
SH1173237.08FU_JQ065028_reps,Pluteaceae,Pluteaceae,0.765,1
SH1174875.08FU_UDB015595_refs,Pluteaceae,Pluteaceae,0.061,1
SH2595853.08FU_MG946813_reps,Pluteaceae,Pluteaceae,0.061,1
SH1208655.08FU_MH211859_reps,Pluteaceae,Pluteaceae,0.201,1
SH3565315.08FU_MK770138_reps,Pluteaceae,,0.0,0
SH1208660.08FU_KJ009752_reps,Pluteaceae,Pluteaceae,0.664,1
SH1173200.08FU_UDB0284384_reps,Pluteaceae,Pluteaceae,0.061,1
SH1208651.08FU_HM562095_refs,Pluteaceae,Pluteaceae,0.823,1
SH1173173.08FU_MG968804_reps,Pluteaceae,Pluteaceae,0.0938,1
SH1168530.08FU_KY630516_reps,Pluteaceae,Pluteaceae,0.061,1
SH1208511.08FU_UDB0586830_reps,Pluteaceae,Pluteaceae,0.782,1
SH1151075.08FU_UDB0102266_reps,Pluteaceae,Pluteaceae,0.231,1
SH3568500.08FU_MT611232_reps,Pluteaceae,,0.0,0
SH1173221.08FU_UDB0360179_reps,Pluteaceae,Pluteaceae,0.459,1
SH1173227.08FU_KU131672_reps,Pluteaceae,Pluteaceae,0.736,1
SH1208652.08FU_HM562132_reps,Pluteaceae,Pluteaceae,0.0924,1
SH1171019.08FU_KX882031_refs,Lyophyllaceae,Lyophyllaceae,0.0752,1
SH1152238.08FU_UDB011377_refs,Lyophyllaceae,Lyophyllaceae,0.0752,1
SH1171021.08FU_LC458833_reps,Lyophyllaceae,Lyophyllaceae,0.0399,1
SH2592245.08FU_MK650044_refs,Lyophyllaceae,Lyophyllaceae,0.0752,1
SH1236346.08FU_HM572539_refs,Lyophyllaceae,Lyophyllaceae,0.737,1
SH1238739.08FU_MG283254_reps,Lyophyllaceae,Lyophyllaceae,0.0752,1
SH1236348.08FU_UDB011524_refs,Lyophyllaceae,Lyophyllaceae,0.509,1
SH1213402.08FU_DQ917653_reps,Lyophyllaceae,Lyophyllaceae,0.0752,1
SH1200312.08FU_JF302815_reps,Lyophyllaceae,Lyophyllaceae,0.937,1
SH1200315.08FU_GQ922684_reps,Lyophyllaceae,Lyophyllaceae,0.909,1
SH1172154.08FU_JN129418_reps,Lyophyllaceae,Lyophyllaceae,0.0752,1
SH1236361.08FU_UDB037274_reps,Lyophyllaceae,Lyophyllaceae,0.516,1
SH1247575.08FU_UDB0269307_reps,Lyophyllaceae,Lyophyllaceae,0.0544,1
SH1200338.08FU_KP192656_reps,Lyophyllaceae,Lyophyllaceae,0.582,1
SH1184660.08FU_MK966522_reps,Lyophyllaceae,Lyophyllaceae,0.0752,1
SH1236406.08FU_UDB0241758_reps,Lyophyllaceae,Tricholomataceae,0.443,0
SH1200326.08FU_JQ306875_reps,Lyophyllaceae,Lyophyllaceae,0.949,1
SH1237558.08FU_DQ825429_refs,Lyophyllaceae,Lyophyllaceae,0.436,1
SH1236411.08FU_UDB035856_reps,Lyophyllaceae,Lyophyllaceae,0.46,1
SH1213395.08FU_HE649956_refs,Lyophyllaceae,Lyophyllaceae,0.0752,1
SH1184663.08FU_KP192553_reps,Lyophyllaceae,Lyophyllaceae,0.0752,1
SH1187678.08FU_AY636057_reps,Pleurotaceae,Pleurotaceae,0.048,1
SH3567610.08FU_MN546042_reps,Pleurotaceae,Pleurotaceae,0.0727,1
SH1239010.08FU_KY698012_refs,Pleurotaceae,Pleurotaceae,0.596,1
SH1188293.08FU_DQ882572_reps,Pleurotaceae,Pleurotaceae,0.867,1
SH1239013.08FU_KU355336_refs,Pleurotaceae,Pleurotaceae,0.416,1
SH2608558.08FU_UDB0401500_reps,Bolbitiaceae,Bolbitiaceae,0.0211,1
SH1191159.08FU_KT224943_reps,Bolbitiaceae,Bolbitiaceae,0.0729,1
SH1157186.08FU_KM374411_reps,Bolbitiaceae,Tricholomataceae,0.019,0
SH1213364.08FU_UDB0468086_reps,Bolbitiaceae,Bolbitiaceae,0.0919,1
SH1145981.08FU_UDB0414885_reps,Bolbitiaceae,Bolbitiaceae,0.0146,1
SH1247362.08FU_HQ840656_reps,Bolbitiaceae,Bolbitiaceae,0.0919,1
SH1177123.08FU_UDB0613300_reps,Bolbitiaceae,Bolbitiaceae,0.0818,1
SH1180131.08FU_MF142244_refs,Bolbitiaceae,Bolbitiaceae,0.0919,1
SH1185914.08FU_UDB0205936_reps,Bolbitiaceae,Bolbitiaceae,0.85,1
SH1237964.08FU_JX968264_refs,Bolbitiaceae,Bolbitiaceae,0.0856,1
SH1180181.08FU_UDB0336115_reps,Bolbitiaceae,,0.0,0
SH1202392.08FU_MN306185_reps,Bolbitiaceae,Bolbitiaceae,0.813,1
SH2588775.08FU_JX968266_reps,Bolbitiaceae,Bolbitiaceae,0.0919,1
SH1237414.08FU_UDB0205039_reps,Bolbitiaceae,Bolbitiaceae,0.0804,1
SH1172060.08FU_UDB014823_reps,Bolbitiaceae,Bolbitiaceae,0.0919,1
SH1236888.08FU_KP235749_reps,Bolbitiaceae,Bolbitiaceae,0.718,1
SH1184753.08FU_KM086859_refs,Stephanosporaceae,Stephanosporaceae,0.692,1
SH1149114.08FU_UDB0629957_reps,Stephanosporaceae,Stephanosporaceae,0.122,1
SH1179432.08FU_UDB0530669_reps,Stephanosporaceae,Stephanosporaceae,0.057,1
SH1149116.08FU_UDB0444867_reps,Stephanosporaceae,Stephanosporaceae,0.142,1
SH1184754.08FU_KM086837_refs,Stephanosporaceae,Stephanosporaceae,0.371,1
SH1153125.08FU_UDB0360929_reps,Stephanosporaceae,Stephanosporaceae,0.0349,1
SH1157208.08FU_MF183941_refs,Cystostereaceae,Cystostereaceae,0.163,1
SH1157213.08FU_EU118622_refs,Cystostereaceae,Cystostereaceae,0.133,1
SH1150964.08FU_JQ346825_reps,Hymenogastraceae,Hymenogastraceae,0.0644,1
SH1184958.08FU_KC344770_refs,Hymenogastraceae,Hymenogastraceae,0.813,1
SH1185036.08FU_UDB0218471_reps,Hymenogastraceae,Hymenogastraceae,0.379,1
SH1185041.08FU_UDB0591506_reps,Hymenogastraceae,Hymenogastraceae,0.906,1
SH1150968.08FU_UDB0287636_reps,Hymenogastraceae,Hymenogastraceae,0.46,1
SH1185009.08FU_LC009705_reps,Hymenogastraceae,Hymenogastraceae,0.791,1
SH1185989.08FU_L43382_refs,Schizophyllaceae,Schizophyllaceae,0.647,1
SH1185995.08FU_AF062633_reps,Schizophyllaceae,Schizophyllaceae,0.198,1
SH1176714.08FU_KY468512_reps,Crepidotaceae,Crepidotaceae,0.148,1
SH1235571.08FU_KR673425_reps,Crepidotaceae,Crepidotaceae,0.169,1
SH1158962.08FU_AY436435_reps,Physalacriaceae,Physalacriaceae,0.838,1
SH1158960.08FU_AY436436_reps,Physalacriaceae,Physalacriaceae,0.804,1
SH1158963.08FU_AY961001_reps,Physalacriaceae,Physalacriaceae,0.746,1
SH1184666.08FU_KX966026_refs,Nidulariaceae,Nidulariaceae,0.37,1
SH1177790.08FU_KC581342_refs,Nidulariaceae,Tricholomataceae,0.161,0
SH1188878.08FU_MF595985_refs,Nidulariaceae,Nidulariaceae,0.432,1
SH1185357.08FU_MG050100_refs,Radulomycetaceae,Pterulaceae,0.159,0
SH1235398.08FU_FJ517592_refs,Radulomycetaceae,Pterulaceae,0.171,0
SH1172877.08FU_MG321371_refs,Pseudoclitocybaceae,Tricholomataceae,0.346,0
SH1172874.08FU_MG321361_refs,Pseudoclitocybaceae,Tricholomataceae,0.0608,0
SH1176537.08FU_MN945960_reps,Hymenochaetales,Hymenochaetales,0.0818,1
SH3567655.08FU_MN062099_reps,Hymenochaetales,Hymenochaetales,0.365,1
SH1151781.08FU_KF917543_refs,Hymenochaetales,Hymenochaetales,0.348,1
SH3223118.08FU_MH409965_reps,Hymenochaetales,Hymenochaetales,0.0391,1
SH1179180.08FU_JX104680_reps,Hymenochaetales,Hymenochaetales,0.113,1
SH1152120.08FU_KP279294_reps,Hymenochaetales,Hymenochaetales,0.113,1
SH1145998.08FU_DQ647473_refs,Hymenochaetales,Hymenochaetales,0.672,1
SH1147291.08FU_JX175044_refs,Hymenochaetales,Hymenochaetales,0.121,1
SH1175928.08FU_KP012961_reps,Hymenochaetales,Hymenochaetales,0.112,1
SH1172001.08FU_KP030781_reps,Hymenochaetales,Hymenochaetales,0.591,1
SH1152123.08FU_KP030785_reps,Hymenochaetales,Hymenochaetales,0.113,1
SH1151777.08FU_KY081802_refs,Hymenochaetales,Hymenochaetales,0.774,1
SH1179966.08FU_UDB0769801_reps,Hymenochaetales,Hymenochaetales,0.0917,1
SH1179555.08FU_MF860782_reps,Hymenochaetales,Hymenochaetales,0.113,1
SH1172462.08FU_KP814157_reps,Hymenochaetales,Hymenochaetales,0.0853,1
SH3566409.08FU_MK575210_reps,Hymenochaetales,NA,0.0,0
SH1230829.08FU_AY558638_refs,Hymenochaetales,Hymenochaetales,0.852,1
SH1147288.08FU_KY081805_refs,Hymenochaetales,Hymenochaetales,0.114,1
SH1178061.08FU_KR073081_refs,Hymenochaetales,Hymenochaetales,0.808,1
SH1151773.08FU_KY290983_reps,Hymenochaetales,Hymenochaetales,0.823,1
SH1239065.08FU_DQ340333_refs,Hymenochaetales,Hymenochaetales,0.103,1
SH1243443.08FU_MK992856_reps,Hymenochaetales,Hymenochaetales,0.0341,1
SH1156322.08FU_JX082333_reps,Hymenochaetales,Hymenochaetales,0.113,1
SH1242106.08FU_AJ537400_reps,Hymenochaetales,Hymenochaetales,0.0383,1
SH1157374.08FU_FJ820674_reps,Hymenochaetales,Hymenochaetales,0.109,1
SH2596475.08FU_MN945982_reps,Hymenochaetales,Corticiales,0.334,0
SH1150684.08FU_KY081793_reps,Hymenochaetales,Hymenochaetales,0.103,1
SH1150284.08FU_HM240152_reps,Hymenochaetales,Hymenochaetales,0.0376,1
SH3567761.08FU_MN816740_reps,Hymenochaetales,NA,0.0,0
SH1205402.08FU_JQ794549_reps,Hymenochaetales,Hymenochaetales,0.113,1
SH1177286.08FU_KU954544_reps,Hymenochaetales,Hymenochaetales,0.495,1
SH2598799.08FU_UDB0415116_reps,Hymenochaetales,Hymenochaetales,0.0261,1
SH2602584.08FU_UDB059551_reps,Hymenochaetales,Hymenochaetales,0.0201,1
SH1192037.08FU_KM248916_reps,Hymenochaetales,Hymenochaetales,0.125,1
SH1156993.08FU_UDB024803_refs,Hymenochaetales,Hymenochaetales,0.0727,1
SH1205875.08FU_GU461312_refs,Hymenochaetales,Polyporales,0.216,0
SH1146002.08FU_DQ647464_reps,Hymenochaetales,Hymenochaetales,0.803,1
SH2592525.08FU_MH880209_reps,Hymenochaetales,Hymenochaetales,0.332,1
SH2593898.08FU_MG008410_reps,Hymenochaetales,Hymenochaetales,0.113,1
SH2602616.08FU_UDB062035_reps,Hymenochaetales,NA,0.0,0
SH2605897.08FU_UDB0119432_reps,Hymenochaetales,Hymenochaetales,0.262,1
SH1230830.08FU_KJ668485_reps,Hymenochaetales,Hymenochaetales,0.931,1
SH2601676.08FU_UDB0136686_reps,Hymenochaetales,NA,0.0,0
SH1179070.08FU_KX181297_reps,Hymenochaetales,Hymenochaetales,0.11,1
SH1153217.08FU_HQ659238_reps,Polyporales,Polyporales,0.101,1
SH2597053.08FU_UDB0754247_reps,Polyporales,Polyporales,0.855,1
SH1184740.08FU_KJ654618_reps,Polyporales,Polyporales,0.593,1
SH1186495.08FU_FJ411100_refs,Polyporales,Polyporales,0.657,1
SH1172407.08FU_UDB039720_reps,Polyporales,Polyporales,0.131,1
SH1191573.08FU_KP135396_reps,Polyporales,Polyporales,0.701,1
SH1191567.08FU_MT561708_reps,Polyporales,Polyporales,0.392,1
SH1213044.08FU_MK430045_reps,Polyporales,Polyporales,0.101,1
SH1179601.08FU_JQ781877_refs,Polyporales,Polyporales,0.866,1
SH1150171.08FU_JN710583_reps,Polyporales,Polyporales,0.101,1
SH1190357.08FU_MK404665_reps,Polyporales,Polyporales,0.0794,1
SH1145847.08FU_UDB031150_reps,Polyporales,Polyporales,0.101,1
SH1179648.08FU_FJ478127_reps,Polyporales,Polyporales,0.835,1
SH1154432.08FU_UDB039776_refs,Polyporales,Polyporales,0.939,1
SH1169582.08FU_UDB014186_reps,Polyporales,Polyporales,0.123,1
SH1153214.08FU_UDB016380_refs,Polyporales,Polyporales,0.0686,1
SH1190330.08FU_KR002894_reps,Polyporales,Polyporales,0.789,1
SH1182776.08FU_JQ428825_reps,Polyporales,Polyporales,0.38,1
SH1206006.08FU_KT203301_refs,Polyporales,Hymenochaetales,0.529,0
SH1154636.08FU_JN387093_refs,Polyporales,Polyporales,0.11,1
SH1215490.08FU_MN592933_reps,Polyporales,Polyporales,0.723,1
SH1175317.08FU_UDB0754059_reps,Polyporales,Polyporales,0.11,1
SH1190353.08FU_KY706060_reps,Polyporales,Polyporales,0.48,1
SH1190339.08FU_MN192926_reps,Polyporales,Polyporales,0.41,1
SH1191533.08FU_AY219391_reps,Polyporales,Polyporales,0.44,1
SH1145896.08FU_JX090114_reps,Polyporales,Polyporales,0.11,1
SH1213341.08FU_MT777413_reps,Polyporales,NA,0.0,0
SH1152005.08FU_KF699123_reps,Polyporales,Polyporales,0.826,1
SH1206154.08FU_UDB016391_refs,Polyporales,Polyporales,0.873,1
SH1238102.08FU_JN105716_reps,Polyporales,Polyporales,0.751,1
SH1238147.08FU_KX494574_refs,Polyporales,Polyporales,0.0798,1
SH1180685.08FU_MT361090_reps,Polyporales,Polyporales,0.268,1
SH1179661.08FU_JQ845094_refs,Polyporales,Polyporales,0.228,1
SH1179670.08FU_KY475567_reps,Polyporales,Polyporales,0.371,1
SH1190361.08FU_KP013025_reps,Polyporales,Polyporales,0.636,1
SH1186500.08FU_JN645065_reps,Polyporales,Polyporales,0.817,1
SH1153079.08FU_JQ314351_refs,Polyporales,Polyporales,0.11,1
SH1206157.08FU_JQ673147_reps,Polyporales,Polyporales,0.28,1
SH1191544.08FU_MT235689_reps,Polyporales,Polyporales,0.34,1
SH1179665.08FU_HQ848475_reps,Polyporales,Polyporales,0.645,1
SH1176915.08FU_FJ467367_reps,Polyporales,Polyporales,0.694,1
SH1149607.08FU_UDB0227727_reps,Polyporales,Polyporales,0.0888,1
SH2592937.08FU_MH409961_reps,Polyporales,Polyporales,0.104,1
SH1153088.08FU_KC595926_refs,Polyporales,Polyporales,0.773,1
SH1153215.08FU_KY244090_refs,Polyporales,Polyporales,0.104,1
SH1153560.08FU_KY038470_refs,Polyporales,Polyporales,0.109,1
SH1154218.08FU_UDB016393_refs,Polyporales,Polyporales,0.481,1
SH1206152.08FU_JN710559_reps,Polyporales,Polyporales,0.0605,1
SH1156728.08FU_AF429422_refs,Polyporales,Polyporales,0.142,1
SH1215243.08FU_AY198209_refs,Polyporales,Polyporales,0.0781,1
SH1169593.08FU_GQ409516_reps,Polyporales,Polyporales,0.118,1
SH1180217.08FU_MH859898_reps,Polyporales,Polyporales,0.895,1
SH1169581.08FU_GQ421323_reps,Polyporales,Polyporales,0.122,1
SH1153084.08FU_KT156691_reps,Polyporales,Polyporales,0.822,1
SH1212391.08FU_MT050490_reps,Polyporales,Polyporales,0.748,1
SH1215529.08FU_FM202494_reps,Polyporales,Polyporales,0.125,1
SH1150758.08FU_MK694736_reps,Polyporales,Polyporales,0.138,1
SH1154230.08FU_KU189756_reps,Polyporales,Polyporales,0.109,1
SH1172404.08FU_LC327042_reps,Polyporales,NA,0.0,0
SH1184423.08FU_KC507227_reps,Polyporales,Polyporales,0.08,1
SH1213045.08FU_KP012888_reps,Polyporales,Polyporales,0.0656,1
SH1244661.08FU_KU550476_refs,Polyporales,Polyporales,0.11,1
SH1152010.08FU_MK269252_reps,Polyporales,Polyporales,0.765,1
SH1181714.08FU_KP859303_reps,Polyporales,Polyporales,0.0612,1
SH2605717.08FU_UDB0115787_reps,Polyporales,NA,0.0,0
SH2612544.08FU_UDB0502777_reps,Polyporales,Polyporales,0.0555,1
SH1153072.08FU_KU866249_refs,Polyporales,Polyporales,0.954,1
SH1145988.08FU_UDB036688_reps,Polyporales,Polyporales,0.104,1
SH1172405.08FU_KC514819_reps,Polyporales,Polyporales,0.813,1
SH1184137.08FU_AB472639_refs,Polyporales,Polyporales,0.846,1
SH1177860.08FU_UDB016383_refs,Polyporales,Polyporales,0.932,1
SH1235528.08FU_JQ700283_refs,Polyporales,Polyporales,0.11,1
SH1178410.08FU_UDB016274_refs,Polyporales,Polyporales,0.0827,1
SH1150133.08FU_KC867350_refs,Polyporales,Polyporales,0.0941,1
SH1153573.08FU_KY038474_refs,Polyporales,Polyporales,0.109,1
SH1156731.08FU_HG000303_refs,Polyporales,Polyporales,0.131,1
SH1179673.08FU_KR816526_reps,Polyporales,Polyporales,0.689,1
SH1179635.08FU_KP133197_reps,Polyporales,Polyporales,0.807,1
SH1186494.08FU_KJ654364_reps,Polyporales,Polyporales,0.0803,1
SH1151130.08FU_UDB032573_reps,Polyporales,Polyporales,0.4,1
SH1175943.08FU_EU118656_refs,Polyporales,Polyporales,0.59,1
SH1179623.08FU_JQ314373_refs,Polyporales,Polyporales,0.194,1
SH1190576.08FU_MF772343_reps,Polyporales,Polyporales,0.0447,1
SH1190331.08FU_KC867362_refs,Polyporales,Polyporales,0.658,1
SH1191492.08FU_FN600384_refs,Polyporales,Polyporales,0.937,1
SH1154225.08FU_AF516569_refs,Polyporales,Polyporales,0.109,1
SH1149305.08FU_KX851639_reps,Polyporales,Polyporales,0.0636,1
SH1245520.08FU_EU118613_reps,Polyporales,Polyporales,0.0651,1
SH1191488.08FU_UDB014259_refs,Polyporales,Polyporales,0.784,1
SH1191540.08FU_AB298703_reps,Polyporales,Polyporales,0.465,1
SH3567394.08FU_MN077530_reps,Polyporales,Polyporales,0.302,1
SH1174108.08FU_KX880622_reps,Polyporales,Polyporales,0.715,1
SH1153090.08FU_JX090121_reps,Polyporales,Polyporales,0.109,1
SH1184380.08FU_KU941852_refs,Polyporales,Polyporales,0.0872,1
SH1152002.08FU_JF950565_refs,Polyporales,Polyporales,0.657,1
SH1213245.08FU_UDB0351869_reps,Polyporales,Polyporales,0.101,1
SH1153085.08FU_KX423689_refs,Polyporales,Polyporales,0.646,1
SH1152001.08FU_HM583849_reps,Polyporales,Polyporales,0.465,1
SH1148978.08FU_FN552537_reps,Polyporales,Polyporales,0.114,1
SH1190342.08FU_KY449343_reps,Polyporales,Polyporales,0.784,1
SH1181930.08FU_UDB019412_reps,Polyporales,Polyporales,0.11,1
SH1188638.08FU_HQ654097_reps,Polyporales,Polyporales,0.717,1
SH1156944.08FU_MH862334_reps,Polyporales,Polyporales,0.109,1
SH1153065.08FU_UDB011618_refs,Polyporales,Polyporales,0.946,1
SH1213036.08FU_UDB003221_refs,Polyporales,Polyporales,0.0686,1
SH1238142.08FU_LC427025_reps,Polyporales,Polyporales,0.0718,1
SH1153067.08FU_JQ700276_refs,Polyporales,Polyporales,0.931,1
SH1179612.08FU_JX941573_refs,Polyporales,Polyporales,0.766,1
SH1180491.08FU_JN649356_reps,Polyporales,Polyporales,0.287,1
SH1179631.08FU_FJ411087_refs,Polyporales,Polyporales,0.532,1
SH1146331.08FU_JX623902_refs,Polyporales,Polyporales,0.123,1
SH1168483.08FU_KJ140573_reps,Polyporales,Polyporales,0.066,1
SH1184324.08FU_MT372798_reps,Polyporales,Polyporales,0.815,1
SH1206143.08FU_UDB0413838_reps,Polyporales,Thelephorales,0.925,0
SH1170418.08FU_LC176773_reps,Polyporales,Polyporales,0.11,1
SH1191412.08FU_KY175006_reps,Polyporales,Polyporales,0.0918,1
SH1160146.08FU_KT895883_reps,Polyporales,Polyporales,0.62,1
SH1179654.08FU_MG279151_reps,Polyporales,Polyporales,0.869,1
SH1146337.08FU_KX752608_refs,Polyporales,Polyporales,0.0798,1
SH1215408.08FU_MH856077_reps,Polyporales,Polyporales,0.0612,1
SH1177599.08FU_KM267730_reps,Polyporales,Polyporales,0.502,1
SH1215404.08FU_UDB0755016_reps,Polyporales,NA,0.0,0
SH1169695.08FU_UDB0608952_reps,Polyporales,Polyporales,0.0599,1
SH1148976.08FU_DQ309066_refs,Polyporales,Polyporales,0.0742,1
SH1179606.08FU_JQ861752_refs,Polyporales,Polyporales,0.813,1
SH1151989.08FU_KC585366_reps,Polyporales,Polyporales,0.439,1
SH1179550.08FU_HQ876603_reps,Polyporales,Polyporales,0.2,1
SH1189836.08FU_MK796502_reps,Polyporales,Polyporales,0.068,1
SH1238222.08FU_MH861808_reps,Polyporales,Polyporales,0.0749,1
SH1239586.08FU_UDB039701_reps,Polyporales,Polyporales,0.0993,1
SH1213344.08FU_UDB034137_refs,Polyporales,Polyporales,0.11,1
SH1148971.08FU_KJ140683_refs,Polyporales,Polyporales,0.0923,1
SH1170433.08FU_MF773684_reps,Polyporales,Polyporales,0.11,1
SH1180539.08FU_KX752606_refs,Polyporales,Polyporales,0.0726,1
SH1179640.08FU_JX310849_reps,Polyporales,Polyporales,0.818,1
SH2593850.08FU_KX900048_reps,Polyporales,Polyporales,0.427,1
SH1154435.08FU_KT895877_reps,Polyporales,Polyporales,0.828,1
SH1153219.08FU_KR093908_reps,Polyporales,Polyporales,0.274,1
SH1175938.08FU_HQ728290_refs,Polyporales,Polyporales,0.239,1
SH1215405.08FU_MN103599_reps,Polyporales,Polyporales,0.0612,1
SH1179614.08FU_KX000896_refs,Polyporales,Polyporales,0.854,1
SH1186469.08FU_JN164989_refs,Polyporales,Polyporales,0.929,1
SH1236883.08FU_UDB011616_refs,Polyporales,Polyporales,0.131,1
SH2593339.08FU_MN007009_reps,Polyporales,Polyporales,0.103,1
SH1190113.08FU_KU550477_refs,Polyporales,Polyporales,0.0502,1
SH1154217.08FU_UDB015689_refs,Polyporales,Polyporales,0.109,1
SH1188785.08FU_MF139552_reps,Polyporales,Polyporales,0.101,1
SH1238133.08FU_KP283501_reps,Polyporales,Polyporales,0.0722,1
SH1190062.08FU_KY980672_reps,Polyporales,Polyporales,0.101,1
SH1191489.08FU_AM084460_refs,Polyporales,Polyporales,0.94,1
SH1150991.08FU_AF255145_reps,Polyporales,Polyporales,0.692,1
SH1190332.08FU_JQ314362_refs,Polyporales,Polyporales,0.635,1
SH1237676.08FU_KC848251_reps,Polyporales,Polyporales,0.344,1
SH1206148.08FU_JX110844_refs,Polyporales,Polyporales,0.675,1
SH1238148.08FU_JX623935_reps,Polyporales,Polyporales,0.0798,1
SH1191439.08FU_MN749668_reps,Polyporales,Polyporales,0.87,1
SH1153216.08FU_HQ659240_reps,Polyporales,Polyporales,0.56,1
SH1186496.08FU_KT156703_reps,Polyporales,Polyporales,0.824,1
SH1177602.08FU_MT192441_reps,Polyporales,Polyporales,0.454,1
SH1185962.08FU_JN572910_refs,Polyporales,Polyporales,0.066,1
SH1153086.08FU_JF713082_refs,Polyporales,Polyporales,0.364,1
SH1148974.08FU_AY781277_refs,Polyporales,Polyporales,0.116,1
SH1170430.08FU_KC543133_refs,Polyporales,Polyporales,0.913,1
SH1175940.08FU_HQ153420_refs,Polyporales,Polyporales,0.456,1
SH1186471.08FU_KC867379_refs,Polyporales,Polyporales,0.902,1
SH1191552.08FU_MF399407_refs,Polyporales,Polyporales,0.768,1
SH1191504.08FU_JX136435_reps,Polyporales,Polyporales,0.0657,1
SH1177865.08FU_UDB016317_refs,Polyporales,Polyporales,0.772,1
SH1153213.08FU_KF562020_reps,Polyporales,Polyporales,0.21,1
SH1189803.08FU_MG847207_reps,Polyporales,Polyporales,0.226,1
SH1189545.08FU_KR605785_reps,Polyporales,Polyporales,0.277,1
SH1191525.08FU_KX752610_refs,Polyporales,Polyporales,0.37,1
SH1191527.08FU_JX135925_reps,Polyporales,Polyporales,0.197,1
SH1190315.08FU_JQ868745_reps,Polyporales,Polyporales,0.872,1
SH1190297.08FU_MG211675_reps,Polyporales,Polyporales,0.775,1
SH1151994.08FU_KX900888_reps,Polyporales,Polyporales,0.948,1
SH2604877.08FU_UDB0167562_reps,Polyporales,NA,0.0,0
SH1213040.08FU_KP135052_reps,Polyporales,Polyporales,0.0798,1
SH1191432.08FU_JQ919913_reps,Polyporales,Polyporales,0.69,1
SH1215403.08FU_GQ999296_reps,Polyporales,Polyporales,0.107,1
SH1179629.08FU_JX082334_reps,Polyporales,Polyporales,0.729,1
SH1146334.08FU_AY219357_reps,Polyporales,Polyporales,0.0777,1
SH1179653.08FU_JQ861746_refs,Polyporales,Polyporales,0.703,1
SH1151988.08FU_FN813734_reps,Polyporales,Polyporales,0.859,1
SH1153566.08FU_KR154945_reps,Polyporales,Polyporales,0.1,1
SH1192103.08FU_KU360397_reps,Polyporales,Polyporales,0.11,1
SH1179625.08FU_MT027494_reps,Polyporales,Polyporales,0.0284,1
SH1237677.08FU_KC848253_reps,Polyporales,Polyporales,0.782,1
SH1151952.08FU_UDB0768776_reps,Polyporales,Polyporales,0.823,1
SH1238221.08FU_UDB031454_refs,Polyporales,Polyporales,0.142,1
SH1191514.08FU_KX752598_refs,Polyporales,Polyporales,0.0583,1
SH1180222.08FU_MG231885_reps,Polyporales,Polyporales,0.898,1
SH1184321.08FU_KY978383_reps,Polyporales,Polyporales,0.604,1
SH1180682.08FU_KX880636_reps,Polyporales,Polyporales,0.937,1
SH1146335.08FU_UDB033575_reps,Polyporales,Polyporales,0.129,1
SH1184382.08FU_KU941853_refs,Polyporales,Polyporales,0.0872,1
SH1191541.08FU_EU118657_refs,Polyporales,Polyporales,0.151,1
SH1153543.08FU_KY038479_refs,Polyporales,Polyporales,0.109,1
SH1148970.08FU_UDB099266_reps,Polyporales,Polyporales,0.125,1
SH1176912.08FU_HQ659244_refs,Polyporales,Polyporales,0.817,1
SH1157605.08FU_UDB0769721_reps,Boletales,Boletales,0.0348,1
SH1181040.08FU_MH211760_reps,Boletales,Boletales,0.0926,1
SH1175661.08FU_UDB0765020_reps,Boletales,Boletales,0.0926,1
SH1151449.08FU_KJ786708_reps,Boletales,Boletales,0.0919,1
SH1145103.08FU_KU144789_reps,Boletales,Boletales,0.749,1
SH1169648.08FU_FJ840442_refs,Boletales,Boletales,0.0348,1
SH1145100.08FU_DQ974748_reps,Boletales,Boletales,0.746,1
SH1178570.08FU_KJ419920_reps,Boletales,Boletales,0.805,1
SH1178151.08FU_LC368027_reps,Boletales,Boletales,0.0926,1
SH1213100.08FU_HE817956_reps,Boletales,Boletales,0.0926,1
SH1150034.08FU_AB099900_refs,Boletales,Boletales,0.0348,1
SH1150639.08FU_UDB013848_reps,Boletales,Boletales,0.0926,1
SH1157600.08FU_GQ268591_refs,Boletales,Boletales,0.0348,1
SH1150035.08FU_GQ205361_refs,Boletales,Boletales,0.0348,1
SH1178573.08FU_KC184472_reps,Boletales,Boletales,0.89,1
SH1184464.08FU_KP242149_reps,Boletales,Boletales,0.0887,1
SH1185361.08FU_AB923011_reps,Boletales,Boletales,0.0905,1
SH1181038.08FU_KX816235_reps,Boletales,Boletales,0.0926,1
SH1181035.08FU_AB807905_reps,Boletales,Boletales,0.0926,1
SH1190808.08FU_MH016910_reps,Boletales,Boletales,0.0926,1
SH1226757.08FU_KJ951990_refs,Boletales,Boletales,0.828,1
SH1184726.08FU_KP012700_reps,Boletales,Boletales,0.0926,1
SH1227976.08FU_LC175615_reps,Boletales,Boletales,0.0926,1
SH1240533.08FU_AY544779_reps,Boletales,Boletales,0.0926,1
SH1238543.08FU_FM213340_refs,Boletales,Boletales,0.912,1
SH1153106.08FU_AF374661_refs,Boletales,Boletales,0.743,1
SH1242572.08FU_MN128240_reps,Boletales,Boletales,0.0926,1
SH1145918.08FU_UDB034472_reps,Boletales,Boletales,0.0926,1
SH2594080.08FU_MH043612_reps,Boletales,Boletales,0.503,1
SH1152058.08FU_MK928404_reps,Boletales,Boletales,0.0926,1
SH1240646.08FU_UDB007603_reps,Boletales,Boletales,0.0926,1
SH1154941.08FU_MG018124_reps,Boletales,Boletales,0.0926,1
SH1226763.08FU_HE817960_reps,Boletales,Boletales,0.0926,1
SH1143906.08FU_MH211671_reps,Boletales,Boletales,0.0926,1
SH1145839.08FU_HE817950_reps,Boletales,Boletales,0.0926,1
SH1190859.08FU_MH211674_reps,Boletales,Boletales,0.0926,1
SH1147017.08FU_LC219814_reps,Boletales,Boletales,0.699,1
SH1158644.08FU_HM583819_reps,Boletales,Boletales,0.67,1
SH1184429.08FU_LC043078_refs,Boletales,Boletales,0.0926,1
SH1153105.08FU_AF004735_refs,Boletales,Boletales,0.889,1
SH1186327.08FU_KX792086_refs,Boletales,Boletales,0.0348,1
SH1154784.08FU_UDB001368_refs,Boletales,Boletales,0.0926,1
SH1213291.08FU_UDB024485_reps,Boletales,Boletales,0.0847,1
SH2592520.08FU_MH910538_reps,Boletales,Boletales,0.0846,1
SH1212697.08FU_UDB013415_reps,Boletales,Boletales,0.0926,1
SH1178588.08FU_KX610669_reps,Boletales,Boletales,0.0926,1
SH1234368.08FU_KX610683_reps,Boletales,Boletales,0.34,1
SH1173825.08FU_AB507396_refs,Boletales,Boletales,0.104,1
SH1145222.08FU_DQ377397_reps,Russulales,Russulales,0.913,1
SH1158835.08FU_UDB0756755_reps,Russulales,NA,0.0,0
SH1188943.08FU_UDB004705_reps,Russulales,Russulales,0.0996,1
SH3565246.08FU_MN263242_reps,Russulales,Russulales,0.889,1
SH2593118.08FU_KX441219_reps,Russulales,Russulales,0.805,1
SH1151533.08FU_JQ991755_reps,Russulales,Russulales,0.0996,1
SH1188812.08FU_FM999656_reps,Russulales,Russulales,0.0996,1
SH1188729.08FU_MN102682_reps,Russulales,Russulales,0.817,1
SH1145212.08FU_KC424533_reps,Russulales,Russulales,0.894,1
SH1193094.08FU_KC492564_reps,Russulales,Russulales,0.26,1
SH1187373.08FU_MT252543_reps,Russulales,Russulales,0.877,1
SH1173793.08FU_JX266625_reps,Russulales,Russulales,0.674,1
SH1181749.08FU_MN130078_reps,Russulales,Russulales,0.678,1
SH1208000.08FU_JQ716931_refs,Russulales,Russulales,0.855,1
SH1145792.08FU_KU141244_reps,Russulales,Russulales,0.956,1
SH1172735.08FU_HQ318236_refs,Russulales,Russulales,0.876,1
SH1149935.08FU_MH212033_reps,Russulales,Russulales,0.617,1
SH1208008.08FU_EU784261_reps,Russulales,Russulales,0.746,1
SH1236963.08FU_FJ820534_reps,Russulales,Russulales,0.0987,1
SH1188903.08FU_GQ268635_reps,Russulales,Russulales,0.802,1
SH1145241.08FU_KY582717_reps,Russulales,Russulales,0.908,1
SH1181883.08FU_DQ241775_refs,Russulales,Russulales,0.0761,1
SH1145770.08FU_EU019943_reps,Russulales,Russulales,0.613,1
SH1145778.08FU_UDB0756820_reps,Russulales,Russulales,0.0996,1
SH1156910.08FU_AF336137_refs,Russulales,Russulales,0.392,1
SH1157506.08FU_KY800354_refs,Russulales,Russulales,0.0996,1
SH1226614.08FU_KP012856_reps,Russulales,Russulales,0.721,1
SH1226619.08FU_UDB0765651_reps,Russulales,Russulales,0.0996,1
SH1191314.08FU_MH125231_reps,Russulales,Russulales,0.0996,1
SH1168664.08FU_KC791087_reps,Russulales,Russulales,0.88,1
SH1172736.08FU_JN388977_reps,Russulales,Russulales,0.881,1
SH1236545.08FU_LC364246_reps,Russulales,Russulales,0.353,1
SH1187349.08FU_AB973739_reps,Russulales,Russulales,0.81,1
SH1171274.08FU_HM461074_refs,Russulales,Russulales,0.923,1
SH2597528.08FU_UDB0756612_reps,Russulales,Russulales,0.941,1
SH1221417.08FU_UDB0766525_reps,Russulales,Russulales,0.0996,1
SH1156917.08FU_AF454417_refs,Russulales,Russulales,0.625,1
SH1157307.08FU_AF218397_refs,Russulales,Russulales,0.0365,1
SH1226640.08FU_AB922945_reps,Russulales,Russulales,0.813,1
SH1228158.08FU_AY198191_refs,Russulales,Russulales,0.914,1
SH1168632.08FU_KX899726_reps,Russulales,Russulales,0.634,1
SH1168651.08FU_EU819514_reps,Russulales,Russulales,0.928,1
SH1168861.08FU_MW031163_reps,Russulales,Russulales,0.308,1
SH1185206.08FU_AY606973_refs,Russulales,Russulales,0.0996,1
SH1173932.08FU_AY656946_reps,Russulales,Russulales,0.836,1
SH1172686.08FU_HG426469_refs,Russulales,Russulales,0.0996,1
SH1152904.08FU_UDB024860_reps,Russulales,Russulales,0.904,1
SH1152507.08FU_UDB032724_reps,Russulales,Russulales,0.0736,1
SH1225948.08FU_EU834205_reps,Russulales,Russulales,0.102,1
SH1226628.08FU_HM189948_reps,Russulales,Russulales,0.943,1
SH1168752.08FU_LC008295_reps,Russulales,Russulales,0.0996,1
SH1172680.08FU_EU375718_reps,Russulales,Russulales,0.696,1
SH1185811.08FU_UDB0760063_reps,Russulales,Russulales,0.0996,1
SH1210330.08FU_FJ789600_reps,Russulales,Russulales,0.0996,1
SH1180325.08FU_UDB0765630_reps,Russulales,Russulales,0.0996,1
SH1143101.08FU_KT354754_reps,Russulales,Russulales,0.0996,1
SH1180322.08FU_KJ786643_reps,Russulales,Russulales,0.0996,1
SH1212578.08FU_UDB013939_reps,Russulales,Russulales,0.689,1
SH1168689.08FU_AB922941_reps,Russulales,Russulales,0.872,1
SH1168690.08FU_KX619505_reps,Russulales,Russulales,0.827,1
SH1168618.08FU_KF476828_reps,Russulales,Russulales,0.845,1
SH1184430.08FU_UDB0767606_reps,Russulales,NA,0.0,0
SH1185625.08FU_UDB013968_reps,Russulales,Russulales,0.532,1
SH1188815.08FU_AB636427_reps,Russulales,Russulales,0.67,1
SH1174804.08FU_AB597671_reps,Russulales,Russulales,0.0996,1
SH1168594.08FU_UDB000303_refs,Russulales,Russulales,0.953,1
SH2597975.08FU_UDB0759690_reps,Russulales,Russulales,0.891,1
SH1152964.08FU_FR731380_reps,Russulales,Russulales,0.0996,1
SH1211182.08FU_UDB0767204_reps,Russulales,Russulales,0.949,1
SH3566794.08FU_KY860402_reps,Russulales,Russulales,0.0262,1
SH1157796.08FU_KY353803_reps,Russulales,Russulales,0.0996,1
SH1174847.08FU_MT248996_reps,Russulales,Russulales,0.899,1
SH1188847.08FU_AB854698_reps,Russulales,Russulales,0.656,1
SH1168856.08FU_KP017261_reps,Russulales,Russulales,0.0611,1
SH1187350.08FU_UDB013892_reps,Russulales,Russulales,0.523,1
SH1174833.08FU_LC315892_reps,Russulales,Russulales,0.887,1
SH1237566.08FU_EU403089_reps,Russulales,Russulales,0.928,1
SH1180324.08FU_KT354741_reps,Russulales,Russulales,0.0996,1
SH1156914.08FU_JF960611_reps,Russulales,Russulales,0.644,1
SH1181022.08FU_KF220018_reps,Russulales,Russulales,0.0996,1
SH1168623.08FU_KU551036_reps,Russulales,Russulales,0.887,1
SH1226646.08FU_KT200573_reps,Russulales,Russulales,0.0996,1
SH2596442.08FU_MK049971_reps,Russulales,Russulales,0.719,1
SH1172729.08FU_JN388965_refs,Russulales,Russulales,0.926,1
SH1150705.08FU_AY907542_reps,Russulales,Russulales,0.691,1
SH1172682.08FU_AB854676_reps,Russulales,Russulales,0.523,1
SH1212434.08FU_KT461304_reps,Russulales,Russulales,0.569,1
SH1187351.08FU_UDB033598_reps,Russulales,Russulales,0.905,1
SH1151844.08FU_MT913630_reps,Russulales,Russulales,0.0871,1
SH1177749.08FU_UDB004864_reps,Russulales,Russulales,0.0996,1
SH1174839.08FU_MG934216_reps,Russulales,Russulales,0.853,1
SH2592036.08FU_MH861426_reps,Russulales,Russulales,0.0761,1
SH1235282.08FU_LC175149_reps,Russulales,Russulales,0.451,1
SH1185225.08FU_KR364065_reps,Russulales,Russulales,0.0996,1
SH1212429.08FU_UDB004040_reps,Russulales,Russulales,0.0996,1
SH1193082.08FU_MH858812_reps,Russulales,Russulales,0.0871,1
SH1181021.08FU_GU258299_refs,Russulales,Russulales,0.721,1
SH1156218.08FU_AB922970_reps,Russulales,Russulales,0.851,1
SH1187358.08FU_KR673656_reps,Russulales,Russulales,0.911,1
SH1145196.08FU_UDB0766938_reps,Russulales,Russulales,0.878,1
SH1151506.08FU_LT602968_reps,Russulales,Russulales,0.508,1
SH1187352.08FU_KP071269_reps,Russulales,Russulales,0.852,1
SH1226615.08FU_LC260471_reps,Russulales,Russulales,0.0996,1
SH1226590.08FU_UDB015132_reps,Russulales,Russulales,0.625,1
SH2591678.08FU_MK105627_reps,Russulales,Russulales,0.851,1
SH1188909.08FU_LC315881_reps,Russulales,Russulales,0.905,1
SH2597333.08FU_UDB0756774_reps,Russulales,Russulales,0.0996,1
SH1212886.08FU_HQ022003_reps,Russulales,Russulales,0.431,1
SH1221397.08FU_KX358053_reps,Russulales,Russulales,0.923,1
SH1183585.08FU_KJ583215_reps,Russulales,Russulales,0.291,1
SH1187341.08FU_HE817955_reps,Russulales,Russulales,0.924,1
SH1193060.08FU_UDB016343_refs,Russulales,Russulales,0.905,1
SH1148642.08FU_UDB025261_reps,Russulales,Russulales,0.8,1
SH2591942.08FU_MH862624_reps,Russulales,Russulales,0.784,1
SH1188355.08FU_KY548922_reps,Russulales,Russulales,0.0996,1
SH2592750.08FU_LC367973_reps,Russulales,Russulales,0.78,1
SH2593135.08FU_KX441108_reps,Russulales,Russulales,0.893,1
SH2592000.08FU_MH861803_reps,Russulales,Russulales,0.0761,1
SH2592742.08FU_LC367988_reps,Russulales,Russulales,0.922,1
SH2599103.08FU_UDB0768268_reps,Russulales,Russulales,0.685,1
SH1225944.08FU_EU669225_refs,Russulales,Russulales,0.0976,1
SH1168996.08FU_JQ405656_refs,Russulales,Russulales,0.0996,1
SH3566787.08FU_MT274554_reps,Russulales,Russulales,0.101,1
SH1168734.08FU_UDB0768090_reps,Russulales,Russulales,0.854,1
SH1174835.08FU_MK414597_reps,Russulales,Russulales,0.854,1
SH1185201.08FU_UDB0767260_reps,Russulales,Russulales,0.0996,1
SH1188894.08FU_MH168575_reps,Russulales,Russulales,0.663,1
SH1172730.08FU_HQ318211_refs,Russulales,Russulales,0.941,1
SH2595990.08FU_MF631177_reps,Russulales,Russulales,0.115,1
SH1185101.08FU_LC367732_reps,Russulales,Russulales,0.489,1
SH1188886.08FU_KX574686_refs,Russulales,Russulales,0.905,1
SH1226642.08FU_UDB004505_reps,Russulales,Russulales,0.751,1
SH1152825.08FU_EF493293_refs,Russulales,Russulales,0.966,1
SH1168617.08FU_GU234053_reps,Russulales,Russulales,0.866,1
SH1145175.08FU_UDB000313_reps,Russulales,Russulales,0.895,1
SH1177751.08FU_AB587755_reps,Russulales,Russulales,0.0996,1
SH1158822.08FU_AF350057_reps,Russulales,Russulales,0.0996,1
SH1153026.08FU_AY239333_reps,Russulales,Russulales,0.951,1
SH1152822.08FU_AY097042_refs,Russulales,Russulales,0.942,1
SH1188723.08FU_JQ753870_reps,Russulales,Russulales,0.728,1
SH1212894.08FU_UDB013963_reps,Russulales,Russulales,0.0996,1
SH1236214.08FU_AY239342_reps,Russulales,Russulales,0.918,1
SH1221408.08FU_DQ061929_reps,Russulales,Russulales,0.796,1
SH1158820.08FU_KX899245_reps,Russulales,Russulales,0.843,1
SH1152845.08FU_KT583643_refs,Russulales,Russulales,0.904,1
SH1188889.08FU_UDB0769248_reps,Russulales,Russulales,0.931,1
SH1193072.08FU_MN294862_reps,Russulales,Russulales,0.842,1
SH3566791.08FU_KY860421_reps,Russulales,NA,0.0,0
SH1168929.08FU_AM113430_reps,Russulales,Russulales,0.47,1
SH1174843.08FU_JQ902058_reps,Russulales,Russulales,0.536,1
SH2591638.08FU_KX441233_reps,Russulales,Russulales,0.625,1
SH1174862.08FU_LC175152_reps,Russulales,Russulales,0.926,1
SH1145230.08FU_UDB0343235_reps,Russulales,Russulales,0.931,1
SH1188303.08FU_KJ786717_reps,Russulales,Russulales,0.0996,1
SH1145193.08FU_EU222979_reps,Russulales,Russulales,0.91,1
SH2592027.08FU_MH861469_reps,Russulales,Russulales,0.0761,1
SH1188908.08FU_KC222798_reps,Russulales,Russulales,0.726,1
SH1236845.08FU_KM594847_reps,Russulales,Russulales,0.0996,1
SH1168666.08FU_KR082870_reps,Russulales,Russulales,0.912,1
SH1226594.08FU_MG857627_reps,Russulales,Russulales,0.515,1
SH1235286.08FU_UDB031135_reps,Russulales,Russulales,0.654,1
SH1145791.08FU_KX444316_reps,Russulales,Russulales,0.867,1
SH1168628.08FU_UDB0766945_reps,Russulales,Russulales,0.94,1
SH1168953.08FU_UDB0767316_reps,Russulales,Russulales,0.0996,1
SH1171735.08FU_GU258309_reps,Russulales,Russulales,0.0996,1
SH1174824.08FU_KM595055_reps,Russulales,Russulales,0.901,1
SH1180321.08FU_JQ405654_refs,Russulales,Russulales,0.0996,1
SH1151509.08FU_GU258232_reps,Russulales,Russulales,0.354,1
SH1223915.08FU_UDB0173807_reps,Russulales,Russulales,0.101,1
SH1236844.08FU_GU258282_refs,Russulales,Russulales,0.0996,1
SH1157798.08FU_KX889845_reps,Russulales,Russulales,0.0996,1
SH2591989.08FU_MH861955_reps,Russulales,Russulales,0.642,1
SH1168615.08FU_KF412281_reps,Russulales,Russulales,0.904,1
SH1144178.08FU_MH855759_refs,Corticiales,Corticiales,0.0605,1
SH1149252.08FU_FJ450050_reps,Corticiales,Corticiales,0.046,1
SH1172124.08FU_JX857740_reps,Corticiales,Corticiales,0.417,1
SH1205519.08FU_KJ668433_reps,Corticiales,Corticiales,0.505,1
SH1152314.08FU_AY583327_refs,Corticiales,Corticiales,0.071,1
SH2603429.08FU_UDB0401930_reps,Corticiales,NA,0.0,0
SH2611811.08FU_UDB0326700_reps,Corticiales,NA,0.0,0
SH1213371.08FU_MG755209_reps,Corticiales,Corticiales,0.242,1
SH1172129.08FU_JX857744_reps,Corticiales,Corticiales,0.4,1
SH1181829.08FU_UDB031605_refs,Corticiales,Corticiales,0.245,1
SH1213370.08FU_UDB016433_refs,Corticiales,Corticiales,0.234,1
SH1183218.08FU_MK028373_reps,Auriculariales,Auriculariales,0.616,1
SH3568423.08FU_MT040873_reps,Auriculariales,NA,0.0,0
SH2595380.08FU_MK391516_reps,Auriculariales,Auriculariales,0.218,1
SH1190996.08FU_KP889747_reps,Auriculariales,Auriculariales,0.0317,1
SH1191465.08FU_MG857095_reps,Auriculariales,Auriculariales,0.0748,1
SH2602681.08FU_UDB0335038_reps,Auriculariales,Auriculariales,0.0127,1
SH2610184.08FU_UDB0321570_reps,Auriculariales,Auriculariales,0.0125,1
SH1142578.08FU_KT875091_reps,Auriculariales,Auriculariales,0.0661,1
SH1149396.08FU_UDB0260696_reps,Auriculariales,Auriculariales,0.0398,1
SH1182733.08FU_KC222800_reps,Auriculariales,Auriculariales,0.0457,1
SH1179233.08FU_JX998755_reps,Auriculariales,Auriculariales,0.0442,1
SH1179759.08FU_JX044148_refs,Auriculariales,Auriculariales,0.074,1
SH2612549.08FU_UDB0527130_reps,Auriculariales,NA,0.0,0
SH1156273.08FU_AM260797_reps,Auriculariales,Auriculariales,0.0457,1
SH1160512.08FU_JN889905_reps,Auriculariales,Auriculariales,0.0457,1
SH1182516.08FU_MK737448_reps,Auriculariales,NA,0.0,0
SH1182529.08FU_MT028028_reps,Auriculariales,Auriculariales,0.0333,1
SH1212235.08FU_HQ441577_reps,Auriculariales,Auriculariales,0.0434,1
SH1172088.08FU_UDB0764893_reps,Auriculariales,Auriculariales,0.0457,1
SH2609378.08FU_UDB0496459_reps,Auriculariales,NA,0.0,0
SH1181565.08FU_KF617466_reps,Auriculariales,Auriculariales,0.0627,1
SH1179232.08FU_JX317144_reps,Auriculariales,Auriculariales,0.0442,1
SH1179761.08FU_MG757509_reps,Auriculariales,Auriculariales,0.0724,1
SH1191030.08FU_UDB0278344_reps,Auriculariales,Auriculariales,0.013,1
SH1218077.08FU_KF988450_refs,Geastrales,Geastrales,0.17,1
SH1218207.08FU_JN845091_refs,Geastrales,Geastrales,0.124,1
SH1237845.08FU_KJ127028_reps,Geastrales,Geastrales,0.0563,1
SH1237850.08FU_EU917117_reps,Geastrales,Geastrales,0.124,1
SH1218078.08FU_UDB0476620_reps,Geastrales,Geastrales,0.0417,1
SH1142643.08FU_KF988411_refs,Geastrales,Geastrales,0.0563,1
SH1182496.08FU_KF988417_refs,Geastrales,Geastrales,0.0563,1
SH1217540.08FU_KF988432_reps,Geastrales,Geastrales,0.0563,1
SH1218069.08FU_KP687490_refs,Geastrales,Geastrales,0.462,1
SH2603876.08FU_UDB0676226_reps,Geastrales,NA,0.0,0
SH2588753.08FU_JN845178_reps,Geastrales,Geastrales,0.0563,1
SH1218206.08FU_KC581997_refs,Geastrales,Geastrales,0.108,1
SH1237847.08FU_KF988349_refs,Geastrales,Geastrales,0.0563,1
SH1217533.08FU_KF988366_refs,Geastrales,Geastrales,0.0563,1
SH1218066.08FU_EU784225_refs,Geastrales,Geastrales,0.526,1
SH1218082.08FU_KF988364_refs,Geastrales,Geastrales,0.508,1
SH1151652.08FU_UDB0690861_reps,Geastrales,Geastrales,0.0265,1
SH1237856.08FU_DQ672335_reps,Geastrales,Geastrales,0.0369,1
SH1218076.08FU_KF988393_refs,Geastrales,Geastrales,0.107,1
SH1150300.08FU_KJ127030_reps,Geastrales,Geastrales,0.0563,1
SH1217534.08FU_KC582019_reps,Geastrales,Geastrales,0.0563,1
SH1151649.08FU_UDB0608919_reps,Geastrales,NA,0.0,0
SH1177023.08FU_UDB011488_refs,Geastrales,Geastrales,0.142,1
SH1218064.08FU_KP687506_refs,Geastrales,Geastrales,0.526,1
SH1170959.08FU_JX998762_reps,Trechisporales,Polyporales,0.0713,0
SH1242043.08FU_DQ672276_reps,Trechisporales,Trechisporales,0.0584,1
SH1180888.08FU_UDB0757603_reps,Trechisporales,NA,0.0,0
SH1177736.08FU_UDB0765884_reps,Trechisporales,Trechisporales,0.0278,1
SH1179206.08FU_UDB0251442_reps,Trechisporales,Trechisporales,0.818,1
SH1240329.08FU_UDB0234263_reps,Trechisporales,Trechisporales,0.0361,1
SH2591833.08FU_KY769825_reps,Trechisporales,Trechisporales,0.061,1
SH1144097.08FU_UDB024249_refs,Trechisporales,Trechisporales,0.154,1
SH1243329.08FU_JX556200_reps,Trechisporales,Trechisporales,0.0273,1
SH1186789.08FU_UDB008220_reps,Trechisporales,Trechisporales,0.061,1
SH2592599.08FU_UDB0422579_reps,Trechisporales,Trechisporales,0.019,1
SH1179211.08FU_JF691338_reps,Trechisporales,Trechisporales,0.525,1
SH1179215.08FU_JF691351_reps,Trechisporales,Trechisporales,0.373,1
SH2605834.08FU_UDB0117859_reps,Trechisporales,NA,0.0,0
SH1207725.08FU_JQ618521_reps,Trechisporales,Trechisporales,0.0527,1
SH1179558.08FU_UDB037810_refs,Trechisporales,Trechisporales,0.0423,1
SH1180882.08FU_FJ820613_reps,Trechisporales,Trechisporales,0.061,1
SH1191242.08FU_UDB028363_reps,Trechisporales,Trechisporales,0.0649,1
SH1172299.08FU_JX317273_refs,Trechisporales,Trechisporales,0.061,1
SH2602884.08FU_UDB0613702_reps,Trechisporales,NA,0.0,0
SH2597674.08FU_UDB0179949_reps,Trechisporales,Agaricales,0.012,0
SH1173490.08FU_KF718267_reps,Trechisporales,Trechisporales,0.172,1
SH1173367.08FU_MN207056_refs,Trechisporales,Trechisporales,0.162,1
SH2592288.08FU_MK204536_reps,Trechisporales,Trechisporales,0.061,1
SH2605624.08FU_UDB0179232_reps,Trechisporales,Russulales,0.0321,0
SH1173486.08FU_KJ140560_refs,Trechisporales,Trechisporales,0.0679,1
SH1192006.08FU_KF937369_reps,Trechisporales,Trechisporales,0.0566,1
SH1236939.08FU_GU054080_reps,Trechisporales,Trechisporales,0.0506,1
SH1180877.08FU_UDB0550598_reps,Trechisporales,Trechisporales,0.0398,1
SH1179209.08FU_KT728336_reps,Trechisporales,Trechisporales,0.683,1
SH1152149.08FU_MF447832_reps,Phallales,Phallales,0.0463,1
SH1156966.08FU_UDB015413_refs,Phallales,Phallales,0.184,1
SH1183655.08FU_MH620343_reps,Phallales,Phallales,0.0557,1
SH1144182.08FU_KT202281_refs,Phallales,Phallales,0.0463,1
SH1150990.08FU_KJ764820_reps,Phallales,Phallales,0.0464,1
SH1150989.08FU_AJ878738_refs,Phallales,Phallales,0.0425,1
SH1183658.08FU_MG817717_reps,Phallales,Phallales,0.126,1
SH1242309.08FU_MF372136_reps,Phallales,Phallales,0.0463,1
SH1183654.08FU_GQ981499_refs,Phallales,Phallales,0.0563,1
SH2595024.08FU_MG678510_reps,Phallales,Phallales,0.0463,1
SH1213278.08FU_DQ404385_refs,Phallales,Phallales,0.0564,1
SH2595027.08FU_MG678496_reps,Phallales,Phallales,0.174,1
SH1190756.08FU_KP222543_reps,Phallales,Phallales,0.21,1
SH1145993.08FU_GQ981513_refs,Phallales,Phallales,0.0463,1
SH2589346.08FU_KJ591584_refs,Phallales,Phallales,0.0463,1
SH3566691.08FU_MN954700_reps,Phallales,NA,0.0,0
SH2595029.08FU_UDB0765644_reps,Phallales,Phallales,0.086,1
SH1175545.08FU_MF447825_reps,Phallales,Phallales,0.0463,1
SH1236942.08FU_MT260887_reps,Phallales,Phallales,0.0315,1
SH1142649.08FU_HM536094_refs,Gloeophyllales,Gloeophyllales,0.866,1
SH1142653.08FU_JX524622_refs,Gloeophyllales,Gloeophyllales,0.416,1
SH1142657.08FU_KC505560_reps,Gloeophyllales,Gloeophyllales,0.163,1
SH1142651.08FU_UDB036196_refs,Gloeophyllales,Gloeophyllales,0.533,1
SH1142656.08FU_MH605431_reps,Gloeophyllales,Gloeophyllales,0.26,1
SH1183721.08FU_UDB0296851_reps,Sebacinales,Sebacinales,0.74,1
SH2609598.08FU_UDB0235811_reps,Sebacinales,NA,0.0,0
SH1176710.08FU_MG707428_reps,Sebacinales,Sebacinales,0.605,1
SH1175584.08FU_JF912456_refs,Sebacinales,Sebacinales,0.0252,1
SH1183680.08FU_UDB013819_refs,Sebacinales,Sebacinales,0.612,1
SH1179880.08FU_JX138552_reps,Sebacinales,Sebacinales,0.0947,1
SH1193965.08FU_AB854713_reps,Sebacinales,Sebacinales,0.844,1
SH1215592.08FU_EF655701_refs,Sebacinales,Sebacinales,0.86,1
SH1193966.08FU_LC440242_reps,Sebacinales,Sebacinales,0.814,1
SH2610821.08FU_UDB0542968_reps,Sebacinales,Sebacinales,0.863,1
SH1176706.08FU_JF691210_reps,Sebacinales,Sebacinales,0.013,1
SH2597547.08FU_UDB0756701_reps,Sebacinales,Sebacinales,0.0252,1
SH1172366.08FU_HM451818_refs,Sebacinales,Sebacinales,0.0667,1
SH1143272.08FU_UDB0766908_reps,Sebacinales,NA,0.0,0
SH1154462.08FU_AF490394_refs,Sebacinales,Sebacinales,0.318,1
SH1154475.08FU_HQ154320_refs,Sebacinales,Sebacinales,0.907,1
SH2593243.08FU_MH836336_reps,Sebacinales,Sebacinales,0.0252,1
SH1183708.08FU_LC364210_reps,Sebacinales,Sebacinales,0.655,1
SH1154470.08FU_HQ154375_refs,Sebacinales,Sebacinales,0.814,1
SH1146527.08FU_UDB013854_refs,Sebacinales,Sebacinales,0.507,1
SH1178214.08FU_JQ420993_reps,Sebacinales,Sebacinales,0.0244,1
SH1194029.08FU_UDB0429629_reps,Sebacinales,Sebacinales,0.744,1
SH1180455.08FU_MW026417_reps,Sebacinales,Sebacinales,0.757,1
SH1183715.08FU_UDB004630_reps,Sebacinales,Sebacinales,0.764,1
SH1179943.08FU_GU189685_refs,Sebacinales,Sebacinales,0.535,1
SH3230456.08FU_UDB0338157_reps,Sebacinales,NA,0.0,0
SH1190606.08FU_UDB014822_reps,Sebacinales,Sebacinales,0.0192,1
SH1174542.08FU_DQ411527_refs,Sebacinales,Sebacinales,0.0131,1
SH1183676.08FU_JX316484_refs,Sebacinales,Sebacinales,0.811,1
SH3568853.08FU_MN545102_reps,Sebacinales,Sebacinales,0.0121,1
SH1177956.08FU_EU909216_refs,Sebacinales,Sebacinales,0.013,1
SH1172361.08FU_FJ788826_refs,Sebacinales,Sebacinales,0.643,1
SH1154471.08FU_UDB018392_reps,Sebacinales,Sebacinales,0.752,1
SH1148301.08FU_KY574388_reps,Sebacinales,Sebacinales,0.86,1
SH1175959.08FU_KF718258_refs,Sebacinales,Sebacinales,0.223,1
SH1193963.08FU_GQ907107_reps,Sebacinales,Sebacinales,0.519,1
SH1193934.08FU_DQ309211_refs,Sebacinales,Sebacinales,0.847,1
SH1193914.08FU_HQ154347_refs,Sebacinales,Sebacinales,0.842,1
SH1183698.08FU_KR819104_reps,Sebacinales,Sebacinales,0.718,1
SH1183722.08FU_KT224951_reps,Sebacinales,Sebacinales,0.54,1
SH1193916.08FU_KJ624715_reps,Sebacinales,Sebacinales,0.919,1
SH1175956.08FU_MT766813_reps,Sebacinales,Sebacinales,0.0108,1
SH1193951.08FU_HQ154394_refs,Sebacinales,Sebacinales,0.751,1
SH1154465.08FU_GU269911_refs,Sebacinales,Sebacinales,0.844,1
SH1190562.08FU_KR819107_reps,Sebacinales,Sebacinales,0.0252,1
SH1149482.08FU_GU452516_refs,Sebacinales,Sebacinales,0.805,1
SH1154461.08FU_DQ420629_refs,Sebacinales,Sebacinales,0.816,1
SH1179952.08FU_UDB0159800_reps,Sebacinales,Sebacinales,0.0122,1
SH1173777.08FU_HM451831_reps,Sebacinales,Sebacinales,0.0254,1
SH1150323.08FU_UDB0255576_reps,Sebacinales,Sebacinales,0.794,1
SH1193926.08FU_HQ211773_refs,Sebacinales,Sebacinales,0.809,1
SH1150320.08FU_UDB016423_refs,Sebacinales,Sebacinales,0.922,1
SH1194000.08FU_UDB0764919_reps,Sebacinales,Sebacinales,0.766,1
SH1179947.08FU_HQ154240_refs,Sebacinales,Sebacinales,0.146,1
SH1193919.08FU_JQ420944_refs,Sebacinales,Sebacinales,0.919,1
SH1172381.08FU_HM488520_reps,Sebacinales,Sebacinales,0.0232,1
SH1148291.08FU_UDB016419_refs,Sebacinales,Sebacinales,0.925,1
SH1180448.08FU_JX630670_refs,Sebacinales,Sebacinales,0.493,1
SH1190557.08FU_GQ240919_refs,Sebacinales,Sebacinales,0.0252,1
SH1215622.08FU_UDB0767721_reps,Sebacinales,Sebacinales,0.0252,1
SH1172358.08FU_HM451814_refs,Sebacinales,Sebacinales,0.0211,1
SH1183668.08FU_HM230656_refs,Sebacinales,Sebacinales,0.878,1
SH1183695.08FU_LC003284_reps,Sebacinales,Sebacinales,0.698,1
SH1154463.08FU_AF440663_refs,Sebacinales,Sebacinales,0.879,1
SH3565558.08FU_MG707412_reps,Sebacinales,Sebacinales,0.0983,1
SH3567314.08FU_MT766753_reps,Sebacinales,NA,0.0,0
SH1215594.08FU_AF490395_refs,Sebacinales,Sebacinales,0.86,1
SH1183683.08FU_AB506941_refs,Sebacinales,Sebacinales,0.78,1
SH1175958.08FU_FJ788854_refs,Sebacinales,Sebacinales,0.161,1
SH1154469.08FU_EU557317_refs,Sebacinales,Sebacinales,0.775,1
SH1150317.08FU_AY296256_refs,Sebacinales,Sebacinales,0.567,1
SH1215613.08FU_LC122256_reps,Sebacinales,Sebacinales,0.0252,1
SH1177962.08FU_UDB0256035_reps,Sebacinales,Atheliales,0.0185,0
SH1179937.08FU_KF061290_refs,Sebacinales,Sebacinales,0.436,1
SH1193946.08FU_HQ212032_refs,Sebacinales,Sebacinales,0.795,1
SH1183688.08FU_AB848620_reps,Sebacinales,Sebacinales,0.868,1
SH1193975.08FU_EU625934_reps,Sebacinales,Sebacinales,0.656,1
SH1193935.08FU_HQ850118_refs,Sebacinales,Sebacinales,0.769,1
SH1183684.08FU_UDB0315089_reps,Sebacinales,Sebacinales,0.649,1
SH1178206.08FU_HM230835_refs,Sebacinales,Sebacinales,0.0132,1
SH1172360.08FU_UDB0331878_reps,Sebacinales,Sebacinales,0.514,1
SH1172359.08FU_HM030570_refs,Sebacinales,Sebacinales,0.473,1
SH1193915.08FU_GQ907139_reps,Sebacinales,Sebacinales,0.64,1
SH1215605.08FU_UDB004249_refs,Sebacinales,Sebacinales,0.402,1
SH1174151.08FU_KP191957_reps,Hysterangiales,NA,0.0,0
SH1244324.08FU_UDB0765634_reps,Hysterangiales,NA,0.0,0
SH1142345.08FU_JN022512_reps,Hysterangiales,NA,0.0,0
SH1174818.08FU_LC440285_reps,Atheliales,Atheliales,0.023,1
SH2606653.08FU_UDB0683282_reps,Atheliales,Agaricales,0.0203,0
SH1185965.08FU_UDB024783_refs,Atheliales,Atheliales,0.0338,1
SH1172638.08FU_KT220251_reps,Atheliales,Atheliales,0.797,1
SH2604168.08FU_UDB082116_reps,Atheliales,Agaricales,0.0558,0
SH1190015.08FU_UDB057500_reps,Atheliales,Atheliales,0.823,1
SH1172623.08FU_UDB0176018_reps,Atheliales,Atheliales,0.691,1
SH1172617.08FU_KT800064_reps,Atheliales,Atheliales,0.0338,1
SH1237717.08FU_KM403045_reps,Atheliales,Atheliales,0.249,1
SH1172628.08FU_DQ990863_reps,Atheliales,Atheliales,0.486,1
SH1190014.08FU_UDB069866_reps,Atheliales,Atheliales,0.924,1
SH2611278.08FU_UDB0733816_reps,Atheliales,NA,0.0,0
SH1150286.08FU_AY970012_reps,Atheliales,Atheliales,0.0313,1
SH1215944.08FU_UDB005449_reps,Atheliales,Russulales,0.0806,0
SH1160071.08FU_MF101375_reps,Atheliales,Atheliales,0.0338,1
SH1160070.08FU_KP889795_reps,Atheliales,Atheliales,0.0313,1
SH1172627.08FU_AB848548_reps,Atheliales,Atheliales,0.881,1
SH1190012.08FU_UDB002468_refs,Atheliales,Atheliales,0.932,1
SH1172613.08FU_UDB001733_refs,Atheliales,Atheliales,0.934,1
SH1172641.08FU_UDB026694_reps,Atheliales,Atheliales,0.71,1
SH1190011.08FU_UDB000841_refs,Atheliales,Atheliales,0.926,1
SH1185981.08FU_KP814150_reps,Atheliales,Atheliales,0.0338,1
SH1172637.08FU_AF476999_reps,Atheliales,Atheliales,0.625,1
SH1173784.08FU_JN168682_reps,Atheliales,Atheliales,0.0338,1
SH1172642.08FU_JQ393101_reps,Atheliales,Atheliales,0.727,1
SH1183268.08FU_UDB024819_reps,Atheliales,Atheliales,0.0338,1
SH1171737.08FU_UDB024800_refs,Atheliales,Atheliales,0.0338,1
SH2610344.08FU_UDB0430075_reps,Atheliales,Atheliales,0.0338,1
SH1149781.08FU_KT954962_reps,Amylocorticiales,Amylocorticiales,0.268,1
SH1178490.08FU_EU118659_refs,Agaricomycetes,dummy_order_Xenasmatella,0.282,0
SH2602327.08FU_UDB0551947_reps,Agaricomycetes,dummy_order_Xenasmatella,0.743,0
SH1244719.08FU_MK607537_reps,Agaricomycetes,dummy_order_Dendrothele,0.24,0
SH3569698.08FU_UDB0780226_reps,Agaricomycetes,NA,0.0,0
SH1160220.08FU_UDB0778372_refs,Tremellodendropsidales,NA,0.0,0
SH2606101.08FU_UDB0488923_reps,Tremellodendropsidales,NA,0.0,0
SH2614085.08FU_UDB0545327_reps,GS28,NA,0.0,0
SH1144200.08FU_KX431122_refs,Lepidostromatales,Atheliales,0.0267,0
SH1155951.08FU_JQ861271_reps,Tremellales,Tremellales,0.0167,1
SH1238384.08FU_AY917101_refs,Tremellales,Tremellales,0.102,1
SH1151381.08FU_AF444315_refs,Tremellales,Tremellales,0.0285,1
SH1155922.08FU_HM222926_refs,Tremellales,Tremellales,0.023,1
SH2599023.08FU_UDB0442207_reps,Tremellales,NA,0.0,0
SH1157694.08FU_AF444305_refs,Tremellales,Tremellales,0.491,1
SH1171239.08FU_UDB0449200_reps,Tremellales,Tremellales,0.0209,1
SH1151383.08FU_KF036589_refs,Tremellales,Tremellales,0.0312,1
SH1154796.08FU_AF453289_refs,Tremellales,Tremellales,0.0247,1
SH1159276.08FU_KX514820_reps,Tremellales,Tremellales,0.366,1
SH1238693.08FU_LC272862_reps,Tremellales,Tremellales,0.322,1
SH1181935.08FU_KF274171_reps,Tremellales,NA,0.0,0
SH1157704.08FU_LC203434_reps,Tremellales,Tremellales,0.0244,1
SH2617277.08FU_UDB0607261_reps,Tremellales,NA,0.0,0
SH1193671.08FU_EU200782_refs,Tremellales,Tremellales,0.461,1
SH1150956.08FU_KF036595_refs,Tremellales,Tremellales,0.0184,1
SH1156396.08FU_MK050311_reps,Tremellales,Tremellales,0.0242,1
SH1177283.08FU_UDB0191431_reps,Tremellales,Tremellales,0.0101,1
SH1235380.08FU_AB022935_refs,Tremellales,Tremellales,0.0247,1
SH1171240.08FU_KM384101_refs,Tremellales,Tremellales,0.0219,1
SH1181232.08FU_EU249514_refs,Tremellales,Tremellales,0.0285,1
SH1192187.08FU_AF444441_refs,Tremellales,Tremellales,0.816,1
SH1157717.08FU_GU328523_reps,Tremellales,Tremellales,0.0244,1
SH1151380.08FU_UDB019411_refs,Tremellales,Tremellales,0.0308,1
SH1160384.08FU_UDB0293071_reps,Tremellales,NA,0.0,0
SH1157433.08FU_KF800309_reps,Tremellales,Tremellales,0.0216,1
SH1245605.08FU_KR058781_refs,Tremellales,Tremellales,0.0244,1
SH1193673.08FU_AB035045_refs,Tremellales,Tremellales,0.55,1
SH2593725.08FU_MK050301_reps,Tremellales,Tremellales,0.0247,1
SH1185392.08FU_KT334556_reps,Tremellales,Tremellales,0.0244,1
SH1238380.08FU_EF672246_refs,Tremellales,Tremellales,0.0313,1
SH1157713.08FU_FR773451_reps,Tremellales,Tremellales,0.0117,1
SH1155974.08FU_AF042423_reps,Tremellales,Tremellales,0.0329,1
SH1185541.08FU_KP986508_reps,Tremellales,Tremellales,0.0244,1
SH1186234.08FU_JF449779_reps,Tremellales,Tremellales,0.0167,1
SH1149046.08FU_GQ219830_reps,Tremellales,Tremellales,0.0263,1
SH1186235.08FU_DQ420869_refs,Tremellales,Tremellales,0.0167,1
SH1186457.08FU_UDB047561_reps,Tremellales,Tremellales,0.0162,1
SH2594082.08FU_MK050286_reps,Tremellales,Tremellales,0.027,1
SH1154961.08FU_AF547662_refs,Tremellales,Tremellales,0.0164,1
SH1155939.08FU_AF444426_refs,Tremellales,Tremellales,0.0167,1
SH1177275.08FU_KJ404871_reps,Tremellales,Tremellales,0.0244,1
SH1178827.08FU_UDB084200_reps,Tremellales,Tremellales,0.425,1
SH1186296.08FU_AF444322_refs,Cystofilobasidiales,Cystofilobasidiales,0.0102,1
SH1186300.08FU_UDB0590082_reps,Cystofilobasidiales,Russulales,0.0106,0
SH1216563.08FU_UDB0755491_reps,Trichosporonales,NA,0.0,0
SH1188991.08FU_KU831541_refs,Trichosporonales,Trichosporonales,0.0144,1
SH1149042.08FU_KY102945_refs,Trichosporonales,Tremellales,0.702,0
SH2609243.08FU_UDB0682813_reps,Trichosporonales,NA,0.0,0
SH2604686.08FU_UDB0404459_reps,Trichosporonales,NA,0.0,0
SH2606878.08FU_UDB0576157_reps,Trichosporonales,NA,0.0,0
SH1216538.08FU_AF444414_refs,Trichosporonales,Trichosporonales,0.761,1
SH1216547.08FU_LC071459_reps,Trichosporonales,Trichosporonales,0.235,1
SH1216546.08FU_AY787857_refs,Trichosporonales,Trichosporonales,0.0118,1
SH1216533.08FU_AF444439_refs,Trichosporonales,Trichosporonales,0.73,1
SH2601389.08FU_UDB040835_reps,Trichosporonales,NA,0.0,0
SH1189306.08FU_LC270817_reps,Filobasidiales,Filobasidiales,0.0103,1
SH2606541.08FU_UDB0658254_reps,Filobasidiales,NA,0.0,0
SH1237472.08FU_AF444381_refs,Filobasidiales,Filobasidiales,0.017,1
SH1180910.08FU_FJ473371_refs,Filobasidiales,Filobasidiales,0.149,1
SH2606525.08FU_UDB0322272_reps,Filobasidiales,NA,0.0,0
SH1214264.08FU_KY105299_refs,Erythrobasidiales,Cystobasidiales,0.0144,0
SH1214244.08FU_AB030352_refs,Erythrobasidiales,NA,0.0,0
SH1168578.08FU_AF444561_refs,Erythrobasidiales,NA,0.0,0
SH1214259.08FU_AB025999_refs,Erythrobasidiales,Cystobasidiales,0.215,0
SH1143097.08FU_KU948734_reps,Cyphobasidiales,Cyphobasidiales,0.0586,1
SH1143096.08FU_KU948764_reps,Cyphobasidiales,Cyphobasidiales,0.0566,1
SH1214242.08FU_AF444292_refs,Cystobasidiales,Cystobasidiales,0.727,1
SH2605166.08FU_UDB0579029_reps,Cystobasidiales,Cystobasidiales,0.292,1
SH1214296.08FU_KF780606_reps,Cystobasidiales,Cystobasidiales,0.401,1
SH1182427.08FU_KP860070_reps,Sporidiobolales,Sporidiobolales,0.0283,1
SH1183635.08FU_KF274164_reps,Sporidiobolales,Sporidiobolales,0.0257,1
SH2591867.08FU_MK679597_reps,Sporidiobolales,Sporidiobolales,0.541,1
SH1171193.08FU_GU054318_reps,Sporidiobolales,Sporidiobolales,0.0253,1
SH1181844.08FU_GU646862_refs,Sporidiobolales,Sporidiobolales,0.777,1
SH1183632.08FU_UDB0520427_reps,Sporidiobolales,Sporidiobolales,0.0173,1
SH1181843.08FU_AF444499_refs,Sporidiobolales,Sporidiobolales,0.863,1
SH2606162.08FU_UDB0367426_reps,Sporidiobolales,NA,0.0,0
SH1155383.08FU_UDB0225109_reps,Sporidiobolales,NA,0.0,0
SH1190502.08FU_KY084396_reps,Microbotryales,Microbotryales,0.757,1
SH1190507.08FU_KY084376_reps,Microbotryales,Microbotryales,0.0594,1
SH1190500.08FU_JN000071_refs,Microbotryales,Microbotryales,0.847,1
SH1190517.08FU_EF621923_reps,Microbotryales,Microbotryales,0.332,1
SH1155490.08FU_AY212990_reps,Microbotryales,Microbotryales,0.0617,1
SH1190509.08FU_DQ238734_reps,Microbotryales,Microbotryales,0.0927,1
SH1155476.08FU_UDB0176569_reps,Leucosporidiales,NA,0.0,0
SH1235320.08FU_UDB0311363_reps,Leucosporidiales,Sporidiobolales,0.0198,0
SH1239139.08FU_AF444564_refs,Leucosporidiales,NA,0.0,0
SH2618233.08FU_UDB0660596_reps,Leucosporidiales,NA,0.0,0
SH3227254.08FU_UDB0349173_reps,Kriegeriales,NA,0.0,0
SH3219096.08FU_UDB0534414_reps,Kriegeriales,NA,0.0,0
SH3565602.08FU_LC514931_reps,Kriegeriales,NA,0.0,0
SH2605401.08FU_UDB0137939_reps,Kriegeriales,NA,0.0,0
SH1245696.08FU_KU187885_refs,Kriegeriales,Kriegeriales,0.018,1
SH2596262.08FU_MK050370_reps,Agaricostilbales,NA,0.0,0
SH2618227.08FU_UDB0662257_reps,Agaricostilbales,NA,0.0,0
SH1155430.08FU_AB126047_refs,Agaricostilbales,Agaricostilbales,0.079,1
SH1247294.08FU_AF444676_reps,Agaricostilbales,NA,0.0,0
SH2611583.08FU_UDB0558250_reps,Septobasidiales,NA,0.0,0
SH1149149.08FU_UDB0754266_reps,Septobasidiales,Septobasidiales,0.114,1
SH1171032.08FU_DQ241452_reps,Septobasidiales,Septobasidiales,0.0469,1
SH1147466.08FU_MH029898_reps,Pucciniales,Pucciniales,0.428,1
SH3565198.08FU_MN913585_reps,Pucciniales,Pucciniales,0.397,1
SH1205057.08FU_AY217135_reps,Pucciniales,Pucciniales,0.756,1
SH1230896.08FU_AF182984_reps,Pucciniales,Pucciniales,0.673,1
SH1175878.08FU_GU049464_reps,Pucciniales,Pucciniales,0.551,1
SH1186555.08FU_EF635902_reps,Pucciniales,Pucciniales,0.391,1
SH1237320.08FU_KU950447_reps,Pucciniales,Pucciniales,0.322,1
SH1233982.08FU_KC543257_reps,Pucciniales,Pucciniales,0.925,1
SH1179260.08FU_AB125949_reps,Pucciniales,Pucciniales,0.089,1
SH1237280.08FU_KT906109_reps,Pucciniales,Pucciniales,0.089,1
SH1205085.08FU_KX298153_reps,Pucciniales,Pucciniales,0.124,1
SH1205036.08FU_HM057122_refs,Pucciniales,Pucciniales,0.851,1
SH1179261.08FU_EU014039_reps,Pucciniales,Pucciniales,0.089,1
SH2593529.08FU_MG742207_reps,Pucciniales,Pucciniales,0.594,1
SH1149588.08FU_UDB0382060_reps,Pucciniales,Pucciniales,0.239,1
SH1185954.08FU_KM217362_reps,Pucciniales,Pucciniales,0.0308,1
SH1184732.08FU_MN605789_reps,Pucciniales,Pucciniales,0.089,1
SH1189599.08FU_MH656772_reps,Pucciniales,Pucciniales,0.0964,1
SH1144092.08FU_KY964736_reps,Pucciniales,Pucciniales,0.089,1
SH1142713.08FU_KX468974_reps,Pucciniales,Pucciniales,0.089,1
SH1227096.08FU_JN943195_reps,Pucciniales,Pucciniales,0.621,1
SH3566204.08FU_MK296535_reps,Pucciniales,NA,0.0,0
SH1205060.08FU_HM131351_reps,Pucciniales,Pucciniales,0.601,1
SH1191399.08FU_GQ146461_reps,Pucciniales,Pucciniales,0.195,1
SH2590483.08FU_MK446718_reps,Pucciniales,NA,0.0,0
SH1238569.08FU_KF551227_reps,Pucciniales,Pucciniales,0.0745,1
SH1150787.08FU_DQ234556_refs,Platygloeales,Platygloeales,0.147,1
SH1245311.08FU_GU291277_reps,Platygloeales,Platygloeales,0.152,1
SH2608449.08FU_UDB0486568_reps,Platygloeales,Platygloeales,0.0566,1
SH1153403.08FU_AY292453_reps,Helicobasidiales,Helicobasidiales,0.607,1
SH1237726.08FU_HE584918_reps,Exobasidiales,Exobasidiales,0.0737,1
SH1149191.08FU_AB180319_reps,Exobasidiales,Exobasidiales,0.533,1
SH1149182.08FU_KT160678_reps,Exobasidiales,Exobasidiales,0.52,1
SH1192144.08FU_KP204318_reps,Exobasidiales,Exobasidiales,0.0142,1
SH1149189.08FU_UDB0431449_reps,Exobasidiales,Exobasidiales,0.472,1
SH1150291.08FU_JX575186_reps,Exobasidiales,Exobasidiales,0.0177,1
SH1237722.08FU_AY158675_refs,Exobasidiales,Exobasidiales,0.0838,1
SH1149199.08FU_AB180335_reps,Exobasidiales,Exobasidiales,0.527,1
SH1237725.08FU_AY158674_refs,Exobasidiales,Exobasidiales,0.0812,1
SH1170377.08FU_AB025690_refs,Entylomatales,Entylomatales,0.259,1
SH1149620.08FU_MT000594_reps,Tilletiales,Tilletiales,0.0987,1
SH1236627.08FU_AB025706_reps,Georgefischeriales,Georgefischeriales,0.088,1
SH1181122.08FU_UDB0669891_reps,Tritirachiales,Tritirachiales,0.465,1
SH1153194.08FU_KY929617_reps,Ustilaginales,Ustilaginales,0.0769,1
SH1179996.08FU_LC486527_reps,Ustilaginales,Ustilaginales,0.894,1
SH1215452.08FU_KY424442_reps,Ustilaginales,Ustilaginales,0.544,1
SH1197562.08FU_KU163775_reps,Ustilaginales,NA,0.0,0
SH1145132.08FU_FJ167360_reps,Ustilaginales,Ustilaginales,0.0783,1
SH1187128.08FU_AY740041_reps,Ustilaginales,Ustilaginales,0.847,1
SH3566440.08FU_MN855222_reps,Urocystidales,Urocystidales,0.562,1
SH2592454.08FU_MG707436_reps,Atractiellales,NA,0.0,0
SH2601926.08FU_UDB0255922_reps,Atractiellales,NA,0.0,0
SH2593605.08FU_MH304495_reps,Atractiellales,Atractiellales,0.0131,1
SH2604363.08FU_UDB0240841_reps,Atractiellales,NA,0.0,0
SH1189546.08FU_AB712455_refs,Dacrymycetales,Dacrymycetales,0.585,1
SH1143539.08FU_LC131427_reps,Dacrymycetales,Dacrymycetales,0.116,1
SH1189548.08FU_LC131409_reps,Dacrymycetales,Dacrymycetales,0.116,1
SH1237323.08FU_KF274307_reps,Dacrymycetales,Dacrymycetales,0.0636,1
SH2607817.08FU_UDB0177804_reps,Dacrymycetales,NA,0.0,0
SH3686273.08FU_UDB0780655_reps,Dacrymycetes,NA,0.0,0
SH3686271.08FU_MN595680_reps,Dacrymycetes,NA,0.0,0
SH1178114.08FU_KF706439_refs,Malasseziales,NA,0.0,0
SH1174344.08FU_KJ180980_reps,Malasseziales,NA,0.0,0
SH1178111.08FU_AB070356_refs,Malasseziales,NA,0.0,0
SH2595258.08FU_MN161928_reps,Dothideomycetes,Capnodiales,0.873,0
SH1143503.08FU_MK547091_reps,Dothideomycetes,Asterinales,0.798,0
SH1184106.08FU_AB116533_refs,Dothideomycetes,dummy_order_Eremomycetaceae,0.74,0
SH2595250.08FU_MN161952_reps,Dothideomycetes,NA,0.0,0
SH1214658.08FU_AY598887_reps,Dothideomycetes,NA,0.0,0
SH1149418.08FU_GU269866_reps,Capnodiales,Capnodiales,0.0932,1
SH1160429.08FU_UDB060824_reps,Capnodiales,Capnodiales,0.594,1
SH1177316.08FU_AY725523_refs,Capnodiales,Capnodiales,0.102,1
SH2595536.08FU_UDB0753373_reps,Capnodiales,Capnodiales,0.446,1
SH1175698.08FU_MW165379_reps,Capnodiales,Capnodiales,0.0655,1
SH1154631.08FU_AJ289869_reps,Capnodiales,Capnodiales,0.0409,1
SH2595575.08FU_MN309703_reps,Capnodiales,Capnodiales,0.0514,1
SH1193178.08FU_KF251311_reps,Capnodiales,Capnodiales,0.922,1
SH1174270.08FU_UDB0366154_reps,Capnodiales,Capnodiales,0.0412,1
SH1154569.08FU_KT585742_reps,Capnodiales,Capnodiales,0.573,1
SH1191780.08FU_KF309942_refs,Capnodiales,Capnodiales,0.0568,1
SH1189268.08FU_MH862515_reps,Capnodiales,Capnodiales,0.686,1
SH1189265.08FU_FJ023538_reps,Capnodiales,Capnodiales,0.503,1
SH1154590.08FU_JX043122_reps,Capnodiales,Capnodiales,0.333,1
SH1154589.08FU_AY969427_reps,Capnodiales,Capnodiales,0.0933,1
SH1150223.08FU_KF309965_refs,Capnodiales,Capnodiales,0.705,1
SH1175708.08FU_KT328605_reps,Capnodiales,Capnodiales,0.567,1
SH1189264.08FU_FJ023539_refs,Capnodiales,Capnodiales,0.708,1
SH1174653.08FU_FJ839634_refs,Capnodiales,Capnodiales,0.621,1
SH1151911.08FU_UDB0454634_reps,Capnodiales,Capnodiales,0.0896,1
SH1154563.08FU_AY692096_refs,Capnodiales,Capnodiales,0.735,1
SH1194060.08FU_KX287344_reps,Capnodiales,Capnodiales,0.914,1
SH1191786.08FU_MK047453_reps,Capnodiales,Capnodiales,0.0909,1
SH2607387.08FU_UDB0519598_reps,Capnodiales,Capnodiales,0.039,1
SH1177266.08FU_EU041799_reps,Capnodiales,Capnodiales,0.0641,1
SH1234707.08FU_AB694922_reps,Capnodiales,Capnodiales,0.805,1
SH1154620.08FU_KY853429_refs,Capnodiales,Capnodiales,0.0596,1
SH1234740.08FU_MF951296_refs,Capnodiales,Capnodiales,0.11,1
SH1234692.08FU_MH862786_reps,Capnodiales,Capnodiales,0.848,1
SH1234718.08FU_MF951368_reps,Capnodiales,Capnodiales,0.723,1
SH1234672.08FU_EU707858_reps,Capnodiales,Capnodiales,0.857,1
SH1234688.08FU_DQ520628_reps,Capnodiales,Capnodiales,0.475,1
SH1175309.08FU_JQ044437_reps,Capnodiales,Capnodiales,0.0518,1
SH1175693.08FU_KF309984_refs,Capnodiales,Capnodiales,0.0762,1
SH1234760.08FU_EU707898_reps,Capnodiales,Capnodiales,0.471,1
SH2602088.08FU_UDB060883_reps,Capnodiales,Capnodiales,0.0161,1
SH1189920.08FU_KF901621_refs,Capnodiales,Capnodiales,0.742,1
SH1201758.08FU_AY969559_reps,Capnodiales,Capnodiales,0.0686,1
SH1194061.08FU_EU882125_refs,Capnodiales,Capnodiales,0.763,1
SH1154571.08FU_KT581803_reps,Capnodiales,Capnodiales,0.0681,1
SH1194045.08FU_AY808304_refs,Capnodiales,Capnodiales,0.948,1
SH1194047.08FU_JF700867_refs,Capnodiales,Capnodiales,0.95,1
SH1194044.08FU_GU269653_refs,Capnodiales,Capnodiales,0.948,1
SH1201764.08FU_GU214632_reps,Capnodiales,Capnodiales,0.568,1
SH1181386.08FU_AY152582_reps,Capnodiales,Capnodiales,0.87,1
SH1177268.08FU_AY598877_refs,Capnodiales,Capnodiales,0.0641,1
SH1223108.08FU_KC978002_reps,Capnodiales,Capnodiales,0.153,1
SH1154547.08FU_UDB090779_reps,Capnodiales,Capnodiales,0.0202,1
SH1171481.08FU_UDB0750952_reps,Capnodiales,Capnodiales,0.0177,1
SH1187491.08FU_FJ553951_reps,Capnodiales,Capnodiales,0.0514,1
SH1234778.08FU_KJ869140_refs,Capnodiales,Capnodiales,0.765,1
SH1236647.08FU_AJ972829_reps,Capnodiales,Capnodiales,0.0511,1
SH1231808.08FU_AY251068_reps,Capnodiales,Capnodiales,0.0932,1
SH1190119.08FU_JX317222_reps,Capnodiales,Capnodiales,0.0777,1
SH1142986.08FU_KU580092_reps,Capnodiales,Capnodiales,0.0511,1
SH2606949.08FU_UDB0622186_reps,Capnodiales,NA,0.0,0
SH1154562.08FU_FJ372395_refs,Capnodiales,Capnodiales,0.406,1
SH1189938.08FU_MH327798_reps,Capnodiales,Capnodiales,0.617,1
SH1222416.08FU_JF691121_reps,Capnodiales,Capnodiales,0.0932,1
SH2606114.08FU_UDB0125849_reps,Capnodiales,NA,0.0,0
SH1234748.08FU_KT290147_refs,Capnodiales,Capnodiales,0.844,1
SH1151397.08FU_AF222829_reps,Capnodiales,Capnodiales,0.714,1
SH1154577.08FU_UDB0154456_reps,Capnodiales,Capnodiales,0.479,1
SH1189926.08FU_EF114689_reps,Capnodiales,Capnodiales,0.742,1
SH1154588.08FU_EU707893_refs,Capnodiales,Capnodiales,0.506,1
SH1174639.08FU_KF251283_refs,Capnodiales,Capnodiales,0.848,1
SH2604438.08FU_UDB0196833_reps,Capnodiales,NA,0.0,0
SH1234759.08FU_KC966909_reps,Capnodiales,Capnodiales,0.937,1
SH1154538.08FU_AY626985_refs,Capnodiales,Capnodiales,0.522,1
SH1189256.08FU_MN162029_reps,Capnodiales,Capnodiales,0.496,1
SH1209922.08FU_KY413745_reps,Capnodiales,Capnodiales,0.321,1
SH1234661.08FU_GU269734_refs,Capnodiales,Capnodiales,0.918,1
SH1181388.08FU_KF941308_reps,Capnodiales,Capnodiales,0.673,1
SH1154626.08FU_MG707578_reps,Capnodiales,Capnodiales,0.606,1
SH1175689.08FU_KC005775_refs,Capnodiales,Capnodiales,0.355,1
SH1143758.08FU_KX372276_refs,Capnodiales,Capnodiales,0.11,1
SH1189258.08FU_MN162069_reps,Capnodiales,Capnodiales,0.419,1
SH1174641.08FU_FJ839635_reps,Capnodiales,Capnodiales,0.109,1
SH1234716.08FU_MF951319_reps,Capnodiales,Capnodiales,0.109,1
SH1175697.08FU_JF819176_reps,Capnodiales,Capnodiales,0.499,1
SH2615379.08FU_UDB0538091_reps,Capnodiales,Capnodiales,0.718,1
SH1175686.08FU_KU580480_reps,Capnodiales,Capnodiales,0.413,1
SH1194055.08FU_KT037543_refs,Capnodiales,Capnodiales,0.588,1
SH1192224.08FU_MF776044_reps,Capnodiales,Capnodiales,0.0665,1
SH1190121.08FU_KT581930_reps,Capnodiales,Capnodiales,0.0823,1
SH1174626.08FU_EU514291_refs,Capnodiales,Capnodiales,0.804,1
SH1194096.08FU_GU570542_refs,Capnodiales,Capnodiales,0.866,1
SH1189927.08FU_KF309973_refs,Capnodiales,Capnodiales,0.0926,1
SH1190882.08FU_FJ790287_refs,Capnodiales,Capnodiales,0.493,1
SH1189940.08FU_KM103982_reps,Capnodiales,Capnodiales,0.558,1
SH1201756.08FU_GQ852839_refs,Capnodiales,Capnodiales,0.729,1
SH1154534.08FU_FR773463_reps,Capnodiales,Capnodiales,0.0676,1
SH1234704.08FU_AB277790_reps,Capnodiales,Capnodiales,0.901,1
SH1174644.08FU_MH863174_reps,Capnodiales,Capnodiales,0.629,1
SH1170993.08FU_EU661873_reps,Capnodiales,Capnodiales,0.093,1
SH2596396.08FU_MH929438_reps,Capnodiales,Capnodiales,0.835,1
SH1222440.08FU_UDB0228596_reps,Capnodiales,Capnodiales,0.0443,1
SH1182700.08FU_KF516942_reps,Capnodiales,Capnodiales,0.0505,1
SH1150086.08FU_KP963657_reps,Capnodiales,Capnodiales,0.0391,1
SH1201753.08FU_JX290142_reps,Capnodiales,Capnodiales,0.566,1
SH1234709.08FU_KF901650_refs,Capnodiales,Capnodiales,0.667,1
SH1234710.08FU_DQ676533_reps,Capnodiales,Capnodiales,0.787,1
SH1177265.08FU_MK696326_reps,Capnodiales,Capnodiales,0.0641,1
SH1174631.08FU_DQ303023_refs,Capnodiales,Capnodiales,0.671,1
SH1223109.08FU_KJ406757_reps,Capnodiales,Capnodiales,0.108,1
SH1233883.08FU_MF173433_refs,Pleosporales,Pleosporales,0.0722,1
SH1193560.08FU_MG098780_reps,Pleosporales,Pleosporales,0.736,1
SH1193570.08FU_KP004450_refs,Pleosporales,Pleosporales,0.0643,1
SH1158183.08FU_MK799985_reps,Pleosporales,Pleosporales,0.948,1
SH3565213.08FU_MN901152_reps,Pleosporales,Sordariales,0.0127,0
SH3567772.08FU_MT520620_reps,Pleosporales,NA,0.0,0
SH3568365.08FU_MW081383_reps,Pleosporales,NA,0.0,0
SH1150791.08FU_KJ471565_reps,Pleosporales,Pleosporales,0.0417,1
SH1214978.08FU_KR024738_reps,Pleosporales,Pleosporales,0.0514,1
SH2605157.08FU_UDB0236603_reps,Pleosporales,Pleosporales,0.0506,1
SH2591727.08FU_MK131259_reps,Pleosporales,Pleosporales,0.0189,1
SH1158578.08FU_LC163508_reps,Pleosporales,Pleosporales,0.0895,1
SH1191135.08FU_MG813167_reps,Pleosporales,Pleosporales,0.0574,1
SH1183342.08FU_MT627703_reps,Pleosporales,Pleosporales,0.0321,1
SH2593152.08FU_MK332252_reps,Pleosporales,Pleosporales,0.0717,1
SH1180385.08FU_LC312515_refs,Pleosporales,Pleosporales,0.109,1
SH1186303.08FU_KP843509_reps,Pleosporales,Capnodiales,0.0728,0
SH1240133.08FU_JN846718_refs,Pleosporales,Pleosporales,0.0189,1
SH1146960.08FU_JX235700_refs,Pleosporales,Pleosporales,0.715,1
SH3224910.08FU_UDB0224379_reps,Pleosporales,NA,0.0,0
SH1151378.08FU_KP683375_reps,Pleosporales,Pleosporales,0.0643,1
SH2593195.08FU_MT678833_reps,Pleosporales,Pleosporales,0.0535,1
SH2592262.08FU_MK347746_reps,Pleosporales,Pleosporales,0.0771,1
SH1142801.08FU_EU305603_refs,Pleosporales,Pleosporales,0.895,1
SH1180384.08FU_LC001735_refs,Pleosporales,Pleosporales,0.0563,1
SH1179383.08FU_KM408757_refs,Pleosporales,Pleosporales,0.0244,1
SH1142798.08FU_JQ693660_refs,Pleosporales,Pleosporales,0.932,1
SH1158242.08FU_MG727632_reps,Pleosporales,Pleosporales,0.939,1
SH2592659.08FU_MK098193_reps,Pleosporales,Pleosporales,0.0189,1
SH1183332.08FU_MN602847_reps,Pleosporales,Pleosporales,0.0193,1
SH1186114.08FU_LC194476_refs,Pleosporales,Pleosporales,0.373,1
SH1186120.08FU_LC194478_refs,Pleosporales,Pleosporales,0.0913,1
SH1186123.08FU_LC194474_refs,Pleosporales,Pleosporales,0.0189,1
SH1204521.08FU_UDB0502470_reps,Pleosporales,Pleosporales,0.336,1
SH1178677.08FU_MH019922_reps,Pleosporales,Pleosporales,0.032,1
SH1172549.08FU_KR817250_reps,Pleosporales,Pleosporales,0.0189,1
SH1157093.08FU_KP230841_reps,Pleosporales,Pleosporales,0.0493,1
SH1180400.08FU_HQ696660_refs,Pleosporales,Pleosporales,0.0189,1
SH1158157.08FU_HM598678_reps,Pleosporales,Pleosporales,0.877,1
SH1158163.08FU_LT837854_reps,Pleosporales,Pleosporales,0.781,1
SH1158240.08FU_MG727636_reps,Pleosporales,Pleosporales,0.937,1
SH1152385.08FU_MK836021_reps,Pleosporales,Pleosporales,0.0567,1
SH2596507.08FU_MK804512_reps,Pleosporales,Pleosporales,0.0189,1
SH1170501.08FU_GQ203772_reps,Pleosporales,Pleosporales,0.87,1
SH1177619.08FU_MF135507_reps,Pleosporales,Pleosporales,0.0189,1
SH1191125.08FU_UDB0153595_reps,Pleosporales,NA,0.0,0
SH1177182.08FU_AF250820_reps,Pleosporales,Pleosporales,0.0717,1
SH1178685.08FU_MH474056_reps,Pleosporales,Pleosporales,0.0795,1
SH1184633.08FU_MH859539_refs,Pleosporales,Pleosporales,0.782,1
SH1233349.08FU_MN982348_reps,Pleosporales,Pleosporales,0.0312,1
SH1186542.08FU_KP744452_refs,Pleosporales,Pleosporales,0.0469,1
SH1150058.08FU_MN262045_reps,Pleosporales,Pleosporales,0.0189,1
SH2618657.08FU_UDB0697674_reps,Pleosporales,NA,0.0,0
SH1158576.08FU_LC001709_refs,Pleosporales,Pleosporales,0.0834,1
SH1185643.08FU_KR873240_refs,Pleosporales,Pleosporales,0.0611,1
SH1158093.08FU_KF800168_reps,Pleosporales,Pleosporales,0.921,1
SH2604910.08FU_UDB094296_reps,Pleosporales,NA,0.0,0
SH1182787.08FU_MH685193_reps,Pleosporales,Pleosporales,0.686,1
SH1157086.08FU_MG748674_reps,Pleosporales,Pleosporales,0.0518,1
SH1214168.08FU_KX650834_reps,Pleosporales,Pleosporales,0.0189,1
SH1214964.08FU_MG131867_reps,Pleosporales,Pleosporales,0.274,1
SH1149874.08FU_KX065284_reps,Pleosporales,Pleosporales,0.0652,1
SH1151489.08FU_KX765296_refs,Pleosporales,Pleosporales,0.0717,1
SH1174950.08FU_HQ108035_reps,Pleosporales,Pleosporales,0.713,1
SH1237089.08FU_MT627705_reps,Pleosporales,Pleosporales,0.0168,1
SH1183333.08FU_MH453492_reps,Pleosporales,Pleosporales,0.23,1
SH1143634.08FU_JQ724512_reps,Pleosporales,Pleosporales,0.84,1
SH1193556.08FU_KY984321_refs,Pleosporales,Pleosporales,0.0621,1
SH1180375.08FU_MT679671_reps,Pleosporales,Pleosporales,0.0356,1
SH1157063.08FU_KR476741_refs,Pleosporales,Pleosporales,0.654,1
SH1174035.08FU_MH461124_reps,Pleosporales,Pleosporales,0.0342,1
SH1174588.08FU_MF980969_reps,Pleosporales,Pleosporales,0.0461,1
SH1177192.08FU_MT569907_reps,Pleosporales,Pleosporales,0.164,1
SH1190985.08FU_KY905672_refs,Pleosporales,Capnodiales,0.938,0
SH1191764.08FU_MG004774_reps,Pleosporales,Pleosporales,0.0605,1
SH1232483.08FU_KU728286_reps,Pleosporales,Pleosporales,0.0481,1
SH2619488.08FU_MN756639_reps,Pleosporales,NA,0.0,0
SH1216105.08FU_UDB0496127_reps,Pleosporales,Pleosporales,0.0527,1
SH1233882.08FU_UDB0765424_reps,Pleosporales,Pleosporales,0.0173,1
SH1234992.08FU_GU174276_reps,Pleosporales,Pleosporales,0.0742,1
SH1180391.08FU_MT813962_reps,Pleosporales,Pleosporales,0.0563,1
SH1157060.08FU_UDB0450202_reps,Pleosporales,Pleosporales,0.849,1
SH1214915.08FU_AY188993_reps,Pleosporales,Pleosporales,0.0716,1
SH2613442.08FU_UDB0519531_reps,Pleosporales,NA,0.0,0
SH1176732.08FU_KP091433_reps,Pleosporales,Pleosporales,0.055,1
SH1237434.08FU_JN253514_reps,Pleosporales,Pleosporales,0.0652,1
SH2604922.08FU_UDB094724_reps,Pleosporales,NA,0.0,0
SH1177181.08FU_DQ240000_reps,Pleosporales,Pleosporales,0.0499,1
SH2608434.08FU_UDB0370019_reps,Pleosporales,NA,0.0,0
SH1190987.08FU_KX228248_refs,Pleosporales,Capnodiales,0.858,0
SH1158158.08FU_LC013891_reps,Pleosporales,Pleosporales,0.949,1
SH2601540.08FU_UDB0269749_reps,Pleosporales,Pleosporales,0.109,1
SH1142835.08FU_KR476719_refs,Pleosporales,Pleosporales,0.296,1
SH2592264.08FU_MK347736_reps,Pleosporales,Pleosporales,0.0346,1
SH1214490.08FU_HQ003915_reps,Pleosporales,Pleosporales,0.0189,1
SH1233340.08FU_MG520945_refs,Pleosporales,Pleosporales,0.526,1
SH1241152.08FU_MN629352_reps,Pleosporales,Pleosporales,0.0124,1
SH1158270.08FU_LT631331_reps,Pleosporales,Pleosporales,0.886,1
SH3565727.08FU_MN749108_reps,Pleosporales,NA,0.0,0
SH1190707.08FU_UDB0719574_reps,Pleosporales,Pleosporales,0.0636,1
SH1214909.08FU_MK539959_reps,Pleosporales,Pleosporales,0.0474,1
SH1157054.08FU_KF251164_refs,Pleosporales,Pleosporales,0.759,1
SH1157096.08FU_KX449527_refs,Pleosporales,Pleosporales,0.221,1
SH1158017.08FU_MK304397_reps,Pleosporales,Pleosporales,0.876,1
SH1186540.08FU_LT796902_reps,Pleosporales,Pleosporales,0.0189,1
SH1190703.08FU_KY929138_refs,Pleosporales,Pleosporales,0.0549,1
SH1176719.08FU_KU721772_refs,Pleosporales,Pleosporales,0.0613,1
SH1142556.08FU_MK304320_reps,Pleosporales,Pleosporales,0.0984,1
SH1150077.08FU_DQ018091_reps,Pleosporales,Pleosporales,0.0189,1
SH1158132.08FU_MT229267_reps,Pleosporales,Pleosporales,0.877,1
SH1158135.08FU_MT193480_reps,Pleosporales,Pleosporales,0.89,1
SH1151628.08FU_KR909314_refs,Pleosporales,Pleosporales,0.0189,1
SH1229620.08FU_KP184002_refs,Pleosporales,Pleosporales,0.0303,1
SH1234993.08FU_GQ921780_reps,Pleosporales,Pleosporales,0.0924,1
SH1158015.08FU_KR263035_reps,Pleosporales,Pleosporales,0.83,1
SH1193551.08FU_AF163089_reps,Pleosporales,Pleosporales,0.687,1
SH1182782.08FU_KP899132_refs,Pleosporales,Pleosporales,0.872,1
SH1186121.08FU_MF976060_reps,Pleosporales,Pleosporales,0.0258,1
SH1180387.08FU_KX687758_reps,Pleosporales,Pleosporales,0.0563,1
SH1182959.08FU_MF034135_refs,Pleosporales,dummy_order_Rutola,0.104,0
SH1158031.08FU_MF370184_reps,Pleosporales,Pleosporales,0.917,1
SH1145373.08FU_KF432943_reps,Pleosporales,Pleosporales,0.113,1
SH1177616.08FU_KU601591_refs,Pleosporales,Pleosporales,0.0269,1
SH1191144.08FU_KY794702_refs,Pleosporales,Pleosporales,0.0456,1
SH1234995.08FU_MG828916_refs,Pleosporales,Pleosporales,0.0519,1
SH1157071.08FU_UDB0622874_reps,Pleosporales,Pleosporales,0.758,1
SH1213622.08FU_MT627733_reps,Pleosporales,Pleosporales,0.0189,1
SH1239211.08FU_KP170662_refs,Pleosporales,Pleosporales,0.0717,1
SH1232489.08FU_UDB0538432_reps,Pleosporales,Pleosporales,0.033,1
SH1193574.08FU_KF251255_refs,Pleosporales,Pleosporales,0.596,1
SH1235003.08FU_KC965939_reps,Pleosporales,Pleosporales,0.0608,1
SH1174018.08FU_KC857274_reps,Pleosporales,Pleosporales,0.803,1
SH2611813.08FU_MN720058_reps,Pleosporales,Pleosporales,0.36,1
SH1196721.08FU_KY940765_reps,Pleosporales,Pleosporales,0.0426,1
SH1175138.08FU_JX089580_refs,Pleosporales,Pleosporales,0.839,1
SH1170529.08FU_UDB061175_reps,Pleosporales,Pleosporales,0.874,1
SH1235289.08FU_KY173428_refs,Pleosporales,Pleosporales,0.871,1
SH1213446.08FU_KY776239_reps,Pleosporales,Pleosporales,0.012,1
SH1158063.08FU_MK601648_reps,Pleosporales,Pleosporales,0.866,1
SH2603631.08FU_UDB0464475_reps,Pleosporales,Pleosporales,0.416,1
SH2602683.08FU_UDB064225_reps,Pleosporales,NA,0.0,0
SH1192926.08FU_AY004807_reps,Pleosporales,Pleosporales,0.853,1
SH1152029.08FU_GQ203796_reps,Pleosporales,Pleosporales,0.108,1
SH1156960.08FU_UDB0768457_reps,Pleosporales,NA,0.0,0
SH1156437.08FU_MG065852_reps,Pleosporales,Pleosporales,0.805,1
SH1214482.08FU_KX820255_refs,Pleosporales,Pleosporales,0.0989,1
SH2592236.08FU_MK522508_reps,Pleosporales,Pleosporales,0.575,1
SH1150067.08FU_LC014543_refs,Pleosporales,Pleosporales,0.0189,1
SH1156445.08FU_FJ237088_reps,Pleosporales,Pleosporales,0.0285,1
SH1158234.08FU_MT193482_reps,Pleosporales,Pleosporales,0.943,1
SH1203745.08FU_KX655559_refs,Pleosporales,Pleosporales,0.0637,1
SH1158580.08FU_LC194481_refs,Pleosporales,Pleosporales,0.0895,1
SH1172547.08FU_MH633985_reps,Pleosporales,Pleosporales,0.0189,1
SH3565966.08FU_MN615941_reps,Pleosporales,Pleosporales,0.0109,1
SH3566354.08FU_MN994597_reps,Pleosporales,NA,0.0,0
SH3567733.08FU_MT893205_reps,Pleosporales,NA,0.0,0
SH1191401.08FU_AY745737_reps,Pleosporales,Pleosporales,0.0716,1
SH1178681.08FU_KF734991_reps,Pleosporales,Pleosporales,0.0534,1
SH1158229.08FU_MG727594_reps,Pleosporales,Pleosporales,0.933,1
SH1176730.08FU_KR014362_reps,Pleosporales,Pleosporales,0.0528,1
SH1193195.08FU_UDB0174717_reps,Pleosporales,Pleosporales,0.85,1
SH1174008.08FU_FJ427048_refs,Pleosporales,Pleosporales,0.889,1
SH1235291.08FU_KP004452_refs,Pleosporales,Pleosporales,0.865,1
SH1186537.08FU_KX430910_reps,Pleosporales,Pleosporales,0.0142,1
SH1158040.08FU_EU680503_reps,Pleosporales,Pleosporales,0.814,1
SH1179409.08FU_LC014600_reps,Pleosporales,Pleosporales,0.177,1
SH1227797.08FU_HE579306_reps,Pleosporales,Pleosporales,0.3,1
SH1238079.08FU_KU986785_reps,Pleosporales,Pleosporales,0.0189,1
SH1157064.08FU_MF167428_refs,Pleosporales,Pleosporales,0.0442,1
SH1190706.08FU_JF740203_refs,Pleosporales,Pleosporales,0.0717,1
SH1191700.08FU_AF250831_reps,Pleosporales,Pleosporales,0.108,1
SH1189436.08FU_KJ591577_refs,Pleosporales,Pleosporales,0.104,1
SH2611080.08FU_UDB0408387_reps,Pleosporales,NA,0.0,0
SH1238991.08FU_AB524806_refs,Pleosporales,Pleosporales,0.0189,1
SH1231340.08FU_EU480257_reps,Pleosporales,Pleosporales,0.728,1
SH1181541.08FU_KP744436_refs,Pleosporales,Pleosporales,0.818,1
SH2606946.08FU_UDB0154103_reps,Pleosporales,Pleosporales,0.302,1
SH1191141.08FU_KP184001_refs,Pleosporales,Pleosporales,0.0186,1
SH1227801.08FU_KY211869_refs,Pleosporales,Pleosporales,0.0717,1
SH1158579.08FU_UDB0768738_reps,Pleosporales,Pleosporales,0.274,1
SH1170491.08FU_FJ571483_reps,Pleosporales,Pleosporales,0.0652,1
SH1157079.08FU_MH260445_reps,Pleosporales,Pleosporales,0.554,1
SH2605442.08FU_UDB0219235_reps,Pleosporales,NA,0.0,0
SH1238116.08FU_AM262417_reps,Pleosporales,Pleosporales,0.0867,1
SH1188669.08FU_KU752191_reps,Pleosporales,Pleosporales,0.0189,1
SH1214961.08FU_KX246912_reps,Pleosporales,Pleosporales,0.0431,1
SH1158306.08FU_KX013171_reps,Pleosporales,Pleosporales,0.873,1
SH2605321.08FU_UDB0236642_reps,Pleosporales,NA,0.0,0
SH1142834.08FU_MH474529_reps,Pleosporales,Pleosporales,0.0867,1
SH1185563.08FU_LC014564_reps,Pleosporales,Pleosporales,0.0357,1
SH1227813.08FU_MG065820_reps,Pleosporales,Pleosporales,0.0701,1
SH1180370.08FU_LC001726_refs,Pleosporales,Pleosporales,0.765,1
SH1191142.08FU_KP761734_reps,Pleosporales,Pleosporales,0.0608,1
SH1158282.08FU_MH474203_reps,Pleosporales,Pleosporales,0.577,1
SH1231339.08FU_GQ203792_refs,Pleosporales,Pleosporales,0.0652,1
SH1233354.08FU_KX306761_refs,Pleosporales,Pleosporales,0.575,1
SH1158254.08FU_MG727612_reps,Pleosporales,Pleosporales,0.927,1
SH1150369.08FU_JQ346923_reps,Pleosporales,Pleosporales,0.0717,1
SH1193182.08FU_KU999072_refs,Pleosporales,Pleosporales,0.877,1
SH1183327.08FU_JQ905797_reps,Pleosporales,Pleosporales,0.0529,1
SH1157996.08FU_JN192374_refs,Pleosporales,Pleosporales,0.843,1
SH1234989.08FU_MH858977_refs,Pleosporales,Pleosporales,0.0699,1
SH1158164.08FU_AF071349_refs,Pleosporales,Pleosporales,0.693,1
SH1233412.08FU_UDB067309_reps,Pleosporales,Pleosporales,0.047,1
SH1182253.08FU_KF675281_reps,Pleosporales,Pleosporales,0.0412,1
SH1237002.08FU_FR751089_refs,Acrospermales,NA,0.0,0
SH1144882.08FU_EF010926_reps,Tubeufiales,Tubeufiales,0.0377,1
SH1149796.08FU_MH558769_refs,Tubeufiales,Tubeufiales,0.126,1
SH3568373.08FU_MW063179_reps,Tubeufiales,NA,0.0,0
SH1245263.08FU_AY916480_reps,Tubeufiales,Tubeufiales,0.0425,1
SH1149793.08FU_KT581841_reps,Tubeufiales,Tubeufiales,0.129,1
SH1160104.08FU_AY916466_reps,Tubeufiales,Tubeufiales,0.042,1
SH1173386.08FU_MH558733_refs,Tubeufiales,Tubeufiales,0.0425,1
SH1151442.08FU_AY916485_reps,Tubeufiales,Tubeufiales,0.0425,1
SH1177422.08FU_MH558711_reps,Tubeufiales,Tubeufiales,0.132,1
SH1149802.08FU_KF301530_reps,Tubeufiales,Tubeufiales,0.328,1
SH2593959.08FU_MH558731_refs,Tubeufiales,Tubeufiales,0.0425,1
SH1191847.08FU_LC316605_reps,Tubeufiales,Tubeufiales,0.0407,1
SH1245687.08FU_KR822216_reps,Tubeufiales,Tubeufiales,0.0424,1
SH2601291.08FU_UDB0468866_reps,Tubeufiales,NA,0.0,0
SH1188371.08FU_KT780305_reps,Tubeufiales,Tubeufiales,0.0406,1
SH2592259.08FU_MH558795_reps,Tubeufiales,Tubeufiales,0.431,1
SH2593950.08FU_MH558771_reps,Tubeufiales,Tubeufiales,0.0425,1
SH1236219.08FU_KU587798_reps,Tubeufiales,Tubeufiales,0.0425,1
SH1177421.08FU_JN865202_refs,Tubeufiales,Tubeufiales,0.154,1
SH1181741.08FU_AY970194_reps,Botryosphaeriales,Botryosphaeriales,0.0305,1
SH1143969.08FU_AY693974_refs,Botryosphaeriales,Botryosphaeriales,0.92,1
SH1143978.08FU_DQ458893_refs,Botryosphaeriales,Botryosphaeriales,0.49,1
SH1144018.08FU_KU940110_refs,Botryosphaeriales,Botryosphaeriales,0.654,1
SH1230772.08FU_AB704293_reps,Botryosphaeriales,Botryosphaeriales,0.442,1
SH1143988.08FU_KC769961_reps,Botryosphaeriales,Botryosphaeriales,0.0604,1
SH1230768.08FU_AB454260_refs,Botryosphaeriales,Botryosphaeriales,0.788,1
SH1230754.08FU_KF206173_refs,Botryosphaeriales,Botryosphaeriales,0.806,1
SH1143974.08FU_EF591926_refs,Botryosphaeriales,Botryosphaeriales,0.437,1
SH1230738.08FU_FJ769737_reps,Botryosphaeriales,Botryosphaeriales,0.806,1
SH1151616.08FU_KF537346_refs,Botryosphaeriales,Botryosphaeriales,0.0331,1
SH1235580.08FU_FJ769645_reps,Botryosphaeriales,Botryosphaeriales,0.91,1
SH1230747.08FU_JQ044423_refs,Botryosphaeriales,Botryosphaeriales,0.785,1
SH1230808.08FU_KP195189_reps,Botryosphaeriales,Botryosphaeriales,0.544,1
SH1230823.08FU_KF154280_refs,Botryosphaeriales,Botryosphaeriales,0.832,1
SH1143962.08FU_DQ103550_refs,Botryosphaeriales,Botryosphaeriales,0.862,1
SH1143991.08FU_KC898231_refs,Botryosphaeriales,Botryosphaeriales,0.796,1
SH1230770.08FU_KJ847428_refs,Botryosphaeriales,Botryosphaeriales,0.66,1
SH1189902.08FU_KT264537_reps,Botryosphaeriales,Patellariales,0.0455,0
SH1143986.08FU_EU101328_refs,Botryosphaeriales,Botryosphaeriales,0.39,1
SH1189426.08FU_KX909249_reps,Botryosphaeriales,NA,0.0,0
SH1154586.08FU_MN309733_reps,Dothideales,Capnodiales,0.219,0
SH1149674.08FU_KY597580_reps,Dothideales,Dothideales,0.231,1
SH1149609.08FU_AF502685_reps,Dothideales,Dothideales,0.0277,1
SH1149691.08FU_MK460359_reps,Dothideales,Dothideales,0.69,1
SH1171330.08FU_KU248848_reps,Dothideales,Dothideales,0.329,1
SH1242041.08FU_EF191422_reps,Venturiales,Venturiales,0.0699,1
SH1152026.08FU_KX228282_refs,Venturiales,Venturiales,0.0699,1
SH1222299.08FU_MK810969_reps,Venturiales,Venturiales,0.449,1
SH1151386.08FU_KP798633_refs,Venturiales,Venturiales,0.0699,1
SH1222298.08FU_KF359588_reps,Venturiales,Venturiales,0.519,1
SH1172569.08FU_GU973693_reps,Venturiales,Venturiales,0.0699,1
SH1188368.08FU_KX228278_refs,Venturiales,Venturiales,0.0699,1
SH1155291.08FU_UDB0359101_reps,Venturiales,Venturiales,0.0594,1
SH1222293.08FU_MN958667_reps,Venturiales,Venturiales,0.539,1
SH1178563.08FU_JQ759518_reps,Venturiales,Venturiales,0.0738,1
SH1177894.08FU_FR832474_refs,Venturiales,Venturiales,0.0817,1
SH1172567.08FU_DQ307328_reps,Venturiales,Venturiales,0.0699,1
SH1159019.08FU_JQ760112_reps,Venturiales,Venturiales,0.0699,1
SH2607321.08FU_UDB0514962_reps,Venturiales,NA,0.0,0
SH1190662.08FU_UDB0247565_reps,Venturiales,Venturiales,0.0308,1
SH1148845.08FU_HQ667543_refs,Venturiales,Venturiales,0.0678,1
SH1184497.08FU_UDB0769720_reps,Venturiales,NA,0.0,0
SH1214639.08FU_UDB0778922_reps,Myriangiales,NA,0.0,0
SH1214436.08FU_KX887295_reps,Myriangiales,Myriangiales,0.348,1
SH1214429.08FU_KR476726_refs,Myriangiales,Myriangiales,0.659,1
SH1149105.08FU_DQ923530_refs,Myriangiales,Myriangiales,0.0836,1
SH1149328.08FU_EU304350_refs,Myriangiales,Myriangiales,0.0224,1
SH1169173.08FU_MF099859_reps,Myriangiales,Myriangiales,0.0167,1
SH1214433.08FU_KX887292_reps,Myriangiales,Myriangiales,0.582,1
SH1189848.08FU_KY100300_reps,Strigulales,Strigulales,0.189,1
SH1156499.08FU_UDB003359_reps,Abrothallales,Abrothallales,0.0896,1
SH1230713.08FU_AF461606_reps,Mytilinidales,Mytilinidales,0.62,1
SH1244399.08FU_UDB0345936_reps,Mytilinidales,NA,0.0,0
SH1230721.08FU_UDB004843_reps,Mytilinidales,Mytilinidales,0.708,1
SH3215226.08FU_UDB0222849_reps,Mytilinidales,NA,0.0,0
SH2603383.08FU_UDB098418_reps,Mytilinidales,NA,0.0,0
SH1230712.08FU_LC095213_refs,Mytilinidales,Mytilinidales,0.515,1
SH3566660.08FU_MT293624_reps,Patellariales,NA,0.0,0
SH1225227.08FU_UDB0557013_reps,Mytilinidiales,Mytilinidiales,0.0367,1
SH2611262.08FU_UDB0301539_reps,Mytilinidiales,NA,0.0,0
SH1189155.08FU_LC127391_reps,Trypetheliales,Trypetheliales,0.0982,1
SH1181265.08FU_LC127394_reps,Trypetheliales,Trypetheliales,0.185,1
SH1187036.08FU_KU179797_refs,Trypetheliales,Trypetheliales,0.206,1
SH1235846.08FU_EU020065_reps,Hysteriales,Hysteriales,0.134,1
SH3568177.08FU_MT062851_reps,Hysteriales,Hysteriales,0.0441,1
SH1214192.08FU_GU361952_reps,Hysteriales,Hysteriales,0.0396,1
SH1238508.08FU_KU377561_refs,Hysteriales,Hysteriales,0.211,1
SH1177509.08FU_JN942350_reps,Jahnulales,Jahnulales,0.133,1
SH1181739.08FU_KR822200_refs,Jahnulales,Jahnulales,0.039,1
SH2595661.08FU_MH793538_reps,Jahnulales,Jahnulales,0.175,1
SH1157231.08FU_AF201728_refs,Jahnulales,Jahnulales,0.183,1
SH1238670.08FU_JX474873_reps,Minutisphaerales,NA,0.0,0
SH1172245.08FU_KY774220_reps,Helotiales,Helotiales,0.0379,1
SH1145575.08FU_MH578475_reps,Helotiales,Helotiales,0.422,1
SH1145548.08FU_KU559754_reps,Helotiales,Helotiales,0.0638,1
SH1155796.08FU_UDB0671358_reps,Helotiales,Helotiales,0.521,1
SH1191370.08FU_UDB0778503_reps,Helotiales,Helotiales,0.0933,1
SH1155307.08FU_FR667221_refs,Helotiales,Helotiales,0.363,1
SH1155809.08FU_KR859268_reps,Helotiales,Helotiales,0.888,1
SH2591967.08FU_MH862141_reps,Helotiales,Pleosporales,0.551,0
SH1235447.08FU_EU543254_reps,Helotiales,Helotiales,0.0459,1
SH1155618.08FU_KU728517_refs,Helotiales,Helotiales,0.825,1
SH1186141.08FU_LN833542_refs,Helotiales,Helotiales,0.508,1
SH1155792.08FU_UDB0693117_reps,Helotiales,Helotiales,0.72,1
SH2589250.08FU_UDB0761266_reps,Helotiales,Helotiales,0.305,1
SH1145534.08FU_KF030236_refs,Helotiales,Helotiales,0.599,1
SH1152437.08FU_KF499363_reps,Helotiales,Helotiales,0.454,1
SH2615149.08FU_UDB0504231_reps,Helotiales,Helotiales,0.0853,1
SH1180047.08FU_KX908651_reps,Helotiales,Helotiales,0.0735,1
SH1145514.08FU_FJ554464_reps,Helotiales,Helotiales,0.0209,1
SH1179985.08FU_KC834047_refs,Helotiales,Helotiales,0.0845,1
SH2595659.08FU_UDB0195918_reps,Helotiales,Helotiales,0.349,1
SH2610254.08FU_UDB0657536_reps,Helotiales,Helotiales,0.309,1
SH1229287.08FU_MG195510_reps,Helotiales,Helotiales,0.853,1
SH1156194.08FU_EU940227_reps,Helotiales,Helotiales,0.858,1
SH1147499.08FU_KP835537_reps,Helotiales,Helotiales,0.939,1
SH1145562.08FU_UDB0309162_reps,Helotiales,Phacidiales,0.409,0
SH1145644.08FU_KX611562_reps,Helotiales,Helotiales,0.298,1
SH1155801.08FU_UDB0284105_reps,Helotiales,Helotiales,0.0804,1
SH1155828.08FU_HQ021772_reps,Helotiales,Helotiales,0.874,1
SH1155766.08FU_KU559682_reps,Helotiales,Helotiales,0.577,1
SH1156279.08FU_HF947887_reps,Helotiales,Helotiales,0.0714,1
SH1186048.08FU_KP004443_refs,Helotiales,Helotiales,0.583,1
SH1180594.08FU_KC411990_reps,Helotiales,Helotiales,0.0854,1
SH1185471.08FU_HM770996_reps,Helotiales,Helotiales,0.24,1
SH1213346.08FU_AM084856_reps,Helotiales,Helotiales,0.0946,1
SH2608320.08FU_UDB0239780_reps,Helotiales,Helotiales,0.0256,1
SH1157226.08FU_UDB0778484_reps,Helotiales,Helotiales,0.0845,1
SH1156877.08FU_EU019300_refs,Helotiales,Helotiales,0.0922,1
SH1185450.08FU_UDB0762207_reps,Helotiales,Helotiales,0.268,1
SH1145539.08FU_KF952682_reps,Helotiales,Helotiales,0.604,1
SH2602216.08FU_UDB050939_reps,Helotiales,Helotiales,0.286,1
SH1235465.08FU_KJ869120_refs,Helotiales,Helotiales,0.328,1
SH1155323.08FU_EU040232_refs,Helotiales,Helotiales,0.358,1
SH2609252.08FU_UDB0223021_reps,Helotiales,Helotiales,0.559,1
SH1155579.08FU_AF149074_refs,Helotiales,Helotiales,0.926,1
SH1156254.08FU_JQ759938_reps,Helotiales,Helotiales,0.324,1
SH1152134.08FU_AY268190_refs,Helotiales,Helotiales,0.053,1
SH1171399.08FU_LT904866_reps,Helotiales,Helotiales,0.0995,1
SH1185407.08FU_AF062787_refs,Helotiales,Helotiales,0.894,1
SH1152431.08FU_AB926081_reps,Helotiales,Helotiales,0.111,1
SH1180928.08FU_KF429258_refs,Helotiales,Helotiales,0.0289,1
SH1182730.08FU_MH856145_reps,Helotiales,Helotiales,0.417,1
SH1186147.08FU_MH844025_reps,Helotiales,Helotiales,0.315,1
SH1152439.08FU_Z73798_reps,Helotiales,Helotiales,0.822,1
SH1156889.08FU_LT604856_reps,Helotiales,Helotiales,0.0567,1
SH1155777.08FU_JN033443_reps,Helotiales,Helotiales,0.575,1
SH1155651.08FU_AF422970_reps,Helotiales,Helotiales,0.715,1
SH1237135.08FU_UDB0724929_reps,Helotiales,Helotiales,0.0337,1
SH1170963.08FU_UDB004129_reps,Helotiales,Helotiales,0.169,1
SH1236014.08FU_UDB0536628_reps,Helotiales,Helotiales,0.887,1
SH1155670.08FU_AF141157_reps,Helotiales,Helotiales,0.749,1
SH1155688.08FU_GU055724_refs,Helotiales,Helotiales,0.279,1
SH1155682.08FU_AB481281_reps,Helotiales,Helotiales,0.373,1
SH1174336.08FU_UDB004689_reps,Helotiales,Helotiales,0.0355,1
SH1174688.08FU_FM200595_reps,Helotiales,Helotiales,0.252,1
SH1155739.08FU_HQ166421_reps,Helotiales,Helotiales,0.889,1
SH2592637.08FU_MH327809_refs,Helotiales,Helotiales,0.292,1
SH1185465.08FU_KT160666_reps,Helotiales,Helotiales,0.835,1
SH1155891.08FU_KF274312_reps,Helotiales,Helotiales,0.265,1
SH1171406.08FU_UDB0305326_reps,Helotiales,Helotiales,0.748,1
SH1237169.08FU_UDB0229297_reps,Helotiales,Helotiales,0.343,1
SH1185406.08FU_MH858617_refs,Helotiales,Helotiales,0.457,1
SH1185416.08FU_UDB0158492_reps,Helotiales,Helotiales,0.482,1
SH1238155.08FU_JF937585_reps,Helotiales,Helotiales,0.0998,1
SH2604814.08FU_UDB0445474_reps,Helotiales,Helotiales,0.381,1
SH2611856.08FU_UDB0405350_reps,Helotiales,Helotiales,0.445,1
SH1186696.08FU_MH856474_refs,Helotiales,Helotiales,0.344,1
SH1180053.08FU_KJ941081_reps,Helotiales,Helotiales,0.0686,1
SH2606788.08FU_UDB0167855_reps,Helotiales,Helotiales,0.026,1
SH1243084.08FU_AY970030_reps,Helotiales,Helotiales,0.0685,1
SH1156127.08FU_JN943613_reps,Helotiales,Helotiales,0.873,1
SH1185651.08FU_LC189028_reps,Helotiales,Helotiales,0.0986,1
SH2592366.08FU_MK599224_reps,Helotiales,Helotiales,0.106,1
SH1155877.08FU_UDB066823_reps,Helotiales,Helotiales,0.562,1
SH2593171.08FU_MK330015_reps,Helotiales,Helotiales,0.374,1
SH1155347.08FU_KM503089_reps,Helotiales,Helotiales,0.409,1
SH1143071.08FU_JX377282_reps,Helotiales,Helotiales,0.314,1
SH1186074.08FU_KX382858_reps,Helotiales,Helotiales,0.11,1
SH3568194.08FU_MT373383_reps,Helotiales,Helotiales,0.613,1
SH1156150.08FU_AM260822_reps,Helotiales,Helotiales,0.811,1
SH1155305.08FU_DQ093754_refs,Helotiales,Helotiales,0.434,1
SH1185463.08FU_MH860207_reps,Helotiales,Helotiales,0.257,1
SH1156864.08FU_AJ430223_refs,Helotiales,Helotiales,0.721,1
SH1156255.08FU_UDB003051_reps,Helotiales,Helotiales,0.0994,1
SH2602516.08FU_UDB057832_reps,Helotiales,Helotiales,0.026,1
SH1171407.08FU_UDB0778537_reps,Helotiales,Helotiales,0.737,1
SH1173306.08FU_UDB0467084_reps,Helotiales,Helotiales,0.533,1
SH1180051.08FU_AB926084_reps,Helotiales,Helotiales,0.102,1
SH1236905.08FU_AB481242_reps,Helotiales,Helotiales,0.685,1
SH1171394.08FU_KC164649_refs,Helotiales,Helotiales,0.627,1
SH1152406.08FU_MH593867_reps,Helotiales,Helotiales,0.943,1
SH1185458.08FU_KX908467_reps,Helotiales,Helotiales,0.0218,1
SH1173298.08FU_KJ710476_refs,Helotiales,Helotiales,0.245,1
SH1236024.08FU_EU155145_refs,Helotiales,Helotiales,0.531,1
SH1180715.08FU_JN889726_refs,Helotiales,Helotiales,0.305,1
SH1237120.08FU_UDB0155064_reps,Helotiales,Helotiales,0.0516,1
SH1239392.08FU_MF976772_reps,Helotiales,Helotiales,0.0252,1
SH1241456.08FU_KU597793_refs,Helotiales,Helotiales,0.0991,1
SH1180052.08FU_AB926099_reps,Helotiales,Helotiales,0.177,1
SH1145558.08FU_KX609413_reps,Helotiales,Helotiales,0.515,1
SH2603098.08FU_UDB066701_reps,Helotiales,Helotiales,0.184,1
SH1173314.08FU_EU729125_reps,Helotiales,Helotiales,0.367,1
SH1171408.08FU_KF727409_reps,Helotiales,Helotiales,0.206,1
SH2605378.08FU_UDB0107513_reps,Helotiales,Helotiales,0.0851,1
SH1179987.08FU_KU519114_reps,Helotiales,Helotiales,0.0839,1
SH1190275.08FU_MG195526_reps,Helotiales,Helotiales,0.0928,1
SH1185461.08FU_UDB0516843_reps,Helotiales,Helotiales,0.459,1
SH1180055.08FU_MK039697_reps,Helotiales,Helotiales,0.0728,1
SH1155637.08FU_DQ497946_refs,Helotiales,Helotiales,0.807,1
SH1236048.08FU_MT026437_reps,Helotiales,Helotiales,0.3,1
SH1155660.08FU_MF099779_reps,Helotiales,Helotiales,0.28,1
SH1147501.08FU_JQ758575_refs,Helotiales,Helotiales,0.0858,1
SH1155804.08FU_JX981510_reps,Helotiales,Helotiales,0.783,1
SH1145888.08FU_UDB007171_reps,Helotiales,Helotiales,0.208,1
SH1235512.08FU_KC164667_refs,Helotiales,Helotiales,0.0844,1
SH2605563.08FU_UDB0113361_reps,Helotiales,Helotiales,0.293,1
SH2613397.08FU_UDB0403502_reps,Helotiales,Helotiales,0.454,1
SH1155325.08FU_MT678872_reps,Helotiales,Helotiales,0.072,1
SH1184631.08FU_KX058334_reps,Helotiales,Helotiales,0.864,1
SH1155619.08FU_KX988288_reps,Helotiales,Helotiales,0.818,1
SH1155633.08FU_JX535102_reps,Helotiales,Helotiales,0.69,1
SH1155604.08FU_MK163856_reps,Helotiales,Helotiales,0.592,1
SH1236011.08FU_LC426346_reps,Helotiales,Helotiales,0.383,1
SH2601956.08FU_UDB047847_reps,Helotiales,Helotiales,0.0265,1
SH1171405.08FU_UDB0721884_reps,Helotiales,Helotiales,0.803,1
SH2597699.08FU_UDB0496692_reps,Helotiales,Helotiales,0.559,1
SH1237127.08FU_KC965422_reps,Helotiales,Helotiales,0.0506,1
SH1177219.08FU_JN225942_reps,Helotiales,Helotiales,0.083,1
SH2592438.08FU_MH487632_reps,Helotiales,Helotiales,0.75,1
SH2609709.08FU_UDB0240080_reps,Helotiales,Helotiales,0.0775,1
SH2614748.08FU_UDB0480988_reps,Helotiales,Helotiales,0.749,1
SH1158852.08FU_UDB0292025_reps,Helotiales,Helotiales,0.0355,1
SH2608545.08FU_UDB0405353_reps,Helotiales,Helotiales,0.0396,1
SH1235515.08FU_KM272369_reps,Helotiales,Helotiales,0.0471,1
SH1155654.08FU_FJ553668_refs,Helotiales,Helotiales,0.891,1
SH1155625.08FU_AB671505_refs,Helotiales,Helotiales,0.205,1
SH1235464.08FU_AF141168_refs,Helotiales,Helotiales,0.367,1
SH3568511.08FU_MW138781_reps,Helotiales,Helotiales,0.943,1
SH2609075.08FU_UDB0671209_reps,Helotiales,Helotiales,0.0248,1
SH1237122.08FU_GU586842_reps,Helotiales,Helotiales,0.0851,1
SH1156097.08FU_UDB059176_reps,Helotiales,Helotiales,0.906,1
SH1172188.08FU_MT522552_reps,Helotiales,Helotiales,0.669,1
SH2607311.08FU_UDB0325721_reps,Helotiales,Helotiales,0.0986,1
SH1231491.08FU_MF964321_refs,Helotiales,Helotiales,0.64,1
SH1156253.08FU_AF260814_reps,Helotiales,Helotiales,0.108,1
SH1191857.08FU_UDB0523469_reps,Helotiales,Helotiales,0.871,1
SH1177230.08FU_UDB0690476_reps,Helotiales,Helotiales,0.573,1
SH1191881.08FU_KR673605_reps,Helotiales,Helotiales,0.0984,1
SH1191876.08FU_UDB031065_reps,Helotiales,Helotiales,0.652,1
SH2592160.08FU_MK314573_reps,Helotiales,Helotiales,0.718,1
SH1155605.08FU_KC412005_refs,Helotiales,Helotiales,0.269,1
SH1180048.08FU_KC533549_reps,Helotiales,Helotiales,0.0679,1
SH1145609.08FU_JF960615_reps,Helotiales,Helotiales,0.335,1
SH1180991.08FU_KR078437_refs,Helotiales,Helotiales,0.083,1
SH1155629.08FU_FJ827187_reps,Helotiales,Helotiales,0.738,1
SH1181260.08FU_KF617359_reps,Helotiales,Helotiales,0.0349,1
SH1155681.08FU_GQ411354_reps,Helotiales,Helotiales,0.793,1
SH1151741.08FU_AY755341_refs,Helotiales,Helotiales,0.0842,1
SH1155825.08FU_UDB066498_reps,Helotiales,Helotiales,0.456,1
SH1150159.08FU_AB598095_reps,Helotiales,Helotiales,0.0254,1
SH1181250.08FU_KU519121_reps,Helotiales,Helotiales,0.415,1
SH2613024.08FU_UDB0381557_reps,Helotiales,Helotiales,0.0237,1
SH1143010.08FU_KY462813_reps,Helotiales,Helotiales,0.313,1
SH1145511.08FU_AY699656_refs,Helotiales,Helotiales,0.248,1
SH1152426.08FU_AB926112_reps,Helotiales,Helotiales,0.1,1
SH1237754.08FU_KT958773_reps,Helotiales,Helotiales,0.81,1
SH1185464.08FU_UDB004201_reps,Helotiales,Helotiales,0.519,1
SH1155322.08FU_KC818342_reps,Helotiales,Helotiales,0.0313,1
SH1186915.08FU_JN655585_refs,Helotiales,Helotiales,0.527,1
SH1145503.08FU_KC834043_refs,Helotiales,Helotiales,0.426,1
SH1186140.08FU_KC008950_reps,Helotiales,Helotiales,0.859,1
SH1172190.08FU_UDB0669908_reps,Helotiales,Helotiales,0.854,1
SH1155645.08FU_HQ211559_reps,Helotiales,Helotiales,0.804,1
SH1156123.08FU_KT876982_reps,Helotiales,Helotiales,0.306,1
SH1229292.08FU_MK585004_reps,Helotiales,Helotiales,0.836,1
SH1171435.08FU_JX977161_reps,Helotiales,Helotiales,0.395,1
SH1186169.08FU_AF062817_refs,Helotiales,Helotiales,0.665,1
SH1185452.08FU_LT629156_reps,Helotiales,Helotiales,0.249,1
SH1191278.08FU_MH578478_reps,Helotiales,Helotiales,0.0248,1
SH1155640.08FU_AM999683_refs,Helotiales,Helotiales,0.715,1
SH1151395.08FU_MF928761_reps,Helotiales,Pleosporales,0.132,0
SH1152412.08FU_UDB032791_refs,Helotiales,Helotiales,0.749,1
SH1171423.08FU_GU997897_reps,Helotiales,Helotiales,0.802,1
SH1185435.08FU_GQ272617_refs,Helotiales,Helotiales,0.179,1
SH1152414.08FU_AY818330_reps,Helotiales,Helotiales,0.71,1
SH1180050.08FU_AB705252_reps,Helotiales,Helotiales,0.0968,1
SH1172197.08FU_UDB0293287_reps,Helotiales,Helotiales,0.522,1
SH1182718.08FU_KF137635_refs,Helotiales,Helotiales,0.683,1
SH1143009.08FU_UDB0338776_reps,Helotiales,Helotiales,0.403,1
SH1145553.08FU_HQ211627_reps,Helotiales,Helotiales,0.357,1
SH1172187.08FU_AY969921_reps,Helotiales,Helotiales,0.066,1
SH1171416.08FU_AB481287_reps,Helotiales,Helotiales,0.55,1
SH1155634.08FU_GQ303279_refs,Helotiales,Helotiales,0.637,1
SH1145526.08FU_KF274067_reps,Helotiales,Helotiales,0.0539,1
SH1185479.08FU_AY129284_refs,Helotiales,Helotiales,0.723,1
SH1172224.08FU_UDB067382_reps,Helotiales,Helotiales,0.0135,1
SH2613203.08FU_UDB0470354_reps,Helotiales,Helotiales,0.0257,1
SH3568367.08FU_MW079025_reps,Erysiphales,Erysiphales,0.891,1
SH1210311.08FU_AB022380_refs,Erysiphales,Erysiphales,0.632,1
SH1184265.08FU_MT309705_reps,Erysiphales,Erysiphales,0.796,1
SH1157371.08FU_LC108843_reps,Erysiphales,Erysiphales,0.0978,1
SH1184271.08FU_AB015924_refs,Erysiphales,Erysiphales,0.78,1
SH1159066.08FU_AB046984_refs,Erysiphales,Erysiphales,0.515,1
SH1210319.08FU_AB769428_refs,Erysiphales,Erysiphales,0.88,1
SH1184257.08FU_AB078970_refs,Erysiphales,Erysiphales,0.877,1
SH1184270.08FU_AB015928_reps,Erysiphales,Erysiphales,0.635,1
SH1159220.08FU_AB498940_refs,Erysiphales,Erysiphales,0.945,1
SH1210312.08FU_GU945756_refs,Erysiphales,Erysiphales,0.862,1
SH1210325.08FU_EF121871_reps,Erysiphales,Erysiphales,0.894,1
SH1235936.08FU_GQ255473_refs,Erysiphales,Erysiphales,0.339,1
SH1210310.08FU_AB077625_refs,Erysiphales,Erysiphales,0.78,1
SH1159200.08FU_AB080537_refs,Erysiphales,Erysiphales,0.476,1
SH1184261.08FU_AF298541_refs,Erysiphales,Erysiphales,0.862,1
SH1184269.08FU_AB015932_refs,Erysiphales,Erysiphales,0.775,1
SH1144825.08FU_AB193363_refs,Erysiphales,Erysiphales,0.828,1
SH1210308.08FU_AB077659_refs,Erysiphales,Erysiphales,0.808,1
SH1210313.08FU_KP642015_reps,Erysiphales,Erysiphales,0.527,1
SH1159069.08FU_LC028957_reps,Erysiphales,Erysiphales,0.699,1
SH1210318.08FU_AB430819_refs,Erysiphales,Erysiphales,0.871,1
SH1159063.08FU_HM490007_refs,Erysiphales,Erysiphales,0.62,1
SH1200050.08FU_JX135770_reps,Rhytismatales,Rhytismatales,0.0714,1
SH1142386.08FU_KY867550_reps,Rhytismatales,Rhytismatales,0.777,1
SH1178644.08FU_LC014885_reps,Rhytismatales,Rhytismatales,0.792,1
SH1178641.08FU_AY971725_reps,Rhytismatales,Rhytismatales,0.257,1
SH1199790.08FU_HQ535929_reps,Rhytismatales,Rhytismatales,0.0734,1
SH1142367.08FU_UDB015400_refs,Rhytismatales,Rhytismatales,0.0798,1
SH1235388.08FU_GU367899_reps,Rhytismatales,Rhytismatales,0.0734,1
SH1142377.08FU_AF433147_refs,Rhytismatales,Rhytismatales,0.784,1
SH1189154.08FU_KP322576_reps,Rhytismatales,Rhytismatales,0.0731,1
SH1152647.08FU_AB714546_refs,Rhytismatales,Rhytismatales,0.0734,1
SH1184174.08FU_KF797427_reps,Rhytismatales,Rhytismatales,0.0734,1
SH1235386.08FU_AB787519_reps,Rhytismatales,Rhytismatales,0.0734,1
SH1142369.08FU_KX908779_reps,Rhytismatales,Rhytismatales,0.851,1
SH1142378.08FU_UDB034966_reps,Rhytismatales,Rhytismatales,0.058,1
SH1150750.08FU_MG877417_reps,Rhytismatales,Rhytismatales,0.902,1
SH1200049.08FU_GU581202_reps,Rhytismatales,Rhytismatales,0.702,1
SH2609944.08FU_UDB0496988_reps,Thelebolales,NA,0.0,0
SH2605342.08FU_UDB0106118_reps,Thelebolales,NA,0.0,0
SH1180719.08FU_UDB0451623_reps,Thelebolales,Thelebolales,0.67,1
SH2595887.08FU_MK751798_reps,Triblidiales,NA,0.0,0
SH1155296.08FU_KM216393_refs,Phacidiales,Helotiales,0.422,0
SH1162301.08FU_MH233985_reps,Aspergillaceae,Aspergillaceae,0.915,1
SH1166177.08FU_UDB0753508_reps,Aspergillaceae,Aspergillaceae,0.933,1
SH1163113.08FU_KU296252_reps,Aspergillaceae,Aspergillaceae,0.938,1
SH1167759.08FU_MN999752_reps,Aspergillaceae,Aspergillaceae,0.919,1
SH1162825.08FU_GU092964_refs,Aspergillaceae,Aspergillaceae,0.58,1
SH1167252.08FU_MT666208_reps,Aspergillaceae,Aspergillaceae,0.924,1
SH1166515.08FU_KX694148_reps,Aspergillaceae,Aspergillaceae,0.915,1
SH1163902.08FU_MK397297_reps,Aspergillaceae,Aspergillaceae,0.927,1
SH1160875.08FU_JF826001_reps,Aspergillaceae,Aspergillaceae,0.939,1
SH1165483.08FU_MT228877_reps,Aspergillaceae,Aspergillaceae,0.713,1
SH1163955.08FU_MN713820_reps,Aspergillaceae,Aspergillaceae,0.801,1
SH1162386.08FU_KJ948639_reps,Aspergillaceae,Aspergillaceae,0.931,1
SH1175834.08FU_KX400784_reps,Aspergillaceae,Aspergillaceae,0.57,1
SH1162842.08FU_MW035695_reps,Aspergillaceae,Aspergillaceae,0.927,1
SH1163150.08FU_MT510025_reps,Aspergillaceae,Aspergillaceae,0.849,1
SH1166894.08FU_KT887873_reps,Aspergillaceae,Aspergillaceae,0.64,1
SH1168172.08FU_MH856773_refs,Aspergillaceae,Aspergillaceae,0.789,1
SH1160803.08FU_MN606280_reps,Aspergillaceae,Aspergillaceae,0.938,1
SH1163351.08FU_MN105882_reps,Aspergillaceae,Aspergillaceae,0.938,1
SH1160878.08FU_KF860887_reps,Aspergillaceae,Aspergillaceae,0.921,1
SH1163794.08FU_MH137920_reps,Aspergillaceae,Aspergillaceae,0.924,1
SH1163135.08FU_MF784269_reps,Aspergillaceae,Aspergillaceae,0.906,1
SH1166223.08FU_KM017963_reps,Aspergillaceae,Aspergillaceae,0.919,1
SH1167176.08FU_KP279929_reps,Aspergillaceae,Aspergillaceae,0.932,1
SH1167951.08FU_HQ844708_reps,Aspergillaceae,Aspergillaceae,0.911,1
SH1163699.08FU_KC316117_reps,Aspergillaceae,Aspergillaceae,0.933,1
SH1161044.08FU_KU821472_reps,Aspergillaceae,Aspergillaceae,0.925,1
SH1162815.08FU_MG519721_reps,Aspergillaceae,Aspergillaceae,0.938,1
SH1163182.08FU_GU594739_reps,Aspergillaceae,Aspergillaceae,0.934,1
SH1163843.08FU_LC076682_reps,Aspergillaceae,Aspergillaceae,0.789,1
SH1164016.08FU_MF436153_reps,Aspergillaceae,Aspergillaceae,0.934,1
SH1164073.08FU_KC341970_reps,Aspergillaceae,Aspergillaceae,0.93,1
SH1164462.08FU_KF303657_reps,Aspergillaceae,Aspergillaceae,0.903,1
SH1164776.08FU_MT140342_reps,Aspergillaceae,Aspergillaceae,0.635,1
SH1161376.08FU_JQ697515_reps,Aspergillaceae,Aspergillaceae,0.92,1
SH1165024.08FU_MH279437_reps,Aspergillaceae,Aspergillaceae,0.926,1
SH1165668.08FU_GU134883_reps,Aspergillaceae,Aspergillaceae,0.93,1
SH1165660.08FU_KJ775690_reps,Aspergillaceae,Aspergillaceae,0.747,1
SH1165655.08FU_HG915889_reps,Aspergillaceae,Aspergillaceae,0.937,1
SH1166188.08FU_JN626126_reps,Aspergillaceae,Aspergillaceae,0.937,1
SH1166457.08FU_MN537765_reps,Aspergillaceae,Aspergillaceae,0.905,1
SH1167809.08FU_HE649375_reps,Aspergillaceae,Aspergillaceae,0.872,1
SH1167884.08FU_JQ228235_reps,Aspergillaceae,Aspergillaceae,0.937,1
SH1167877.08FU_MH700430_reps,Aspergillaceae,Aspergillaceae,0.937,1
SH1163500.08FU_MH854897_reps,Aspergillaceae,Aspergillaceae,0.89,1
SH1168079.08FU_FJ531079_reps,Aspergillaceae,Aspergillaceae,0.856,1
SH1165176.08FU_EU301661_reps,Aspergillaceae,Aspergillaceae,0.902,1
SH1162919.08FU_MK793187_reps,Aspergillaceae,Aspergillaceae,0.92,1
SH1167485.08FU_MN478359_reps,Aspergillaceae,Aspergillaceae,0.906,1
SH1160549.08FU_MT941063_reps,Aspergillaceae,Aspergillaceae,0.919,1
SH1160809.08FU_MT993368_reps,Aspergillaceae,Aspergillaceae,0.896,1
SH1161482.08FU_GU595290_reps,Aspergillaceae,Aspergillaceae,0.921,1
SH1161522.08FU_KT164810_reps,Aspergillaceae,Aspergillaceae,0.934,1
SH1162326.08FU_MT122822_reps,Aspergillaceae,Aspergillaceae,0.903,1
SH1164101.08FU_MT140334_reps,Aspergillaceae,Aspergillaceae,0.933,1
SH1166221.08FU_MT306010_reps,Aspergillaceae,Aspergillaceae,0.91,1
SH1166293.08FU_MT887403_reps,Aspergillaceae,Aspergillaceae,0.91,1
SH1167434.08FU_JX397997_reps,Aspergillaceae,Aspergillaceae,0.919,1
SH1167043.08FU_MT799707_reps,Aspergillaceae,Aspergillaceae,0.92,1
SH1162576.08FU_MN818770_reps,Aspergillaceae,Aspergillaceae,0.902,1
SH1164974.08FU_KM279951_reps,Aspergillaceae,Aspergillaceae,0.938,1
SH1163585.08FU_MH857401_refs,Aspergillaceae,Aspergillaceae,0.822,1
SH1247390.08FU_EF661223_refs,Aspergillaceae,Aspergillaceae,0.0712,1
SH1160928.08FU_KJ175441_reps,Aspergillaceae,Aspergillaceae,0.928,1
SH1160923.08FU_JX110160_reps,Aspergillaceae,Aspergillaceae,0.938,1
SH1161750.08FU_KJ775549_reps,Aspergillaceae,Aspergillaceae,0.934,1
SH1163214.08FU_EU645665_reps,Aspergillaceae,Aspergillaceae,0.912,1
SH1163162.08FU_MT990725_reps,Aspergillaceae,Aspergillaceae,0.921,1
SH1167118.08FU_KP216960_reps,Aspergillaceae,Aspergillaceae,0.835,1
SH1168072.08FU_KU945907_reps,Aspergillaceae,Aspergillaceae,0.912,1
SH1162358.08FU_KX944180_reps,Aspergillaceae,Aspergillaceae,0.877,1
SH1162984.08FU_EF634379_reps,Aspergillaceae,Aspergillaceae,0.938,1
SH1163689.08FU_EU821321_reps,Aspergillaceae,Aspergillaceae,0.919,1
SH1165856.08FU_AF454073_refs,Aspergillaceae,Aspergillaceae,0.789,1
SH1165641.08FU_MN847591_reps,Aspergillaceae,Aspergillaceae,0.0565,1
SH1166590.08FU_KR535626_reps,Aspergillaceae,Aspergillaceae,0.926,1
SH1168060.08FU_FJ531057_reps,Aspergillaceae,Aspergillaceae,0.856,1
SH1163423.08FU_KX009115_reps,Aspergillaceae,Aspergillaceae,0.911,1
SH1163776.08FU_MG647863_reps,Aspergillaceae,Aspergillaceae,0.922,1
SH2587852.08FU_GQ118988_reps,Aspergillaceae,Aspergillaceae,0.927,1
SH1163089.08FU_MH858478_refs,Aspergillaceae,Aspergillaceae,0.661,1
SH1162465.08FU_HQ285580_reps,Aspergillaceae,Aspergillaceae,0.938,1
SH1161139.08FU_KX674614_reps,Aspergillaceae,Aspergillaceae,0.915,1
SH1161970.08FU_MN339986_reps,Aspergillaceae,Aspergillaceae,0.928,1
SH1162159.08FU_MK304111_reps,Aspergillaceae,Aspergillaceae,0.917,1
SH1164874.08FU_MT928883_reps,Aspergillaceae,Aspergillaceae,0.884,1
SH1161179.08FU_KJ175423_reps,Aspergillaceae,Aspergillaceae,0.938,1
SH1161784.08FU_HQ449678_reps,Aspergillaceae,Aspergillaceae,0.925,1
SH1161958.08FU_KP175271_reps,Aspergillaceae,Aspergillaceae,0.92,1
SH1162347.08FU_MG991651_reps,Aspergillaceae,Aspergillaceae,0.938,1
SH1162746.08FU_MN533832_reps,Aspergillaceae,Aspergillaceae,0.934,1
SH1162134.08FU_MN533923_reps,Aspergillaceae,Aspergillaceae,0.934,1
SH1160954.08FU_MK108415_reps,Aspergillaceae,Aspergillaceae,0.902,1
SH1162366.08FU_MT609909_reps,Aspergillaceae,Aspergillaceae,0.919,1
SH1161435.08FU_MN888948_reps,Aspergillaceae,Aspergillaceae,0.92,1
SH1163604.08FU_JN882309_refs,Aspergillaceae,Aspergillaceae,0.815,1
SH1168095.08FU_MG458692_reps,Aspergillaceae,Aspergillaceae,0.92,1
SH1168409.08FU_DQ340759_refs,Aspergillaceae,Aspergillaceae,0.0161,1
SH1162554.08FU_MH237655_reps,Aspergillaceae,Aspergillaceae,0.932,1
SH1164981.08FU_MH892831_reps,Aspergillaceae,Aspergillaceae,0.918,1
SH1166915.08FU_MH035984_reps,Aspergillaceae,Aspergillaceae,0.919,1
SH1190955.08FU_EF652066_refs,Aspergillaceae,Aspergillaceae,0.939,1
SH1166917.08FU_KY458486_reps,Aspergillaceae,Aspergillaceae,0.888,1
SH1161030.08FU_MK156708_reps,Aspergillaceae,Aspergillaceae,0.926,1
SH1162113.08FU_MN634536_reps,Aspergillaceae,Aspergillaceae,0.938,1
SH1167796.08FU_KT221874_reps,Aspergillaceae,Aspergillaceae,0.906,1
SH1163865.08FU_MN533924_reps,Aspergillaceae,Aspergillaceae,0.928,1
SH1160854.08FU_MH793834_reps,Aspergillaceae,Aspergillaceae,0.902,1
SH1157257.08FU_MG881877_reps,Aspergillaceae,Aspergillaceae,0.673,1
SH1160931.08FU_MN421873_reps,Aspergillaceae,Aspergillaceae,0.928,1
SH1163511.08FU_MT530445_reps,Aspergillaceae,Aspergillaceae,0.906,1
SH1164078.08FU_KF465762_reps,Aspergillaceae,Aspergillaceae,0.931,1
SH1164360.08FU_EU821305_reps,Aspergillaceae,Aspergillaceae,0.817,1
SH1164958.08FU_KF998997_reps,Aspergillaceae,Aspergillaceae,0.899,1
SH1165524.08FU_KP987082_reps,Aspergillaceae,Aspergillaceae,0.929,1
SH1166121.08FU_KJ564033_reps,Aspergillaceae,Aspergillaceae,0.899,1
SH1160641.08FU_MN911439_reps,Aspergillaceae,Aspergillaceae,0.888,1
SH1160588.08FU_MK452273_reps,Aspergillaceae,Aspergillaceae,0.915,1
SH1160606.08FU_MN105240_reps,Aspergillaceae,Aspergillaceae,0.93,1
SH1161230.08FU_AY157488_reps,Aspergillaceae,Aspergillaceae,0.766,1
SH1161991.08FU_MG551279_reps,Aspergillaceae,Aspergillaceae,0.92,1
SH1163056.08FU_FR733803_reps,Aspergillaceae,Aspergillaceae,0.933,1
SH1163471.08FU_MH857406_refs,Aspergillaceae,Aspergillaceae,0.931,1
SH1164208.08FU_MN179299_reps,Aspergillaceae,Aspergillaceae,0.907,1
SH1164756.08FU_MK397505_reps,Aspergillaceae,Aspergillaceae,0.921,1
SH1165549.08FU_MF075156_reps,Aspergillaceae,Aspergillaceae,0.906,1
SH1166094.08FU_JF439501_reps,Aspergillaceae,Aspergillaceae,0.803,1
SH1166277.08FU_JF439500_reps,Aspergillaceae,Aspergillaceae,0.776,1
SH1166435.08FU_KY069878_reps,Aspergillaceae,Aspergillaceae,0.91,1
SH1166725.08FU_MW130921_reps,Aspergillaceae,Aspergillaceae,0.921,1
SH1167693.08FU_HQ844709_reps,Aspergillaceae,Aspergillaceae,0.908,1
SH1167831.08FU_MN809594_reps,Aspergillaceae,Aspergillaceae,0.939,1
SH1167825.08FU_MK862434_reps,Aspergillaceae,Aspergillaceae,0.856,1
SH1168083.08FU_JQ905766_reps,Aspergillaceae,Aspergillaceae,0.621,1
SH1170769.08FU_KP401918_reps,Aspergillaceae,Aspergillaceae,0.883,1
SH1160957.08FU_KJ775480_reps,Aspergillaceae,Aspergillaceae,0.929,1
SH1161780.08FU_GU017494_reps,Aspergillaceae,Aspergillaceae,0.822,1
SH1162345.08FU_MH101466_reps,Aspergillaceae,Aspergillaceae,0.93,1
SH1162609.08FU_KR296894_reps,Aspergillaceae,Aspergillaceae,0.938,1
SH1163518.08FU_KP329664_reps,Aspergillaceae,Aspergillaceae,0.938,1
SH1163636.08FU_KT159916_reps,Aspergillaceae,Aspergillaceae,0.938,1
SH1164212.08FU_KF303674_reps,Aspergillaceae,Aspergillaceae,0.903,1
SH1160598.08FU_MK454907_reps,Aspergillaceae,Aspergillaceae,0.939,1
SH1168224.08FU_FJ491625_reps,Aspergillaceae,Aspergillaceae,0.936,1
SH1165304.08FU_MG662404_reps,Aspergillaceae,Aspergillaceae,0.911,1
SH1165756.08FU_JN714937_reps,Aspergillaceae,Aspergillaceae,0.932,1
SH1165955.08FU_MH279445_reps,Aspergillaceae,Aspergillaceae,0.927,1
SH1167224.08FU_KJ639912_reps,Aspergillaceae,Aspergillaceae,0.937,1
SH1167360.08FU_KM116147_reps,Aspergillaceae,Aspergillaceae,0.913,1
SH1167448.08FU_KT283665_reps,Aspergillaceae,Aspergillaceae,0.906,1
SH1162076.08FU_MG878384_reps,Aspergillaceae,Aspergillaceae,0.933,1
SH1165753.08FU_MG211063_reps,Aspergillaceae,Aspergillaceae,0.855,1
SH1166839.08FU_MK046881_reps,Aspergillaceae,Aspergillaceae,0.916,1
SH1163457.08FU_FM986326_reps,Aspergillaceae,Aspergillaceae,0.933,1
SH1167333.08FU_KX839404_reps,Aspergillaceae,Aspergillaceae,0.919,1
SH1163301.08FU_MG554236_reps,Aspergillaceae,Aspergillaceae,0.903,1
SH1160524.08FU_JN617667_refs,Aspergillaceae,Aspergillaceae,0.93,1
SH1161182.08FU_KJ775595_reps,Aspergillaceae,Aspergillaceae,0.94,1
SH1161456.08FU_KJ775573_reps,Aspergillaceae,Aspergillaceae,0.934,1
SH1161949.08FU_KF309064_reps,Aspergillaceae,Aspergillaceae,0.938,1
SH1162008.08FU_KF309062_reps,Aspergillaceae,Aspergillaceae,0.938,1
SH1161880.08FU_MN856761_reps,Aspergillaceae,Aspergillaceae,0.929,1
SH1163238.08FU_KP068718_reps,Aspergillaceae,Aspergillaceae,0.92,1
SH1163352.08FU_HM123602_reps,Aspergillaceae,Aspergillaceae,0.938,1
SH1163424.08FU_KX912161_reps,Aspergillaceae,Aspergillaceae,0.938,1
SH1163405.08FU_EF661209_reps,Aspergillaceae,Aspergillaceae,0.92,1
SH1163657.08FU_KX845387_reps,Aspergillaceae,Aspergillaceae,0.854,1
SH1163552.08FU_KU986773_reps,Aspergillaceae,Aspergillaceae,0.351,1
SH1163628.08FU_KP131606_reps,Aspergillaceae,Aspergillaceae,0.938,1
SH1164393.08FU_KC710972_reps,Aspergillaceae,Aspergillaceae,0.931,1
SH1164379.08FU_JX501396_reps,Aspergillaceae,Aspergillaceae,0.919,1
SH1164517.08FU_MW193234_reps,Aspergillaceae,Aspergillaceae,0.922,1
SH1165095.08FU_JN561266_reps,Aspergillaceae,Aspergillaceae,0.902,1
SH1165320.08FU_AY373857_reps,Aspergillaceae,Aspergillaceae,0.902,1
SH1165878.08FU_MH858962_reps,Aspergillaceae,Aspergillaceae,0.933,1
SH1165993.08FU_JN246072_reps,Aspergillaceae,Aspergillaceae,0.938,1
SH1166611.08FU_DQ469292_reps,Aspergillaceae,Aspergillaceae,0.899,1
SH1166578.08FU_KJ175432_reps,Aspergillaceae,Aspergillaceae,0.902,1
SH1166957.08FU_KU821463_reps,Aspergillaceae,Aspergillaceae,0.838,1
SH1167885.08FU_KC786990_reps,Aspergillaceae,Aspergillaceae,0.911,1
SH1167865.08FU_EU159216_refs,Aspergillaceae,Aspergillaceae,0.909,1
SH1168225.08FU_FJ491615_reps,Aspergillaceae,Aspergillaceae,0.936,1
SH1168203.08FU_KY941101_reps,Aspergillaceae,Aspergillaceae,0.922,1
SH1162537.08FU_MT672687_reps,Aspergillaceae,Aspergillaceae,0.938,1
SH1161937.08FU_UDB0163006_reps,Aspergillaceae,Aspergillaceae,0.857,1
SH1164459.08FU_KF303668_refs,Aspergillaceae,Aspergillaceae,0.903,1
SH1163174.08FU_MN564896_reps,Aspergillaceae,Aspergillaceae,0.938,1
SH1165842.08FU_MK721932_reps,Aspergillaceae,Aspergillaceae,0.928,1
SH1161037.08FU_MT982700_reps,Aspergillaceae,,0.0,0
SH1163121.08FU_MK969115_reps,Aspergillaceae,Aspergillaceae,0.9,1
SH1150587.08FU_MF919628_reps,Aspergillaceae,Trichocomaceae,0.229,0
SH1168094.08FU_AY822638_reps,Aspergillaceae,Aspergillaceae,0.917,1
SH1164053.08FU_KR706058_reps,Aspergillaceae,Aspergillaceae,0.929,1
SH1168002.08FU_KX079452_reps,Aspergillaceae,Aspergillaceae,0.926,1
SH1161462.08FU_KT358869_reps,Aspergillaceae,Aspergillaceae,0.923,1
SH1162158.08FU_MK036287_reps,Aspergillaceae,Aspergillaceae,0.933,1
SH1163807.08FU_JQ758680_reps,Aspergillaceae,Aspergillaceae,0.938,1
SH1163520.08FU_KM977885_reps,Aspergillaceae,Aspergillaceae,0.906,1
SH1165473.08FU_MT529055_reps,Aspergillaceae,Aspergillaceae,0.881,1
SH1165170.08FU_EU314999_reps,Aspergillaceae,Aspergillaceae,0.921,1
SH1163467.08FU_MT528978_reps,Aspergillaceae,Aspergillaceae,0.933,1
SH1163567.08FU_MN907795_reps,Aspergillaceae,Aspergillaceae,0.92,1
SH1163818.08FU_FJ155814_reps,Aspergillaceae,Aspergillaceae,0.927,1
SH1163822.08FU_KF496081_reps,Aspergillaceae,Aspergillaceae,0.93,1
SH1163952.08FU_MT584281_reps,Aspergillaceae,Aspergillaceae,0.914,1
SH1150544.08FU_FJ491806_reps,Aspergillaceae,Aspergillaceae,0.248,1
SH1160710.08FU_MN537777_reps,Aspergillaceae,Aspergillaceae,0.0686,1
SH1162238.08FU_MN721378_reps,Aspergillaceae,Aspergillaceae,0.903,1
SH1161969.08FU_MN533874_reps,Aspergillaceae,Aspergillaceae,0.928,1
SH1167873.08FU_MT176446_reps,Aspergillaceae,Aspergillaceae,0.928,1
SH1166683.08FU_MG554327_reps,Aspergillaceae,Aspergillaceae,0.902,1
SH1164135.08FU_MF465862_reps,Aspergillaceae,Aspergillaceae,0.92,1
SH1164205.08FU_LN482534_reps,Aspergillaceae,Aspergillaceae,0.921,1
SH1164391.08FU_KC142125_reps,Aspergillaceae,Aspergillaceae,0.938,1
SH1164609.08FU_AY656624_reps,Aspergillaceae,Aspergillaceae,0.928,1
SH1164623.08FU_MK775947_reps,Aspergillaceae,Aspergillaceae,0.913,1
SH1165359.08FU_MT729937_reps,Aspergillaceae,Aspergillaceae,0.93,1
SH1165454.08FU_KC811052_reps,Aspergillaceae,Aspergillaceae,0.773,1
SH1165586.08FU_MF278314_reps,Aspergillaceae,Aspergillaceae,0.899,1
SH1165783.08FU_KM386638_reps,Aspergillaceae,Aspergillaceae,0.905,1
SH1164511.08FU_KP890470_reps,Aspergillaceae,Aspergillaceae,0.919,1
SH1164970.08FU_KC411687_reps,Aspergillaceae,Aspergillaceae,0.805,1
SH1165185.08FU_KR296888_reps,Aspergillaceae,Aspergillaceae,0.902,1
SH1165996.08FU_MW193246_reps,Aspergillaceae,Aspergillaceae,0.922,1
SH1166115.08FU_KF723012_reps,Aspergillaceae,Aspergillaceae,0.931,1
SH1166281.08FU_JF436886_reps,Aspergillaceae,Aspergillaceae,0.935,1
SH1166393.08FU_KP281448_reps,Aspergillaceae,Aspergillaceae,0.938,1
SH1166319.08FU_EF661427_refs,Aspergillaceae,Aspergillaceae,0.933,1
SH1160806.08FU_MK108408_reps,Aspergillaceae,Aspergillaceae,0.898,1
SH1161930.08FU_MN431403_reps,Aspergillaceae,Aspergillaceae,0.886,1
SH1161265.08FU_HQ285563_reps,Aspergillaceae,Aspergillaceae,0.938,1
SH1161800.08FU_LC455958_reps,Aspergillaceae,Aspergillaceae,0.884,1
SH1167177.08FU_KP308836_reps,Aspergillaceae,Aspergillaceae,0.92,1
SH1163204.08FU_JX501361_reps,Aspergillaceae,Aspergillaceae,0.92,1
SH1167334.08FU_MK036274_reps,Aspergillaceae,Aspergillaceae,0.919,1
SH1167355.08FU_JQ255474_reps,Aspergillaceae,Aspergillaceae,0.885,1
SH1167429.08FU_MT908848_reps,Aspergillaceae,Aspergillaceae,0.902,1
SH1167552.08FU_MN782329_reps,Aspergillaceae,Aspergillaceae,0.933,1
SH1165605.08FU_FJ491586_reps,Aspergillaceae,Aspergillaceae,0.905,1
SH1165936.08FU_MH484010_reps,Aspergillaceae,Aspergillaceae,0.925,1
SH1166303.08FU_KF932962_refs,Aspergillaceae,Aspergillaceae,0.759,1
SH1166501.08FU_AY742697_reps,Aspergillaceae,Aspergillaceae,0.745,1
SH1167305.08FU_JX518272_reps,Aspergillaceae,Aspergillaceae,0.919,1
SH1167397.08FU_JX139574_reps,Aspergillaceae,Aspergillaceae,0.885,1
SH1168105.08FU_MH858687_refs,Aspergillaceae,Aspergillaceae,0.923,1
SH1164395.08FU_KC920839_reps,Aspergillaceae,Aspergillaceae,0.893,1
SH1161052.08FU_MN886600_reps,Aspergillaceae,Aspergillaceae,0.868,1
SH1160864.08FU_MT184804_reps,Aspergillaceae,Aspergillaceae,0.932,1
SH1162253.08FU_MN733392_reps,Aspergillaceae,Aspergillaceae,0.932,1
SH1162862.08FU_KR867689_reps,Aspergillaceae,Aspergillaceae,0.938,1
SH1163597.08FU_MN944451_reps,Aspergillaceae,Aspergillaceae,0.92,1
SH1164043.08FU_MT217138_reps,Aspergillaceae,Aspergillaceae,0.932,1
SH1166853.08FU_KJ191583_reps,Aspergillaceae,Aspergillaceae,0.912,1
SH1166968.08FU_KY978354_reps,Aspergillaceae,Aspergillaceae,0.891,1
SH1167009.08FU_KR908747_reps,Aspergillaceae,Aspergillaceae,0.923,1
SH1162170.08FU_KY357318_reps,Aspergillaceae,Aspergillaceae,0.932,1
SH1165484.08FU_JQ768265_reps,Aspergillaceae,Aspergillaceae,0.937,1
SH1237343.08FU_KY087667_refs,Aspergillaceae,Aspergillaceae,0.588,1
SH1163094.08FU_EU515150_reps,Aspergillaceae,Aspergillaceae,0.92,1
SH1162583.08FU_MW081326_reps,Aspergillaceae,Aspergillaceae,0.512,1
SH1164925.08FU_FJ491583_refs,Aspergillaceae,Aspergillaceae,0.907,1
SH1162061.08FU_KF669469_reps,Aspergillaceae,Aspergillaceae,0.936,1
SH1162483.08FU_KF562197_reps,Aspergillaceae,Aspergillaceae,0.938,1
SH1166857.08FU_AB606414_refs,Aspergillaceae,Aspergillaceae,0.928,1
SH1168179.08FU_FJ531192_refs,Aspergillaceae,Aspergillaceae,0.919,1
SH1191937.08FU_AJ519984_refs,Aspergillaceae,Aspergillaceae,0.559,1
SH1175803.08FU_FJ531150_refs,Aspergillaceae,Aspergillaceae,0.729,1
SH1162688.08FU_KM519668_reps,Aspergillaceae,Aspergillaceae,0.184,1
SH1160594.08FU_MH863632_reps,Aspergillaceae,Aspergillaceae,0.921,1
SH1160534.08FU_KC411733_refs,Aspergillaceae,Aspergillaceae,0.73,1
SH1166201.08FU_MG972739_reps,Aspergillaceae,Aspergillaceae,0.918,1
SH1165981.08FU_FJ491590_refs,Aspergillaceae,Aspergillaceae,0.883,1
SH1162470.08FU_JN126255_reps,Aspergillaceae,Aspergillaceae,0.935,1
SH1165118.08FU_JX456205_reps,Aspergillaceae,Aspergillaceae,0.906,1
SH1166089.08FU_UDB0478596_reps,Aspergillaceae,Aspergillaceae,0.848,1
SH1161903.08FU_DQ467979_reps,Aspergillaceae,Aspergillaceae,0.927,1
SH1162653.08FU_GQ221106_reps,Aspergillaceae,Aspergillaceae,0.938,1
SH1164086.08FU_HG915908_reps,Aspergillaceae,Aspergillaceae,0.857,1
SH1164862.08FU_KM279979_reps,Aspergillaceae,Aspergillaceae,0.938,1
SH1162669.08FU_LC573606_reps,Aspergillaceae,Aspergillaceae,0.931,1
SH1166120.08FU_HG915893_reps,Aspergillaceae,Aspergillaceae,0.929,1
SH1166389.08FU_MT476353_reps,Aspergillaceae,Aspergillaceae,0.913,1
SH1156071.08FU_JQ724404_reps,Aspergillaceae,Aspergillaceae,0.657,1
SH1161273.08FU_JQ929761_reps,Aspergillaceae,Aspergillaceae,0.933,1
SH1161792.08FU_JN831365_reps,Aspergillaceae,Aspergillaceae,0.92,1
SH1161936.08FU_MT321104_reps,Aspergillaceae,Aspergillaceae,0.939,1
SH1161779.08FU_DQ323036_reps,Aspergillaceae,Aspergillaceae,0.94,1
SH1162963.08FU_KP329696_reps,Aspergillaceae,Aspergillaceae,0.938,1
SH1164677.08FU_MN274949_reps,Aspergillaceae,Aspergillaceae,0.924,1
SH1165809.08FU_MN871763_reps,Aspergillaceae,Aspergillaceae,0.92,1
SH1166335.08FU_KY087765_reps,Aspergillaceae,Aspergillaceae,0.82,1
SH1166636.08FU_GU092952_refs,Aspergillaceae,Aspergillaceae,0.777,1
SH1168212.08FU_KY234281_reps,Aspergillaceae,Aspergillaceae,0.903,1
SH1165063.08FU_HM595496_reps,Aspergillaceae,Aspergillaceae,0.938,1
SH1164213.08FU_KF303667_refs,Aspergillaceae,Aspergillaceae,0.899,1
SH1160831.08FU_MK036521_reps,Aspergillaceae,Aspergillaceae,0.911,1
SH1237340.08FU_EF652088_refs,Aspergillaceae,Aspergillaceae,0.0709,1
SH1160744.08FU_MT529300_reps,Aspergillaceae,Aspergillaceae,0.92,1
SH1164151.08FU_AF033391_reps,Aspergillaceae,Aspergillaceae,0.592,1
SH1165175.08FU_MW193198_reps,Aspergillaceae,Aspergillaceae,0.938,1
SH1166477.08FU_KF031032_reps,Aspergillaceae,Aspergillaceae,0.92,1
SH1166954.08FU_MN872669_reps,Aspergillaceae,Aspergillaceae,0.919,1
SH1163312.08FU_MH613074_reps,Aspergillaceae,Aspergillaceae,0.925,1
SH1167139.08FU_KY019240_reps,Aspergillaceae,Aspergillaceae,0.735,1
SH1167599.08FU_KR185822_reps,Aspergillaceae,Aspergillaceae,0.937,1
SH1161016.08FU_KP725001_reps,Aspergillaceae,Aspergillaceae,0.921,1
SH1166137.08FU_EF669602_refs,Aspergillaceae,Aspergillaceae,0.929,1
SH1166783.08FU_AF454077_refs,Aspergillaceae,Aspergillaceae,0.068,1
SH2592893.08FU_MK418813_reps,Aspergillaceae,Aspergillaceae,0.834,1
SH1164012.08FU_KX766386_reps,Aspergillaceae,Aspergillaceae,0.938,1
SH1164975.08FU_KU504329_reps,Aspergillaceae,Aspergillaceae,0.899,1
SH1163186.08FU_FJ537119_reps,Aspergillaceae,Aspergillaceae,0.919,1
SH1166863.08FU_MN423342_reps,Aspergillaceae,Aspergillaceae,0.891,1
SH1167517.08FU_MH613119_reps,Aspergillaceae,Aspergillaceae,0.931,1
SH1162121.08FU_FR733826_reps,Aspergillaceae,Aspergillaceae,0.929,1
SH1166261.08FU_MK312270_reps,Aspergillaceae,Aspergillaceae,0.919,1
SH1164855.08FU_KP131626_reps,Aspergillaceae,Aspergillaceae,0.919,1
SH1161453.08FU_MK396476_reps,Aspergillaceae,Aspergillaceae,0.93,1
SH1164161.08FU_MH973244_reps,Aspergillaceae,Aspergillaceae,0.924,1
SH1165421.08FU_AY939785_reps,Aspergillaceae,Aspergillaceae,0.902,1
SH1161685.08FU_MH986806_reps,Aspergillaceae,Aspergillaceae,0.938,1
SH1165956.08FU_MH865969_reps,Aspergillaceae,Aspergillaceae,0.58,1
SH1165616.08FU_MT645136_reps,Aspergillaceae,Aspergillaceae,0.183,1
SH1165992.08FU_MH865148_reps,Aspergillaceae,Aspergillaceae,0.929,1
SH1162059.08FU_MN326736_reps,Aspergillaceae,Aspergillaceae,0.92,1
SH1164995.08FU_MN394130_reps,Aspergillaceae,Aspergillaceae,0.925,1
SH1160723.08FU_MK840966_reps,Aspergillaceae,Aspergillaceae,0.886,1
SH1162290.08FU_MK969114_reps,Aspergillaceae,Aspergillaceae,0.787,1
SH1164715.08FU_EF661191_reps,Aspergillaceae,Aspergillaceae,0.931,1
SH1162370.08FU_MH855379_reps,Aspergillaceae,Aspergillaceae,0.927,1
SH1162785.08FU_UDB0769623_reps,Aspergillaceae,,0.0,0
SH1161011.08FU_MN423317_reps,Aspergillaceae,Aspergillaceae,0.925,1
SH1163681.08FU_FR733881_reps,Aspergillaceae,Aspergillaceae,0.92,1
SH1163005.08FU_MH858230_reps,Aspergillaceae,Aspergillaceae,0.923,1
SH1163534.08FU_MK695687_reps,Aspergillaceae,Aspergillaceae,0.938,1
SH1167539.08FU_KJ194465_reps,Aspergillaceae,Aspergillaceae,0.911,1
SH1162088.08FU_UDB0440273_reps,Aspergillaceae,Aspergillaceae,0.848,1
SH1167585.08FU_MK590317_reps,Aspergillaceae,Aspergillaceae,0.919,1
SH1166587.08FU_KR184138_reps,Aspergillaceae,Aspergillaceae,0.916,1
SH1166555.08FU_HM560048_refs,Aspergillaceae,Aspergillaceae,0.918,1
SH1166436.08FU_MG711896_reps,Aspergillaceae,Aspergillaceae,0.846,1
SH1161408.08FU_MT102677_reps,Aspergillaceae,Aspergillaceae,0.885,1
SH1168182.08FU_AF257801_refs,Aspergillaceae,Aspergillaceae,0.839,1
SH1167339.08FU_LT798913_reps,Aspergillaceae,Aspergillaceae,0.92,1
SH1162278.08FU_FR733817_reps,Aspergillaceae,Aspergillaceae,0.928,1
SH1166955.08FU_MT081549_reps,Aspergillaceae,Aspergillaceae,0.884,1
SH1160521.08FU_AY373933_refs,Aspergillaceae,Aspergillaceae,0.917,1
SH1178079.08FU_JX205165_reps,Aspergillaceae,Aspergillaceae,0.8,1
SH1166529.08FU_MF685305_reps,Aspergillaceae,Aspergillaceae,0.925,1
SH1164866.08FU_MH613211_reps,Aspergillaceae,Aspergillaceae,0.928,1
SH1166713.08FU_MH613083_reps,Aspergillaceae,Aspergillaceae,0.92,1
SH1167882.08FU_UDB0497516_reps,Aspergillaceae,Aspergillaceae,0.927,1
SH1163435.08FU_MF438026_reps,Aspergillaceae,Aspergillaceae,0.891,1
SH1162482.08FU_MK952313_reps,Aspergillaceae,Aspergillaceae,0.896,1
SH1163659.08FU_MF599715_reps,Aspergillaceae,Aspergillaceae,0.938,1
SH1166778.08FU_MN368221_reps,Aspergillaceae,Aspergillaceae,0.919,1
SH1164233.08FU_MN533892_reps,Aspergillaceae,Aspergillaceae,0.92,1
SH1159334.08FU_AF454082_refs,Aspergillaceae,Aspergillaceae,0.88,1
SH1165609.08FU_GU092945_reps,Aspergillaceae,Aspergillaceae,0.916,1
SH1165697.08FU_KY512789_reps,Aspergillaceae,Aspergillaceae,0.918,1
SH1163835.08FU_MK695684_reps,Aspergillaceae,Aspergillaceae,0.938,1
SH1165052.08FU_AF138287_refs,Aspergillaceae,Aspergillaceae,0.902,1
SH1166562.08FU_MN274952_reps,Aspergillaceae,Aspergillaceae,0.902,1
SH1161521.08FU_KT356196_reps,Aspergillaceae,Aspergillaceae,0.903,1
SH1165985.08FU_HQ288050_reps,Aspergillaceae,Aspergillaceae,0.902,1
SH1160539.08FU_KJ023724_reps,Aspergillaceae,Aspergillaceae,0.704,1
SH1162915.08FU_MT328514_reps,Aspergillaceae,Aspergillaceae,0.92,1
SH1191940.08FU_KY980640_reps,Aspergillaceae,Aspergillaceae,0.0632,1
SH1166203.08FU_MK951935_reps,Aspergillaceae,Aspergillaceae,0.71,1
SH1163639.08FU_MN634628_reps,Aspergillaceae,Aspergillaceae,0.901,1
SH1162558.08FU_MH856174_reps,Aspergillaceae,Aspergillaceae,0.932,1
SH1163101.08FU_AB646983_reps,Aspergillaceae,Aspergillaceae,0.913,1
SH1160520.08FU_AF033422_refs,Aspergillaceae,Aspergillaceae,0.935,1
SH1166311.08FU_KP216953_reps,Aspergillaceae,Aspergillaceae,0.847,1
SH1168038.08FU_MN595152_reps,Aspergillaceae,Aspergillaceae,0.919,1
SH1163537.08FU_MF156138_reps,Aspergillaceae,Aspergillaceae,0.931,1
SH1162052.08FU_MK862456_reps,Aspergillaceae,Aspergillaceae,0.915,1
SH1166119.08FU_MH938722_reps,Aspergillaceae,Aspergillaceae,0.908,1
SH1163798.08FU_MH292844_reps,Aspergillaceae,Aspergillaceae,0.921,1
SH1165690.08FU_MH613208_reps,Aspergillaceae,Aspergillaceae,0.931,1
SH1167654.08FU_KT982207_reps,Aspergillaceae,Aspergillaceae,0.922,1
SH1166404.08FU_MK757853_reps,Aspergillaceae,Aspergillaceae,0.921,1
SH1161973.08FU_MN518426_reps,Aspergillaceae,Aspergillaceae,0.923,1
SH1164456.08FU_KF303673_reps,Aspergillaceae,Aspergillaceae,0.903,1
SH1163785.08FU_AB074995_reps,Aspergillaceae,Aspergillaceae,0.919,1
SH1163817.08FU_JQ781823_reps,Aspergillaceae,Aspergillaceae,0.937,1
SH1167919.08FU_KX244952_reps,Aspergillaceae,Aspergillaceae,0.922,1
SH1191936.08FU_KY980645_refs,Aspergillaceae,Aspergillaceae,0.0609,1
SH1175802.08FU_JQ301894_refs,Aspergillaceae,Aspergillaceae,0.881,1
SH1164218.08FU_LC496500_reps,Aspergillaceae,Aspergillaceae,0.934,1
SH1191935.08FU_GQ169315_refs,Aspergillaceae,Aspergillaceae,0.451,1
SH1160553.08FU_MT560310_reps,Aspergillaceae,,0.0,0
SH1167221.08FU_KT462548_reps,Aspergillaceae,Aspergillaceae,0.933,1
SH1167312.08FU_MT832990_reps,Aspergillaceae,Aspergillaceae,0.921,1
SH1165302.08FU_MN533846_reps,Aspergillaceae,Aspergillaceae,0.902,1
SH1167632.08FU_KU958178_reps,Aspergillaceae,Aspergillaceae,0.911,1
SH1163265.08FU_KP890479_reps,Aspergillaceae,Aspergillaceae,0.92,1
SH1167365.08FU_MT393892_reps,Aspergillaceae,Aspergillaceae,0.92,1
SH1167924.08FU_MT903396_reps,Aspergillaceae,Aspergillaceae,0.92,1
SH1166901.08FU_UDB0247673_reps,Aspergillaceae,Aspergillaceae,0.835,1
SH1162136.08FU_MG907194_reps,Aspergillaceae,Aspergillaceae,0.94,1
SH1165159.08FU_MN423307_reps,Aspergillaceae,Aspergillaceae,0.736,1
SH1161384.08FU_MK811422_reps,Aspergillaceae,Aspergillaceae,0.925,1
SH1166410.08FU_MK981315_reps,Aspergillaceae,Aspergillaceae,0.87,1
SH1167352.08FU_JN050281_reps,Aspergillaceae,Aspergillaceae,0.901,1
SH1163367.08FU_MH865599_reps,Aspergillaceae,Aspergillaceae,0.913,1
SH1165034.08FU_MH270586_reps,Aspergillaceae,Aspergillaceae,0.916,1
SH1164141.08FU_MG991574_reps,Aspergillaceae,Aspergillaceae,0.927,1
SH1165860.08FU_AF033403_refs,Aspergillaceae,Aspergillaceae,0.845,1
SH1167165.08FU_MK046880_reps,Aspergillaceae,Aspergillaceae,0.922,1
SH1162721.08FU_MN429211_reps,Aspergillaceae,Aspergillaceae,0.923,1
SH1165510.08FU_EF661195_reps,Aspergillaceae,Aspergillaceae,0.817,1
SH1165724.08FU_MG659688_reps,Aspergillaceae,Aspergillaceae,0.93,1
SH1162393.08FU_KJ482655_reps,Aspergillaceae,Aspergillaceae,0.927,1
SH1164927.08FU_MT079143_reps,Aspergillaceae,Aspergillaceae,0.92,1
SH1165321.08FU_MN533829_reps,Aspergillaceae,Aspergillaceae,0.902,1
SH1166648.08FU_MG972745_reps,Aspergillaceae,Aspergillaceae,0.492,1
SH1163962.08FU_MK611561_reps,Aspergillaceae,Aspergillaceae,0.938,1
SH1163470.08FU_MK226245_reps,Aspergillaceae,Aspergillaceae,0.924,1
SH1166438.08FU_MN031596_reps,Aspergillaceae,Aspergillaceae,0.906,1
SH1165368.08FU_JX456193_reps,Aspergillaceae,Aspergillaceae,0.902,1
SH1164565.08FU_KT803072_reps,Aspergillaceae,Aspergillaceae,0.919,1
SH1161072.08FU_MH595481_reps,Aspergillaceae,Aspergillaceae,0.92,1
SH1162228.08FU_MK108391_reps,Aspergillaceae,Aspergillaceae,0.923,1
SH1163257.08FU_EF661400_refs,Aspergillaceae,Aspergillaceae,0.927,1
SH1163786.08FU_FJ553845_reps,Trichocomaceae,Trichocomaceae,0.0645,1
SH3565215.08FU_LT985892_reps,Trichocomaceae,Trichocomaceae,0.533,1
SH3565216.08FU_LT985887_reps,Trichocomaceae,Trichocomaceae,0.0296,1
SH1165622.08FU_MK737555_reps,Trichocomaceae,Trichocomaceae,0.616,1
SH1160979.08FU_MN685243_reps,Trichocomaceae,Trichocomaceae,0.817,1
SH1160770.08FU_JN659414_reps,Trichocomaceae,Trichocomaceae,0.926,1
SH1164343.08FU_MH305216_reps,Trichocomaceae,Trichocomaceae,0.925,1
SH1150620.08FU_MF278325_reps,Trichocomaceae,Trichocomaceae,0.587,1
SH1165867.08FU_GU366671_reps,Trichocomaceae,Trichocomaceae,0.0632,1
SH1160893.08FU_MN435624_reps,Trichocomaceae,Trichocomaceae,0.927,1
SH1161099.08FU_KX912027_reps,Trichocomaceae,Trichocomaceae,0.922,1
SH1177160.08FU_AF033398_refs,Trichocomaceae,Trichocomaceae,0.449,1
SH1151091.08FU_JF417488_refs,Trichocomaceae,Trichocomaceae,0.0628,1
SH1166073.08FU_MH305214_reps,Trichocomaceae,Trichocomaceae,0.924,1
SH1161678.08FU_KT365214_reps,Trichocomaceae,Trichocomaceae,0.926,1
SH1163049.08FU_MH855819_refs,Trichocomaceae,Trichocomaceae,0.0627,1
SH1161671.08FU_KT365231_reps,Trichocomaceae,Trichocomaceae,0.926,1
SH1237532.08FU_MH855157_refs,Trichocomaceae,Trichocomaceae,0.0633,1
SH1150531.08FU_JN899370_refs,Trichocomaceae,Trichocomaceae,0.842,1
SH1160824.08FU_JN659430_reps,Trichocomaceae,Trichocomaceae,0.926,1
SH1160894.08FU_MH305210_reps,Trichocomaceae,Trichocomaceae,0.926,1
SH1150542.08FU_GU396547_reps,Trichocomaceae,Trichocomaceae,0.774,1
SH1161383.08FU_KF728887_reps,Trichocomaceae,Trichocomaceae,0.829,1
SH1165326.08FU_LR540074_reps,Trichocomaceae,Trichocomaceae,0.0632,1
SH1161676.08FU_KT365219_reps,Trichocomaceae,Trichocomaceae,0.926,1
SH1150532.08FU_KJ865740_refs,Trichocomaceae,Trichocomaceae,0.672,1
SH1163199.08FU_MH215226_reps,Trichocomaceae,Trichocomaceae,0.921,1
SH1162857.08FU_MH305234_reps,Trichocomaceae,Trichocomaceae,0.745,1
SH1161036.08FU_MH305219_reps,Trichocomaceae,Trichocomaceae,0.925,1
SH1150109.08FU_JN899337_refs,Trichocomaceae,Trichocomaceae,0.547,1
SH1180941.08FU_JN899387_refs,Trichocomaceae,Trichocomaceae,0.588,1
SH1161633.08FU_GU441538_reps,Trichocomaceae,Trichocomaceae,0.926,1
SH1167721.08FU_UDB0755191_reps,Thermoascaceae,Clavicipitaceae,0.663,0
SH1162883.08FU_MN435604_reps,Thermoascaceae,Thermoascaceae,0.668,1
SH1161576.08FU_KC157703_reps,Thermoascaceae,Thermoascaceae,0.401,1
SH1162022.08FU_EU037066_reps,Thermoascaceae,Thermoascaceae,0.513,1
SH1162970.08FU_EU037051_refs,Thermoascaceae,Thermoascaceae,0.512,1
SH1161722.08FU_MT292301_reps,Thermoascaceae,Thermoascaceae,0.525,1
SH1164277.08FU_MH043557_reps,Thermoascaceae,Thermoascaceae,0.584,1
SH1162209.08FU_MW216175_reps,Thermoascaceae,Clavicipitaceae,0.489,0
SH1164568.08FU_KX912079_reps,Thermoascaceae,Thermoascaceae,0.313,1
SH1162487.08FU_KF305752_reps,Thermoascaceae,Thermoascaceae,0.435,1
SH1168798.08FU_JF907988_reps,Elaphomycetaceae,Elaphomycetaceae,0.0433,1
SH1199461.08FU_KR061494_reps,Elaphomycetaceae,Elaphomycetaceae,0.785,1
SH1213086.08FU_UDB0476972_reps,Elaphomycetaceae,Elaphomycetaceae,0.0433,1
SH1168802.08FU_KX238806_reps,Elaphomycetaceae,Elaphomycetaceae,0.0433,1
SH1151858.08FU_KT694137_refs,Elaphomycetaceae,Elaphomycetaceae,0.0429,1
SH1212969.08FU_MF074833_reps,Elaphomycetaceae,Elaphomycetaceae,0.0433,1
SH1168800.08FU_KF412263_reps,Elaphomycetaceae,Elaphomycetaceae,0.0433,1
SH1156268.08FU_JX270540_reps,Onygenales,Onygenales,0.0359,1
SH1244318.08FU_JQ864081_refs,Onygenales,Onygenales,0.0424,1
SH1178420.08FU_KT155800_refs,Onygenales,Onygenales,0.754,1
SH2592107.08FU_MH859181_reps,Onygenales,Onygenales,0.496,1
SH1182217.08FU_KT279810_reps,Onygenales,Onygenales,0.0248,1
SH1182215.08FU_MH857258_refs,Onygenales,Onygenales,0.0361,1
SH1168473.08FU_HG326873_reps,Onygenales,Onygenales,0.0421,1
SH1171795.08FU_KC008978_reps,Onygenales,Onygenales,0.0319,1
SH1186067.08FU_KT155969_refs,Onygenales,Onygenales,0.0424,1
SH1237614.08FU_KP132462_reps,Onygenales,Onygenales,0.569,1
SH1240973.08FU_MH860135_reps,Onygenales,Onygenales,0.0262,1
SH1169723.08FU_MH860603_reps,Onygenales,Onygenales,0.0517,1
SH1171792.08FU_AY177298_refs,Onygenales,Onygenales,0.0301,1
SH1150388.08FU_KC535113_reps,Onygenales,Onygenales,0.0352,1
SH1160191.08FU_AJ439442_refs,Onygenales,Onygenales,0.0426,1
SH1169740.08FU_AJ271567_reps,Onygenales,Onygenales,0.0426,1
SH1188657.08FU_AB861791_reps,Onygenales,Onygenales,0.478,1
SH1178417.08FU_KR674036_refs,Onygenales,Onygenales,0.88,1
SH1169877.08FU_KT155673_refs,Onygenales,Onygenales,0.0507,1
SH1181119.08FU_KF477239_refs,Onygenales,Onygenales,0.0426,1
SH1181121.08FU_KF477229_reps,Onygenales,Onygenales,0.0544,1
SH1169875.08FU_AJ005369_refs,Onygenales,Onygenales,0.649,1
SH2604790.08FU_UDB0476774_reps,Onygenales,NA,0.0,0
SH3565040.08FU_MK329083_reps,Onygenales,NA,0.0,0
SH3565039.08FU_MK329084_reps,Onygenales,NA,0.0,0
SH3565032.08FU_MK329089_reps,Onygenales,NA,0.0,0
SH3565042.08FU_MK329075_reps,Onygenales,Onygenales,0.33,1
SH3565038.08FU_MK329087_reps,Onygenales,NA,0.0,0
SH1238311.08FU_AJ000607_refs,Onygenales,Onygenales,0.695,1
SH1245305.08FU_AJ271421_reps,Onygenales,Onygenales,0.0426,1
SH1191415.08FU_AJ271430_refs,Onygenales,Onygenales,0.04,1
SH1238310.08FU_KM091307_refs,Onygenales,Onygenales,0.838,1
SH1238316.08FU_HF937405_reps,Onygenales,Onygenales,0.484,1
SH1169718.08FU_KY014424_reps,Onygenales,Onygenales,0.0399,1
SH1247473.08FU_KF477241_refs,Onygenales,Onygenales,0.0426,1
SH1238795.08FU_UDB0112484_reps,Onygenales,Onygenales,0.0271,1
SH1216128.08FU_LT897803_reps,Onygenales,Onygenales,0.93,1
SH1168563.08FU_MH858363_refs,Onygenales,Onygenales,0.522,1
SH1188655.08FU_AJ131683_refs,Onygenales,Onygenales,0.457,1
SH2591807.08FU_MH793454_reps,Onygenales,Onygenales,0.0377,1
SH1169874.08FU_KF958275_reps,Onygenales,Onygenales,0.806,1
SH1150535.08FU_AY753348_refs,Onygenales,Eurotiales,0.701,0
SH1188601.08FU_KT155798_refs,Onygenales,Onygenales,0.0274,1
SH2606078.08FU_UDB0551994_reps,Onygenales,NA,0.0,0
SH1169155.08FU_JN104520_reps,Onygenales,Onygenales,0.168,1
SH1181696.08FU_KF477225_refs,Onygenales,Onygenales,0.0306,1
SH1156722.08FU_KT155792_reps,Onygenales,Onygenales,0.0888,1
SH1157612.08FU_U68332_refs,Onygenales,Onygenales,0.026,1
SH1160309.08FU_KX258778_refs,Chaetothyriales,Chaetothyriales,0.335,1
SH2610599.08FU_UDB0275902_reps,Chaetothyriales,Chaetothyriales,0.115,1
SH1216227.08FU_KC456964_reps,Chaetothyriales,Chaetothyriales,0.66,1
SH1160240.08FU_GU225948_refs,Chaetothyriales,Chaetothyriales,0.21,1
SH1160277.08FU_KX302071_reps,Chaetothyriales,Chaetothyriales,0.264,1
SH2612441.08FU_UDB0408075_reps,Chaetothyriales,Chaetothyriales,0.0818,1
SH1228076.08FU_UDB0350127_reps,Chaetothyriales,Chaetothyriales,0.0229,1
SH1157567.08FU_UDB0259675_reps,Chaetothyriales,NA,0.0,0
SH2606961.08FU_UDB0154157_reps,Chaetothyriales,NA,0.0,0
SH1192661.08FU_EF551461_refs,Chaetothyriales,Chaetothyriales,0.89,1
SH1182895.08FU_MF971128_reps,Chaetothyriales,Chaetothyriales,0.0185,1
SH1238505.08FU_EU552108_refs,Chaetothyriales,Capnodiales,0.0307,0
SH1188959.08FU_AF050258_reps,Chaetothyriales,Chaetothyriales,0.261,1
SH2611199.08FU_UDB0515691_reps,Chaetothyriales,Chaetothyriales,0.0122,1
SH1157546.08FU_UDB0507893_reps,Chaetothyriales,NA,0.0,0
SH1160343.08FU_UDB0763097_reps,Chaetothyriales,Chaetothyriales,0.285,1
SH1160319.08FU_EU137332_reps,Chaetothyriales,Chaetothyriales,0.339,1
SH1237026.08FU_MH071805_reps,Chaetothyriales,Chaetothyriales,0.024,1
SH1228049.08FU_KY940496_reps,Chaetothyriales,Chaetothyriales,0.027,1
SH2596513.08FU_MG707511_reps,Chaetothyriales,Chaetothyriales,0.556,1
SH1171731.08FU_KT588601_refs,Chaetothyriales,Chaetothyriales,0.0391,1
SH1160365.08FU_AY265339_reps,Chaetothyriales,Chaetothyriales,0.361,1
SH1160230.08FU_KJ481256_reps,Chaetothyriales,Chaetothyriales,0.0301,1
SH1155495.08FU_EU137291_refs,Chaetothyriales,Chaetothyriales,0.385,1
SH1160270.08FU_KC965543_reps,Chaetothyriales,Chaetothyriales,0.634,1
SH1174279.08FU_JX317525_reps,Chaetothyriales,Chaetothyriales,0.0277,1
SH1180820.08FU_FJ265756_reps,Chaetothyriales,Chaetothyriales,0.157,1
SH1155202.08FU_UDB0660628_reps,Chaetothyriales,Chaetothyriales,0.0148,1
SH1175297.08FU_HQ634646_reps,Chaetothyriales,Chaetothyriales,0.328,1
SH1160326.08FU_FJ385270_reps,Chaetothyriales,Chaetothyriales,0.481,1
SH1184084.08FU_KF614822_reps,Chaetothyriales,Chaetothyriales,0.0805,1
SH1216246.08FU_UDB0312239_reps,Chaetothyriales,Chaetothyriales,0.46,1
SH1182992.08FU_AB712023_reps,Chaetothyriales,Chaetothyriales,0.38,1
SH1191738.08FU_KC455249_refs,Chaetothyriales,Chaetothyriales,0.907,1
SH1180518.08FU_AY857524_refs,Chaetothyriales,Chaetothyriales,0.491,1
SH1180517.08FU_MN410617_reps,Chaetothyriales,Chaetothyriales,0.923,1
SH1180804.08FU_JN040510_refs,Chaetothyriales,Chaetothyriales,0.612,1
SH1186375.08FU_UDB0349932_reps,Chaetothyriales,NA,0.0,0
SH3218663.08FU_UDB0493911_reps,Chaetothyriales,NA,0.0,0
SH1173301.08FU_MH859810_refs,Chaetothyriales,Helotiales,0.154,0
SH1186378.08FU_EU139158_reps,Chaetothyriales,Chaetothyriales,0.0309,1
SH1184082.08FU_LC192096_reps,Chaetothyriales,Chaetothyriales,0.215,1
SH1180823.08FU_KT337438_refs,Chaetothyriales,Chaetothyriales,0.276,1
SH1150400.08FU_KC349859_reps,Chaetothyriales,Chaetothyriales,0.03,1
SH1192665.08FU_JX473278_reps,Chaetothyriales,Chaetothyriales,0.769,1
SH1237022.08FU_MF976620_reps,Chaetothyriales,Chaetothyriales,0.0176,1
SH1216219.08FU_FJ008683_reps,Chaetothyriales,Chaetothyriales,0.391,1
SH1180807.08FU_KC951246_reps,Chaetothyriales,Chaetothyriales,0.219,1
SH1160336.08FU_MW012381_reps,Chaetothyriales,Chaetothyriales,0.016,1
SH1160298.08FU_AB986418_reps,Chaetothyriales,Chaetothyriales,0.587,1
SH1236771.08FU_KF614811_reps,Chaetothyriales,Chaetothyriales,0.0261,1
SH1174281.08FU_UDB0622113_reps,Chaetothyriales,Chaetothyriales,0.0215,1
SH1237401.08FU_UDB0512341_reps,Chaetothyriales,NA,0.0,0
SH1160231.08FU_EU103989_refs,Chaetothyriales,Chaetothyriales,0.434,1
SH1231661.08FU_KC455241_refs,Chaetothyriales,Chaetothyriales,0.0412,1
SH1184091.08FU_KY680416_reps,Chaetothyriales,Chaetothyriales,0.0306,1
SH1198711.08FU_KF297168_reps,Chaetothyriales,Chaetothyriales,0.0229,1
SH1186376.08FU_KC965236_reps,Chaetothyriales,NA,0.0,0
SH1160251.08FU_GQ426976_reps,Chaetothyriales,Chaetothyriales,0.513,1
SH1189540.08FU_HQ634660_reps,Chaetothyriales,Chaetothyriales,0.0261,1
SH1204835.08FU_KF614774_reps,Chaetothyriales,Chaetothyriales,0.177,1
SH1226128.08FU_FJ237239_reps,Chaetothyriales,Capnodiales,0.0329,0
SH1188953.08FU_KX434723_refs,Chaetothyriales,Chaetothyriales,0.163,1
SH1216226.08FU_KF297148_reps,Chaetothyriales,Chaetothyriales,0.426,1
SH1144928.08FU_GU225940_refs,Chaetothyriales,Chaetothyriales,0.669,1
SH1228050.08FU_KX495642_reps,Chaetothyriales,Chaetothyriales,0.0941,1
SH1228048.08FU_EU041814_refs,Chaetothyriales,Chaetothyriales,0.324,1
SH1236772.08FU_KC951248_reps,Chaetothyriales,Chaetothyriales,0.0261,1
SH2593402.08FU_MG976297_reps,Chaetothyriales,Chaetothyriales,0.498,1
SH2591887.08FU_MH863958_reps,Chaetothyriales,Chaetothyriales,0.412,1
SH1176022.08FU_KT160745_reps,Chaetothyriales,Chaetothyriales,0.0197,1
SH2614472.08FU_UDB0464353_reps,Chaetothyriales,Chaetothyriales,0.117,1
SH1228041.08FU_AF050272_refs,Chaetothyriales,Chaetothyriales,0.894,1
SH2606886.08FU_UDB0152866_reps,Chaetothyriales,Chaetothyriales,0.0147,1
SH1188954.08FU_GU017733_refs,Chaetothyriales,Chaetothyriales,0.153,1
SH1188965.08FU_KX306768_refs,Chaetothyriales,Chaetothyriales,0.031,1
SH1180829.08FU_AY843067_reps,Chaetothyriales,Chaetothyriales,0.218,1
SH2610438.08FU_UDB0269647_reps,Chaetothyriales,Capnodiales,0.0248,0
SH1245290.08FU_MH859363_reps,Chaetothyriales,Chaetothyriales,0.031,1
SH2608842.08FU_UDB0326396_reps,Chaetothyriales,NA,0.0,0
SH1160279.08FU_MN075216_reps,Chaetothyriales,Chaetothyriales,0.546,1
SH3218662.08FU_UDB0378545_reps,Chaetothyriales,NA,0.0,0
SH1160272.08FU_JF691445_reps,Chaetothyriales,Chaetothyriales,0.68,1
SH1160363.08FU_KF675713_reps,Chaetothyriales,Chaetothyriales,0.023,1
SH1180841.08FU_UDB0755111_reps,Chaetothyriales,Chaetothyriales,0.581,1
SH1192663.08FU_JN625231_refs,Chaetothyriales,Chaetothyriales,0.156,1
SH1180817.08FU_UDB0767838_reps,Chaetothyriales,Chaetothyriales,0.0144,1
SH1160255.08FU_JX042982_reps,Chaetothyriales,Chaetothyriales,0.423,1
SH1160225.08FU_AF050269_refs,Chaetothyriales,Chaetothyriales,0.923,1
SH1204841.08FU_UDB0369957_reps,Chaetothyriales,Chaetothyriales,0.0294,1
SH1160301.08FU_KU747843_reps,Chaetothyriales,Chaetothyriales,0.667,1
SH1160228.08FU_EU035405_refs,Chaetothyriales,Chaetothyriales,0.849,1
SH2603209.08FU_UDB067443_reps,Chaetothyriales,Chaetothyriales,0.2,1
SH1186421.08FU_UDB0666040_reps,Chaetothyriales,Chaetothyriales,0.0177,1
SH2605150.08FU_UDB0231414_reps,Chaetothyriales,NA,0.0,0
SH1147976.08FU_UDB0344787_reps,Chaetothyriales,Chaetothyriales,0.031,1
SH1157548.08FU_UDB0465513_reps,Chaetothyriales,Chaetothyriales,0.0261,1
SH1151730.08FU_AY857540_refs,Chaetothyriales,Chaetothyriales,0.031,1
SH1160285.08FU_KY305141_reps,Chaetothyriales,Chaetothyriales,0.031,1
SH2609824.08FU_UDB0244838_reps,Chaetothyriales,Chaetothyriales,0.105,1
SH1204836.08FU_KF614770_reps,Chaetothyriales,Chaetothyriales,0.0187,1
SH1176016.08FU_KC884362_reps,Chaetothyriales,Chaetothyriales,0.031,1
SH1192233.08FU_KX344056_refs,Verrucariales,Verrucariales,0.134,1
SH1192287.08FU_FJ232928_refs,Verrucariales,Verrucariales,0.593,1
SH1223445.08FU_EU364560_reps,Verrucariales,Verrucariales,0.498,1
SH1192318.08FU_JF737807_reps,Verrucariales,Verrucariales,0.077,1
SH1192279.08FU_KF959781_reps,Verrucariales,Verrucariales,0.0822,1
SH1192264.08FU_KM371456_reps,Verrucariales,Verrucariales,0.412,1
SH1193423.08FU_EU553507_reps,Verrucariales,Verrucariales,0.0822,1
SH1192298.08FU_EU249478_reps,Verrucariales,Verrucariales,0.419,1
SH1192275.08FU_KX538756_reps,Verrucariales,Verrucariales,0.667,1
SH1193506.08FU_KC965931_reps,Verrucariales,Verrucariales,0.0538,1
SH1177408.08FU_JN638256_reps,Verrucariales,Verrucariales,0.0822,1
SH1177411.08FU_KY697130_reps,Verrucariales,Verrucariales,0.0822,1
SH1192301.08FU_EU010246_refs,Verrucariales,Verrucariales,0.409,1
SH1177406.08FU_JN638264_refs,Verrucariales,Verrucariales,0.0822,1
SH1192255.08FU_KX720575_refs,Verrucariales,Verrucariales,0.7,1
SH1192351.08FU_KX538747_refs,Verrucariales,Verrucariales,0.687,1
SH1192244.08FU_KF819514_refs,Verrucariales,Verrucariales,0.581,1
SH1192230.08FU_KM371488_reps,Verrucariales,Verrucariales,0.541,1
SH1181225.08FU_FJ664822_reps,Verrucariales,Verrucariales,0.601,1
SH3565081.08FU_MN967305_reps,Verrucariales,Verrucariales,0.184,1
SH1192250.08FU_KY682961_reps,Verrucariales,Verrucariales,0.701,1
SH1192257.08FU_UDB0169865_reps,Verrucariales,Verrucariales,0.0818,1
SH1193432.08FU_MT127199_reps,Verrucariales,Verrucariales,0.0357,1
SH1238942.08FU_JX645041_reps,Verrucariales,Verrucariales,0.703,1
SH3568479.08FU_MT229786_reps,Verrucariales,NA,0.0,0
SH3568480.08FU_MT229761_reps,Verrucariales,Verrucariales,0.0158,1
SH1192256.08FU_KM371431_reps,Verrucariales,Verrucariales,0.631,1
SH1151863.08FU_MF070071_reps,Verrucariales,Verrucariales,0.0822,1
SH1172445.08FU_UDB024196_reps,Verrucariales,Verrucariales,0.0818,1
SH1192254.08FU_JF509166_refs,Verrucariales,Verrucariales,0.445,1
SH1192285.08FU_KM371467_reps,Verrucariales,Verrucariales,0.486,1
SH1238950.08FU_EF014198_reps,Verrucariales,Verrucariales,0.529,1
SH1179153.08FU_GU228967_reps,Verrucariales,Verrucariales,0.0822,1
SH1193498.08FU_JQ088042_reps,Verrucariales,Verrucariales,0.0856,1
SH1192235.08FU_KM243240_reps,Verrucariales,Verrucariales,0.717,1
SH1193427.08FU_EU249475_reps,Verrucariales,Verrucariales,0.0822,1
SH1194487.08FU_KF675595_reps,Phaeomoniellales,Phaeomoniellales,0.0106,1
SH1215314.08FU_AF197973_refs,Phaeomoniellales,Phaeomoniellales,0.826,1
SH1194488.08FU_KX908359_reps,Phaeomoniellales,Phaeomoniellales,0.0388,1
SH1191613.08FU_KU325017_reps,Phaeomoniellales,Phaeomoniellales,0.0155,1
SH1191610.08FU_UDB0667883_reps,Phaeomoniellales,Phaeomoniellales,0.0103,1
SH1215320.08FU_AY971710_reps,Phaeomoniellales,Phaeomoniellales,0.0768,1
SH3568847.08FU_MT298136_reps,Phaeomoniellales,NA,0.0,0
SH1191612.08FU_GQ154590_refs,Phaeomoniellales,Phaeomoniellales,0.0868,1
SH1168503.08FU_KF675327_reps,Phaeomoniellales,Phaeomoniellales,0.0161,1
SH1215316.08FU_KM104089_reps,Phaeomoniellales,Phaeomoniellales,0.41,1
SH1194490.08FU_MT791080_reps,Phaeomoniellales,Helotiales,0.0476,0
SH1151105.08FU_AY795855_reps,Mycocaliciales,Mycocaliciales,0.0637,1
SH1236151.08FU_AY795858_reps,Mycocaliciales,Mycocaliciales,0.0637,1
SH1232823.08FU_KJ865747_refs,Mycocaliciales,Pertusariales,0.088,0
SH1183803.08FU_AY795877_reps,Mycocaliciales,Mycocaliciales,0.0654,1
SH1189908.08FU_JX122780_refs,Mycocaliciales,Mycocaliciales,0.155,1
SH1144169.08FU_MH474370_reps,Mycocaliciales,Mycocaliciales,0.0594,1
SH1177460.08FU_KR920004_reps,Mycocaliciales,Mycocaliciales,0.154,1
SH1186521.08FU_KY661618_refs,Sclerococcales,Sclerococcales,0.146,1
SH2595539.08FU_MK876394_reps,Coryneliales,NA,0.0,0
SH1151347.08FU_KU204606_reps,Coryneliales,NA,0.0,0
SH2605397.08FU_UDB0107951_reps,Coryneliales,NA,0.0,0
SH1185155.08FU_KT820120_reps,Pyrenulales,Pyrenulales,0.0482,1
SH1246539.08FU_KT820157_reps,Pyrenulales,Pyrenulales,0.0482,1
SH1151117.08FU_KT820136_refs,Pyrenulales,Pyrenulales,0.0482,1
SH1142253.08FU_MN387117_reps,Pyrenulales,Pyrenulales,0.143,1
SH1185148.08FU_KT820143_reps,Pyrenulales,Pyrenulales,0.132,1
SH1143775.08FU_MG600742_reps,Glomerellales,Glomerellales,0.929,1
SH3568938.08FU_MW159362_reps,Glomerellales,Glomerellales,0.909,1
SH1171877.08FU_JQ005235_refs,Glomerellales,Glomerellales,0.92,1
SH1234045.08FU_UDB0188100_reps,Glomerellales,Glomerellales,0.0316,1
SH1151309.08FU_KT166445_reps,Glomerellales,Glomerellales,0.04,1
SH1171893.08FU_MH267875_reps,Glomerellales,Glomerellales,0.593,1
SH1234027.08FU_DQ825985_refs,Glomerellales,Hypocreales,0.652,0
SH1202976.08FU_EF641860_refs,Glomerellales,Glomerellales,0.0314,1
SH1171874.08FU_GU048667_refs,Glomerellales,Glomerellales,0.934,1
SH2595576.08FU_MK441707_reps,Glomerellales,Glomerellales,0.676,1
SH2595141.08FU_MK828652_reps,Sordariomycetes,NA,0.0,0
SH1144187.08FU_MH457172_reps,Sordariomycetes,NA,0.0,0
SH2611718.08FU_UDB0633371_reps,Sordariomycetes,NA,0.0,0
SH1157522.08FU_KY853456_refs,Sordariomycetes,NA,0.0,0
SH1144184.08FU_MF077553_refs,Sordariomycetes,Togniniales,0.0174,0
SH1144186.08FU_KX710145_refs,Sordariomycetes,Togniniales,0.0189,0
SH1237305.08FU_KY931783_reps,Sordariomycetes,dummy_order_Lentomitella,0.182,0
SH3220326.08FU_UDB0367528_reps,Microascales,NA,0.0,0
SH1148163.08FU_GQ200611_refs,Microascales,Microascales,0.0742,1
SH1192861.08FU_LN850994_refs,Microascales,Microascales,0.845,1
SH2601586.08FU_UDB0635469_reps,Microascales,NA,0.0,0
SH1238485.08FU_DQ520637_refs,Microascales,Microascales,0.828,1
SH1182939.08FU_KY853436_refs,Microascales,Microascales,0.0521,1
SH1149494.08FU_JQ989314_reps,Microascales,Microascales,0.035,1
SH1238489.08FU_MH687347_reps,Microascales,Microascales,0.845,1
SH1192859.08FU_LM652379_refs,Microascales,Microascales,0.376,1
SH1178848.08FU_KX228251_refs,Microascales,Microascales,0.0302,1
SH1146127.08FU_MK329112_reps,Microascales,Microascales,0.053,1
SH1238488.08FU_EF070415_refs,Microascales,Microascales,0.737,1
SH1146117.08FU_LM652441_refs,Microascales,Microascales,0.626,1
SH1148161.08FU_KT264382_reps,Microascales,Microascales,0.15,1
SH1153142.08FU_JQ838021_reps,Microascales,Microascales,0.0738,1
SH1227631.08FU_MH454340_reps,Microascales,Microascales,0.524,1
SH1215749.08FU_AJ271576_refs,Microascales,Sordariales,0.919,0
SH1238484.08FU_HM071902_refs,Microascales,Microascales,0.768,1
SH1146120.08FU_LM652424_refs,Microascales,Microascales,0.0652,1
SH1241430.08FU_HQ649898_reps,Microascales,Microascales,0.921,1
SH1148165.08FU_AM267264_reps,Microascales,Microascales,0.0374,1
SH1192860.08FU_LM652389_refs,Microascales,Microascales,0.47,1
SH1146123.08FU_LM652453_refs,Microascales,Microascales,0.0652,1
SH1150912.08FU_AY879799_refs,Microascales,Microascales,0.0472,1
SH1227625.08FU_KF060719_reps,Microascales,Microascales,0.208,1
SH1148162.08FU_GQ266162_reps,Microascales,Microascales,0.48,1
SH1146119.08FU_KX923905_refs,Microascales,Microascales,0.0652,1
SH2593268.08FU_MW220844_reps,Diaporthales,NA,0.0,0
SH1169955.08FU_KC343005_refs,Diaporthales,Diaporthales,0.48,1
SH2595282.08FU_MN431157_reps,Diaporthales,Botryosphaeriales,0.0566,0
SH1170033.08FU_KJ471538_reps,Diaporthales,Diaporthales,0.441,1
SH1204280.08FU_FJ025332_reps,Diaporthales,Diaporthales,0.699,1
SH1215698.08FU_KY427150_refs,Diaporthales,Diaporthales,0.583,1
SH1215720.08FU_MG866034_reps,Diaporthales,Diaporthales,0.66,1
SH1170040.08FU_MT126599_reps,Diaporthales,Diaporthales,0.376,1
SH1169952.08FU_KC343113_reps,Diaporthales,Diaporthales,0.422,1
SH1169961.08FU_MH267904_reps,Diaporthales,Diaporthales,0.476,1
SH1169920.08FU_HQ117847_reps,Diaporthales,Diaporthales,0.594,1
SH1169918.08FU_KC343042_refs,Diaporthales,Diaporthales,0.426,1
SH1178368.08FU_JQ862765_refs,Diaporthales,Diaporthales,0.0234,1
SH1215712.08FU_JF779849_refs,Diaporthales,Diaporthales,0.555,1
SH1170045.08FU_MK024686_reps,Diaporthales,Diaporthales,0.329,1
SH1169933.08FU_KC343220_refs,Diaporthales,Diaporthales,0.473,1
SH1169943.08FU_MT974123_reps,Diaporthales,Diaporthales,0.399,1
SH1178327.08FU_DQ368773_refs,Diaporthales,Diaporthales,0.898,1
SH1178335.08FU_HQ730837_refs,Diaporthales,Diaporthales,0.84,1
SH1170041.08FU_KC343189_reps,Diaporthales,Diaporthales,0.581,1
SH1179784.08FU_JQ926265_refs,Diaporthales,Diaporthales,0.0708,1
SH1176895.08FU_HM991734_refs,Diaporthales,Diaporthales,0.751,1
SH1170051.08FU_KF777156_refs,Diaporthales,Diaporthales,0.549,1
SH1204291.08FU_EU254871_reps,Diaporthales,Diaporthales,0.641,1
SH1235750.08FU_AF192319_reps,Diaporthales,Diaporthales,0.0751,1
SH2596133.08FU_MK799947_reps,Diaporthales,Diaporthales,0.0736,1
SH1191690.08FU_MF190164_refs,Diaporthales,Diaporthales,0.0291,1
SH1170386.08FU_KY523476_refs,Diaporthales,Xylariales,0.681,0
SH1204284.08FU_EU254977_refs,Diaporthales,Diaporthales,0.679,1
SH1235713.08FU_KF309269_reps,Diaporthales,Diaporthales,0.824,1
SH2610970.08FU_UDB0398349_reps,Diaporthales,Diaporthales,0.335,1
SH1235720.08FU_KR873244_refs,Diaporthales,Diaporthales,0.0291,1
SH2592956.08FU_MK096315_reps,Diaporthales,Diaporthales,0.0881,1
SH1169942.08FU_KC343185_reps,Diaporthales,Diaporthales,0.558,1
SH2592877.08FU_MK432656_reps,Diaporthales,Diaporthales,0.57,1
SH1169935.08FU_FR748047_reps,Diaporthales,Diaporthales,0.519,1
SH1204276.08FU_EU254775_reps,Diaporthales,Diaporthales,0.577,1
SH1174174.08FU_JX069861_refs,Diaporthales,Diaporthales,0.228,1
SH1204307.08FU_EU254765_reps,Diaporthales,Diaporthales,0.484,1
SH1204279.08FU_EU254981_reps,Diaporthales,Diaporthales,0.697,1
SH1169944.08FU_JN198413_reps,Diaporthales,Diaporthales,0.065,1
SH2593989.08FU_KY051842_reps,Diaporthales,Diaporthales,0.816,1
SH1178376.08FU_KF779492_refs,Diaporthales,Diaporthales,0.0234,1
SH1179782.08FU_JQ926246_reps,Diaporthales,Diaporthales,0.0944,1
SH1215700.08FU_GU320820_refs,Diaporthales,Diaporthales,0.649,1
SH1169931.08FU_LC275192_refs,Diaporthales,Diaporthales,0.479,1
SH1169946.08FU_JN225879_reps,Diaporthales,Diaporthales,0.0272,1
SH1179789.08FU_MH863731_reps,Diaporthales,Diaporthales,0.0927,1
SH1170053.08FU_MH267911_reps,Diaporthales,Diaporthales,0.393,1
SH1179785.08FU_JQ926256_refs,Diaporthales,Diaporthales,0.0945,1
SH2592534.08FU_MK573952_reps,Diaporthales,Diaporthales,0.467,1
SH1178347.08FU_LS973980_reps,Diaporthales,Diaporthales,0.0458,1
SH1204295.08FU_KU515826_reps,Diaporthales,Diaporthales,0.714,1
SH1142722.08FU_MK524439_reps,Diaporthales,Diaporthales,0.0741,1
SH3566562.08FU_MT360042_reps,Diaporthales,Diaporthales,0.801,1
SH3566662.08FU_MN258799_reps,Diaporthales,NA,0.0,0
SH1235708.08FU_JX534244_reps,Diaporthales,Diaporthales,0.716,1
SH1178355.08FU_JQ685518_refs,Diaporthales,Diaporthales,0.0716,1
SH1142718.08FU_KY523482_refs,Diaporthales,Diaporthales,0.0932,1
SH1235723.08FU_KR045628_refs,Diaporthales,Diaporthales,0.763,1
SH1204269.08FU_JQ414230_refs,Diaporthales,Diaporthales,0.672,1
SH1169912.08FU_KC343115_refs,Diaporthales,Diaporthales,0.818,1
SH1215703.08FU_MF190148_refs,Diaporthales,Diaporthales,0.433,1
SH1169916.08FU_JN053092_reps,Diaporthales,Diaporthales,0.879,1
SH1169910.08FU_FR748048_refs,Diaporthales,Diaporthales,0.519,1
SH1143409.08FU_UDB004153_reps,Coniochaetales,Coniochaetales,0.0311,1
SH1234496.08FU_JQ760495_reps,Coniochaetales,Coniochaetales,0.0276,1
SH1234534.08FU_UDB0761980_reps,Coniochaetales,Coniochaetales,0.389,1
SH1234480.08FU_JN684909_refs,Coniochaetales,Coniochaetales,0.0292,1
SH1234507.08FU_MH861109_reps,Coniochaetales,Coniochaetales,0.422,1
SH1143285.08FU_MN216224_reps,Coniochaetales,Coniochaetales,0.0255,1
SH2596444.08FU_MH262308_reps,Sordariales,Sordariales,0.0315,1
SH1215920.08FU_KX171944_reps,Sordariales,Sordariales,0.0604,1
SH1144349.08FU_KF412337_reps,Sordariales,Sordariales,0.0694,1
SH1186339.08FU_UDB0620948_reps,Sordariales,NA,0.0,0
SH1215806.08FU_AY681202_refs,Sordariales,Sordariales,0.0528,1
SH1215838.08FU_KJ443265_reps,Sordariales,Sordariales,0.0579,1
SH1215836.08FU_KX976660_refs,Sordariales,Sordariales,0.574,1
SH1178126.08FU_KX886155_reps,Sordariales,Sordariales,0.0315,1
SH2607281.08FU_UDB0159977_reps,Sordariales,NA,0.0,0
SH2604271.08FU_UDB099803_reps,Sordariales,NA,0.0,0
SH1194554.08FU_HM162219_reps,Sordariales,Sordariales,0.0325,1
SH1215916.08FU_JN704818_reps,Sordariales,Sordariales,0.0445,1
SH1179144.08FU_MK304293_reps,Sordariales,Sordariales,0.0604,1
SH1215791.08FU_HM449051_refs,Sordariales,Sordariales,0.0577,1
SH1247168.08FU_MH863030_reps,Sordariales,Sordariales,0.0604,1
SH1176839.08FU_JX868637_reps,Sordariales,Sordariales,0.0594,1
SH1160035.08FU_EF197077_reps,Sordariales,Sordariales,0.0604,1
SH1142220.08FU_MF415409_refs,Sordariales,Sordariales,0.93,1
SH1215754.08FU_KX976685_refs,Sordariales,Sordariales,0.899,1
SH1178593.08FU_UDB0375207_reps,Sordariales,Sordariales,0.0263,1
SH1176835.08FU_FM955448_refs,Sordariales,Sordariales,0.0664,1
SH1237063.08FU_AY699695_reps,Sordariales,Sordariales,0.0863,1
SH1186729.08FU_KY823605_reps,Sordariales,Sordariales,0.93,1
SH2611867.08FU_UDB0580534_reps,Sordariales,NA,0.0,0
SH1189390.08FU_JN936995_refs,Sordariales,Sordariales,0.0697,1
SH1142219.08FU_MH857710_refs,Sordariales,Sordariales,0.822,1
SH2616776.08FU_UDB0575887_reps,Sordariales,NA,0.0,0
SH1237066.08FU_KF466876_reps,Sordariales,Sordariales,0.0314,1
SH1215904.08FU_MT543132_reps,Sordariales,Sordariales,0.731,1
SH1237096.08FU_MT183864_reps,Sordariales,Sordariales,0.0208,1
SH1215785.08FU_KU931475_reps,Sordariales,Sordariales,0.0387,1
SH1215907.08FU_HG328105_reps,Sordariales,Sordariales,0.932,1
SH1185114.08FU_KM484942_reps,Sordariales,Sordariales,0.0315,1
SH1236172.08FU_EF635832_reps,Sordariales,Sordariales,0.0315,1
SH1215755.08FU_KP204017_refs,Sordariales,Sordariales,0.868,1
SH1178592.08FU_GU078649_reps,Sordariales,Sordariales,0.0539,1
SH1236173.08FU_JX630429_reps,Sordariales,Sordariales,0.0315,1
SH2605950.08FU_UDB0315857_reps,Sordariales,NA,0.0,0
SH2605478.08FU_UDB0110020_reps,Sordariales,Sordariales,0.0115,1
SH1215795.08FU_UDB0519484_reps,Sordariales,Sordariales,0.411,1
SH1215793.08FU_HM449049_refs,Sordariales,Sordariales,0.244,1
SH1186331.08FU_DQ166963_refs,Sordariales,Sordariales,0.0485,1
SH2603327.08FU_UDB069288_reps,Sordariales,NA,0.0,0
SH1215779.08FU_UDB0122298_reps,Sordariales,Sordariales,0.525,1
SH1247283.08FU_DQ273346_reps,Sordariales,Sordariales,0.0313,1
SH1174885.08FU_UDB0769495_reps,Sordariales,Sordariales,0.0306,1
SH1215771.08FU_AB625580_refs,Sordariales,Sordariales,0.553,1
SH1194531.08FU_FJ196771_refs,Sordariales,Sordariales,0.0524,1
SH1215825.08FU_UDB0769293_reps,Sordariales,Sordariales,0.0313,1
SH1173138.08FU_HE610365_refs,Sordariales,Sordariales,0.0713,1
SH1185112.08FU_JQ081850_reps,Sordariales,Sordariales,0.0309,1
SH2595284.08FU_MN429285_reps,Sordariales,Sordariales,0.0503,1
SH2606953.08FU_UDB0154118_reps,Sordariales,Sordariales,0.425,1
SH1215824.08FU_KX976681_refs,Sordariales,Sordariales,0.0579,1
SH2597977.08FU_UDB0766508_reps,Sordariales,Sordariales,0.0314,1
SH2592053.08FU_MH861283_reps,Sordariales,Sordariales,0.43,1
SH1178033.08FU_KU977534_reps,Sordariales,Sordariales,0.0424,1
SH1171184.08FU_HM162187_reps,Sordariales,Sordariales,0.0549,1
SH2592013.08FU_MH855940_reps,Sordariales,Sordariales,0.0353,1
SH1189393.08FU_MF374354_refs,Sordariales,Sordariales,0.0691,1
SH2607361.08FU_UDB0579739_reps,Sordariales,NA,0.0,0
SH1215830.08FU_KP101210_reps,Sordariales,Sordariales,0.0579,1
SH1245626.08FU_KT581882_reps,Sordariales,Sordariales,0.0469,1
SH2598351.08FU_UDB0666042_reps,Sordariales,NA,0.0,0
SH1242340.08FU_LT633939_reps,Sordariales,Sordariales,0.0493,1
SH1215763.08FU_MH858767_refs,Sordariales,Sordariales,0.0496,1
SH1187772.08FU_UDB0425372_reps,Sordariales,Sordariales,0.044,1
SH1215781.08FU_KX976687_refs,Sordariales,Sordariales,0.0579,1
SH1151590.08FU_MK178555_reps,Sordariales,Sordariales,0.86,1
SH1187783.08FU_UDB069941_reps,Sordariales,Sordariales,0.367,1
SH1183460.08FU_JX042887_reps,Hypocreales,Hypocreales,0.0243,1
SH1151013.08FU_UDB0271543_reps,Hypocreales,Hypocreales,0.0377,1
SH2594051.08FU_UDB0779015_reps,Hypocreales,Hypocreales,0.051,1
SH1168797.08FU_KM652158_reps,Hypocreales,Hypocreales,0.0744,1
SH1188104.08FU_GU059975_reps,Hypocreales,Hypocreales,0.879,1
SH1247581.08FU_KJ808767_refs,Hypocreales,Hypocreales,0.0899,1
SH1151264.08FU_MT279198_reps,Hypocreales,Hypocreales,0.056,1
SH1150330.08FU_DQ345594_reps,Hypocreales,Hypocreales,0.0744,1
SH1160134.08FU_UDB035185_reps,Hypocreales,Hypocreales,0.0744,1
SH2597008.08FU_UDB039478_reps,Hypocreales,Hypocreales,0.808,1
SH2604599.08FU_UDB0526871_reps,Hypocreales,NA,0.0,0
SH1155544.08FU_AF210668_refs,Hypocreales,Hypocreales,0.307,1
SH1156600.08FU_KX788198_reps,Hypocreales,Hypocreales,0.0569,1
SH2614478.08FU_UDB0656721_reps,Hypocreales,NA,0.0,0
SH1175589.08FU_FJ820790_reps,Hypocreales,Hypocreales,0.6,1
SH1181301.08FU_KM278050_reps,Hypocreales,Hypocreales,0.826,1
SH1143438.08FU_KM231748_reps,Hypocreales,Hypocreales,0.503,1
SH1152953.08FU_AY254161_reps,Hypocreales,Hypocreales,0.072,1
SH1143447.08FU_KJ022009_reps,Hypocreales,Hypocreales,0.0878,1
SH1144398.08FU_KY415577_reps,Hypocreales,Hypocreales,0.0744,1
SH1190759.08FU_KU097263_reps,Hypocreales,Hypocreales,0.0878,1
SH1155545.08FU_JQ700569_reps,Hypocreales,Hypocreales,0.067,1
SH2593876.08FU_MG022158_reps,Hypocreales,Hypocreales,0.064,1
SH1169037.08FU_UDB0175232_reps,Hypocreales,Hypocreales,0.0158,1
SH2603961.08FU_UDB079355_reps,Hypocreales,NA,0.0,0
SH1155566.08FU_AF210678_refs,Hypocreales,Hypocreales,0.707,1
SH1150973.08FU_KY173435_refs,Hypocreales,Hypocreales,0.0798,1
SH1177916.08FU_EF194154_reps,Hypocreales,Hypocreales,0.0744,1
SH1188105.08FU_MH864424_reps,Hypocreales,Hypocreales,0.458,1
SH2608200.08FU_UDB0666443_reps,Hypocreales,NA,0.0,0
SH1182436.08FU_JQ815076_refs,Hypocreales,Hypocreales,0.944,1
SH1156662.08FU_JQ437609_reps,Hypocreales,Hypocreales,0.0521,1
SH1156642.08FU_UDB0238990_reps,Hypocreales,Hypocreales,0.564,1
SH1174678.08FU_MN108300_reps,Hypocreales,Hypocreales,0.0854,1
SH1177400.08FU_AB700550_reps,Hypocreales,Hypocreales,0.214,1
SH1181305.08FU_JX326770_reps,Hypocreales,Hypocreales,0.632,1
SH1186852.08FU_KU999977_reps,Hypocreales,Hypocreales,0.0231,1
SH1239218.08FU_MT153648_reps,Hypocreales,Hypocreales,0.0413,1
SH1185589.08FU_KM265751_reps,Hypocreales,Hypocreales,0.0619,1
SH1143429.08FU_MG826989_refs,Hypocreales,Hypocreales,0.222,1
SH1173687.08FU_MG231960_reps,Hypocreales,Hypocreales,0.933,1
SH1159955.08FU_MK397307_reps,Hypocreales,Hypocreales,0.813,1
SH1173594.08FU_EU926229_refs,Hypocreales,Hypocreales,0.952,1
SH1167027.08FU_MF176009_reps,Hypocreales,Hypocreales,0.631,1
SH1173616.08FU_UDB0616783_reps,Hypocreales,Hypocreales,0.945,1
SH1173638.08FU_AY554212_refs,Hypocreales,Hypocreales,0.791,1
SH1187995.08FU_AY894979_refs,Hypocreales,Hypocreales,0.554,1
SH1173656.08FU_KY797281_reps,Hypocreales,Hypocreales,0.892,1
SH1183119.08FU_KU846287_refs,Hypocreales,Hypocreales,0.482,1
SH1177378.08FU_HM195305_refs,Hypocreales,Hypocreales,0.659,1
SH1237499.08FU_LC482111_reps,Hypocreales,Hypocreales,0.61,1
SH1169532.08FU_AM779860_reps,Hypocreales,Hypocreales,0.67,1
SH1187903.08FU_MK870658_reps,Hypocreales,Hypocreales,0.931,1
SH1237504.08FU_UDB0660052_reps,Hypocreales,Hypocreales,0.845,1
SH1185093.08FU_KJ021977_reps,Hypocreales,Hypocreales,0.0878,1
SH1192195.08FU_HM245331_reps,Hypocreales,Hypocreales,0.399,1
SH1173606.08FU_HM484548_refs,Hypocreales,Hypocreales,0.944,1
SH1177428.08FU_AY624171_refs,Hypocreales,Hypocreales,0.902,1
SH1168507.08FU_KF466233_reps,Hypocreales,Hypocreales,0.0455,1
SH1149836.08FU_MH858277_reps,Hypocreales,Hypocreales,0.943,1
SH1191913.08FU_MH860549_reps,Hypocreales,Hypocreales,0.0699,1
SH1177902.08FU_KP885725_refs,Hypocreales,Hypocreales,0.946,1
SH1212112.08FU_MT215507_reps,Hypocreales,Hypocreales,0.4,1
SH1161777.08FU_AY306014_reps,Hypocreales,Eurotiales,0.826,0
SH1173662.08FU_KF512548_reps,Hypocreales,Hypocreales,0.874,1
SH1182747.08FU_MG827022_refs,Hypocreales,Hypocreales,0.0529,1
SH1183431.08FU_AF502638_reps,Hypocreales,Hypocreales,0.0691,1
SH1183435.08FU_KT184722_reps,Hypocreales,Hypocreales,0.0878,1
SH1155535.08FU_AF358233_refs,Hypocreales,Hypocreales,0.873,1
SH1183649.08FU_KM231739_reps,Hypocreales,Hypocreales,0.0878,1
SH2606136.08FU_UDB0127083_reps,Hypocreales,NA,0.0,0
SH1202979.08FU_AM421078_reps,Hypocreales,Hypocreales,0.799,1
SH1177918.08FU_JN943355_reps,Hypocreales,Hypocreales,0.89,1
SH1187866.08FU_KJ783309_refs,Hypocreales,Hypocreales,0.867,1
SH2593173.08FU_MN339643_reps,Hypocreales,Hypocreales,0.887,1
SH1194442.08FU_KU382164_refs,Hypocreales,Hypocreales,0.607,1
SH1237484.08FU_AY590783_reps,Hypocreales,Hypocreales,0.667,1
SH1155151.08FU_EF190276_reps,Hypocreales,Hypocreales,0.0698,1
SH1200372.08FU_JN049860_reps,Hypocreales,Hypocreales,0.0637,1
SH1212151.08FU_MN542418_reps,Hypocreales,Hypocreales,0.928,1
SH1202978.08FU_MH426766_reps,Hypocreales,Hypocreales,0.88,1
SH1173603.08FU_DQ366705_refs,Hypocreales,Hypocreales,0.954,1
SH1177374.08FU_AY646389_reps,Hypocreales,Hypocreales,0.0586,1
SH1143443.08FU_MG826995_reps,Hypocreales,Hypocreales,0.398,1
SH1179862.08FU_KF777192_refs,Hypocreales,Hypocreales,0.0575,1
SH2588347.08FU_GQ996096_reps,Hypocreales,Hypocreales,0.0867,1
SH1163358.08FU_FJ389924_refs,Hypocreales,Eurotiales,0.653,0
SH1177377.08FU_KC603897_reps,Hypocreales,Hypocreales,0.652,1
SH1191910.08FU_MG827014_refs,Hypocreales,Hypocreales,0.0655,1
SH1173588.08FU_AB587028_refs,Hypocreales,Hypocreales,0.937,1
SH1234312.08FU_MH477791_refs,Hypocreales,Hypocreales,0.923,1
SH1234322.08FU_MN527448_reps,Hypocreales,Hypocreales,0.391,1
SH1246454.08FU_MG431982_reps,Hypocreales,Hypocreales,0.0878,1
SH1173655.08FU_HM102503_reps,Hypocreales,Hypocreales,0.927,1
SH1237488.08FU_EU039882_reps,Hypocreales,Hypocreales,0.607,1
SH2598479.08FU_UDB042104_reps,Hypocreales,Hypocreales,0.49,1
SH1188239.08FU_MG748657_reps,Hypocreales,Hypocreales,0.775,1
SH1181300.08FU_KU846157_refs,Hypocreales,Hypocreales,0.621,1
SH1181298.08FU_KU846662_reps,Hypocreales,Hypocreales,0.146,1
SH1180361.08FU_JX566957_reps,Hypocreales,Hypocreales,0.0744,1
SH2612455.08FU_UDB0625533_reps,Hypocreales,Hypocreales,0.382,1
SH2595004.08FU_MK478468_reps,Hypocreales,Hypocreales,0.0899,1
SH2603995.08FU_UDB0247763_reps,Hypocreales,Hypocreales,0.0455,1
SH1183108.08FU_KX499262_reps,Hypocreales,Hypocreales,0.826,1
SH2592086.08FU_MH860317_refs,Hypocreales,Hypocreales,0.0293,1
SH1229410.08FU_JX177453_reps,Hypocreales,Hypocreales,0.801,1
SH1242427.08FU_KP685596_reps,Hypocreales,Hypocreales,0.0569,1
SH1156585.08FU_EF641889_refs,Hypocreales,Hypocreales,0.9,1
SH1237485.08FU_UDB0132090_reps,Hypocreales,Hypocreales,0.047,1
SH1212031.08FU_AB587006_refs,Hypocreales,Hypocreales,0.949,1
SH1174211.08FU_MH483859_reps,Hypocreales,Hypocreales,0.921,1
SH1246473.08FU_JX192720_reps,Hypocreales,Hypocreales,0.0569,1
SH1173650.08FU_KM231790_refs,Hypocreales,Hypocreales,0.085,1
SH2608706.08FU_UDB0302884_reps,Hypocreales,Hypocreales,0.645,1
SH1181280.08FU_EF568081_refs,Hypocreales,Hypocreales,0.931,1
SH1202981.08FU_MH562718_reps,Hypocreales,Hypocreales,0.0565,1
SH1177914.08FU_AB294423_reps,Hypocreales,Hypocreales,0.528,1
SH1194447.08FU_EU073198_refs,Hypocreales,Hypocreales,0.0848,1
SH1187925.08FU_FJ860751_refs,Hypocreales,Hypocreales,0.0899,1
SH1212128.08FU_UDB0769687_reps,Hypocreales,Hypocreales,0.762,1
SH1177908.08FU_DQ345589_refs,Hypocreales,Hypocreales,0.509,1
SH1194435.08FU_AF054847_refs,Hypocreales,Hypocreales,0.871,1
SH1143445.08FU_KF296928_reps,Hypocreales,Hypocreales,0.3,1
SH1181296.08FU_KU846137_refs,Hypocreales,Hypocreales,0.0422,1
SH1181287.08FU_MG230794_reps,Hypocreales,Hypocreales,0.75,1
SH1173626.08FU_JF832658_reps,Hypocreales,Hypocreales,0.0872,1
SH1173663.08FU_KJ570699_refs,Hypocreales,Hypocreales,0.739,1
SH1170636.08FU_KU937938_reps,Hypocreales,Hypocreales,0.651,1
SH2603422.08FU_UDB071217_reps,Hypocreales,NA,0.0,0
SH2601711.08FU_UDB044576_reps,Hypocreales,Hypocreales,0.389,1
SH1156619.08FU_MK312308_reps,Hypocreales,Hypocreales,0.0505,1
SH1183117.08FU_AB925928_reps,Hypocreales,Hypocreales,0.0671,1
SH1220321.08FU_AF178406_reps,Hypocreales,Hypocreales,0.0878,1
SH2595121.08FU_MN503521_reps,Hypocreales,Hypocreales,0.898,1
SH1157888.08FU_MK874907_reps,Hypocreales,Hypocreales,0.0698,1
SH1188225.08FU_UDB0755708_reps,Hypocreales,Hypocreales,0.728,1
SH3565716.08FU_MK164090_reps,Hypocreales,NA,0.0,0
SH1238875.08FU_KM231772_refs,Hypocreales,Hypocreales,0.0878,1
SH3568007.08FU_MT356078_reps,Hypocreales,Hypocreales,0.54,1
SH1173635.08FU_UDB0513731_reps,Hypocreales,Hypocreales,0.0479,1
SH1187863.08FU_JQ040381_reps,Hypocreales,Hypocreales,0.922,1
SH1212030.08FU_AB587010_refs,Hypocreales,Hypocreales,0.958,1
SH1180421.08FU_DQ365847_reps,Hypocreales,Hypocreales,0.0698,1
SH1182833.08FU_KP828187_reps,Hypocreales,Hypocreales,0.0465,1
SH1212050.08FU_KP903473_reps,Hypocreales,Hypocreales,0.934,1
SH1237492.08FU_HQ339882_reps,Hypocreales,Hypocreales,0.619,1
SH2610680.08FU_UDB0279058_reps,Hypocreales,NA,0.0,0
SH1169513.08FU_JQ814696_refs,Hypocreales,Hypocreales,0.0579,1
SH1234317.08FU_LN846844_refs,Hypocreales,Hypocreales,0.342,1
SH1173665.08FU_JF832597_refs,Hypocreales,Hypocreales,0.809,1
SH1234319.08FU_EF052282_reps,Hypocreales,Hypocreales,0.0698,1
SH1173608.08FU_HQ897796_refs,Hypocreales,Hypocreales,0.949,1
SH3209413.08FU_HE608910_reps,Hypocreales,Hypocreales,0.0899,1
SH1194438.08FU_AF054863_refs,Hypocreales,Hypocreales,0.574,1
SH1237477.08FU_AF389191_refs,Hypocreales,Hypocreales,0.834,1
SH1169832.08FU_AJ133397_reps,Hypocreales,Hypocreales,0.0698,1
SH1173631.08FU_HQ897819_refs,Hypocreales,Hypocreales,0.655,1
SH1239219.08FU_EU770250_reps,Hypocreales,Hypocreales,0.0598,1
SH1237482.08FU_KX017279_reps,Hypocreales,Hypocreales,0.755,1
SH1169035.08FU_MT236834_reps,Hypocreales,Hypocreales,0.025,1
SH1157462.08FU_AJ292414_refs,Hypocreales,Hypocreales,0.0604,1
SH1192384.08FU_MG031300_reps,Hypocreales,Hypocreales,0.0675,1
SH1194456.08FU_UDB0778309_reps,Hypocreales,Hypocreales,0.542,1
SH1237431.08FU_KY053451_reps,Hypocreales,Hypocreales,0.0744,1
SH1185073.08FU_KJ022012_reps,Hypocreales,Hypocreales,0.0878,1
SH1194459.08FU_JQ666502_refs,Hypocreales,Hypocreales,0.0791,1
SH1168588.08FU_JN049819_reps,Hypocreales,Hypocreales,0.0744,1
SH1169512.08FU_KJ524677_reps,Hypocreales,Hypocreales,0.0627,1
SH3567857.08FU_MN781915_reps,Hypocreales,Hypocreales,0.123,1
SH3567856.08FU_MN781927_reps,Hypocreales,NA,0.0,0
SH1184520.08FU_KF823600_reps,Hypocreales,Hypocreales,0.0224,1
SH1182824.08FU_FN706542_refs,Hypocreales,Hypocreales,0.0293,1
SH1183457.08FU_MF322797_reps,Hypocreales,Hypocreales,0.0231,1
SH1187857.08FU_AF487661_refs,Hypocreales,Hypocreales,0.923,1
SH1187898.08FU_KJ729480_reps,Hypocreales,Hypocreales,0.938,1
SH1183367.08FU_AY624193_refs,Hypocreales,Hypocreales,0.708,1
SH3216593.08FU_UDB0626135_reps,Hypocreales,NA,0.0,0
SH2609617.08FU_UDB0236617_reps,Hypocreales,NA,0.0,0
SH1190769.08FU_MF687395_reps,Hypocreales,Hypocreales,0.135,1
SH1156596.08FU_KT728708_refs,Hypocreales,Hypocreales,0.855,1
SH1234313.08FU_U80612_refs,Hypocreales,Hypocreales,0.946,1
SH1209343.08FU_KC506283_reps,Hypocreales,Hypocreales,0.0826,1
SH1189960.08FU_MF374361_refs,Hypocreales,Hypocreales,0.0231,1
SH1156618.08FU_DQ342253_reps,Hypocreales,Hypocreales,0.654,1
SH1184527.08FU_KM492889_reps,Hypocreales,Hypocreales,0.0989,1
SH1237001.08FU_KX022396_reps,Hypocreales,Hypocreales,0.0612,1
SH1160086.08FU_JN618356_reps,Hypocreales,Hypocreales,0.0295,1
SH1202973.08FU_AM421087_reps,Hypocreales,Hypocreales,0.775,1
SH1181290.08FU_MH107881_refs,Hypocreales,Hypocreales,0.758,1
SH1143444.08FU_MG827017_reps,Hypocreales,Hypocreales,0.0273,1
SH1238088.08FU_HF546238_reps,Hypocreales,Hypocreales,0.0674,1
SH1170560.08FU_FN691454_refs,Hypocreales,Hypocreales,0.566,1
SH1158746.08FU_AB378677_reps,Hypocreales,Hypocreales,0.0744,1
SH2593075.08FU_MH730664_reps,Hypocreales,Hypocreales,0.577,1
SH1239033.08FU_GU723774_reps,Hypocreales,Hypocreales,0.0744,1
SH1182748.08FU_KM231829_refs,Hypocreales,Hypocreales,0.871,1
SH1191907.08FU_MG826981_reps,Hypocreales,Hypocreales,0.0593,1
SH1177379.08FU_MT078877_reps,Hypocreales,Hypocreales,0.531,1
SH2607885.08FU_UDB0449137_reps,Hypocreales,NA,0.0,0
SH1234320.08FU_AJ537577_reps,Hypocreales,Hypocreales,0.0698,1
SH1173639.08FU_KM231791_reps,Hypocreales,Hypocreales,0.0878,1
SH1237217.08FU_AB208109_reps,Hypocreales,Hypocreales,0.0744,1
SH1197573.08FU_UDB0755165_reps,Hypocreales,Hypocreales,0.921,1
SH1156649.08FU_AY945231_reps,Hypocreales,Hypocreales,0.0481,1
SH1169831.08FU_EF057430_refs,Hypocreales,Hypocreales,0.0698,1
SH1177376.08FU_MH143808_reps,Hypocreales,Hypocreales,0.0601,1
SH1143442.08FU_MK782423_reps,Hypocreales,Hypocreales,0.317,1
SH1171189.08FU_JQ922188_reps,Hypocreales,Hypocreales,0.0517,1
SH1202950.08FU_KY264173_reps,Hypocreales,Hypocreales,0.941,1
SH1184888.08FU_KF435344_reps,Xylariales,Xylariales,0.344,1
SH2602205.08FU_UDB0463732_reps,Xylariales,Xylariales,0.0101,1
SH3568303.08FU_MT882157_reps,Xylariales,NA,0.0,0
SH2593385.08FU_MK224432_reps,Xylariales,Xylariales,0.782,1
SH2593071.08FU_MH645423_reps,Xylariales,Xylariales,0.0732,1
SH1239191.08FU_KP133527_reps,Xylariales,Xylariales,0.0732,1
SH1184131.08FU_KP133516_reps,Xylariales,Xylariales,0.0732,1
SH1170197.08FU_FJ425669_reps,Xylariales,Xylariales,0.0732,1
SH1144332.08FU_MT348499_reps,Xylariales,Xylariales,0.881,1
SH1169497.08FU_KU743944_reps,Xylariales,Xylariales,0.0412,1
SH1183044.08FU_LC505097_reps,Xylariales,Xylariales,0.0267,1
SH1177636.08FU_MH554083_reps,Xylariales,Xylariales,0.438,1
SH1177235.08FU_KJ406986_reps,Xylariales,Xylariales,0.0732,1
SH1188302.08FU_MN844545_reps,Xylariales,Xylariales,0.0732,1
SH1170151.08FU_EU179862_refs,Xylariales,Xylariales,0.764,1
SH1237189.08FU_KR092788_refs,Xylariales,Xylariales,0.354,1
SH1176891.08FU_JQ846037_reps,Xylariales,Xylariales,0.0732,1
SH1151406.08FU_KY250388_reps,Xylariales,Xylariales,0.0732,1
SH1170108.08FU_EU113197_refs,Xylariales,Xylariales,0.873,1
SH1170323.08FU_KU204608_reps,Xylariales,Xylariales,0.789,1
SH1192151.08FU_UDB0510032_reps,Xylariales,Xylariales,0.0437,1
SH1194832.08FU_JQ958962_reps,Xylariales,Xylariales,0.736,1
SH1170196.08FU_KU204544_reps,Xylariales,Xylariales,0.0698,1
SH1190474.08FU_KX184803_reps,Xylariales,Xylariales,0.781,1
SH1144323.08FU_HM192908_reps,Xylariales,Xylariales,0.863,1
SH1149384.08FU_KM610281_reps,Xylariales,Xylariales,0.0732,1
SH1194256.08FU_DQ631933_reps,Xylariales,Xylariales,0.0732,1
SH1158527.08FU_UDB039642_reps,Xylariales,Xylariales,0.0732,1
SH1156313.08FU_JX658525_refs,Xylariales,Xylariales,0.0732,1
SH1171297.08FU_KT281903_reps,Xylariales,Xylariales,0.0732,1
SH1232350.08FU_KC774593_refs,Xylariales,Xylariales,0.0732,1
SH1179108.08FU_KT289624_reps,Xylariales,Xylariales,0.0732,1
SH1184183.08FU_AB297798_reps,Xylariales,Xylariales,0.0598,1
SH2591570.08FU_LC428835_reps,Xylariales,Xylariales,0.0686,1
SH1169478.08FU_KY494752_refs,Xylariales,Xylariales,0.0412,1
SH1144671.08FU_DQ923534_refs,Xylariales,Xylariales,0.0442,1
SH1185319.08FU_KU683903_reps,Xylariales,Xylariales,0.0732,1
SH1169475.08FU_AB220251_refs,Xylariales,Xylariales,0.869,1
SH1178481.08FU_JQ759925_reps,Xylariales,Xylariales,0.0732,1
SH1179907.08FU_JQ009315_reps,Xylariales,Xylariales,0.0732,1
SH1170147.08FU_MN341760_reps,Xylariales,Xylariales,0.923,1
SH1170175.08FU_EU010005_reps,Xylariales,Xylariales,0.82,1
SH1170402.08FU_KC477231_reps,Xylariales,Xylariales,0.0732,1
SH1177557.08FU_KJ404210_reps,Xylariales,Xylariales,0.519,1
SH1214789.08FU_MN634086_reps,Xylariales,Xylariales,0.898,1
SH1214834.08FU_FJ478107_refs,Xylariales,Xylariales,0.0732,1
SH1149209.08FU_JN979417_refs,Xylariales,Xylariales,0.0732,1
SH1149841.08FU_AB449096_reps,Xylariales,Xylariales,0.575,1
SH1151644.08FU_KX573916_reps,Xylariales,Xylariales,0.0652,1
SH1179493.08FU_MK304161_reps,Xylariales,Xylariales,0.525,1
SH1177629.08FU_GU291796_refs,Xylariales,Xylariales,0.44,1
SH1177638.08FU_JQ683725_refs,Xylariales,Xylariales,0.513,1
SH1170128.08FU_UDB019517_refs,Xylariales,Xylariales,0.406,1
SH1151060.08FU_MT521347_reps,Xylariales,Xylariales,0.488,1
SH1143818.08FU_KY853430_refs,Xylariales,Xylariales,0.0732,1
SH1178533.08FU_KU683856_reps,Xylariales,Xylariales,0.941,1
SH1178459.08FU_AM749940_refs,Xylariales,Xylariales,0.835,1
SH1179479.08FU_UDB0759073_reps,Xylariales,Xylariales,0.0185,1
SH1170163.08FU_HM583857_reps,Xylariales,Xylariales,0.771,1
SH1178981.08FU_KU743943_reps,Xylariales,Xylariales,0.0732,1
SH1170217.08FU_KU837767_reps,Xylariales,Xylariales,0.737,1
SH1240325.08FU_MH862220_reps,Xylariales,Xylariales,0.0279,1
SH1183043.08FU_FJ425671_reps,Xylariales,Xylariales,0.0728,1
SH1185318.08FU_KP133545_reps,Xylariales,Xylariales,0.0732,1
SH1170172.08FU_AY572970_reps,Xylariales,Xylariales,0.661,1
SH1170208.08FU_MF773662_reps,Xylariales,Xylariales,0.836,1
SH2607919.08FU_UDB0180782_reps,Xylariales,NA,0.0,0
SH1184883.08FU_JQ621881_reps,Xylariales,Xylariales,0.132,1
SH1142300.08FU_JQ862660_reps,Xylariales,Xylariales,0.0732,1
SH2593658.08FU_MH003364_reps,Xylariales,Xylariales,0.0732,1
SH1144299.08FU_JX658488_refs,Xylariales,Xylariales,0.95,1
SH1169479.08FU_MT076169_reps,Xylariales,Xylariales,0.577,1
SH1213410.08FU_FJ185308_refs,Xylariales,Xylariales,0.93,1
SH1172070.08FU_MT214997_reps,Xylariales,Xylariales,0.616,1
SH1170199.08FU_KU747743_reps,Xylariales,Xylariales,0.0414,1
SH1155442.08FU_KU516688_reps,Xylariales,Xylariales,0.632,1
SH1237188.08FU_MT373363_reps,Xylariales,Xylariales,0.278,1
SH1184891.08FU_KX519520_reps,Xylariales,Xylariales,0.19,1
SH1155441.08FU_AF163027_reps,Xylariales,Xylariales,0.842,1
SH1240475.08FU_MT184060_reps,Xylariales,Xylariales,0.0667,1
SH1179128.08FU_AB741585_reps,Xylariales,Xylariales,0.147,1
SH1190465.08FU_KX828158_reps,Xylariales,Xylariales,0.854,1
SH1179107.08FU_KJ542314_reps,Xylariales,Xylariales,0.0725,1
SH1170155.08FU_GU322455_reps,Xylariales,Xylariales,0.731,1
SH2593052.08FU_MG735231_reps,Xylariales,Xylariales,0.0652,1
SH1191715.08FU_MH374414_reps,Xylariales,Xylariales,0.0512,1
SH1144324.08FU_AF163023_reps,Xylariales,Xylariales,0.0732,1
SH1184885.08FU_KX789680_refs,Xylariales,Xylariales,0.486,1
SH1183042.08FU_MN523323_reps,Xylariales,Xylariales,0.0732,1
SH1191725.08FU_MF488990_refs,Xylariales,Xylariales,0.0709,1
SH1156997.08FU_AJ390396_refs,Xylariales,Xylariales,0.0732,1
SH1178461.08FU_MT108847_reps,Xylariales,Xylariales,0.466,1
SH1169480.08FU_KF144925_refs,Xylariales,Xylariales,0.0813,1
SH1213415.08FU_FJ185307_refs,Xylariales,Xylariales,0.628,1
SH2606134.08FU_UDB0452917_reps,Xylariales,NA,0.0,0
SH1177631.08FU_KY853450_refs,Xylariales,Xylariales,0.544,1
SH1237190.08FU_KT949918_refs,Xylariales,Xylariales,0.0414,1
SH1149226.08FU_DQ201121_refs,Xylariales,Xylariales,0.0732,1
SH1149206.08FU_HM752513_refs,Xylariales,Xylariales,0.0732,1
SH1170142.08FU_KY432338_reps,Xylariales,Xylariales,0.785,1
SH1171676.08FU_EU179869_reps,Xylariales,Xylariales,0.0732,1
SH1214783.08FU_MF359639_reps,Xylariales,Xylariales,0.0648,1
SH1178532.08FU_KT588461_reps,Xylariales,Xylariales,0.0732,1
SH1170143.08FU_KJ411549_reps,Xylariales,Xylariales,0.664,1
SH1170255.08FU_MK229148_reps,Xylariales,Xylariales,0.793,1
SH1144674.08FU_UDB0673574_reps,Xylariales,Xylariales,0.0403,1
SH1177209.08FU_JN182889_reps,Xylariales,Xylariales,0.0726,1
SH1170269.08FU_GU339496_refs,Xylariales,Xylariales,0.699,1
SH1173561.08FU_JX014300_reps,Xylariales,Xylariales,0.0685,1
SH1190484.08FU_FJ172277_reps,Xylariales,Xylariales,0.832,1
SH1178083.08FU_JN604095_reps,Xylariales,Xylariales,0.0352,1
SH1143332.08FU_KX376323_reps,Xylariales,Xylariales,0.0732,1
SH2592820.08FU_MK120277_reps,Xylariales,Xylariales,0.0732,1
SH1144675.08FU_JN225901_reps,Xylariales,Xylariales,0.0496,1
SH1170105.08FU_MT908654_reps,Xylariales,Xylariales,0.917,1
SH1173554.08FU_UDB035051_refs,Xylariales,Xylariales,0.0559,1
SH1173557.08FU_MF495378_reps,Xylariales,Xylariales,0.0547,1
SH1185138.08FU_JX658447_refs,Xylariales,Xylariales,0.0732,1
SH1144383.08FU_KU747699_reps,Xylariales,Xylariales,0.0732,1
SH1170137.08FU_KU325098_reps,Xylariales,Xylariales,0.0732,1
SH1173942.08FU_JQ760210_reps,Xylariales,Xylariales,0.0732,1
SH1190481.08FU_HM581946_refs,Xylariales,Xylariales,0.756,1
SH1170404.08FU_AB462498_reps,Xylariales,Xylariales,0.717,1
SH1194839.08FU_KF752715_reps,Xylariales,Xylariales,0.58,1
SH1179480.08FU_LC500477_reps,Xylariales,Xylariales,0.0743,1
SH1178538.08FU_JQ759997_reps,Xylariales,Xylariales,0.859,1
SH1237186.08FU_KR873256_refs,Xylariales,Xylariales,0.487,1
SH1179482.08FU_KU746690_reps,Xylariales,Xylariales,0.179,1
SH1171541.08FU_KC774591_refs,Xylariales,Xylariales,0.0696,1
SH1179909.08FU_AJ390398_refs,Xylariales,Xylariales,0.0732,1
SH1170224.08FU_MF774333_reps,Xylariales,Xylariales,0.853,1
SH1172063.08FU_KC968908_refs,Xylariales,Xylariales,0.375,1
SH1170140.08FU_GU054166_reps,Xylariales,Xylariales,0.0376,1
SH1184904.08FU_MK640423_reps,Xylariales,Xylariales,0.534,1
SH1169485.08FU_JQ246355_refs,Xylariales,Xylariales,0.0412,1
SH1170134.08FU_KP133493_reps,Xylariales,Xylariales,0.0732,1
SH1179109.08FU_UDB035332_reps,Xylariales,Xylariales,0.0732,1
SH1213417.08FU_EU685990_reps,Xylariales,Xylariales,0.673,1
SH1184128.08FU_AM900589_reps,Xylariales,Xylariales,0.0732,1
SH1170383.08FU_HE599279_refs,Xylariales,Xylariales,0.802,1
SH1143745.08FU_KU747737_reps,Xylariales,Xylariales,0.0713,1
SH1229732.08FU_KP297407_reps,Xylariales,Xylariales,0.0732,1
SH1184893.08FU_MF926621_reps,Xylariales,Xylariales,0.131,1
SH1181949.08FU_KF815657_reps,Xylariales,Xylariales,0.0662,1
SH1190490.08FU_KX828151_reps,Xylariales,Xylariales,0.856,1
SH1237187.08FU_UDB0246186_reps,Xylariales,Xylariales,0.0516,1
SH1170193.08FU_KP184329_reps,Xylariales,Xylariales,0.0732,1
SH1178464.08FU_JQ760223_reps,Xylariales,Xylariales,0.51,1
SH1170298.08FU_AY909020_reps,Xylariales,Xylariales,0.787,1
SH1169477.08FU_KR011352_refs,Xylariales,Xylariales,0.0356,1
SH2593283.08FU_MG436876_reps,Xylariales,Xylariales,0.237,1
SH1184894.08FU_MF148534_reps,Xylariales,Xylariales,0.588,1
SH1189534.08FU_JF263537_reps,Xylariales,Xylariales,0.0732,1
SH1170146.08FU_MK619306_reps,Xylariales,Xylariales,0.0732,1
SH1228777.08FU_JX134678_refs,Magnaporthales,Magnaporthales,0.0355,1
SH1187164.08FU_AY265328_reps,Magnaporthales,Magnaporthales,0.0474,1
SH1187174.08FU_JF951153_reps,Magnaporthales,Magnaporthales,0.0474,1
SH1190073.08FU_MG202138_reps,Magnaporthales,Magnaporthales,0.0474,1
SH2596339.08FU_MK487758_refs,Magnaporthales,Magnaporthales,0.0474,1
SH1187167.08FU_MH865202_reps,Magnaporthales,Magnaporthales,0.0474,1
SH2601856.08FU_MT645140_reps,Magnaporthales,NA,0.0,0
SH1211554.08FU_JX134667_refs,Magnaporthales,Magnaporthales,0.0474,1
SH1211580.08FU_KM484852_refs,Magnaporthales,Hypocreales,0.0403,0
SH1187156.08FU_KF777186_refs,Magnaporthales,Magnaporthales,0.0474,1
SH1211570.08FU_AJ010030_reps,Magnaporthales,Magnaporthales,0.0474,1
SH1190074.08FU_AB274434_reps,Magnaporthales,Magnaporthales,0.0474,1
SH1190076.08FU_FJ850122_refs,Magnaporthales,Magnaporthales,0.0474,1
SH1187161.08FU_AY265329_reps,Magnaporthales,Magnaporthales,0.0474,1
SH1211561.08FU_KC979133_reps,Magnaporthales,Magnaporthales,0.293,1
SH1211562.08FU_KP769839_refs,Magnaporthales,Magnaporthales,0.126,1
SH1185605.08FU_AF178548_reps,Chaetosphaeriales,Chaetosphaeriales,0.0419,1
SH1153695.08FU_JX243872_reps,Chaetosphaeriales,Chaetosphaeriales,0.0399,1
SH1153681.08FU_MT185508_reps,Chaetosphaeriales,Chaetosphaeriales,0.613,1
SH1153697.08FU_HM997125_reps,Chaetosphaeriales,Chaetosphaeriales,0.0419,1
SH1153678.08FU_MG386052_refs,Chaetosphaeriales,Chaetosphaeriales,0.196,1
SH1155035.08FU_AF178562_reps,Chaetosphaeriales,Chaetosphaeriales,0.0419,1
SH1178095.08FU_KT380643_reps,Chaetosphaeriales,Chaetosphaeriales,0.402,1
SH1153722.08FU_KF359659_reps,Chaetosphaeriales,Chaetosphaeriales,0.0419,1
SH1153719.08FU_MH476572_refs,Chaetosphaeriales,Chaetosphaeriales,0.325,1
SH1153683.08FU_MH633891_reps,Chaetosphaeriales,Chaetosphaeriales,0.0413,1
SH1178089.08FU_AB900883_refs,Chaetosphaeriales,Chaetosphaeriales,0.76,1
SH1143883.08FU_KY498108_reps,Phyllachorales,Phyllachorales,0.113,1
SH1190685.08FU_MG837019_reps,Pleurotheciales,Sordariales,0.0186,0
SH1150361.08FU_MW133898_reps,Pleurotheciales,NA,0.0,0
SH2614674.08FU_MN699406_reps,Pleurotheciales,Helotiales,0.021,0
SH1190688.08FU_JQ429151_refs,Pleurotheciales,Helotiales,0.0274,0
SH1242199.08FU_UDB0568331_reps,Pleurotheciales,NA,0.0,0
SH1187415.08FU_EU552148_refs,Pleurotheciales,NA,0.0,0
SH2618517.08FU_UDB0688206_reps,Myrmecridiales,NA,0.0,0
SH2607270.08FU_UDB0314046_reps,Myrmecridiales,NA,0.0,0
SH1169124.08FU_JX069871_refs,Myrmecridiales,Myrmecridiales,0.603,1
SH1158485.08FU_KT991667_refs,Myrmecridiales,Myrmecridiales,0.0695,1
SH1169126.08FU_KF777169_refs,Myrmecridiales,Myrmecridiales,0.461,1
SH1169128.08FU_UDB0133016_reps,Myrmecridiales,Myrmecridiales,0.021,1
SH1238627.08FU_FJ613820_reps,Branch06,Diaporthales,0.0219,0
SH1154288.08FU_JQ292831_reps,Ophiostomatales,Ophiostomatales,0.627,1
SH1154276.08FU_FJ804490_refs,Ophiostomatales,Ophiostomatales,0.906,1
SH3207328.08FU_MN526592_reps,Ophiostomatales,Ophiostomatales,0.0466,1
SH1150131.08FU_FJ437233_reps,Ophiostomatales,Ophiostomatales,0.166,1
SH1236596.08FU_MF103774_reps,Ophiostomatales,Ophiostomatales,0.0466,1
SH1188867.08FU_HM008928_reps,Ophiostomatales,Ophiostomatales,0.0466,1
SH1151694.08FU_AJ538335_refs,Ophiostomatales,Ophiostomatales,0.827,1
SH1146365.08FU_KJ661745_refs,Ophiostomatales,Ophiostomatales,0.308,1
SH3567312.08FU_MT777341_reps,Ophiostomatales,NA,0.0,0
SH1224526.08FU_EU913713_refs,Ophiostomatales,Ophiostomatales,0.0466,1
SH1154283.08FU_KU094684_refs,Ophiostomatales,Ophiostomatales,0.815,1
SH1188865.08FU_FN546965_refs,Ophiostomatales,Ophiostomatales,0.0466,1
SH1236597.08FU_MH857542_refs,Ophiostomatales,Ophiostomatales,0.882,1
SH1156093.08FU_JX444631_reps,Ophiostomatales,Ophiostomatales,0.0466,1
SH2595940.08FU_MW133887_reps,Conioscyphales,NA,0.0,0
SH1229548.08FU_KT716464_refs,Calosphaeriales,Calosphaeriales,0.159,1
SH1235410.08FU_EU367452_refs,Calosphaeriales,Calosphaeriales,0.0231,1
SH1184788.08FU_AB986475_reps,Annulatascales,Annulatascales,0.05,1
SH1196091.08FU_AF017651_refs,Togniniales,Togniniales,0.906,1
SH1196094.08FU_KU060813_refs,Togniniales,Togniniales,0.843,1
SH1245843.08FU_MG386029_refs,Pararamichloridiales,NA,0.0,0
SH1186582.08FU_KX263823_reps,Lulworthiales,Lulworthiales,0.203,1
SH1190058.08FU_KT347216_reps,Lulworthiales,Lulworthiales,0.0482,1
SH1171224.08FU_EU735844_reps,Lulworthiales,Lulworthiales,0.0411,1
SH2619104.08FU_MT223796_reps,Ostropales,NA,0.0,0
SH2607319.08FU_UDB0778911_reps,Ostropales,NA,0.0,0
SH1169167.08FU_MG281965_reps,Ostropales,Ostropales,0.0959,1
SH1149537.08FU_AY527308_reps,Ostropales,Ostropales,0.0954,1
SH1148274.08FU_DQ401143_refs,Ostropales,Ostropales,0.258,1
SH1148999.08FU_KY661620_reps,Ostropales,Ostropales,0.0951,1
SH1156408.08FU_KC965553_reps,Ostropales,Ostropales,0.113,1
SH2610822.08FU_UDB0713361_reps,Ostropales,NA,0.0,0
SH1143808.08FU_KX901726_reps,Ostropales,Ostropales,0.114,1
SH2610831.08FU_UDB0701795_reps,Ostropales,NA,0.0,0
SH1147055.08FU_FR799200_reps,Lecanorales,Lecanorales,0.126,1
SH3565440.08FU_MN586977_reps,Lecanorales,NA,0.0,0
SH3565445.08FU_MN586967_reps,Lecanorales,NA,0.0,0
SH3565449.08FU_MN586961_reps,Lecanorales,Lecanorales,0.0323,1
SH3565444.08FU_MN586969_reps,Lecanorales,NA,0.0,0
SH3566917.08FU_MK722221_reps,Lecanorales,Lecanorales,0.75,1
SH2596010.08FU_MK672829_reps,Lecanorales,Lecanorales,0.0793,1
SH3567188.08FU_MN483117_reps,Lecanorales,Lecanorales,0.0144,1
SH3567529.08FU_MK946962_reps,Lecanorales,Lecanorales,0.011,1
SH3567782.08FU_MN954832_reps,Lecanorales,Lecanorales,0.636,1
SH1151278.08FU_KT823750_refs,Lecanorales,Lecanorales,0.165,1
SH1175767.08FU_MG838195_reps,Lecanorales,Lecanorales,0.117,1
SH1155235.08FU_AY425670_reps,Lecanorales,Lecanorales,0.0829,1
SH2595156.08FU_MK348527_reps,Lecanorales,Lecanorales,0.0849,1
SH2595638.08FU_MK620158_reps,Lecanorales,Lecanorales,0.128,1
SH2596047.08FU_MK343761_reps,Lecanorales,Lecanorales,0.571,1
SH2596141.08FU_MK412493_reps,Lecanorales,Lecanorales,0.125,1
SH2596008.08FU_MH512982_reps,Lecanorales,Lecanorales,0.128,1
SH1143787.08FU_MK970662_reps,Lecanorales,Lecanorales,0.128,1
SH1244257.08FU_MN811380_reps,Lecanorales,Lecanorales,0.125,1
SH1148516.08FU_DQ299904_reps,Lecanorales,Lecanorales,0.746,1
SH1176145.08FU_KX457800_reps,Lecanorales,Lecanorales,0.874,1
SH1183994.08FU_MN811374_reps,Lecanorales,Lecanorales,0.106,1
SH1237698.08FU_EU008606_reps,Lecanorales,Lecanorales,0.0965,1
SH1148512.08FU_AY251419_reps,Lecanorales,Lecanorales,0.508,1
SH1148518.08FU_KY128179_reps,Lecanorales,Lecanorales,0.709,1
SH1176073.08FU_AB051643_refs,Lecanorales,Lecanorales,0.904,1
SH1176292.08FU_MG695568_reps,Lecanorales,Lecanorales,0.87,1
SH1151298.08FU_KF360379_reps,Lecanorales,Lecanorales,0.16,1
SH3210941.08FU_MG926030_reps,Lecanorales,Lecanorales,0.125,1
SH1151869.08FU_KY661633_reps,Lecanorales,Lecanorales,0.0943,1
SH2591662.08FU_MH992584_reps,Lecanorales,Lecanorales,0.789,1
SH1176264.08FU_KF257984_reps,Lecanorales,Lecanorales,0.884,1
SH2596300.08FU_MK629283_reps,Lecanorales,Lecanorales,0.742,1
SH1156530.08FU_KX239029_reps,Lecanorales,Lecanorales,0.169,1
SH2595597.08FU_MN095791_reps,Lecanorales,Lecanorales,0.166,1
SH1188394.08FU_KY548043_reps,Lecanorales,Lecanorales,0.128,1
SH1151275.08FU_KT453765_reps,Lecanorales,Lecanorales,0.874,1
SH1174977.08FU_AY756481_reps,Lecanorales,Lecanorales,0.115,1
SH1152097.08FU_KJ162293_reps,Lecanorales,Lecanorales,0.168,1
SH1152099.08FU_KY509528_reps,Lecanorales,Lecanorales,0.151,1
SH1156676.08FU_KJ813002_reps,Lecanorales,Lecanorales,0.571,1
SH1183986.08FU_GU827290_reps,Lecanorales,Lecanorales,0.821,1
SH1176365.08FU_KJ947964_reps,Lecanorales,Lecanorales,0.143,1
SH1185058.08FU_KM657276_reps,Lecanorales,Lecanorales,0.143,1
SH1211824.08FU_FJ184291_reps,Lecanorales,Lecanorales,0.816,1
SH1213179.08FU_AF458304_reps,Lecanorales,Lecanorales,0.697,1
SH1156794.08FU_MN906299_reps,Lecanorales,Lecanorales,0.0968,1
SH1143833.08FU_MN764272_reps,Lecanorales,Lecanorales,0.909,1
SH1181937.08FU_JN115287_reps,Lecanorales,Lecanorales,0.122,1
SH1145825.08FU_JN009722_reps,Lecanorales,Lecanorales,0.159,1
SH1160177.08FU_MG925979_reps,Lecanorales,Lecanorales,0.125,1
SH2591045.08FU_MN387222_reps,Lecanorales,Lecanorales,0.119,1
SH1183973.08FU_AB362791_reps,Lecanorales,Lecanorales,0.125,1
SH1187100.08FU_KT962182_reps,Lecanorales,Lecanorales,0.128,1
SH1176153.08FU_HM016956_reps,Lecanorales,Lecanorales,0.901,1
SH1191039.08FU_AF451762_reps,Lecanorales,Lecanorales,0.473,1
SH1159102.08FU_JQ004674_reps,Lecanorales,Lecanorales,0.784,1
SH1191040.08FU_GU994548_reps,Lecanorales,Lecanorales,0.143,1
SH1143811.08FU_KX539178_reps,Lecanorales,Lecanorales,0.143,1
SH1145827.08FU_KR303666_reps,Lecanorales,Lecanorales,0.0568,1
SH1176258.08FU_KM250229_reps,Lecanorales,Lecanorales,0.932,1
SH1188391.08FU_KY548037_reps,Lecanorales,Lecanorales,0.128,1
SH1176182.08FU_KC978848_reps,Lecanorales,Lecanorales,0.143,1
SH1143628.08FU_KU863634_reps,Lecanorales,Lecanorales,0.0829,1
SH1213226.08FU_JN621936_reps,Lecanorales,Lecanorales,0.889,1
SH1143844.08FU_AF189718_reps,Lecanorales,Lecanorales,0.603,1
SH1176259.08FU_GU994570_reps,Lecanorales,Lecanorales,0.661,1
SH1156684.08FU_MH174255_reps,Lecanorales,Lecanorales,0.124,1
SH1176074.08FU_EU401775_refs,Lecanorales,Lecanorales,0.906,1
SH1176241.08FU_GU994558_reps,Lecanorales,Lecanorales,0.848,1
SH3566406.08FU_MK778056_reps,Lecanorales,NA,0.0,0
SH1176075.08FU_MH992571_reps,Lecanorales,Lecanorales,0.91,1
SH1149365.08FU_KP822312_reps,Lecanorales,Lecanorales,0.128,1
SH1213148.08FU_JN621925_reps,Lecanorales,Lecanorales,0.872,1
SH1168763.08FU_KP822308_reps,Lecanorales,Lecanorales,0.129,1
SH1148501.08FU_HM010930_reps,Lecanorales,Lecanorales,0.746,1
SH1176247.08FU_DQ279503_reps,Lecanorales,Lecanorales,0.749,1
SH1181812.08FU_AY642850_reps,Lecanorales,Lecanorales,0.685,1
SH1236076.08FU_KP776566_reps,Lecanorales,Lecanorales,0.143,1
SH1173267.08FU_DQ279483_reps,Lecanorales,Lecanorales,0.143,1
SH1176087.08FU_JX126286_reps,Lecanorales,Lecanorales,0.957,1
SH1175459.08FU_KX132993_reps,Lecanorales,Lecanorales,0.128,1
SH1175990.08FU_MG695509_reps,Lecanorales,Lecanorales,0.758,1
SH2595189.08FU_MN387056_reps,Lecanorales,Lecanorales,0.158,1
SH1176394.08FU_DQ279486_reps,Lecanorales,Lecanorales,0.867,1
SH2593302.08FU_MK179634_reps,Lecanorales,Lecanorales,0.898,1
SH1176107.08FU_KX246584_reps,Lecanorales,Lecanorales,0.828,1
SH1155186.08FU_MH415162_reps,Lecanorales,Lecanorales,0.0927,1
SH1192159.08FU_KY586040_reps,Lecanorales,Lecanorales,0.128,1
SH1175782.08FU_MK812561_reps,Lecanorales,Lecanorales,0.157,1
SH1187081.08FU_MH258915_reps,Lecanorales,Lecanorales,0.143,1
SH1175780.08FU_KT453770_reps,Lecanorales,Lecanorales,0.122,1
SH1211814.08FU_EF619581_reps,Lecanorales,Lecanorales,0.693,1
SH2589634.08FU_KT453751_reps,Lecanorales,Lecanorales,0.128,1
SH2593760.08FU_MG926013_reps,Lecanorales,Lecanorales,0.9,1
SH1191405.08FU_DQ001294_reps,Lecanorales,Lecanorales,0.143,1
SH1152705.08FU_UDB022764_reps,Lecanorales,Lecanorales,0.695,1
SH1156768.08FU_KR061355_reps,Lecanorales,Lecanorales,0.33,1
SH1156525.08FU_AF282109_refs,Lecanorales,Lecanorales,0.125,1
SH1213165.08FU_AF457910_reps,Lecanorales,Lecanorales,0.858,1
SH1237696.08FU_MK629284_reps,Lecanorales,Lecanorales,0.549,1
SH1152088.08FU_AY679140_reps,Lecanorales,Lecanorales,0.171,1
SH2596301.08FU_MK629278_reps,Lecanorales,Lecanorales,0.0927,1
SH1174946.08FU_LC547500_reps,Lecanorales,Lecanorales,0.0919,1
SH1186045.08FU_MH481914_reps,Lecanorales,Lecanorales,0.143,1
SH1177664.08FU_KY066263_reps,Lecanorales,Lecanorales,0.142,1
SH1236459.08FU_KP324749_reps,Lecanorales,Lecanorales,0.778,1
SH2592611.08FU_UDB0460463_reps,Lecanorales,Lecanorales,0.16,1
SH1176134.08FU_DQ394389_reps,Lecanorales,Lecanorales,0.143,1
SH1175462.08FU_JN873903_reps,Lecanorales,Lecanorales,0.128,1
SH1155295.08FU_AY541277_reps,Lecanorales,Lecanorales,0.128,1
SH1213144.08FU_KP257431_reps,Lecanorales,Lecanorales,0.93,1
SH1181813.08FU_MK722211_reps,Lecanorales,Lecanorales,0.764,1
SH1247367.08FU_HQ650651_reps,Lecanorales,Lecanorales,0.0323,1
SH2595440.08FU_MK352380_reps,Lecanorales,Lecanorales,0.125,1
SH1177661.08FU_KY066276_reps,Lecanorales,Lecanorales,0.142,1
SH1176238.08FU_HM016964_reps,Lecanorales,Lecanorales,0.737,1
SH1213181.08FU_AF455235_reps,Lecanorales,Lecanorales,0.851,1
SH1176181.08FU_GU994546_reps,Lecanorales,Lecanorales,0.607,1
SH1211822.08FU_JF739364_reps,Lecanorales,Lecanorales,0.641,1
SH1152095.08FU_KR069081_refs,Lecanorales,Lecanorales,0.181,1
SH1213147.08FU_MK508948_reps,Lecanorales,Lecanorales,0.885,1
SH1213167.08FU_MK179616_reps,Lecanorales,Lecanorales,0.833,1
SH1213158.08FU_GU207246_reps,Lecanorales,Lecanorales,0.867,1
SH1159108.08FU_MN103168_reps,Lecanorales,Lecanorales,0.755,1
SH1213182.08FU_AF455211_reps,Lecanorales,Lecanorales,0.904,1
SH1176122.08FU_AF410828_reps,Lecanorales,Lecanorales,0.772,1
SH2596204.08FU_MK570487_reps,Lecanorales,Lecanorales,0.644,1
SH1176136.08FU_KU862987_reps,Lecanorales,Lecanorales,0.819,1
SH1176225.08FU_AY581085_reps,Lecanorales,Lecanorales,0.807,1
SH1176091.08FU_MG692846_reps,Lecanorales,Lecanorales,0.852,1
SH1176376.08FU_MK811980_reps,Lecanorales,Lecanorales,0.143,1
SH1143841.08FU_KY586046_refs,Lecanorales,Lecanorales,0.128,1
SH1151274.08FU_KR024452_reps,Lecanorales,Lecanorales,0.815,1
SH1144375.08FU_MG677184_reps,Lecanorales,Lecanorales,0.157,1
SH1176121.08FU_KX246586_reps,Lecanorales,Lecanorales,0.873,1
SH1159097.08FU_DQ273859_reps,Lecanorales,Lecanorales,0.71,1
SH1159098.08FU_MG554666_reps,Lecanorales,Lecanorales,0.746,1
SH1176229.08FU_AB205361_reps,Lecanorales,Lecanorales,0.143,1
SH1184000.08FU_MK812528_reps,Lecanorales,Lecanorales,0.125,1
SH1151283.08FU_AY756496_refs,Lecanorales,Lecanorales,0.151,1
SH1191404.08FU_JQ813801_reps,Lecanorales,Lecanorales,0.141,1
SH1236458.08FU_MH415022_reps,Lecanorales,Lecanorales,0.7,1
SH1173263.08FU_AY611069_reps,Lecanorales,Lecanorales,0.143,1
SH2593222.08FU_MK046748_reps,Lecanorales,Lecanorales,0.143,1
SH2595434.08FU_MK352394_reps,Lecanorales,Lecanorales,0.125,1
SH2596419.08FU_MK075946_reps,Lecanorales,Lecanorales,0.128,1
SH1181337.08FU_AM292668_refs,Lecanorales,Lecanorales,0.125,1
SH1213142.08FU_MK179524_reps,Lecanorales,Lecanorales,0.919,1
SH1176189.08FU_KC990154_reps,Lecanorales,Lecanorales,0.848,1
SH2592410.08FU_MF669937_reps,Lecanorales,Lecanorales,0.903,1
SH1176291.08FU_MK449013_reps,Lecanorales,Lecanorales,0.859,1
SH1176205.08FU_JQ837311_reps,Lecanorales,Lecanorales,0.888,1
SH1176171.08FU_KM250172_reps,Lecanorales,Lecanorales,0.718,1
SH2595184.08FU_MN387098_reps,Lecanorales,Lecanorales,0.121,1
SH1176176.08FU_KU496938_reps,Lecanorales,Lecanorales,0.142,1
SH1213240.08FU_MK179678_reps,Lecanorales,Lecanorales,0.857,1
SH1189411.08FU_KF712204_reps,Lecanorales,Lecanorales,0.0568,1
SH1189551.08FU_KX369248_reps,Lecanorales,Lecanorales,0.143,1
SH1213230.08FU_AF455225_reps,Lecanorales,Lecanorales,0.902,1
SH3567186.08FU_MN654599_reps,Lecanorales,NA,0.0,0
SH3567515.08FU_MK946979_reps,Lecanorales,NA,0.0,0
SH1176261.08FU_KF923784_reps,Lecanorales,Lecanorales,0.848,1
SH2596009.08FU_MH512980_reps,Lecanorales,Lecanorales,0.128,1
SH1176156.08FU_AF297743_reps,Lecanorales,Lecanorales,0.815,1
SH1151851.08FU_KR061348_reps,Lecanorales,Lecanorales,0.108,1
SH1213192.08FU_MN726351_reps,Lecanorales,Lecanorales,0.0857,1
SH1175769.08FU_AF282119_reps,Lecanorales,Lecanorales,0.108,1
SH1213161.08FU_KR019394_reps,Lecanorales,Lecanorales,0.792,1
SH1189403.08FU_KF712200_reps,Lecanorales,Lecanorales,0.0568,1
SH1176129.08FU_KM250194_reps,Lecanorales,Lecanorales,0.803,1
SH1213156.08FU_MK508949_reps,Lecanorales,Lecanorales,0.908,1
SH1181936.08FU_KC148361_refs,Lecanorales,Lecanorales,0.931,1
SH1176097.08FU_GU994559_refs,Lecanorales,Lecanorales,0.861,1
SH1183956.08FU_KF583528_reps,Lecanorales,Lecanorales,0.418,1
SH1176368.08FU_MH430113_reps,Lecanorales,Lecanorales,0.883,1
SH1178038.08FU_MK970653_reps,Lecanorales,Lecanorales,0.141,1
SH1247556.08FU_KF650974_reps,Lecanorales,Lecanorales,0.125,1
SH1184369.08FU_KP822287_reps,Lecanorales,Lecanorales,0.842,1
SH1177446.08FU_JN943721_reps,Lecanorales,Lecanorales,0.128,1
SH1176109.08FU_KJ406276_reps,Lecanorales,Lecanorales,0.627,1
SH1169780.08FU_MN906267_reps,Lecanorales,Lecanorales,0.115,1
SH1143823.08FU_JX948232_refs,Lecanorales,Lecanorales,0.955,1
SH1149544.08FU_AY425628_reps,Lecanorales,Lecanorales,0.0829,1
SH1176185.08FU_MG591699_reps,Lecanorales,Lecanorales,0.715,1
SH1143629.08FU_KY426124_reps,Lecanorales,Lecanorales,0.126,1
SH2593589.08FU_MG838200_reps,Lecanorales,Lecanorales,0.125,1
SH1189408.08FU_KF712246_reps,Lecanorales,Lecanorales,0.585,1
SH1143630.08FU_KY981642_reps,Lecanorales,Lecanorales,0.0829,1
SH1148499.08FU_DQ979999_reps,Lecanorales,Lecanorales,0.143,1
SH1213231.08FU_MK179517_reps,Lecanorales,Lecanorales,0.858,1
SH1175859.08FU_KF297089_reps,Lecanorales,Lecanorales,0.0391,1
SH2596037.08FU_MK343775_reps,Lecanorales,Lecanorales,0.442,1
SH1176089.08FU_KX246597_reps,Lecanorales,Lecanorales,0.818,1
SH1176102.08FU_DQ980016_reps,Lecanorales,Lecanorales,0.736,1
SH3568279.08FU_MN811296_reps,Lecanorales,Lecanorales,0.0258,1
SH3568278.08FU_MN811345_reps,Lecanorales,Lecanorales,0.0216,1
SH1151683.08FU_KY066266_reps,Lecanorales,Lecanorales,0.142,1
SH1149258.08FU_KP098544_refs,Lecanorales,Lecanorales,0.143,1
SH2596035.08FU_MK343783_reps,Lecanorales,Lecanorales,0.349,1
SH2593255.08FU_MH048621_refs,Lecanorales,Lecanorales,0.125,1
SH1176246.08FU_GU992339_reps,Lecanorales,Lecanorales,0.725,1
SH1176111.08FU_EU558626_refs,Lecanorales,Lecanorales,0.769,1
SH1211821.08FU_AF517914_reps,Lecanorales,Lecanorales,0.69,1
SH1176195.08FU_MN335194_reps,Lecanorales,Lecanorales,0.908,1
SH1175457.08FU_UDB0419669_reps,Lecanorales,Lecanorales,0.0574,1
SH1213185.08FU_MF782677_reps,Lecanorales,Lecanorales,0.898,1
SH1156698.08FU_KC965546_reps,Lecanorales,Lecanorales,0.158,1
SH1188597.08FU_KX151770_reps,Lecanorales,Lecanorales,0.125,1
SH1213187.08FU_MK179729_reps,Lecanorales,Lecanorales,0.806,1
SH2592898.08FU_MG973239_reps,Lecanorales,Lecanorales,0.128,1
SH1173928.08FU_KM250184_reps,Lecanorales,Lecanorales,0.143,1
SH1180669.08FU_AB764075_reps,Lecanorales,Lecanorales,0.128,1
SH1181942.08FU_JN115291_reps,Lecanorales,Lecanorales,0.789,1
SH1176190.08FU_AF072238_refs,Lecanorales,Lecanorales,0.914,1
SH1143791.08FU_JX036120_reps,Lecanorales,Lecanorales,0.128,1
SH1213155.08FU_AF453273_reps,Lecanorales,Lecanorales,0.733,1
SH1176072.08FU_EF457780_reps,Lecanorales,Lecanorales,0.928,1
SH1176236.08FU_AF097899_reps,Lecanorales,Lecanorales,0.689,1
SH1191403.08FU_KC667047_reps,Lecanorales,Lecanorales,0.143,1
SH1143806.08FU_JN873865_reps,Lecanorales,Lecanorales,0.128,1
SH1156686.08FU_AM292695_reps,Lecanorales,Lecanorales,0.125,1
SH1147056.08FU_DQ451657_reps,Lecanorales,Lecanorales,0.113,1
SH2593185.08FU_MF398999_reps,Caliciales,Caliciales,0.117,1
SH2596414.08FU_MK499343_refs,Caliciales,Caliciales,0.117,1
SH1146496.08FU_KC965634_reps,Caliciales,Caliciales,0.034,1
SH1239221.08FU_AF540540_reps,Caliciales,Caliciales,0.117,1
SH1153498.08FU_AF352319_reps,Caliciales,Caliciales,0.129,1
SH1145320.08FU_AY450576_reps,Caliciales,Caliciales,0.126,1
SH1185739.08FU_GU553300_reps,Caliciales,Caliciales,0.122,1
SH1203101.08FU_JQ004683_reps,Caliciales,Caliciales,0.71,1
SH1176510.08FU_AJ421417_reps,Caliciales,Caliciales,0.117,1
SH1185743.08FU_AY368119_reps,Caliciales,Caliciales,0.733,1
SH1185825.08FU_DQ337325_reps,Caliciales,Caliciales,0.123,1
SH1185750.08FU_DQ849300_reps,Caliciales,Caliciales,0.458,1
SH1231290.08FU_AY762039_reps,Caliciales,Caliciales,0.13,1
SH1203105.08FU_AF540547_reps,Caliciales,Caliciales,0.122,1
SH1231293.08FU_AF540514_reps,Caliciales,Caliciales,0.117,1
SH1185752.08FU_LS483187_reps,Caliciales,Caliciales,0.86,1
SH1185889.08FU_AY449724_reps,Caliciales,Caliciales,0.123,1
SH1185818.08FU_KM397352_reps,Caliciales,Caliciales,0.123,1
SH1242065.08FU_AF250791_reps,Caliciales,Caliciales,0.117,1
SH1152619.08FU_AY450564_reps,Caliciales,Caliciales,0.117,1
SH3567094.08FU_MN615689_reps,Caliciales,NA,0.0,0
SH1203125.08FU_GU553293_reps,Caliciales,Caliciales,0.122,1
SH1203103.08FU_GQ344480_reps,Caliciales,Caliciales,0.718,1
SH1231289.08FU_KF290486_reps,Caliciales,Caliciales,0.129,1
SH1185888.08FU_AF540494_reps,Caliciales,Caliciales,0.122,1
SH1152618.08FU_AY143397_reps,Caliciales,Caliciales,0.117,1
SH1154716.08FU_MK811955_reps,Caliciales,Caliciales,0.129,1
SH1145336.08FU_AY450574_reps,Caliciales,Caliciales,0.128,1
SH1151233.08FU_KU687458_reps,Rhizocarpales,Rhizocarpales,0.123,1
SH2595166.08FU_MH979408_reps,Rhizocarpales,Rhizocarpales,0.233,1
SH2595165.08FU_MH979409_reps,Rhizocarpales,Rhizocarpales,0.123,1
SH1151224.08FU_KU687457_reps,Rhizocarpales,Rhizocarpales,0.123,1
SH1151234.08FU_KY680777_reps,Rhizocarpales,Rhizocarpales,0.255,1
SH1157175.08FU_KR780753_reps,Rhizocarpales,Rhizocarpales,0.264,1
SH1151226.08FU_KU687453_reps,Rhizocarpales,Rhizocarpales,0.123,1
SH1151220.08FU_AF483613_reps,Rhizocarpales,Rhizocarpales,0.123,1
SH1151216.08FU_AF483617_reps,Rhizocarpales,Rhizocarpales,0.249,1
SH1156818.08FU_AF261133_reps,Peltigerales,Peltigerales,0.0791,1
SH1155084.08FU_MT507785_reps,Peltigerales,Peltigerales,0.857,1
SH1154198.08FU_AB245122_reps,Peltigerales,Peltigerales,0.0791,1
SH1181398.08FU_MG786563_reps,Peltigerales,Peltigerales,0.0942,1
SH1155055.08FU_KC732608_refs,Peltigerales,Peltigerales,0.725,1
SH1155100.08FU_MN065837_reps,Peltigerales,Peltigerales,0.0471,1
SH1181475.08FU_EU885305_reps,Peltigerales,Peltigerales,0.109,1
SH1181534.08FU_AF351151_reps,Peltigerales,Peltigerales,0.0791,1
SH1181531.08FU_AF351152_reps,Peltigerales,Peltigerales,0.0791,1
SH1154185.08FU_AF524922_reps,Peltigerales,Peltigerales,0.0791,1
SH1181515.08FU_DQ394371_reps,Peltigerales,Peltigerales,0.887,1
SH1181536.08FU_KC522964_reps,Peltigerales,Peltigerales,0.813,1
SH1181528.08FU_HQ650697_reps,Peltigerales,Peltigerales,0.0791,1
SH1154177.08FU_KC011032_refs,Peltigerales,Peltigerales,0.717,1
SH1192209.08FU_MF893108_reps,Peltigerales,Peltigerales,0.0367,1
SH1181397.08FU_EU885294_reps,Peltigerales,Peltigerales,0.0942,1
SH1155040.08FU_KC732767_refs,Peltigerales,Peltigerales,0.829,1
SH1213645.08FU_KX397620_reps,Peltigerales,Peltigerales,0.0975,1
SH1175208.08FU_KC618700_reps,Peltigerales,Peltigerales,0.11,1
SH1155043.08FU_MT279713_reps,Peltigerales,Peltigerales,0.915,1
SH1181405.08FU_EU885297_reps,Peltigerales,Peltigerales,0.0942,1
SH1192213.08FU_MH717159_reps,Peltigerales,Peltigerales,0.0367,1
SH1155052.08FU_MG367389_reps,Peltigerales,Peltigerales,0.812,1
SH1155069.08FU_MT279718_reps,Peltigerales,Peltigerales,0.886,1
SH1154183.08FU_AF524920_reps,Peltigerales,Peltigerales,0.0791,1
SH1181518.08FU_MK812005_reps,Peltigerales,Peltigerales,0.896,1
SH1156576.08FU_KJ523053_reps,Peltigerales,Peltigerales,0.0791,1
SH1183814.08FU_JX503824_reps,Peltigerales,Peltigerales,0.0975,1
SH1155071.08FU_KC732469_reps,Peltigerales,Peltigerales,0.744,1
SH1181520.08FU_AF351147_reps,Peltigerales,Peltigerales,0.906,1
SH1155078.08FU_KT281737_refs,Peltigerales,Peltigerales,0.779,1
SH1181516.08FU_DQ001291_reps,Peltigerales,Peltigerales,0.584,1
SH1154184.08FU_AF208015_reps,Peltigerales,Peltigerales,0.0791,1
SH1154180.08FU_KX385131_reps,Peltigerales,Peltigerales,0.0791,1
SH1175205.08FU_MN483111_reps,Peltigerales,Peltigerales,0.112,1
SH1175798.08FU_MN708334_reps,Peltigerales,Peltigerales,0.0602,1
SH1155051.08FU_MN065828_reps,Peltigerales,Peltigerales,0.0234,1
SH2595182.08FU_MN387183_reps,Umbilicariales,Umbilicariales,0.09,1
SH1154850.08FU_FN185975_refs,Umbilicariales,Umbilicariales,0.854,1
SH1181887.08FU_HQ455531_reps,Umbilicariales,Umbilicariales,0.0623,1
SH1154834.08FU_JQ009374_refs,Umbilicariales,Umbilicariales,0.939,1
SH1154855.08FU_AF096203_reps,Umbilicariales,Umbilicariales,0.754,1
SH1154878.08FU_AF096219_refs,Umbilicariales,Umbilicariales,0.691,1
SH1154881.08FU_KF360375_reps,Umbilicariales,Umbilicariales,0.0623,1
SH1181890.08FU_KF360410_refs,Umbilicariales,Umbilicariales,0.0986,1
SH1181888.08FU_KF360413_reps,Umbilicariales,Umbilicariales,0.106,1
SH1154876.08FU_AF096207_reps,Umbilicariales,Umbilicariales,0.717,1
SH1191192.08FU_MG669073_reps,Umbilicariales,Umbilicariales,0.707,1
SH1154845.08FU_AF096216_refs,Umbilicariales,Umbilicariales,0.815,1
SH1151266.08FU_LN810780_reps,Acarosporales,Acarosporales,0.06,1
SH1215199.08FU_LN810787_reps,Acarosporales,Acarosporales,0.782,1
SH1215134.08FU_GU184123_reps,Acarosporales,Acarosporales,0.798,1
SH1215113.08FU_KY439882_reps,Acarosporales,Acarosporales,0.222,1
SH1215124.08FU_DQ525524_reps,Acarosporales,Acarosporales,0.732,1
SH1215125.08FU_MH349730_reps,Acarosporales,Acarosporales,0.726,1
SH1191201.08FU_MH555369_reps,Acarosporales,Acarosporales,0.821,1
SH1215110.08FU_MH555418_reps,Acarosporales,Acarosporales,0.763,1
SH1215114.08FU_MN989223_reps,Acarosporales,Acarosporales,0.689,1
SH1215137.08FU_DQ525525_reps,Acarosporales,Acarosporales,0.0594,1
SH1215119.08FU_DQ525496_reps,Acarosporales,Acarosporales,0.213,1
SH1215127.08FU_EU870656_reps,Acarosporales,Acarosporales,0.608,1
SH1150195.08FU_JX036128_reps,Acarosporales,Acarosporales,0.0598,1
SH1150145.08FU_JN943618_reps,Pertusariales,Pertusariales,0.107,1
SH1232835.08FU_JQ797513_reps,Pertusariales,Pertusariales,0.18,1
SH1156941.08FU_MK778626_reps,Pertusariales,Pertusariales,0.229,1
SH1173996.08FU_KU894633_reps,Pertusariales,Pertusariales,0.107,1
SH1178021.08FU_KX234703_reps,Pertusariales,Pertusariales,0.219,1
SH1178016.08FU_KT456207_reps,Pertusariales,Pertusariales,0.241,1
SH1232805.08FU_HQ171229_reps,Pertusariales,Pertusariales,0.564,1
SH1186733.08FU_MK812106_reps,Pertusariales,Pertusariales,0.0878,1
SH1241327.08FU_MK408637_reps,Pertusariales,Pertusariales,0.0878,1
SH1232810.08FU_JQ797543_reps,Pertusariales,Pertusariales,0.114,1
SH1189187.08FU_KP314348_reps,Pertusariales,Pertusariales,0.655,1
SH1190550.08FU_MN989231_reps,Pertusariales,Pertusariales,0.798,1
SH2595112.08FU_MN512273_reps,Pertusariales,Pertusariales,0.113,1
SH1178024.08FU_JF703124_reps,Pertusariales,Pertusariales,0.101,1
SH1215146.08FU_JF703112_reps,Pertusariales,Pertusariales,0.1,1
SH1232863.08FU_EU057932_reps,Pertusariales,Pertusariales,0.101,1
SH1232803.08FU_KT456205_refs,Pertusariales,Pertusariales,0.876,1
SH1232812.08FU_LT671469_reps,Pertusariales,Pertusariales,0.101,1
SH3566742.08FU_MN906264_reps,Pertusariales,Pertusariales,0.046,1
SH1232824.08FU_KX159286_reps,Pertusariales,Pertusariales,0.645,1
SH1175772.08FU_KU883369_reps,Pertusariales,Pertusariales,0.113,1
SH1232802.08FU_AF332110_reps,Pertusariales,Pertusariales,0.675,1
SH1176545.08FU_UDB0511088_reps,Pertusariales,NA,0.0,0
SH1190552.08FU_MH248858_reps,Pertusariales,Pertusariales,0.865,1
SH1151440.08FU_KU894637_reps,Pertusariales,Pertusariales,0.107,1
SH1232816.08FU_HQ389196_reps,Pertusariales,Pertusariales,0.469,1
SH2595115.08FU_MN512259_reps,Pertusariales,Pertusariales,0.117,1
SH1154652.08FU_MH670337_reps,Trapeliales,Trapeliales,0.87,1
SH1185798.08FU_KR017132_reps,Trapeliales,Trapeliales,0.0723,1
SH1152272.08FU_MK812270_reps,Trapeliales,Trapeliales,0.223,1
SH1154656.08FU_KU844715_reps,Trapeliales,Trapeliales,0.181,1
SH1152265.08FU_MN483160_reps,Trapeliales,Trapeliales,0.193,1
SH1152269.08FU_UDB0664064_reps,Trapeliales,Trapeliales,0.413,1
SH1152261.08FU_KX961315_refs,Trapeliales,Trapeliales,0.798,1
SH1181897.08FU_KJ462306_reps,Trapeliales,Trapeliales,0.768,1
SH1154653.08FU_AY212819_reps,Trapeliales,Trapeliales,0.587,1
SH1185800.08FU_KJ462329_reps,Trapeliales,Trapeliales,0.0717,1
SH1154665.08FU_AY212824_reps,Trapeliales,Trapeliales,0.777,1
SH1152263.08FU_KR017083_reps,Trapeliales,Trapeliales,0.2,1
SH3565451.08FU_MN586948_reps,Teloschistales,Teloschistales,0.367,1
SH1150881.08FU_KT804983_reps,Teloschistales,Teloschistales,0.763,1
SH1150338.08FU_KC179443_reps,Teloschistales,Teloschistales,0.117,1
SH1180123.08FU_KC179311_reps,Teloschistales,Teloschistales,0.117,1
SH1174896.08FU_KC179364_reps,Teloschistales,Teloschistales,0.422,1
SH1174733.08FU_HQ699653_reps,Teloschistales,Teloschistales,0.812,1
SH1180068.08FU_GU080297_reps,Teloschistales,Teloschistales,0.117,1
SH1172603.08FU_JN641792_reps,Teloschistales,Teloschistales,0.819,1
SH1183071.08FU_KU199677_refs,Teloschistales,Teloschistales,0.117,1
SH1174982.08FU_KP828170_reps,Teloschistales,Teloschistales,0.116,1
SH1180077.08FU_KC416107_reps,Teloschistales,Teloschistales,0.117,1
SH1238664.08FU_KJ021320_reps,Teloschistales,Teloschistales,0.117,1
SH1172601.08FU_MH104930_reps,Teloschistales,Teloschistales,0.707,1
SH1237958.08FU_AM697883_reps,Teloschistales,Teloschistales,0.117,1
SH1174901.08FU_KJ133469_reps,Teloschistales,Teloschistales,0.117,1
SH1174740.08FU_HQ699660_refs,Teloschistales,Teloschistales,0.812,1
SH1175194.08FU_AF279884_reps,Teloschistales,Teloschistales,0.694,1
SH1180073.08FU_KR902693_reps,Teloschistales,Teloschistales,0.7,1
SH1180074.08FU_KC179396_reps,Teloschistales,Teloschistales,0.7,1
SH1150872.08FU_KC416113_reps,Teloschistales,Teloschistales,0.69,1
SH1174911.08FU_AM697822_reps,Teloschistales,Teloschistales,0.542,1
SH1172585.08FU_GU723412_reps,Teloschistales,Teloschistales,0.818,1
SH1160482.08FU_MG954114_reps,Teloschistales,Teloschistales,0.117,1
SH1175070.08FU_EU639610_reps,Teloschistales,Teloschistales,0.697,1
SH3565499.08FU_MN103120_reps,Teloschistales,Teloschistales,0.739,1
SH1183075.08FU_MG954170_reps,Teloschistales,Teloschistales,0.765,1
SH1180069.08FU_AY081163_reps,Teloschistales,Teloschistales,0.115,1
SH1182261.08FU_KY614425_reps,Teloschistales,Teloschistales,0.117,1
SH1150875.08FU_MF114718_reps,Teloschistales,Teloschistales,0.874,1
SH1182266.08FU_KY614419_reps,Teloschistales,Teloschistales,0.117,1
SH1180075.08FU_KC179394_reps,Teloschistales,Teloschistales,0.778,1
SH1174754.08FU_KJ789965_reps,Teloschistales,Teloschistales,0.117,1
SH1180116.08FU_KC179318_reps,Teloschistales,Teloschistales,0.117,1
SH1172586.08FU_GU723406_reps,Teloschistales,Teloschistales,0.797,1
SH1183077.08FU_UDB0538231_reps,Teloschistales,Teloschistales,0.828,1
SH1172166.08FU_MH155284_reps,Teloschistales,Teloschistales,0.116,1
SH1174913.08FU_MN989293_reps,Teloschistales,Teloschistales,0.798,1
SH1179726.08FU_MG811842_reps,Teloschistales,Teloschistales,0.117,1
SH2594376.08FU_MG811848_reps,Teloschistales,Teloschistales,0.117,1
SH1150864.08FU_EF643511_refs,Teloschistales,Teloschistales,0.902,1
SH1175011.08FU_MN305809_reps,Teloschistales,Teloschistales,0.804,1
SH1174738.08FU_KY614398_refs,Teloschistales,Teloschistales,0.112,1
SH1174933.08FU_KY749104_reps,Teloschistales,Teloschistales,0.855,1
SH1208082.08FU_EU563453_reps,Teloschistales,Teloschistales,0.888,1
SH1238662.08FU_KJ021317_reps,Teloschistales,Teloschistales,0.117,1
SH1174762.08FU_AM697882_reps,Teloschistales,Teloschistales,0.117,1
SH1174742.08FU_JN813391_reps,Teloschistales,Teloschistales,0.846,1
SH1174987.08FU_KT291471_reps,Teloschistales,Teloschistales,0.736,1
SH1180066.08FU_GU080304_reps,Teloschistales,Teloschistales,0.683,1
SH1174887.08FU_HM800896_refs,Teloschistales,Teloschistales,0.936,1
SH1150876.08FU_KT804992_reps,Teloschistales,Teloschistales,0.727,1
SH3565454.08FU_MN586942_reps,Teloschistales,Teloschistales,0.453,1
SH1172587.08FU_JN641763_reps,Teloschistales,Teloschistales,0.821,1
SH1174908.08FU_KC179339_reps,Teloschistales,Teloschistales,0.817,1
SH1180070.08FU_KC179384_refs,Teloschistales,Teloschistales,0.117,1
SH1174736.08FU_AM292815_refs,Teloschistales,Teloschistales,0.651,1
SH1172591.08FU_MN305807_reps,Teloschistales,Teloschistales,0.791,1
SH2589836.08FU_KT804953_reps,Teloschistales,Teloschistales,0.117,1
SH1180076.08FU_KC179383_refs,Teloschistales,Teloschistales,0.665,1
SH1180072.08FU_KC416105_reps,Teloschistales,Teloschistales,0.117,1
SH1175187.08FU_KJ021333_reps,Teloschistales,Teloschistales,0.782,1
SH1174905.08FU_AM697865_reps,Teloschistales,Teloschistales,0.881,1
SH1174656.08FU_KC179328_reps,Teloschistales,Teloschistales,0.117,1
SH1174986.08FU_EF090934_reps,Teloschistales,Teloschistales,0.843,1
SH1174739.08FU_MG954172_reps,Teloschistales,Teloschistales,0.563,1
SH1150340.08FU_JX036132_reps,Teloschistales,Teloschistales,0.117,1
SH1237959.08FU_KC179297_reps,Teloschistales,Teloschistales,0.117,1
SH1150888.08FU_MF114857_reps,Teloschistales,Teloschistales,0.847,1
SH1175002.08FU_MG954217_reps,Teloschistales,Teloschistales,0.498,1
SH1150867.08FU_MF114648_reps,Teloschistales,Teloschistales,0.873,1
SH3210946.08FU_MK095925_reps,Lecanoromycetes,NA,0.0,0
SH1191670.08FU_MN656994_reps,Lecanoromycetes,NA,0.0,0
SH1151894.08FU_EF110617_reps,Lecanoromycetes,NA,0.0,0
SH1181135.08FU_KC184113_reps,Leprocaulales,Leprocaulales,0.242,1
SH1181131.08FU_KX674679_refs,Leprocaulales,Leprocaulales,0.25,1
SH1175790.08FU_GU480100_reps,Lecideales,Lecideales,0.0618,1
SH1156782.08FU_GU074428_reps,Lecideales,Lecideales,0.586,1
SH1156773.08FU_EU259902_reps,Lecideales,Lecideales,0.79,1
SH1156790.08FU_MG973068_reps,Lecideales,Lecideales,0.698,1
SH1151749.08FU_KY123744_reps,Lecideales,Lecideales,0.0818,1
SH1156044.08FU_JQ693546_refs,Lecideales,Lecideales,0.0731,1
SH1179865.08FU_HQ650701_reps,Lecideales,Lecideales,0.0866,1
SH1156765.08FU_EU257681_refs,Lecideales,Lecideales,0.87,1
SH2592379.08FU_MK590967_reps,Lecideales,Lecideales,0.654,1
SH1160442.08FU_HQ650658_reps,Lecideales,Lecideales,0.0818,1
SH1156778.08FU_MK620086_reps,Lecideales,Lecideales,0.817,1
SH1156797.08FU_UDB022805_reps,Lecideales,Lecideales,0.786,1
SH2594994.08FU_MN545163_reps,Baeomycetales,Baeomycetales,0.161,1
SH2593379.08FU_MH558059_reps,Baeomycetales,Baeomycetales,0.253,1
SH1142417.08FU_MH513963_reps,Baeomycetales,Baeomycetales,0.196,1
SH1152049.08FU_KT597690_refs,Baeomycetales,Baeomycetales,0.254,1
SH1238450.08FU_MG694271_reps,Candelariales,Candelariales,0.618,1
SH1238444.08FU_EF535194_reps,Candelariales,Candelariales,0.221,1
SH1238461.08FU_EF535190_reps,Candelariales,Candelariales,0.194,1
SH1238440.08FU_EF535215_reps,Candelariales,Candelariales,0.0556,1
SH1238435.08FU_EF535210_reps,Candelariales,Candelariales,0.709,1
SH1215208.08FU_MK778596_reps,Candelariales,Candelariales,0.226,1
SH1179364.08FU_FR682371_reps,Candelariales,Candelariales,0.0616,1
SH1238449.08FU_EF535178_refs,Candelariales,Candelariales,0.188,1
SH2605456.08FU_UDB0288963_reps,GS36,NA,0.0,0
SH1184033.08FU_MK493130_reps,Orbiliales,Orbiliales,0.0488,1
SH1187240.08FU_KT215261_refs,Orbiliales,Orbiliales,0.0488,1
SH1146562.08FU_KT932064_reps,Orbiliales,Orbiliales,0.0488,1
SH1187244.08FU_MK473412_reps,Orbiliales,Orbiliales,0.0363,1
SH3225979.08FU_UDB0332800_reps,Orbiliales,NA,0.0,0
SH2601331.08FU_UDB0725805_reps,Orbiliales,NA,0.0,0
SH1189000.08FU_MH861894_reps,Orbiliales,Orbiliales,0.149,1
SH1188997.08FU_U51948_refs,Orbiliales,Orbiliales,0.541,1
SH1151464.08FU_KT215285_reps,Orbiliales,Orbiliales,0.0488,1
SH1171650.08FU_KM248769_reps,Orbiliales,Orbiliales,0.0488,1
SH1160102.08FU_KT215203_reps,Orbiliales,Orbiliales,0.262,1
SH1146856.08FU_JN088481_reps,Orbiliales,Orbiliales,0.0488,1
SH1146860.08FU_MH179756_reps,Orbiliales,Orbiliales,0.0488,1
SH1169707.08FU_MF161166_reps,Orbiliales,Orbiliales,0.0488,1
SH1187242.08FU_KT222365_reps,Orbiliales,Orbiliales,0.0488,1
SH1144267.08FU_FJ687349_reps,Orbiliales,Orbiliales,0.0488,1
SH1143247.08FU_JF748757_reps,Orbiliales,Orbiliales,0.0488,1
SH1150043.08FU_MH179720_reps,Orbiliales,Orbiliales,0.419,1
SH1144264.08FU_KT932082_reps,Orbiliales,Orbiliales,0.477,1
SH1146564.08FU_KT222405_refs,Orbiliales,Orbiliales,0.0488,1
SH1157201.08FU_KT215280_reps,Orbiliales,Orbiliales,0.0329,1
SH1242046.08FU_DQ480729_reps,Orbiliales,Orbiliales,0.0488,1
SH1184385.08FU_KT215260_reps,Orbiliales,Orbiliales,0.0488,1
SH1144275.08FU_U51964_reps,Orbiliales,Orbiliales,0.0488,1
SH1189278.08FU_EF445993_refs,Orbiliales,Orbiliales,0.367,1
SH1143246.08FU_HQ711925_reps,Orbiliales,Orbiliales,0.0488,1
SH2603159.08FU_UDB0530547_reps,Orbiliales,NA,0.0,0
SH1142923.08FU_KT222415_reps,Orbiliales,Orbiliales,0.0488,1
SH1144261.08FU_UDB0155744_reps,Orbiliales,Orbiliales,0.329,1
SH1184386.08FU_EU516904_reps,Orbiliales,Orbiliales,0.0488,1
SH1144265.08FU_MH179698_reps,Orbiliales,Orbiliales,0.34,1
SH1146588.08FU_UDB0515514_reps,Orbiliales,Orbiliales,0.0438,1
SH1144260.08FU_KT932078_reps,Orbiliales,Orbiliales,0.502,1
SH1174002.08FU_KT380094_reps,Orbiliales,Orbiliales,0.0488,1
SH1242009.08FU_MH179758_reps,Orbiliales,Orbiliales,0.0488,1
SH1238562.08FU_KT222395_reps,Orbiliales,Orbiliales,0.0488,1
SH1236779.08FU_FJ554136_reps,Orbiliales,Orbiliales,0.0488,1
SH1142928.08FU_MH221041_reps,Orbiliales,Orbiliales,0.0488,1
SH1169690.08FU_MG742405_reps,Orbiliales,Orbiliales,0.0488,1
SH1169705.08FU_MG593181_reps,Orbiliales,Orbiliales,0.0488,1
SH1153426.08FU_AF492111_reps,Taphrinales,Taphrinales,0.589,1
SH1153423.08FU_AF492115_refs,Taphrinales,Taphrinales,0.504,1
SH1153434.08FU_KU515961_reps,Taphrinales,Taphrinales,0.624,1
SH1189234.08FU_JN161162_refs,Taphrinales,Taphrinales,0.0473,1
SH1153442.08FU_AF492089_refs,Taphrinales,Taphrinales,0.633,1
SH1153424.08FU_AF492124_refs,Taphrinales,Taphrinales,0.0429,1
SH1153432.08FU_EF635841_reps,Taphrinales,Taphrinales,0.0421,1
SH1189343.08FU_AB054113_refs,Saccharomycetales,Saccharomycetales,0.0497,1
SH2612792.08FU_UDB0368925_reps,Saccharomycetales,NA,0.0,0
SH1142760.08FU_KY101757_refs,Saccharomycetales,Saccharomycetales,0.047,1
SH1189241.08FU_KY104307_reps,Saccharomycetales,Saccharomycetales,0.0654,1
SH1149213.08FU_FJ873575_reps,Saccharomycetales,Saccharomycetales,0.0381,1
SH1150820.08FU_KY102233_refs,Saccharomycetales,Saccharomycetales,0.274,1
SH1144523.08FU_DQ911444_refs,Saccharomycetales,Saccharomycetales,0.0619,1
SH1150826.08FU_FR819711_refs,Saccharomycetales,Saccharomycetales,0.572,1
SH1189344.08FU_UDB0214978_reps,Saccharomycetales,Saccharomycetales,0.028,1
SH1148212.08FU_HQ623542_reps,Saccharomycetales,Saccharomycetales,0.385,1
SH1150823.08FU_KY673531_refs,Saccharomycetales,Saccharomycetales,0.613,1
SH1169389.08FU_KF421588_reps,Saccharomycetales,Saccharomycetales,0.154,1
SH1150854.08FU_MG367321_reps,Saccharomycetales,Saccharomycetales,0.431,1
SH1148209.08FU_KC148196_reps,Saccharomycetales,Saccharomycetales,0.0303,1
SH1201615.08FU_AY450919_refs,Saccharomycetales,Saccharomycetales,0.497,1
SH1234069.08FU_JQ647916_refs,Saccharomycetales,Saccharomycetales,0.589,1
SH1150834.08FU_AY569006_refs,Saccharomycetales,Saccharomycetales,0.447,1
SH1179224.08FU_KY105908_refs,Saccharomycetales,Saccharomycetales,0.0475,1
SH1241031.08FU_AY761153_reps,Saccharomycetales,Saccharomycetales,0.616,1
SH1143337.08FU_KY102329_refs,Saccharomycetales,Saccharomycetales,0.257,1
SH1150797.08FU_JN942656_refs,Saccharomycetales,Saccharomycetales,0.875,1
SH1189229.08FU_KY352042_reps,Saccharomycetales,Saccharomycetales,0.0647,1
SH1150840.08FU_MG255722_reps,Saccharomycetales,Saccharomycetales,0.838,1
SH1189380.08FU_JN942631_reps,Saccharomycetales,Saccharomycetales,0.827,1
SH1213301.08FU_MN567968_reps,Saccharomycetales,Saccharomycetales,0.031,1
SH1178034.08FU_JQ901903_reps,Saccharomycetales,Saccharomycetales,0.0279,1
SH1148210.08FU_JQ812706_refs,Saccharomycetales,Saccharomycetales,0.448,1
SH1194608.08FU_JN688668_refs,Saccharomycetales,Saccharomycetales,0.461,1
SH1154086.08FU_MH252540_reps,Saccharomycetales,Saccharomycetales,0.0457,1
SH1189320.08FU_AB049123_refs,Saccharomycetales,Saccharomycetales,0.913,1
SH1150825.08FU_HQ283375_refs,Saccharomycetales,Saccharomycetales,0.115,1
SH1213294.08FU_FJ623622_refs,Saccharomycetales,Saccharomycetales,0.0357,1
SH1213297.08FU_AB696987_refs,Saccharomycetales,Saccharomycetales,0.0356,1
SH1194615.08FU_KR185777_reps,Saccharomycetales,Saccharomycetales,0.459,1
SH1150829.08FU_KF666635_reps,Saccharomycetales,Saccharomycetales,0.171,1
SH1179221.08FU_AY790540_refs,Saccharomycetales,Saccharomycetales,0.315,1
SH1150813.08FU_AJ853767_refs,Saccharomycetales,Saccharomycetales,0.579,1
SH1169381.08FU_HQ283368_refs,Saccharomycetales,Saccharomycetales,0.513,1
SH1194611.08FU_KY104454_refs,Saccharomycetales,Saccharomycetales,0.145,1
SH2595840.08FU_MN114158_reps,Saccharomycetales,Saccharomycetales,0.0497,1
SH3226133.08FU_UDB0604836_reps,Saccharomycetales,NA,0.0,0
SH1149428.08FU_FR670785_refs,Saccharomycetales,Saccharomycetales,0.546,1
SH1175116.08FU_KX528211_reps,Saccharomycetales,Saccharomycetales,0.0497,1
SH1194607.08FU_EF568068_refs,Saccharomycetales,Saccharomycetales,0.714,1
SH1150816.08FU_KJ706755_reps,Saccharomycetales,Saccharomycetales,0.836,1
SH1236157.08FU_FJ824640_reps,Saccharomycetales,Saccharomycetales,0.0161,1
SH1145589.08FU_UDB0684952_reps,GS34,Helotiales,0.016,0
SH1172255.08FU_HQ021884_reps,GS34,NA,0.0,0
SH1145582.08FU_UDB0663057_reps,GS34,Helotiales,0.151,0
SH1156292.08FU_AF410677_refs,Coniocybales,Coniocybales,0.618,1
SH1153618.08FU_JX000102_refs,Coniocybales,Coniocybales,0.618,1
SH2606446.08FU_UDB0135882_reps,Geoglossales,Geoglossales,0.0573,1
SH1151018.08FU_KP144083_refs,Geoglossales,Geoglossales,0.02,1
SH1184574.08FU_KP657560_reps,Geoglossales,Geoglossales,0.02,1
SH1184347.08FU_KP144090_refs,Geoglossales,Geoglossales,0.276,1
SH1184343.08FU_UDB0616653_reps,Geoglossales,Geoglossales,0.02,1
SH1184352.08FU_UDB0306362_reps,Geoglossales,Geoglossales,0.157,1
SH1142669.08FU_UDB0163628_reps,Geoglossales,Geoglossales,0.02,1
SH1246522.08FU_UDB0616017_reps,Geoglossales,NA,0.0,0
SH2607743.08FU_UDB0626835_reps,Geoglossales,Geoglossales,0.0314,1
SH1184346.08FU_KP144093_reps,Geoglossales,Geoglossales,0.276,1
SH1150114.08FU_KX694175_refs,Geoglossales,Geoglossales,0.581,1
SH2592677.08FU_MG757831_reps,Laboulbeniales,NA,0.0,0
SH1149169.08FU_AY970243_reps,Archaeorhizomycetales,NA,0.0,0
SH1189819.08FU_GQ160065_reps,Archaeorhizomycetales,NA,0.0,0
SH1238339.08FU_UDB0277251_reps,Archaeorhizomycetales,NA,0.0,0
SH1189974.08FU_UDB0115542_reps,Archaeorhizomycetales,NA,0.0,0
SH1246679.08FU_UDB014885_reps,GS31,NA,0.0,0
SH1229496.08FU_EU449889_reps,Arthoniales,Arthoniales,0.82,1
SH1229501.08FU_FJ639089_reps,Arthoniales,Arthoniales,0.559,1
SH1236500.08FU_AF138816_reps,Arthoniales,Arthoniales,0.0918,1
SH1181429.08FU_KC107870_reps,Arthoniales,Arthoniales,0.0704,1
SH1181430.08FU_KC107854_reps,Arthoniales,Arthoniales,0.177,1
SH1157569.08FU_AF062462_reps,Arthoniales,Arthoniales,0.0704,1
SH1182893.08FU_MF737096_reps,Arthoniales,Arthoniales,0.0704,1
SH1229504.08FU_AF110354_reps,Arthoniales,Arthoniales,0.718,1
SH1238360.08FU_KC107848_refs,Arthoniales,Arthoniales,0.0704,1
SH1181431.08FU_KC108011_reps,Arthoniales,Arthoniales,0.0704,1
SH1181424.08FU_KC107966_reps,Arthoniales,Arthoniales,0.776,1
SH1229502.08FU_GU137799_reps,Arthoniales,Arthoniales,0.674,1
SH1172885.08FU_KT795467_reps,Arthoniales,Arthoniales,0.229,1
SH1175153.08FU_KM104052_reps,Sareales,dummy_order_Sarea,0.123,0
SH1175155.08FU_KM104048_reps,Sareales,dummy_order_Sarea,0.166,0
SH1189385.08FU_KY270468_reps,Lichinales,Lichinales,0.153,1
SH2610846.08FU_UDB0596691_reps,GS05,NA,0.0,0
SH2618628.08FU_UDB0721568_reps,GS05,NA,0.0,0
SH3227018.08FU_UDB0191305_reps,GS05,NA,0.0,0
SH2608222.08FU_UDB0191013_reps,GS05,NA,0.0,0
SH2611462.08FU_UDB0310125_reps,GS05,NA,0.0,0
SH2612228.08FU_UDB0346046_reps,GS05,NA,0.0,0
SH2619002.08FU_UDB0718931_reps,GS05,NA,0.0,0
SH3219604.08FU_UDB0546716_reps,GS05,NA,0.0,0
SH2608287.08FU_UDB0192176_reps,GS05,NA,0.0,0
SH3236345.08FU_UDB0654193_reps,GS05,NA,0.0,0
SH3209223.08FU_UDB0599415_reps,GS05,NA,0.0,0
SH2609377.08FU_UDB0232965_reps,GS05,NA,0.0,0
SH3221756.08FU_UDB0224012_reps,GS05,NA,0.0,0
SH3227016.08FU_UDB047933_reps,GS05,NA,0.0,0
SH3221757.08FU_MN821072_reps,GS05,NA,0.0,0
SH2602315.08FU_UDB0174429_reps,GS05,NA,0.0,0
SH2601919.08FU_UDB0268787_reps,GS08,NA,0.0,0
SH2603466.08FU_UDB0415758_reps,GS08,NA,0.0,0
SH3208734.08FU_UDB0151214_reps,GS08,NA,0.0,0
SH2606349.08FU_UDB0404828_reps,GS03,NA,0.0,0
SH1169194.08FU_UDB014680_reps,GS03,NA,0.0,0
SH2611598.08FU_UDB0316404_reps,GS03,NA,0.0,0
SH1170645.08FU_UDB014857_reps,GS11,NA,0.0,0
SH1187037.08FU_KC222651_reps,GS11,NA,0.0,0
SH2604637.08FU_UDB0387355_reps,GS11,NA,0.0,0
SH2606557.08FU_UDB0139457_reps,GS06,NA,0.0,0
SH3209524.08FU_UDB0497517_reps,GS10,NA,0.0,0
SH3226299.08FU_UDB0451006_reps,GS10,NA,0.0,0
SH3218905.08FU_UDB0400665_reps,GS10,NA,0.0,0
SH2606171.08FU_UDB0305187_reps,Branch03,NA,0.0,0
SH2603609.08FU_UDB074203_reps,Spizellomycetales,NA,0.0,0
SH2589001.08FU_KF274118_reps,Spizellomycetales,NA,0.0,0
SH3230033.08FU_UDB0455706_reps,Spizellomycetales,NA,0.0,0
SH2603413.08FU_UDB0482271_reps,Spizellomycetales,NA,0.0,0
SH3216423.08FU_UDB0113676_reps,Spizellomycetales,NA,0.0,0
SH3211084.08FU_UDB099615_reps,Spizellomycetales,NA,0.0,0
SH3224052.08FU_UDB0106199_reps,Spizellomycetales,NA,0.0,0
SH2605092.08FU_UDB0185316_reps,Spizellomycetales,NA,0.0,0
SH1244198.08FU_UDB0677452_reps,Spizellomycetales,NA,0.0,0
SH3214719.08FU_UDB0656507_reps,Spizellomycetales,NA,0.0,0
SH1172334.08FU_UDB0521755_reps,Spizellomycetales,NA,0.0,0
SH2602776.08FU_UDB0295522_reps,Rhizophydiales,NA,0.0,0
SH2603278.08FU_UDB0674166_reps,Rhizophydiales,NA,0.0,0
SH2603402.08FU_UDB0274518_reps,Rhizophydiales,NA,0.0,0
SH3218962.08FU_UDB0461659_reps,Rhizophydiales,NA,0.0,0
SH1244133.08FU_EF585637_reps,Rhizophydiales,Rhizophydiales,0.0174,1
SH2605978.08FU_UDB0121561_reps,Rhizophydiales,NA,0.0,0
SH2604841.08FU_UDB0395419_reps,Rhizophydiales,NA,0.0,0
SH3207387.08FU_UDB0462671_reps,Rhizophydiales,NA,0.0,0
SH3224457.08FU_UDB046780_reps,Rhizophydiales,NA,0.0,0
SH1238176.08FU_EF585668_refs,Rhizophydiales,Rhizophydiales,0.023,1
SH2605433.08FU_UDB0109028_reps,Lobulomycetales,NA,0.0,0
SH3221263.08FU_UDB0461110_reps,Lobulomycetales,NA,0.0,0
SH1241001.08FU_EU379209_reps,Rhizophlyctidales,NA,0.0,0
SH3225431.08FU_UDB0251734_reps,Rhizophlyctidales,NA,0.0,0
SH1149336.08FU_EU379236_reps,Rhizophlyctidales,NA,0.0,0
SH1237049.08FU_UDB0738306_reps,Synchytriales,NA,0.0,0
SH3212315.08FU_UDB0114126_reps,Basidiobolales,NA,0.0,0
SH1143048.08FU_EF392533_refs,Basidiobolales,Basidiobolales,0.247,1
SH3212313.08FU_UDB0171874_reps,Basidiobolales,NA,0.0,0
SH2614882.08FU_MW215757_reps,Endogonales,NA,0.0,0
SH1145869.08FU_KC152095_reps,Endogonales,NA,0.0,0
SH2603425.08FU_UDB0297668_reps,GS22,NA,0.0,0
SH1174939.08FU_JF723608_refs,Mucorales,Mucorales,0.761,1
SH1171364.08FU_JN206083_refs,Mucorales,Mucorales,0.245,1
SH1238180.08FU_EF192186_reps,Mucorales,Mucorales,0.0239,1
SH1180561.08FU_JN206188_refs,Mucorales,Mucorales,0.292,1
SH1143424.08FU_JN206108_refs,Mucorales,Mucorales,0.287,1
SH1180781.08FU_JN206191_refs,Mucorales,Mucorales,0.177,1
SH1216029.08FU_LR536827_reps,Mucorales,Mucorales,0.462,1
SH1171363.08FU_MH859854_reps,Mucorales,Mucorales,0.0239,1
SH1180787.08FU_MF667992_reps,Mucorales,Mucorales,0.681,1
SH1174944.08FU_MT102825_reps,Mucorales,Mucorales,0.136,1
SH1197902.08FU_DQ118992_refs,Mucorales,Mucorales,0.84,1
SH1188758.08FU_HQ406814_reps,GS23,NA,0.0,0
SH1179805.08FU_UDB014793_reps,GS23,NA,0.0,0
SH1155114.08FU_JN206395_refs,Umbelopsidales,Umbelopsidales,0.448,1
SH1181112.08FU_JN206384_refs,Umbelopsidales,Umbelopsidales,0.534,1
SH1155122.08FU_UDB0447069_reps,Umbelopsidales,NA,0.0,0
SH3207664.08FU_UDB067232_reps,Blastocladiales,NA,0.0,0
SH1151300.08FU_HQ888724_reps,Blastocladiales,Blastocladiales,0.246,1
SH1180649.08FU_UDB046971_reps,Mortierellales,Russulales,0.0212,0
SH2607994.08FU_UDB0665947_reps,Mortierellales,NA,0.0,0
SH1224158.08FU_JX976048_refs,Mortierellales,Mortierellales,0.625,1
SH1180647.08FU_UDB0154439_reps,Mortierellales,Mortierellales,0.453,1
SH2605577.08FU_UDB0344768_reps,Mortierellales,NA,0.0,0
SH1159924.08FU_MF423492_reps,Mortierellales,NA,0.0,0
SH1180625.08FU_MF423526_reps,Mortierellales,NA,0.0,0
SH1180604.08FU_HQ630355_refs,Mortierellales,Mortierellales,0.668,1
SH1191234.08FU_MF423607_reps,Mortierellales,NA,0.0,0
SH2613696.08FU_UDB0420522_reps,Mortierellales,NA,0.0,0
SH2605414.08FU_UDB0271719_reps,Mortierellales,NA,0.0,0
SH1224159.08FU_EU484279_refs,Mortierellales,Mortierellales,0.35,1
SH1238285.08FU_HQ630347_refs,Mortierellales,Mortierellales,0.655,1
SH1210819.08FU_MG230332_reps,Mortierellales,Mortierellales,0.214,1
SH3209012.08FU_UDB0246713_reps,Mortierellales,NA,0.0,0
SH1180984.08FU_KF618142_reps,Mortierellales,NA,0.0,0
SH2610742.08FU_UDB0282070_reps,Mortierellales,NA,0.0,0
SH1151875.08FU_UDB0671278_reps,Mortierellales,NA,0.0,0
SH1210707.08FU_UDB0492220_reps,Mortierellales,NA,0.0,0
SH1178727.08FU_UDB0681530_reps,Mortierellales,NA,0.0,0
SH2604775.08FU_UDB0684621_reps,Mortierellales,Mortierellales,0.016,1
SH1180606.08FU_HQ630293_refs,Mortierellales,Mortierellales,0.605,1
SH1180603.08FU_JX975983_refs,Mortierellales,NA,0.0,0
SH2607200.08FU_UDB0250784_reps,Mortierellales,NA,0.0,0
SH3209013.08FU_UDB074032_reps,Mortierellales,NA,0.0,0
SH1180620.08FU_JX975924_refs,Mortierellales,Mortierellales,0.0261,1
SH1180550.08FU_HQ630353_refs,Mortierellales,NA,0.0,0
SH1220205.08FU_GQ857638_reps,Neocallimastigales,Neocallimastigales,0.116,1
SH2596322.08FU_MT085668_reps,Neocallimastigales,Neocallimastigales,0.237,1
SH2591626.08FU_MK775324_reps,Neocallimastigales,NA,0.0,0
SH1190049.08FU_FJ501274_reps,Neocallimastigales,Neocallimastigales,0.489,1
SH1218060.08FU_MT085711_refs,Neocallimastigales,Neocallimastigales,0.111,1
SH1190047.08FU_GQ857632_reps,Neocallimastigales,Neocallimastigales,0.469,1
SH1218047.08FU_MH482818_reps,Neocallimastigales,Neocallimastigales,0.456,1
SH3567150.08FU_MT085698_reps,Neocallimastigales,Neocallimastigales,0.0303,1
SH3567149.08FU_MT085704_reps,Neocallimastigales,NA,0.0,0
SH1221585.08FU_MT085724_refs,Neocallimastigales,Neocallimastigales,0.281,1
SH1190010.08FU_UDB014731_reps,GS16,NA,0.0,0
SH2605650.08FU_UDB0528946_reps,Olpidiales,Olpidiales,0.107,1
SH3207507.08FU_UDB0183958_reps,Monoblepharidales,NA,0.0,0
SH2618505.08FU_UDB0687851_reps,Sanchytriales,Agaricales,0.0236,0
SH2612407.08FU_UDB0353548_reps,Sanchytriales,NA,0.0,0
SH3224639.08FU_UDB0524832_reps,Zoopagales,NA,0.0,0
SH2595074.08FU_MN522056_reps,Kickxellales,Kickxellales,0.307,1
SH3209672.08FU_UDB0412290_reps,Kickxellales,NA,0.0,0
SH2609645.08FU_UDB0237456_reps,Kickxellales,NA,0.0,0
SH1142620.08FU_DQ645527_refs,Entorrhizales,Entorrhizales,0.428,1
SH2603216.08FU_UDB0557572_reps,Entorrhizales,NA,0.0,0
SH1142263.08FU_KY424495_reps,Entorrhizales,Entorrhizales,0.428,1
SH2601865.08FU_UDB0517838_reps,Entorrhizales,NA,0.0,0

Total Accuracy,,,0.4198,0.9056
